selected_date,entropy_weight,allocation_id,worker_counts,reused_allocation,observed_workers,effective_workers,seed,total_workers,zones,active_zones,worker_allocation_entropy_normalized,demand_worker_l1_gap,picking_lists,pick_tasks,picked_units,total_distance_m,movement_events,movement_seconds,congestion_conflicts,edge_conflicts,pick_node_conflicts,congestion_wait_seconds,mean_conflict_wait_seconds,p95_conflict_wait_seconds,max_conflict_wait_seconds,congestion_delay_ratio,mean_release_delay_seconds,max_release_delay_seconds,mean_flow_time_seconds,makespan_seconds,entropy_samples,mean_spatial_entropy_normalized,mean_spatial_entropy_multiworker,min_spatial_entropy_normalized,max_spatial_entropy_normalized,mean_max_concentration,shared_worker_ratio,occupied_spatial_cells,congested_cell_seconds,max_cell_occupancy,simulation_elapsed_seconds
2023-01-05,0.0,A001,3|2|1|2,False,8,8,42,8,4,4,0.9528195311147832,0.04108216432865733,85,1996,1996.0,8053.120799999936,11512,6710.933999999673,313,239,74,512.7500000002256,1.6381789137387397,3.8156666666705794,17.780000000006112,0.07098178713247047,351.94017254901854,938.6789999999874,507.37174901960555,15476.23666666664,455,0.9327194621256241,0.9823781371924976,0.0,1.0,0.2682260596546311,0.03773584905660377,622,214.6558333332944,7,15476.23666666664
2023-01-05,0.05,A001,3|2|1|2,True,8,8,42,8,4,4,0.9528195311147832,0.04108216432865733,85,1996,1996.0,8053.120799999936,11512,6710.933999999673,313,239,74,512.7500000002256,1.6381789137387397,3.8156666666705794,17.780000000006112,0.07098178713247047,351.94017254901854,938.6789999999874,507.37174901960555,15476.23666666664,455,0.9327194621256241,0.9823781371924976,0.0,1.0,0.2682260596546311,0.03773584905660377,622,214.6558333332944,7,15476.23666666664
2023-01-05,0.1,A001,3|2|1|2,True,8,8,42,8,4,4,0.9528195311147832,0.04108216432865733,85,1996,1996.0,8053.120799999936,11512,6710.933999999673,313,239,74,512.7500000002256,1.6381789137387397,3.8156666666705794,17.780000000006112,0.07098178713247047,351.94017254901854,938.6789999999874,507.37174901960555,15476.23666666664,455,0.9327194621256241,0.9823781371924976,0.0,1.0,0.2682260596546311,0.03773584905660377,622,214.6558333332944,7,15476.23666666664
2023-01-05,0.25,A001,3|2|1|2,True,8,8,42,8,4,4,0.9528195311147832,0.04108216432865733,85,1996,1996.0,8053.120799999936,11512,6710.933999999673,313,239,74,512.7500000002256,1.6381789137387397,3.8156666666705794,17.780000000006112,0.07098178713247047,351.94017254901854,938.6789999999874,507.37174901960555,15476.23666666664,455,0.9327194621256241,0.9823781371924976,0.0,1.0,0.2682260596546311,0.03773584905660377,622,214.6558333332944,7,15476.23666666664
2023-01-05,0.5,A001,3|2|1|2,True,8,8,42,8,4,4,0.9528195311147832,0.04108216432865733,85,1996,1996.0,8053.120799999936,11512,6710.933999999673,313,239,74,512.7500000002256,1.6381789137387397,3.8156666666705794,17.780000000006112,0.07098178713247047,351.94017254901854,938.6789999999874,507.37174901960555,15476.23666666664,455,0.9327194621256241,0.9823781371924976,0.0,1.0,0.2682260596546311,0.03773584905660377,622,214.6558333332944,7,15476.23666666664
2023-01-05,0.75,A001,3|2|1|2,True,8,8,42,8,4,4,0.9528195311147832,0.04108216432865733,85,1996,1996.0,8053.120799999936,11512,6710.933999999673,313,239,74,512.7500000002256,1.6381789137387397,3.8156666666705794,17.780000000006112,0.07098178713247047,351.94017254901854,938.6789999999874,507.37174901960555,15476.23666666664,455,0.9327194621256241,0.9823781371924976,0.0,1.0,0.2682260596546311,0.03773584905660377,622,214.6558333332944,7,15476.23666666664
2023-01-05,1.0,A001,3|2|1|2,True,8,8,42,8,4,4,0.9528195311147832,0.04108216432865733,85,1996,1996.0,8053.120799999936,11512,6710.933999999673,313,239,74,512.7500000002256,1.6381789137387397,3.8156666666705794,17.780000000006112,0.07098178713247047,351.94017254901854,938.6789999999874,507.37174901960555,15476.23666666664,455,0.9327194621256241,0.9823781371924976,0.0,1.0,0.2682260596546311,0.03773584905660377,622,214.6558333332944,7,15476.23666666664
2023-01-05,2.0,A002,3|1|1|3,False,8,8,42,8,4,4,0.9056390622295665,0.12299599198396793,85,1996,1996.0,8053.120800000019,11512,6710.93399999973,262,222,40,366.98649999994063,1.4007118320608423,3.778533333333328,17.780000000006112,0.051849480366437814,419.8538627450926,1972.1993333333758,573.5705745097946,15466.254333333274,665,0.5675794811804971,0.9880637565053155,0.0,1.0,0.5468152524167562,0.02174742464708127,621,100.36949999991154,7,15466.254333333274
2023-01-05,4.0,A003,2|2|1|3,False,8,8,42,8,4,4,0.9528195311147832,0.16407815631262526,85,1996,1996.0,8053.120800000044,11512,6710.933999999686,251,215,36,374.9866666666423,1.4939707835324394,4.629999999998233,17.780000000006112,0.05291996401126236,407.05133725488923,1360.1718333332828,560.8621686274342,15905.057333333269,551,0.9687223558014993,0.9902894583425346,0.0,1.0,0.30273312591824386,0.02361904761904762,622,111.6099999999843,7,15905.057333333269
2023-01-05,8.0,A003,2|2|1|3,True,8,8,42,8,4,4,0.9528195311147832,0.16407815631262526,85,1996,1996.0,8053.120800000044,11512,6710.933999999686,251,215,36,374.9866666666423,1.4939707835324394,4.629999999998233,17.780000000006112,0.05291996401126236,407.05133725488923,1360.1718333332828,560.8621686274342,15905.057333333269,551,0.9687223558014993,0.9902894583425346,0.0,1.0,0.30273312591824386,0.02361904761904762,622,111.6099999999843,7,15905.057333333269
2023-01-06,0.0,A001,4|1|1|2,False,8,8,42,8,4,4,0.875,0.056610407876230694,65,1422,1422.0,5715.914399999974,8078,4763.262000000003,212,167,45,314.634999999977,1.4841273584904577,3.0,7.61999999999999,0.06196167429153805,492.6014307692269,1165.1366666666613,636.3536923076882,1374.225666666669,275,0.9795527408691801,0.9903566313934725,0.0,1.0,0.18846753246753248,0.028830752802989856,606,122.98933333332661,3,1374.225666666669
2023-01-06,0.05,A001,4|1|1|2,True,8,8,42,8,4,4,0.875,0.056610407876230694,65,1422,1422.0,5715.914399999974,8078,4763.262000000003,212,167,45,314.634999999977,1.4841273584904577,3.0,7.61999999999999,0.06196167429153805,492.6014307692269,1165.1366666666613,636.3536923076882,1374.225666666669,275,0.9795527408691801,0.9903566313934725,0.0,1.0,0.18846753246753248,0.028830752802989856,606,122.98933333332661,3,1374.225666666669
2023-01-06,0.1,A001,4|1|1|2,True,8,8,42,8,4,4,0.875,0.056610407876230694,65,1422,1422.0,5715.914399999974,8078,4763.262000000003,212,167,45,314.634999999977,1.4841273584904577,3.0,7.61999999999999,0.06196167429153805,492.6014307692269,1165.1366666666613,636.3536923076882,1374.225666666669,275,0.9795527408691801,0.9903566313934725,0.0,1.0,0.18846753246753248,0.028830752802989856,606,122.98933333332661,3,1374.225666666669
2023-01-06,0.25,A001,4|1|1|2,True,8,8,42,8,4,4,0.875,0.056610407876230694,65,1422,1422.0,5715.914399999974,8078,4763.262000000003,212,167,45,314.634999999977,1.4841273584904577,3.0,7.61999999999999,0.06196167429153805,492.6014307692269,1165.1366666666613,636.3536923076882,1374.225666666669,275,0.9795527408691801,0.9903566313934725,0.0,1.0,0.18846753246753248,0.028830752802989856,606,122.98933333332661,3,1374.225666666669
2023-01-06,0.5,A001,4|1|1|2,True,8,8,42,8,4,4,0.875,0.056610407876230694,65,1422,1422.0,5715.914399999974,8078,4763.262000000003,212,167,45,314.634999999977,1.4841273584904577,3.0,7.61999999999999,0.06196167429153805,492.6014307692269,1165.1366666666613,636.3536923076882,1374.225666666669,275,0.9795527408691801,0.9903566313934725,0.0,1.0,0.18846753246753248,0.028830752802989856,606,122.98933333332661,3,1374.225666666669
2023-01-06,0.75,A002,3|1|1|3,False,8,8,42,8,4,4,0.9056390622295665,0.1397679324894515,65,1422,1422.0,5715.914399999977,8078,4763.262000000029,172,148,24,217.9151666666784,1.266948643410921,3.0,7.61999999999999,0.04374772455895247,513.1389307692288,1411.3168333333492,655.4031948717935,1615.2188333333665,324,0.9685070238606394,0.9961786531138005,0.0,1.0,0.23469650205761317,0.01348435814455232,615,51.90300000000704,3,1615.2188333333665
2023-01-06,1.0,A002,3|1|1|3,True,8,8,42,8,4,4,0.9056390622295665,0.1397679324894515,65,1422,1422.0,5715.914399999977,8078,4763.262000000029,172,148,24,217.9151666666784,1.266948643410921,3.0,7.61999999999999,0.04374772455895247,513.1389307692288,1411.3168333333492,655.4031948717935,1615.2188333333665,324,0.9685070238606394,0.9961786531138005,0.0,1.0,0.23469650205761317,0.01348435814455232,615,51.90300000000704,3,1615.2188333333665
2023-01-06,2.0,A002,3|1|1|3,True,8,8,42,8,4,4,0.9056390622295665,0.1397679324894515,65,1422,1422.0,5715.914399999977,8078,4763.262000000029,172,148,24,217.9151666666784,1.266948643410921,3.0,7.61999999999999,0.04374772455895247,513.1389307692288,1411.3168333333492,655.4031948717935,1615.2188333333665,324,0.9685070238606394,0.9961786531138005,0.0,1.0,0.23469650205761317,0.01348435814455232,615,51.90300000000704,3,1615.2188333333665
2023-01-06,4.0,A003,2|1|1|4,False,8,8,42,8,4,4,0.875,0.26476793248945146,65,1422,1422.0,5715.914400000042,8078,4763.261999999983,197,128,69,344.49716666665097,1.748716582064218,3.0226000000000157,7.61999999999999,0.0674458515810315,682.7758846153858,2244.993333333349,826.9875641025649,2446.6176666666674,490,0.908671466003968,0.953424022145491,0.0,1.0,0.4117201166180758,0.03831825439063331,608,194.28333333333336,3,2446.6176666666674
2023-01-06,8.0,A003,2|1|1|4,True,8,8,42,8,4,4,0.875,0.26476793248945146,65,1422,1422.0,5715.914400000042,8078,4763.261999999983,197,128,69,344.49716666665097,1.748716582064218,3.0226000000000157,7.61999999999999,0.0674458515810315,682.7758846153858,2244.993333333349,826.9875641025649,2446.6176666666674,490,0.908671466003968,0.953424022145491,0.0,1.0,0.4117201166180758,0.03831825439063331,608,194.28333333333336,3,2446.6176666666674
2023-01-09,0.0,A001,1|1|4|1,False,7,7,42,7,4,4,0.8322488896002307,0.12156767872263213,55,1181,1181.0,4624.222400000002,6482,3853.518666666696,148,95,53,296.3396666665566,2.0022950450443013,6.0,12.699999999999994,0.07140958627099214,284.5001424242394,1152.912999999999,424.37029393938934,17051.38566666669,458,0.5339186972432624,0.9742420850096182,0.0,1.0,0.5903826159284674,0.05181347150259067,552,156.27666666664345,5,17051.38566666669
2023-01-09,0.05,A001,1|1|4|1,True,7,7,42,7,4,4,0.8322488896002307,0.12156767872263213,55,1181,1181.0,4624.222400000002,6482,3853.518666666696,148,95,53,296.3396666665566,2.0022950450443013,6.0,12.699999999999994,0.07140958627099214,284.5001424242394,1152.912999999999,424.37029393938934,17051.38566666669,458,0.5339186972432624,0.9742420850096182,0.0,1.0,0.5903826159284674,0.05181347150259067,552,156.27666666664345,5,17051.38566666669
2023-01-09,0.1,A001,1|1|4|1,True,7,7,42,7,4,4,0.8322488896002307,0.12156767872263213,55,1181,1181.0,4624.222400000002,6482,3853.518666666696,148,95,53,296.3396666665566,2.0022950450443013,6.0,12.699999999999994,0.07140958627099214,284.5001424242394,1152.912999999999,424.37029393938934,17051.38566666669,458,0.5339186972432624,0.9742420850096182,0.0,1.0,0.5903826159284674,0.05181347150259067,552,156.27666666664345,5,17051.38566666669
2023-01-09,0.25,A001,1|1|4|1,True,7,7,42,7,4,4,0.8322488896002307,0.12156767872263213,55,1181,1181.0,4624.222400000002,6482,3853.518666666696,148,95,53,296.3396666665566,2.0022950450443013,6.0,12.699999999999994,0.07140958627099214,284.5001424242394,1152.912999999999,424.37029393938934,17051.38566666669,458,0.5339186972432624,0.9742420850096182,0.0,1.0,0.5903826159284674,0.05181347150259067,552,156.27666666664345,5,17051.38566666669
2023-01-09,0.5,A001,1|1|4|1,True,7,7,42,7,4,4,0.8322488896002307,0.12156767872263213,55,1181,1181.0,4624.222400000002,6482,3853.518666666696,148,95,53,296.3396666665566,2.0022950450443013,6.0,12.699999999999994,0.07140958627099214,284.5001424242394,1152.912999999999,424.37029393938934,17051.38566666669,458,0.5339186972432624,0.9742420850096182,0.0,1.0,0.5903826159284674,0.05181347150259067,552,156.27666666664345,5,17051.38566666669
2023-01-09,0.75,A001,1|1|4|1,True,7,7,42,7,4,4,0.8322488896002307,0.12156767872263213,55,1181,1181.0,4624.222400000002,6482,3853.518666666696,148,95,53,296.3396666665566,2.0022950450443013,6.0,12.699999999999994,0.07140958627099214,284.5001424242394,1152.912999999999,424.37029393938934,17051.38566666669,458,0.5339186972432624,0.9742420850096182,0.0,1.0,0.5903826159284674,0.05181347150259067,552,156.27666666664345,5,17051.38566666669
2023-01-09,1.0,A001,1|1|4|1,True,7,7,42,7,4,4,0.8322488896002307,0.12156767872263213,55,1181,1181.0,4624.222400000002,6482,3853.518666666696,148,95,53,296.3396666665566,2.0022950450443013,6.0,12.699999999999994,0.07140958627099214,284.5001424242394,1152.912999999999,424.37029393938934,17051.38566666669,458,0.5339186972432624,0.9742420850096182,0.0,1.0,0.5903826159284674,0.05181347150259067,552,156.27666666664345,5,17051.38566666669
2023-01-09,2.0,A001,1|1|4|1,True,7,7,42,7,4,4,0.8322488896002307,0.12156767872263213,55,1181,1181.0,4624.222400000002,6482,3853.518666666696,148,95,53,296.3396666665566,2.0022950450443013,6.0,12.699999999999994,0.07140958627099214,284.5001424242394,1152.912999999999,424.37029393938934,17051.38566666669,458,0.5339186972432624,0.9742420850096182,0.0,1.0,0.5903826159284674,0.05181347150259067,552,156.27666666664345,5,17051.38566666669
2023-01-09,4.0,A001,1|1|4|1,True,7,7,42,7,4,4,0.8322488896002307,0.12156767872263213,55,1181,1181.0,4624.222400000002,6482,3853.518666666696,148,95,53,296.3396666665566,2.0022950450443013,6.0,12.699999999999994,0.07140958627099214,284.5001424242394,1152.912999999999,424.37029393938934,17051.38566666669,458,0.5339186972432624,0.9742420850096182,0.0,1.0,0.5903826159284674,0.05181347150259067,552,156.27666666664345,5,17051.38566666669
2023-01-09,8.0,A001,1|1|4|1,True,7,7,42,7,4,4,0.8322488896002307,0.12156767872263213,55,1181,1181.0,4624.222400000002,6482,3853.518666666696,148,95,53,296.3396666665566,2.0022950450443013,6.0,12.699999999999994,0.07140958627099214,284.5001424242394,1152.912999999999,424.37029393938934,17051.38566666669,458,0.5339186972432624,0.9742420850096182,0.0,1.0,0.5903826159284674,0.05181347150259067,552,156.27666666664345,5,17051.38566666669
2023-01-10,0.0,A001,4|2|1|1,False,8,8,42,8,4,4,0.875,0.06759818731117828,66,1324,1324.0,3794.8616000000015,5098,3162.384666666712,413,70,343,2224.607666666688,5.386459241323701,12.0,14.612833333332446,0.41295912988428746,335.4602626262612,1143.0881666666678,477.2631767676763,22060.488000000012,441,0.6303220844518989,0.8080582536142076,0.0,1.0,0.5728458049886621,0.3423710792131845,523,1039.0108333333403,6,22060.488000000012
2023-01-10,0.05,A001,4|2|1|1,True,8,8,42,8,4,4,0.875,0.06759818731117828,66,1324,1324.0,3794.8616000000015,5098,3162.384666666712,413,70,343,2224.607666666688,5.386459241323701,12.0,14.612833333332446,0.41295912988428746,335.4602626262612,1143.0881666666678,477.2631767676763,22060.488000000012,441,0.6303220844518989,0.8080582536142076,0.0,1.0,0.5728458049886621,0.3423710792131845,523,1039.0108333333403,6,22060.488000000012
2023-01-10,0.1,A001,4|2|1|1,True,8,8,42,8,4,4,0.875,0.06759818731117828,66,1324,1324.0,3794.8616000000015,5098,3162.384666666712,413,70,343,2224.607666666688,5.386459241323701,12.0,14.612833333332446,0.41295912988428746,335.4602626262612,1143.0881666666678,477.2631767676763,22060.488000000012,441,0.6303220844518989,0.8080582536142076,0.0,1.0,0.5728458049886621,0.3423710792131845,523,1039.0108333333403,6,22060.488000000012
2023-01-10,0.25,A001,4|2|1|1,True,8,8,42,8,4,4,0.875,0.06759818731117828,66,1324,1324.0,3794.8616000000015,5098,3162.384666666712,413,70,343,2224.607666666688,5.386459241323701,12.0,14.612833333332446,0.41295912988428746,335.4602626262612,1143.0881666666678,477.2631767676763,22060.488000000012,441,0.6303220844518989,0.8080582536142076,0.0,1.0,0.5728458049886621,0.3423710792131845,523,1039.0108333333403,6,22060.488000000012
2023-01-10,0.5,A001,4|2|1|1,True,8,8,42,8,4,4,0.875,0.06759818731117828,66,1324,1324.0,3794.8616000000015,5098,3162.384666666712,413,70,343,2224.607666666688,5.386459241323701,12.0,14.612833333332446,0.41295912988428746,335.4602626262612,1143.0881666666678,477.2631767676763,22060.488000000012,441,0.6303220844518989,0.8080582536142076,0.0,1.0,0.5728458049886621,0.3423710792131845,523,1039.0108333333403,6,22060.488000000012
2023-01-10,0.75,A001,4|2|1|1,True,8,8,42,8,4,4,0.875,0.06759818731117828,66,1324,1324.0,3794.8616000000015,5098,3162.384666666712,413,70,343,2224.607666666688,5.386459241323701,12.0,14.612833333332446,0.41295912988428746,335.4602626262612,1143.0881666666678,477.2631767676763,22060.488000000012,441,0.6303220844518989,0.8080582536142076,0.0,1.0,0.5728458049886621,0.3423710792131845,523,1039.0108333333403,6,22060.488000000012
2023-01-10,1.0,A001,4|2|1|1,True,8,8,42,8,4,4,0.875,0.06759818731117828,66,1324,1324.0,3794.8616000000015,5098,3162.384666666712,413,70,343,2224.607666666688,5.386459241323701,12.0,14.612833333332446,0.41295912988428746,335.4602626262612,1143.0881666666678,477.2631767676763,22060.488000000012,441,0.6303220844518989,0.8080582536142076,0.0,1.0,0.5728458049886621,0.3423710792131845,523,1039.0108333333403,6,22060.488000000012
2023-01-10,2.0,A001,4|2|1|1,True,8,8,42,8,4,4,0.875,0.06759818731117828,66,1324,1324.0,3794.8616000000015,5098,3162.384666666712,413,70,343,2224.607666666688,5.386459241323701,12.0,14.612833333332446,0.41295912988428746,335.4602626262612,1143.0881666666678,477.2631767676763,22060.488000000012,441,0.6303220844518989,0.8080582536142076,0.0,1.0,0.5728458049886621,0.3423710792131845,523,1039.0108333333403,6,22060.488000000012
2023-01-10,4.0,A002,5|1|1|1,False,8,8,42,8,4,4,0.7743974703476992,0.14501510574018125,66,1324,1324.0,3794.86159999999,5098,3162.384666666715,449,72,377,2172.110333333347,4.837662212323712,9.0,12.699999999999974,0.4071819981710212,340.32293686868627,1308.7110000000039,481.3304368686872,22060.488000000012,475,0.5827695474679171,0.8439498019733556,0.0,1.0,0.6056791979949875,0.3468733297701764,522,1125.3773333333381,5,22060.488000000012
2023-01-10,8.0,A002,5|1|1|1,True,8,8,42,8,4,4,0.7743974703476992,0.14501510574018125,66,1324,1324.0,3794.86159999999,5098,3162.384666666715,449,72,377,2172.110333333347,4.837662212323712,9.0,12.699999999999974,0.4071819981710212,340.32293686868627,1308.7110000000039,481.3304368686872,22060.488000000012,475,0.5827695474679171,0.8439498019733556,0.0,1.0,0.6056791979949875,0.3468733297701764,522,1125.3773333333381,5,22060.488000000012
2023-01-11,0.0,A001,5|1|1|1,False,8,8,42,8,4,4,0.7743974703476992,0.10101010101010098,22,396,396.0,1966.5187999999996,2688,1638.765666666658,56,45,11,99.60166666664605,1.7786011904758223,5.714999999999996,12.699999999999974,0.05729609890658768,61.35775757575712,263.4936666666637,194.37445454545275,19351.135000000002,157,0.6903916459336715,0.9853771673780584,0.0,1.0,0.4953745829542008,0.03553299492385787,435,37.19399999999857,5,19351.135000000002
2023-01-11,0.05,A001,5|1|1|1,True,8,8,42,8,4,4,0.7743974703476992,0.10101010101010098,22,396,396.0,1966.5187999999996,2688,1638.765666666658,56,45,11,99.60166666664605,1.7786011904758223,5.714999999999996,12.699999999999974,0.05729609890658768,61.35775757575712,263.4936666666637,194.37445454545275,19351.135000000002,157,0.6903916459336715,0.9853771673780584,0.0,1.0,0.4953745829542008,0.03553299492385787,435,37.19399999999857,5,19351.135000000002
2023-01-11,0.1,A001,5|1|1|1,True,8,8,42,8,4,4,0.7743974703476992,0.10101010101010098,22,396,396.0,1966.5187999999996,2688,1638.765666666658,56,45,11,99.60166666664605,1.7786011904758223,5.714999999999996,12.699999999999974,0.05729609890658768,61.35775757575712,263.4936666666637,194.37445454545275,19351.135000000002,157,0.6903916459336715,0.9853771673780584,0.0,1.0,0.4953745829542008,0.03553299492385787,435,37.19399999999857,5,19351.135000000002
2023-01-11,0.25,A001,5|1|1|1,True,8,8,42,8,4,4,0.7743974703476992,0.10101010101010098,22,396,396.0,1966.5187999999996,2688,1638.765666666658,56,45,11,99.60166666664605,1.7786011904758223,5.714999999999996,12.699999999999974,0.05729609890658768,61.35775757575712,263.4936666666637,194.37445454545275,19351.135000000002,157,0.6903916459336715,0.9853771673780584,0.0,1.0,0.4953745829542008,0.03553299492385787,435,37.19399999999857,5,19351.135000000002
2023-01-11,0.5,A001,5|1|1|1,True,8,8,42,8,4,4,0.7743974703476992,0.10101010101010098,22,396,396.0,1966.5187999999996,2688,1638.765666666658,56,45,11,99.60166666664605,1.7786011904758223,5.714999999999996,12.699999999999974,0.05729609890658768,61.35775757575712,263.4936666666637,194.37445454545275,19351.135000000002,157,0.6903916459336715,0.9853771673780584,0.0,1.0,0.4953745829542008,0.03553299492385787,435,37.19399999999857,5,19351.135000000002
2023-01-11,0.75,A001,5|1|1|1,True,8,8,42,8,4,4,0.7743974703476992,0.10101010101010098,22,396,396.0,1966.5187999999996,2688,1638.765666666658,56,45,11,99.60166666664605,1.7786011904758223,5.714999999999996,12.699999999999974,0.05729609890658768,61.35775757575712,263.4936666666637,194.37445454545275,19351.135000000002,157,0.6903916459336715,0.9853771673780584,0.0,1.0,0.4953745829542008,0.03553299492385787,435,37.19399999999857,5,19351.135000000002
2023-01-11,1.0,A001,5|1|1|1,True,8,8,42,8,4,4,0.7743974703476992,0.10101010101010098,22,396,396.0,1966.5187999999996,2688,1638.765666666658,56,45,11,99.60166666664605,1.7786011904758223,5.714999999999996,12.699999999999974,0.05729609890658768,61.35775757575712,263.4936666666637,194.37445454545275,19351.135000000002,157,0.6903916459336715,0.9853771673780584,0.0,1.0,0.4953745829542008,0.03553299492385787,435,37.19399999999857,5,19351.135000000002
2023-01-11,2.0,A001,5|1|1|1,True,8,8,42,8,4,4,0.7743974703476992,0.10101010101010098,22,396,396.0,1966.5187999999996,2688,1638.765666666658,56,45,11,99.60166666664605,1.7786011904758223,5.714999999999996,12.699999999999974,0.05729609890658768,61.35775757575712,263.4936666666637,194.37445454545275,19351.135000000002,157,0.6903916459336715,0.9853771673780584,0.0,1.0,0.4953745829542008,0.03553299492385787,435,37.19399999999857,5,19351.135000000002
2023-01-11,4.0,A001,5|1|1|1,True,8,8,42,8,4,4,0.7743974703476992,0.10101010101010098,22,396,396.0,1966.5187999999996,2688,1638.765666666658,56,45,11,99.60166666664605,1.7786011904758223,5.714999999999996,12.699999999999974,0.05729609890658768,61.35775757575712,263.4936666666637,194.37445454545275,19351.135000000002,157,0.6903916459336715,0.9853771673780584,0.0,1.0,0.4953745829542008,0.03553299492385787,435,37.19399999999857,5,19351.135000000002
2023-01-11,8.0,A001,5|1|1|1,True,8,8,42,8,4,4,0.7743974703476992,0.10101010101010098,22,396,396.0,1966.5187999999996,2688,1638.765666666658,56,45,11,99.60166666664605,1.7786011904758223,5.714999999999996,12.699999999999974,0.05729609890658768,61.35775757575712,263.4936666666637,194.37445454545275,19351.135000000002,157,0.6903916459336715,0.9853771673780584,0.0,1.0,0.4953745829542008,0.03553299492385787,435,37.19399999999857,5,19351.135000000002
2023-01-12,0.0,A001,2|1|3|4,False,10,10,42,10,4,4,0.9232196723355077,0.05686900958466453,76,1565,1565.0,5011.52160000002,6470,4176.267999999935,364,190,174,860.5353333333748,2.3641080586081724,5.888650000000025,20.320000000006985,0.17084950044374286,256.92555701754236,916.5359999999903,384.9756008771912,14313.243666666667,298,0.7127037000351087,0.9524022538585758,0.0,1.0,0.3960796846702887,0.12359550561797752,548,524.5698333333414,8,14313.243666666667
2023-01-12,0.05,A001,2|1|3|4,True,10,10,42,10,4,4,0.9232196723355077,0.05686900958466453,76,1565,1565.0,5011.52160000002,6470,4176.267999999935,364,190,174,860.5353333333748,2.3641080586081724,5.888650000000025,20.320000000006985,0.17084950044374286,256.92555701754236,916.5359999999903,384.9756008771912,14313.243666666667,298,0.7127037000351087,0.9524022538585758,0.0,1.0,0.3960796846702887,0.12359550561797752,548,524.5698333333414,8,14313.243666666667
2023-01-12,0.1,A001,2|1|3|4,True,10,10,42,10,4,4,0.9232196723355077,0.05686900958466453,76,1565,1565.0,5011.52160000002,6470,4176.267999999935,364,190,174,860.5353333333748,2.3641080586081724,5.888650000000025,20.320000000006985,0.17084950044374286,256.92555701754236,916.5359999999903,384.9756008771912,14313.243666666667,298,0.7127037000351087,0.9524022538585758,0.0,1.0,0.3960796846702887,0.12359550561797752,548,524.5698333333414,8,14313.243666666667
2023-01-12,0.25,A001,2|1|3|4,True,10,10,42,10,4,4,0.9232196723355077,0.05686900958466453,76,1565,1565.0,5011.52160000002,6470,4176.267999999935,364,190,174,860.5353333333748,2.3641080586081724,5.888650000000025,20.320000000006985,0.17084950044374286,256.92555701754236,916.5359999999903,384.9756008771912,14313.243666666667,298,0.7127037000351087,0.9524022538585758,0.0,1.0,0.3960796846702887,0.12359550561797752,548,524.5698333333414,8,14313.243666666667
2023-01-12,0.5,A002,1|1|3|5,False,10,10,42,10,4,4,0.8427376486136672,0.07380191693290733,76,1565,1565.0,5011.5216000000055,6470,4176.267999999938,328,198,130,748.1736666667325,2.281017276422965,5.079999999999993,20.31999999999995,0.15193065880566464,254.1134495614018,921.8159999999909,380.6850504385949,14458.743,328,0.7182335663362864,0.9654943022881227,0.0,1.0,0.43119918699186993,0.10439276485788114,542,415.85133333336375,8,14458.743
2023-01-12,0.75,A002,1|1|3|5,True,10,10,42,10,4,4,0.8427376486136672,0.07380191693290733,76,1565,1565.0,5011.5216000000055,6470,4176.267999999938,328,198,130,748.1736666667325,2.281017276422965,5.079999999999993,20.31999999999995,0.15193065880566464,254.1134495614018,921.8159999999909,380.6850504385949,14458.743,328,0.7182335663362864,0.9654943022881227,0.0,1.0,0.43119918699186993,0.10439276485788114,542,415.85133333336375,8,14458.743
2023-01-12,1.0,A002,1|1|3|5,True,10,10,42,10,4,4,0.8427376486136672,0.07380191693290733,76,1565,1565.0,5011.5216000000055,6470,4176.267999999938,328,198,130,748.1736666667325,2.281017276422965,5.079999999999993,20.31999999999995,0.15193065880566464,254.1134495614018,921.8159999999909,380.6850504385949,14458.743,328,0.7182335663362864,0.9654943022881227,0.0,1.0,0.43119918699186993,0.10439276485788114,542,415.85133333336375,8,14458.743
2023-01-12,2.0,A002,1|1|3|5,True,10,10,42,10,4,4,0.8427376486136672,0.07380191693290733,76,1565,1565.0,5011.5216000000055,6470,4176.267999999938,328,198,130,748.1736666667325,2.281017276422965,5.079999999999993,20.31999999999995,0.15193065880566464,254.1134495614018,921.8159999999909,380.6850504385949,14458.743,328,0.7182335663362864,0.9654943022881227,0.0,1.0,0.43119918699186993,0.10439276485788114,542,415.85133333336375,8,14458.743
2023-01-12,4.0,A002,1|1|3|5,True,10,10,42,10,4,4,0.8427376486136672,0.07380191693290733,76,1565,1565.0,5011.5216000000055,6470,4176.267999999938,328,198,130,748.1736666667325,2.281017276422965,5.079999999999993,20.31999999999995,0.15193065880566464,254.1134495614018,921.8159999999909,380.6850504385949,14458.743,328,0.7182335663362864,0.9654943022881227,0.0,1.0,0.43119918699186993,0.10439276485788114,542,415.85133333336375,8,14458.743
2023-01-12,8.0,A002,1|1|3|5,True,10,10,42,10,4,4,0.8427376486136672,0.07380191693290733,76,1565,1565.0,5011.5216000000055,6470,4176.267999999938,328,198,130,748.1736666667325,2.281017276422965,5.079999999999993,20.31999999999995,0.15193065880566464,254.1134495614018,921.8159999999909,380.6850504385949,14458.743,328,0.7182335663362864,0.9654943022881227,0.0,1.0,0.43119918699186993,0.10439276485788114,542,415.85133333336375,8,14458.743
2023-01-13,0.0,A001,3|2|1|2,False,8,8,42,8,4,4,0.9528195311147832,0.1016096579476861,25,497,497.0,2287.5240000000044,3014,1906.2699999999784,64,45,19,111.5396666666687,1.7428072916666983,4.439733333333759,7.61999999999999,0.05527759555782505,131.2882799999996,479.16966666666315,271.6406666666655,10096.778666666673,172,0.8565097942738195,0.9887227155375634,0.0,1.0,0.39184662236987816,0.03531073446327684,504,58.69333333333349,3,10096.778666666673
2023-01-13,0.05,A001,3|2|1|2,True,8,8,42,8,4,4,0.9528195311147832,0.1016096579476861,25,497,497.0,2287.5240000000044,3014,1906.2699999999784,64,45,19,111.5396666666687,1.7428072916666983,4.439733333333759,7.61999999999999,0.05527759555782505,131.2882799999996,479.16966666666315,271.6406666666655,10096.778666666673,172,0.8565097942738195,0.9887227155375634,0.0,1.0,0.39184662236987816,0.03531073446327684,504,58.69333333333349,3,10096.778666666673
2023-01-13,0.1,A001,3|2|1|2,True,8,8,42,8,4,4,0.9528195311147832,0.1016096579476861,25,497,497.0,2287.5240000000044,3014,1906.2699999999784,64,45,19,111.5396666666687,1.7428072916666983,4.439733333333759,7.61999999999999,0.05527759555782505,131.2882799999996,479.16966666666315,271.6406666666655,10096.778666666673,172,0.8565097942738195,0.9887227155375634,0.0,1.0,0.39184662236987816,0.03531073446327684,504,58.69333333333349,3,10096.778666666673
2023-01-13,0.25,A002,2|2|1|3,False,8,8,42,8,4,4,0.9528195311147832,0.12173038229376258,25,497,497.0,2287.524000000002,3014,1906.2699999999777,68,53,15,105.30450000000357,1.5485955882353466,3.0000000000000187,7.61999999999999,0.05234929156240773,128.84272666666618,458.67049999999665,268.94570666666544,10096.778666666673,170,0.8442543034068157,0.9898153902010943,0.0,1.0,0.39457983193277313,0.029745042492917848,503,46.56249999999945,3,10096.778666666673
2023-01-13,0.5,A002,2|2|1|3,True,8,8,42,8,4,4,0.9528195311147832,0.12173038229376258,25,497,497.0,2287.524000000002,3014,1906.2699999999777,68,53,15,105.30450000000357,1.5485955882353466,3.0000000000000187,7.61999999999999,0.05234929156240773,128.84272666666618,458.67049999999665,268.94570666666544,10096.778666666673,170,0.8442543034068157,0.9898153902010943,0.0,1.0,0.39457983193277313,0.029745042492917848,503,46.56249999999945,3,10096.778666666673
2023-01-13,0.75,A002,2|2|1|3,True,8,8,42,8,4,4,0.9528195311147832,0.12173038229376258,25,497,497.0,2287.524000000002,3014,1906.2699999999777,68,53,15,105.30450000000357,1.5485955882353466,3.0000000000000187,7.61999999999999,0.05234929156240773,128.84272666666618,458.67049999999665,268.94570666666544,10096.778666666673,170,0.8442543034068157,0.9898153902010943,0.0,1.0,0.39457983193277313,0.029745042492917848,503,46.56249999999945,3,10096.778666666673
2023-01-13,1.0,A002,2|2|1|3,True,8,8,42,8,4,4,0.9528195311147832,0.12173038229376258,25,497,497.0,2287.524000000002,3014,1906.2699999999777,68,53,15,105.30450000000357,1.5485955882353466,3.0000000000000187,7.61999999999999,0.05234929156240773,128.84272666666618,458.67049999999665,268.94570666666544,10096.778666666673,170,0.8442543034068157,0.9898153902010943,0.0,1.0,0.39457983193277313,0.029745042492917848,503,46.56249999999945,3,10096.778666666673
2023-01-13,2.0,A002,2|2|1|3,True,8,8,42,8,4,4,0.9528195311147832,0.12173038229376258,25,497,497.0,2287.524000000002,3014,1906.2699999999777,68,53,15,105.30450000000357,1.5485955882353466,3.0000000000000187,7.61999999999999,0.05234929156240773,128.84272666666618,458.67049999999665,268.94570666666544,10096.778666666673,170,0.8442543034068157,0.9898153902010943,0.0,1.0,0.39457983193277313,0.029745042492917848,503,46.56249999999945,3,10096.778666666673
2023-01-13,4.0,A002,2|2|1|3,True,8,8,42,8,4,4,0.9528195311147832,0.12173038229376258,25,497,497.0,2287.524000000002,3014,1906.2699999999777,68,53,15,105.30450000000357,1.5485955882353466,3.0000000000000187,7.61999999999999,0.05234929156240773,128.84272666666618,458.67049999999665,268.94570666666544,10096.778666666673,170,0.8442543034068157,0.9898153902010943,0.0,1.0,0.39457983193277313,0.029745042492917848,503,46.56249999999945,3,10096.778666666673
2023-01-13,8.0,A002,2|2|1|3,True,8,8,42,8,4,4,0.9528195311147832,0.12173038229376258,25,497,497.0,2287.524000000002,3014,1906.2699999999777,68,53,15,105.30450000000357,1.5485955882353466,3.0000000000000187,7.61999999999999,0.05234929156240773,128.84272666666618,458.67049999999665,268.94570666666544,10096.778666666673,170,0.8442543034068157,0.9898153902010943,0.0,1.0,0.39457983193277313,0.029745042492917848,503,46.56249999999945,3,10096.778666666673
2023-01-16,0.0,A001,2|1|2|2,False,7,7,42,7,4,4,0.9751060324573736,0.09703020993343575,27,558,558.0,2293.518400000005,3168,1911.2653333332526,58,48,10,116.22866666670043,2.0039425287362143,6.0627999999999815,10.160000000003492,0.05732626911187068,85.55690740740528,402.3048333333136,222.6492777777739,14062.442833333316,191,0.8193391127488914,0.9780860658439892,0.0,1.0,0.406033408127649,0.03204272363150868,466,37.412166666680314,4,14062.442833333316
2023-01-16,0.05,A001,2|1|2|2,True,7,7,42,7,4,4,0.9751060324573736,0.09703020993343575,27,558,558.0,2293.518400000005,3168,1911.2653333332526,58,48,10,116.22866666670043,2.0039425287362143,6.0627999999999815,10.160000000003492,0.05732626911187068,85.55690740740528,402.3048333333136,222.6492777777739,14062.442833333316,191,0.8193391127488914,0.9780860658439892,0.0,1.0,0.406033408127649,0.03204272363150868,466,37.412166666680314,4,14062.442833333316
2023-01-16,0.1,A001,2|1|2|2,True,7,7,42,7,4,4,0.9751060324573736,0.09703020993343575,27,558,558.0,2293.518400000005,3168,1911.2653333332526,58,48,10,116.22866666670043,2.0039425287362143,6.0627999999999815,10.160000000003492,0.05732626911187068,85.55690740740528,402.3048333333136,222.6492777777739,14062.442833333316,191,0.8193391127488914,0.9780860658439892,0.0,1.0,0.406033408127649,0.03204272363150868,466,37.412166666680314,4,14062.442833333316
2023-01-16,0.25,A001,2|1|2|2,True,7,7,42,7,4,4,0.9751060324573736,0.09703020993343575,27,558,558.0,2293.518400000005,3168,1911.2653333332526,58,48,10,116.22866666670043,2.0039425287362143,6.0627999999999815,10.160000000003492,0.05732626911187068,85.55690740740528,402.3048333333136,222.6492777777739,14062.442833333316,191,0.8193391127488914,0.9780860658439892,0.0,1.0,0.406033408127649,0.03204272363150868,466,37.412166666680314,4,14062.442833333316
2023-01-16,0.5,A001,2|1|2|2,True,7,7,42,7,4,4,0.9751060324573736,0.09703020993343575,27,558,558.0,2293.518400000005,3168,1911.2653333332526,58,48,10,116.22866666670043,2.0039425287362143,6.0627999999999815,10.160000000003492,0.05732626911187068,85.55690740740528,402.3048333333136,222.6492777777739,14062.442833333316,191,0.8193391127488914,0.9780860658439892,0.0,1.0,0.406033408127649,0.03204272363150868,466,37.412166666680314,4,14062.442833333316
2023-01-16,0.75,A001,2|1|2|2,True,7,7,42,7,4,4,0.9751060324573736,0.09703020993343575,27,558,558.0,2293.518400000005,3168,1911.2653333332526,58,48,10,116.22866666670043,2.0039425287362143,6.0627999999999815,10.160000000003492,0.05732626911187068,85.55690740740528,402.3048333333136,222.6492777777739,14062.442833333316,191,0.8193391127488914,0.9780860658439892,0.0,1.0,0.406033408127649,0.03204272363150868,466,37.412166666680314,4,14062.442833333316
2023-01-16,1.0,A001,2|1|2|2,True,7,7,42,7,4,4,0.9751060324573736,0.09703020993343575,27,558,558.0,2293.518400000005,3168,1911.2653333332526,58,48,10,116.22866666670043,2.0039425287362143,6.0627999999999815,10.160000000003492,0.05732626911187068,85.55690740740528,402.3048333333136,222.6492777777739,14062.442833333316,191,0.8193391127488914,0.9780860658439892,0.0,1.0,0.406033408127649,0.03204272363150868,466,37.412166666680314,4,14062.442833333316
2023-01-16,2.0,A002,1|1|2|3,False,7,7,42,7,4,4,0.9211854965885543,0.16897081413210446,27,558,558.0,2293.518399999995,3168,1911.265333333251,64,47,17,119.18033333338316,1.8621927083341119,5.080000000001484,10.160000000003492,0.0586966375362511,100.035407407406,446.3843333333296,237.23709876542947,14027.762333333329,235,0.6124366117358393,0.9724500253913664,0.0,1.0,0.5593617021276596,0.040214477211796246,465,49.13466666668097,4,14027.762333333329
2023-01-16,4.0,A002,1|1|2|3,True,7,7,42,7,4,4,0.9211854965885543,0.16897081413210446,27,558,558.0,2293.518399999995,3168,1911.265333333251,64,47,17,119.18033333338316,1.8621927083341119,5.080000000001484,10.160000000003492,0.0586966375362511,100.035407407406,446.3843333333296,237.23709876542947,14027.762333333329,235,0.6124366117358393,0.9724500253913664,0.0,1.0,0.5593617021276596,0.040214477211796246,465,49.13466666668097,4,14027.762333333329
2023-01-16,8.0,A002,1|1|2|3,True,7,7,42,7,4,4,0.9211854965885543,0.16897081413210446,27,558,558.0,2293.518399999995,3168,1911.265333333251,64,47,17,119.18033333338316,1.8621927083341119,5.080000000001484,10.160000000003492,0.0586966375362511,100.035407407406,446.3843333333296,237.23709876542947,14027.762333333329,235,0.6124366117358393,0.9724500253913664,0.0,1.0,0.5593617021276596,0.040214477211796246,465,49.13466666668097,4,14027.762333333329
2023-01-17,0.0,A001,3|1|1|2,False,7,7,42,7,4,4,0.9211854965885543,0.22568874293012225,37,783,783.0,2931.9220000000114,4034,2443.26833333328,77,64,13,104.69433333333136,1.359666666666641,3.0,5.079999999999998,0.041089429881756616,310.30581081080834,782.6196666666561,442.6561531531492,13064.359666666667,211,0.8887971742459944,0.9922550463804487,0.0,1.0,0.3023696682464455,0.01834862385321101,477,31.693666666667276,2,13064.359666666667
2023-01-17,0.05,A001,3|1|1|2,True,7,7,42,7,4,4,0.9211854965885543,0.22568874293012225,37,783,783.0,2931.9220000000114,4034,2443.26833333328,77,64,13,104.69433333333136,1.359666666666641,3.0,5.079999999999998,0.041089429881756616,310.30581081080834,782.6196666666561,442.6561531531492,13064.359666666667,211,0.8887971742459944,0.9922550463804487,0.0,1.0,0.3023696682464455,0.01834862385321101,477,31.693666666667276,2,13064.359666666667
2023-01-17,0.1,A001,3|1|1|2,True,7,7,42,7,4,4,0.9211854965885543,0.22568874293012225,37,783,783.0,2931.9220000000114,4034,2443.26833333328,77,64,13,104.69433333333136,1.359666666666641,3.0,5.079999999999998,0.041089429881756616,310.30581081080834,782.6196666666561,442.6561531531492,13064.359666666667,211,0.8887971742459944,0.9922550463804487,0.0,1.0,0.3023696682464455,0.01834862385321101,477,31.693666666667276,2,13064.359666666667
2023-01-17,0.25,A001,3|1|1|2,True,7,7,42,7,4,4,0.9211854965885543,0.22568874293012225,37,783,783.0,2931.9220000000114,4034,2443.26833333328,77,64,13,104.69433333333136,1.359666666666641,3.0,5.079999999999998,0.041089429881756616,310.30581081080834,782.6196666666561,442.6561531531492,13064.359666666667,211,0.8887971742459944,0.9922550463804487,0.0,1.0,0.3023696682464455,0.01834862385321101,477,31.693666666667276,2,13064.359666666667
2023-01-17,0.5,A001,3|1|1|2,True,7,7,42,7,4,4,0.9211854965885543,0.22568874293012225,37,783,783.0,2931.9220000000114,4034,2443.26833333328,77,64,13,104.69433333333136,1.359666666666641,3.0,5.079999999999998,0.041089429881756616,310.30581081080834,782.6196666666561,442.6561531531492,13064.359666666667,211,0.8887971742459944,0.9922550463804487,0.0,1.0,0.3023696682464455,0.01834862385321101,477,31.693666666667276,2,13064.359666666667
2023-01-17,0.75,A001,3|1|1|2,True,7,7,42,7,4,4,0.9211854965885543,0.22568874293012225,37,783,783.0,2931.9220000000114,4034,2443.26833333328,77,64,13,104.69433333333136,1.359666666666641,3.0,5.079999999999998,0.041089429881756616,310.30581081080834,782.6196666666561,442.6561531531492,13064.359666666667,211,0.8887971742459944,0.9922550463804487,0.0,1.0,0.3023696682464455,0.01834862385321101,477,31.693666666667276,2,13064.359666666667
2023-01-17,1.0,A001,3|1|1|2,True,7,7,42,7,4,4,0.9211854965885543,0.22568874293012225,37,783,783.0,2931.9220000000114,4034,2443.26833333328,77,64,13,104.69433333333136,1.359666666666641,3.0,5.079999999999998,0.041089429881756616,310.30581081080834,782.6196666666561,442.6561531531492,13064.359666666667,211,0.8887971742459944,0.9922550463804487,0.0,1.0,0.3023696682464455,0.01834862385321101,477,31.693666666667276,2,13064.359666666667
2023-01-17,2.0,A001,3|1|1|2,True,7,7,42,7,4,4,0.9211854965885543,0.22568874293012225,37,783,783.0,2931.9220000000114,4034,2443.26833333328,77,64,13,104.69433333333136,1.359666666666641,3.0,5.079999999999998,0.041089429881756616,310.30581081080834,782.6196666666561,442.6561531531492,13064.359666666667,211,0.8887971742459944,0.9922550463804487,0.0,1.0,0.3023696682464455,0.01834862385321101,477,31.693666666667276,2,13064.359666666667
2023-01-17,4.0,A002,2|1|1|3,False,7,7,42,7,4,4,0.9211854965885543,0.2711184090494435,37,783,783.0,2931.92199999999,4034,2443.26833333334,54,47,7,58.819999999996256,1.0892592592591899,2.752350000000019,5.079999999999998,0.023508362681038918,354.9622522522503,1134.6563333333386,486.0727477477459,13064.359666666667,292,0.8809085145850076,0.993147823393136,0.0,1.0,0.4278538812785388,0.012320328542094456,479,16.610999999998633,2,13064.359666666667
2023-01-17,8.0,A002,2|1|1|3,True,7,7,42,7,4,4,0.9211854965885543,0.2711184090494435,37,783,783.0,2931.92199999999,4034,2443.26833333334,54,47,7,58.819999999996256,1.0892592592591899,2.752350000000019,5.079999999999998,0.023508362681038918,354.9622522522503,1134.6563333333386,486.0727477477459,13064.359666666667,292,0.8809085145850076,0.993147823393136,0.0,1.0,0.4278538812785388,0.012320328542094456,479,16.610999999998633,2,13064.359666666667
2023-01-18,0.0,A001,2|1|2|2,False,7,7,42,7,4,4,0.9751060324573736,0.08992112182296233,75,1630,1630.0,4602.022799999981,6278,3835.0190000002217,326,96,230,771.62649999996,2.366952453987607,3.0,7.620000000002619,0.16750290422823497,360.2833688888993,1298.2661666667082,486.90530888890174,32605.634500000055,517,0.7406562165482475,0.8217151587026695,0.0,1.0,0.4723358202081606,0.139937106918239,567,668.4199999999926,3,32605.634500000055
2023-01-18,0.05,A001,2|1|2|2,True,7,7,42,7,4,4,0.9751060324573736,0.08992112182296233,75,1630,1630.0,4602.022799999981,6278,3835.0190000002217,326,96,230,771.62649999996,2.366952453987607,3.0,7.620000000002619,0.16750290422823497,360.2833688888993,1298.2661666667082,486.90530888890174,32605.634500000055,517,0.7406562165482475,0.8217151587026695,0.0,1.0,0.4723358202081606,0.139937106918239,567,668.4199999999926,3,32605.634500000055
2023-01-18,0.1,A001,2|1|2|2,True,7,7,42,7,4,4,0.9751060324573736,0.08992112182296233,75,1630,1630.0,4602.022799999981,6278,3835.0190000002217,326,96,230,771.62649999996,2.366952453987607,3.0,7.620000000002619,0.16750290422823497,360.2833688888993,1298.2661666667082,486.90530888890174,32605.634500000055,517,0.7406562165482475,0.8217151587026695,0.0,1.0,0.4723358202081606,0.139937106918239,567,668.4199999999926,3,32605.634500000055
2023-01-18,0.25,A001,2|1|2|2,True,7,7,42,7,4,4,0.9751060324573736,0.08992112182296233,75,1630,1630.0,4602.022799999981,6278,3835.0190000002217,326,96,230,771.62649999996,2.366952453987607,3.0,7.620000000002619,0.16750290422823497,360.2833688888993,1298.2661666667082,486.90530888890174,32605.634500000055,517,0.7406562165482475,0.8217151587026695,0.0,1.0,0.4723358202081606,0.139937106918239,567,668.4199999999926,3,32605.634500000055
2023-01-18,0.5,A001,2|1|2|2,True,7,7,42,7,4,4,0.9751060324573736,0.08992112182296233,75,1630,1630.0,4602.022799999981,6278,3835.0190000002217,326,96,230,771.62649999996,2.366952453987607,3.0,7.620000000002619,0.16750290422823497,360.2833688888993,1298.2661666667082,486.90530888890174,32605.634500000055,517,0.7406562165482475,0.8217151587026695,0.0,1.0,0.4723358202081606,0.139937106918239,567,668.4199999999926,3,32605.634500000055
2023-01-18,0.75,A001,2|1|2|2,True,7,7,42,7,4,4,0.9751060324573736,0.08992112182296233,75,1630,1630.0,4602.022799999981,6278,3835.0190000002217,326,96,230,771.62649999996,2.366952453987607,3.0,7.620000000002619,0.16750290422823497,360.2833688888993,1298.2661666667082,486.90530888890174,32605.634500000055,517,0.7406562165482475,0.8217151587026695,0.0,1.0,0.4723358202081606,0.139937106918239,567,668.4199999999926,3,32605.634500000055
2023-01-18,1.0,A002,1|1|3|2,False,7,7,42,7,4,4,0.9211854965885543,0.15775635407537245,75,1630,1630.0,4602.022800000039,6278,3835.019000000258,292,65,227,1024.203333333394,3.5075456621006644,6.0,7.620000000002619,0.2107751535276516,405.8877488889029,1471.6596666666842,535.8773800000182,32406.894000000088,628,0.5424201001520458,0.8987858123891418,0.0,1.0,0.6128601759175007,0.16802860061287028,567,668.6738333333078,3,32406.894000000088
2023-01-18,2.0,A002,1|1|3|2,True,7,7,42,7,4,4,0.9211854965885543,0.15775635407537245,75,1630,1630.0,4602.022800000039,6278,3835.019000000258,292,65,227,1024.203333333394,3.5075456621006644,6.0,7.620000000002619,0.2107751535276516,405.8877488889029,1471.6596666666842,535.8773800000182,32406.894000000088,628,0.5424201001520458,0.8987858123891418,0.0,1.0,0.6128601759175007,0.16802860061287028,567,668.6738333333078,3,32406.894000000088
2023-01-18,4.0,A002,1|1|3|2,True,7,7,42,7,4,4,0.9211854965885543,0.15775635407537245,75,1630,1630.0,4602.022800000039,6278,3835.019000000258,292,65,227,1024.203333333394,3.5075456621006644,6.0,7.620000000002619,0.2107751535276516,405.8877488889029,1471.6596666666842,535.8773800000182,32406.894000000088,628,0.5424201001520458,0.8987858123891418,0.0,1.0,0.6128601759175007,0.16802860061287028,567,668.6738333333078,3,32406.894000000088
2023-01-18,8.0,A002,1|1|3|2,True,7,7,42,7,4,4,0.9211854965885543,0.15775635407537245,75,1630,1630.0,4602.022800000039,6278,3835.019000000258,292,65,227,1024.203333333394,3.5075456621006644,6.0,7.620000000002619,0.2107751535276516,405.8877488889029,1471.6596666666842,535.8773800000182,32406.894000000088,628,0.5424201001520458,0.8987858123891418,0.0,1.0,0.6128601759175007,0.16802860061287028,567,668.6738333333078,3,32406.894000000088
2023-01-23,0.0,A001,2|1|1|2,False,6,6,42,6,4,4,0.9591479170272448,0.2299625468164794,22,445,445.0,1872.6912000000063,2526,1560.5759999999684,73,56,17,117.31733333350806,1.6070867579932613,5.142133333333186,10.160000000003492,0.06991942276833135,152.7840909090991,459.96433333336427,289.73378787880256,13595.167333333362,190,0.7263223530224117,0.9857231933875588,0.0,1.0,0.4864912280701754,0.029605263157894735,403,44.04866666668386,4,13595.167333333362
2023-01-23,0.05,A001,2|1|1|2,True,6,6,42,6,4,4,0.9591479170272448,0.2299625468164794,22,445,445.0,1872.6912000000063,2526,1560.5759999999684,73,56,17,117.31733333350806,1.6070867579932613,5.142133333333186,10.160000000003492,0.06991942276833135,152.7840909090991,459.96433333336427,289.73378787880256,13595.167333333362,190,0.7263223530224117,0.9857231933875588,0.0,1.0,0.4864912280701754,0.029605263157894735,403,44.04866666668386,4,13595.167333333362
2023-01-23,0.1,A001,2|1|1|2,True,6,6,42,6,4,4,0.9591479170272448,0.2299625468164794,22,445,445.0,1872.6912000000063,2526,1560.5759999999684,73,56,17,117.31733333350806,1.6070867579932613,5.142133333333186,10.160000000003492,0.06991942276833135,152.7840909090991,459.96433333336427,289.73378787880256,13595.167333333362,190,0.7263223530224117,0.9857231933875588,0.0,1.0,0.4864912280701754,0.029605263157894735,403,44.04866666668386,4,13595.167333333362
2023-01-23,0.25,A001,2|1|1|2,True,6,6,42,6,4,4,0.9591479170272448,0.2299625468164794,22,445,445.0,1872.6912000000063,2526,1560.5759999999684,73,56,17,117.31733333350806,1.6070867579932613,5.142133333333186,10.160000000003492,0.06991942276833135,152.7840909090991,459.96433333336427,289.73378787880256,13595.167333333362,190,0.7263223530224117,0.9857231933875588,0.0,1.0,0.4864912280701754,0.029605263157894735,403,44.04866666668386,4,13595.167333333362
2023-01-23,0.5,A001,2|1|1|2,True,6,6,42,6,4,4,0.9591479170272448,0.2299625468164794,22,445,445.0,1872.6912000000063,2526,1560.5759999999684,73,56,17,117.31733333350806,1.6070867579932613,5.142133333333186,10.160000000003492,0.06991942276833135,152.7840909090991,459.96433333336427,289.73378787880256,13595.167333333362,190,0.7263223530224117,0.9857231933875588,0.0,1.0,0.4864912280701754,0.029605263157894735,403,44.04866666668386,4,13595.167333333362
2023-01-23,0.75,A002,1|1|1|3,False,6,6,42,6,4,4,0.896240625180289,0.22996254681647937,22,445,445.0,1872.6911999999966,2526,1560.5759999999684,55,40,15,108.28449999993973,1.968809090907995,7.019399999997401,10.160000000003492,0.0648852914907781,207.61509090908118,937.0763333332834,344.1542045454406,13972.197999999946,265,0.42387156789660174,0.9767475260226041,0.0,1.0,0.7033962264150944,0.04132231404958678,401,46.834666666669364,4,13972.197999999946
2023-01-23,1.0,A002,1|1|1|3,True,6,6,42,6,4,4,0.896240625180289,0.22996254681647937,22,445,445.0,1872.6911999999966,2526,1560.5759999999684,55,40,15,108.28449999993973,1.968809090907995,7.019399999997401,10.160000000003492,0.0648852914907781,207.61509090908118,937.0763333332834,344.1542045454406,13972.197999999946,265,0.42387156789660174,0.9767475260226041,0.0,1.0,0.7033962264150944,0.04132231404958678,401,46.834666666669364,4,13972.197999999946
2023-01-23,2.0,A002,1|1|1|3,True,6,6,42,6,4,4,0.896240625180289,0.22996254681647937,22,445,445.0,1872.6911999999966,2526,1560.5759999999684,55,40,15,108.28449999993973,1.968809090907995,7.019399999997401,10.160000000003492,0.0648852914907781,207.61509090908118,937.0763333332834,344.1542045454406,13972.197999999946,265,0.42387156789660174,0.9767475260226041,0.0,1.0,0.7033962264150944,0.04132231404958678,401,46.834666666669364,4,13972.197999999946
2023-01-23,4.0,A002,1|1|1|3,True,6,6,42,6,4,4,0.896240625180289,0.22996254681647937,22,445,445.0,1872.6911999999966,2526,1560.5759999999684,55,40,15,108.28449999993973,1.968809090907995,7.019399999997401,10.160000000003492,0.0648852914907781,207.61509090908118,937.0763333332834,344.1542045454406,13972.197999999946,265,0.42387156789660174,0.9767475260226041,0.0,1.0,0.7033962264150944,0.04132231404958678,401,46.834666666669364,4,13972.197999999946
2023-01-23,8.0,A002,1|1|1|3,True,6,6,42,6,4,4,0.896240625180289,0.22996254681647937,22,445,445.0,1872.6911999999966,2526,1560.5759999999684,55,40,15,108.28449999993973,1.968809090907995,7.019399999997401,10.160000000003492,0.0648852914907781,207.61509090908118,937.0763333332834,344.1542045454406,13972.197999999946,265,0.42387156789660174,0.9767475260226041,0.0,1.0,0.7033962264150944,0.04132231404958678,401,46.834666666669364,4,13972.197999999946
2023-01-24,0.0,A001,2|1|1|2,False,6,6,42,6,4,4,0.9591479170272448,0.0875831485587583,25,451,451.0,2094.6364000000035,2888,1745.530333333296,37,32,5,54.470333333293226,1.4721711711700871,5.080000000000336,7.620000000002619,0.03026128508839195,78.47274666666586,460.00966666666227,204.59277333332943,13461.36799999998,206,0.6607618645684701,0.9935543365044149,0.0,1.0,0.5276699029126214,0.0141287284144427,483,14.769500000001443,3,13461.36799999998
2023-01-24,0.05,A001,2|1|1|2,True,6,6,42,6,4,4,0.9591479170272448,0.0875831485587583,25,451,451.0,2094.6364000000035,2888,1745.530333333296,37,32,5,54.470333333293226,1.4721711711700871,5.080000000000336,7.620000000002619,0.03026128508839195,78.47274666666586,460.00966666666227,204.59277333332943,13461.36799999998,206,0.6607618645684701,0.9935543365044149,0.0,1.0,0.5276699029126214,0.0141287284144427,483,14.769500000001443,3,13461.36799999998
2023-01-24,0.1,A001,2|1|1|2,True,6,6,42,6,4,4,0.9591479170272448,0.0875831485587583,25,451,451.0,2094.6364000000035,2888,1745.530333333296,37,32,5,54.470333333293226,1.4721711711700871,5.080000000000336,7.620000000002619,0.03026128508839195,78.47274666666586,460.00966666666227,204.59277333332943,13461.36799999998,206,0.6607618645684701,0.9935543365044149,0.0,1.0,0.5276699029126214,0.0141287284144427,483,14.769500000001443,3,13461.36799999998
2023-01-24,0.25,A001,2|1|1|2,True,6,6,42,6,4,4,0.9591479170272448,0.0875831485587583,25,451,451.0,2094.6364000000035,2888,1745.530333333296,37,32,5,54.470333333293226,1.4721711711700871,5.080000000000336,7.620000000002619,0.03026128508839195,78.47274666666586,460.00966666666227,204.59277333332943,13461.36799999998,206,0.6607618645684701,0.9935543365044149,0.0,1.0,0.5276699029126214,0.0141287284144427,483,14.769500000001443,3,13461.36799999998
2023-01-24,0.5,A001,2|1|1|2,True,6,6,42,6,4,4,0.9591479170272448,0.0875831485587583,25,451,451.0,2094.6364000000035,2888,1745.530333333296,37,32,5,54.470333333293226,1.4721711711700871,5.080000000000336,7.620000000002619,0.03026128508839195,78.47274666666586,460.00966666666227,204.59277333332943,13461.36799999998,206,0.6607618645684701,0.9935543365044149,0.0,1.0,0.5276699029126214,0.0141287284144427,483,14.769500000001443,3,13461.36799999998
2023-01-24,0.75,A001,2|1|1|2,True,6,6,42,6,4,4,0.9591479170272448,0.0875831485587583,25,451,451.0,2094.6364000000035,2888,1745.530333333296,37,32,5,54.470333333293226,1.4721711711700871,5.080000000000336,7.620000000002619,0.03026128508839195,78.47274666666586,460.00966666666227,204.59277333332943,13461.36799999998,206,0.6607618645684701,0.9935543365044149,0.0,1.0,0.5276699029126214,0.0141287284144427,483,14.769500000001443,3,13461.36799999998
2023-01-24,1.0,A001,2|1|1|2,True,6,6,42,6,4,4,0.9591479170272448,0.0875831485587583,25,451,451.0,2094.6364000000035,2888,1745.530333333296,37,32,5,54.470333333293226,1.4721711711700871,5.080000000000336,7.620000000002619,0.03026128508839195,78.47274666666586,460.00966666666227,204.59277333332943,13461.36799999998,206,0.6607618645684701,0.9935543365044149,0.0,1.0,0.5276699029126214,0.0141287284144427,483,14.769500000001443,3,13461.36799999998
2023-01-24,2.0,A002,1|1|1|3,False,6,6,42,6,4,4,0.896240625180289,0.20990391722099042,25,451,451.0,2094.636400000001,2888,1745.530333333296,51,43,8,76.26166666666914,1.4953267973856694,3.9920000000003597,5.080000000001746,0.041860797866425256,88.08019999999868,462.2574999999953,215.0718799999973,13605.27799999998,236,0.6445472338676502,0.9942035764233037,0.0,1.0,0.570409604519774,0.015600624024960999,481,20.844666666665432,2,13605.27799999998
2023-01-24,4.0,A002,1|1|1|3,True,6,6,42,6,4,4,0.896240625180289,0.20990391722099042,25,451,451.0,2094.636400000001,2888,1745.530333333296,51,43,8,76.26166666666914,1.4953267973856694,3.9920000000003597,5.080000000001746,0.041860797866425256,88.08019999999868,462.2574999999953,215.0718799999973,13605.27799999998,236,0.6445472338676502,0.9942035764233037,0.0,1.0,0.570409604519774,0.015600624024960999,481,20.844666666665432,2,13605.27799999998
2023-01-24,8.0,A002,1|1|1|3,True,6,6,42,6,4,4,0.896240625180289,0.20990391722099042,25,451,451.0,2094.636400000001,2888,1745.530333333296,51,43,8,76.26166666666914,1.4953267973856694,3.9920000000003597,5.080000000001746,0.041860797866425256,88.08019999999868,462.2574999999953,215.0718799999973,13605.27799999998,236,0.6445472338676502,0.9942035764233037,0.0,1.0,0.570409604519774,0.015600624024960999,481,20.844666666665432,2,13605.27799999998
2023-01-25,0.0,A001,1|1|1|2,False,5,5,42,5,4,4,0.9609640474436812,0.20857142857142857,36,700,700.0,2204.465999999995,2848,1837.0549999999355,20,17,3,20.12983333333348,1.006491666666674,3.1040000000000014,5.079999999999997,0.010838896038798963,209.62864814814415,709.4929999999695,319.5504490740683,15174.298333333329,419,0.561238091476304,0.9964354251210652,0.0,1.0,0.6692521877486078,0.005018820577164366,430,8.856333333332657,2,15174.298333333329
2023-01-25,0.05,A001,1|1|1|2,True,5,5,42,5,4,4,0.9609640474436812,0.20857142857142857,36,700,700.0,2204.465999999995,2848,1837.0549999999355,20,17,3,20.12983333333348,1.006491666666674,3.1040000000000014,5.079999999999997,0.010838896038798963,209.62864814814415,709.4929999999695,319.5504490740683,15174.298333333329,419,0.561238091476304,0.9964354251210652,0.0,1.0,0.6692521877486078,0.005018820577164366,430,8.856333333332657,2,15174.298333333329
2023-01-25,0.1,A001,1|1|1|2,True,5,5,42,5,4,4,0.9609640474436812,0.20857142857142857,36,700,700.0,2204.465999999995,2848,1837.0549999999355,20,17,3,20.12983333333348,1.006491666666674,3.1040000000000014,5.079999999999997,0.010838896038798963,209.62864814814415,709.4929999999695,319.5504490740683,15174.298333333329,419,0.561238091476304,0.9964354251210652,0.0,1.0,0.6692521877486078,0.005018820577164366,430,8.856333333332657,2,15174.298333333329
2023-01-25,0.25,A001,1|1|1|2,True,5,5,42,5,4,4,0.9609640474436812,0.20857142857142857,36,700,700.0,2204.465999999995,2848,1837.0549999999355,20,17,3,20.12983333333348,1.006491666666674,3.1040000000000014,5.079999999999997,0.010838896038798963,209.62864814814415,709.4929999999695,319.5504490740683,15174.298333333329,419,0.561238091476304,0.9964354251210652,0.0,1.0,0.6692521877486078,0.005018820577164366,430,8.856333333332657,2,15174.298333333329
2023-01-25,0.5,A001,1|1|1|2,True,5,5,42,5,4,4,0.9609640474436812,0.20857142857142857,36,700,700.0,2204.465999999995,2848,1837.0549999999355,20,17,3,20.12983333333348,1.006491666666674,3.1040000000000014,5.079999999999997,0.010838896038798963,209.62864814814415,709.4929999999695,319.5504490740683,15174.298333333329,419,0.561238091476304,0.9964354251210652,0.0,1.0,0.6692521877486078,0.005018820577164366,430,8.856333333332657,2,15174.298333333329
2023-01-25,0.75,A001,1|1|1|2,True,5,5,42,5,4,4,0.9609640474436812,0.20857142857142857,36,700,700.0,2204.465999999995,2848,1837.0549999999355,20,17,3,20.12983333333348,1.006491666666674,3.1040000000000014,5.079999999999997,0.010838896038798963,209.62864814814415,709.4929999999695,319.5504490740683,15174.298333333329,419,0.561238091476304,0.9964354251210652,0.0,1.0,0.6692521877486078,0.005018820577164366,430,8.856333333332657,2,15174.298333333329
2023-01-25,1.0,A001,1|1|1|2,True,5,5,42,5,4,4,0.9609640474436812,0.20857142857142857,36,700,700.0,2204.465999999995,2848,1837.0549999999355,20,17,3,20.12983333333348,1.006491666666674,3.1040000000000014,5.079999999999997,0.010838896038798963,209.62864814814415,709.4929999999695,319.5504490740683,15174.298333333329,419,0.561238091476304,0.9964354251210652,0.0,1.0,0.6692521877486078,0.005018820577164366,430,8.856333333332657,2,15174.298333333329
2023-01-25,2.0,A001,1|1|1|2,True,5,5,42,5,4,4,0.9609640474436812,0.20857142857142857,36,700,700.0,2204.465999999995,2848,1837.0549999999355,20,17,3,20.12983333333348,1.006491666666674,3.1040000000000014,5.079999999999997,0.010838896038798963,209.62864814814415,709.4929999999695,319.5504490740683,15174.298333333329,419,0.561238091476304,0.9964354251210652,0.0,1.0,0.6692521877486078,0.005018820577164366,430,8.856333333332657,2,15174.298333333329
2023-01-25,4.0,A001,1|1|1|2,True,5,5,42,5,4,4,0.9609640474436812,0.20857142857142857,36,700,700.0,2204.465999999995,2848,1837.0549999999355,20,17,3,20.12983333333348,1.006491666666674,3.1040000000000014,5.079999999999997,0.010838896038798963,209.62864814814415,709.4929999999695,319.5504490740683,15174.298333333329,419,0.561238091476304,0.9964354251210652,0.0,1.0,0.6692521877486078,0.005018820577164366,430,8.856333333332657,2,15174.298333333329
2023-01-25,8.0,A001,1|1|1|2,True,5,5,42,5,4,4,0.9609640474436812,0.20857142857142857,36,700,700.0,2204.465999999995,2848,1837.0549999999355,20,17,3,20.12983333333348,1.006491666666674,3.1040000000000014,5.079999999999997,0.010838896038798963,209.62864814814415,709.4929999999695,319.5504490740683,15174.298333333329,419,0.561238091476304,0.9964354251210652,0.0,1.0,0.6692521877486078,0.005018820577164366,430,8.856333333332657,2,15174.298333333329
2023-01-26,0.0,A001,1|1|1|2,False,5,5,42,5,4,4,0.9609640474436812,0.10538243626062321,34,706,706.0,2320.0360000000046,3044,1933.3633333332957,38,37,1,48.040333333334175,1.2642192982456362,3.0272500000002553,7.619999999999996,0.02424560635549532,301.1053235294092,865.2173333333235,421.67601960783946,1136.5636666666583,228,0.8515598204483753,0.9956699439088695,0.0,1.0,0.37119883040935675,0.006075334143377886,502,7.745000000000302,3,1136.5636666666583
2023-01-26,0.05,A001,1|1|1|2,True,5,5,42,5,4,4,0.9609640474436812,0.10538243626062321,34,706,706.0,2320.0360000000046,3044,1933.3633333332957,38,37,1,48.040333333334175,1.2642192982456362,3.0272500000002553,7.619999999999996,0.02424560635549532,301.1053235294092,865.2173333333235,421.67601960783946,1136.5636666666583,228,0.8515598204483753,0.9956699439088695,0.0,1.0,0.37119883040935675,0.006075334143377886,502,7.745000000000302,3,1136.5636666666583
2023-01-26,0.1,A001,1|1|1|2,True,5,5,42,5,4,4,0.9609640474436812,0.10538243626062321,34,706,706.0,2320.0360000000046,3044,1933.3633333332957,38,37,1,48.040333333334175,1.2642192982456362,3.0272500000002553,7.619999999999996,0.02424560635549532,301.1053235294092,865.2173333333235,421.67601960783946,1136.5636666666583,228,0.8515598204483753,0.9956699439088695,0.0,1.0,0.37119883040935675,0.006075334143377886,502,7.745000000000302,3,1136.5636666666583
2023-01-26,0.25,A001,1|1|1|2,True,5,5,42,5,4,4,0.9609640474436812,0.10538243626062321,34,706,706.0,2320.0360000000046,3044,1933.3633333332957,38,37,1,48.040333333334175,1.2642192982456362,3.0272500000002553,7.619999999999996,0.02424560635549532,301.1053235294092,865.2173333333235,421.67601960783946,1136.5636666666583,228,0.8515598204483753,0.9956699439088695,0.0,1.0,0.37119883040935675,0.006075334143377886,502,7.745000000000302,3,1136.5636666666583
2023-01-26,0.5,A001,1|1|1|2,True,5,5,42,5,4,4,0.9609640474436812,0.10538243626062321,34,706,706.0,2320.0360000000046,3044,1933.3633333332957,38,37,1,48.040333333334175,1.2642192982456362,3.0272500000002553,7.619999999999996,0.02424560635549532,301.1053235294092,865.2173333333235,421.67601960783946,1136.5636666666583,228,0.8515598204483753,0.9956699439088695,0.0,1.0,0.37119883040935675,0.006075334143377886,502,7.745000000000302,3,1136.5636666666583
2023-01-26,0.75,A001,1|1|1|2,True,5,5,42,5,4,4,0.9609640474436812,0.10538243626062321,34,706,706.0,2320.0360000000046,3044,1933.3633333332957,38,37,1,48.040333333334175,1.2642192982456362,3.0272500000002553,7.619999999999996,0.02424560635549532,301.1053235294092,865.2173333333235,421.67601960783946,1136.5636666666583,228,0.8515598204483753,0.9956699439088695,0.0,1.0,0.37119883040935675,0.006075334143377886,502,7.745000000000302,3,1136.5636666666583
2023-01-26,1.0,A001,1|1|1|2,True,5,5,42,5,4,4,0.9609640474436812,0.10538243626062321,34,706,706.0,2320.0360000000046,3044,1933.3633333332957,38,37,1,48.040333333334175,1.2642192982456362,3.0272500000002553,7.619999999999996,0.02424560635549532,301.1053235294092,865.2173333333235,421.67601960783946,1136.5636666666583,228,0.8515598204483753,0.9956699439088695,0.0,1.0,0.37119883040935675,0.006075334143377886,502,7.745000000000302,3,1136.5636666666583
2023-01-26,2.0,A001,1|1|1|2,True,5,5,42,5,4,4,0.9609640474436812,0.10538243626062321,34,706,706.0,2320.0360000000046,3044,1933.3633333332957,38,37,1,48.040333333334175,1.2642192982456362,3.0272500000002553,7.619999999999996,0.02424560635549532,301.1053235294092,865.2173333333235,421.67601960783946,1136.5636666666583,228,0.8515598204483753,0.9956699439088695,0.0,1.0,0.37119883040935675,0.006075334143377886,502,7.745000000000302,3,1136.5636666666583
2023-01-26,4.0,A001,1|1|1|2,True,5,5,42,5,4,4,0.9609640474436812,0.10538243626062321,34,706,706.0,2320.0360000000046,3044,1933.3633333332957,38,37,1,48.040333333334175,1.2642192982456362,3.0272500000002553,7.619999999999996,0.02424560635549532,301.1053235294092,865.2173333333235,421.67601960783946,1136.5636666666583,228,0.8515598204483753,0.9956699439088695,0.0,1.0,0.37119883040935675,0.006075334143377886,502,7.745000000000302,3,1136.5636666666583
2023-01-26,8.0,A001,1|1|1|2,True,5,5,42,5,4,4,0.9609640474436812,0.10538243626062321,34,706,706.0,2320.0360000000046,3044,1933.3633333332957,38,37,1,48.040333333334175,1.2642192982456362,3.0272500000002553,7.619999999999996,0.02424560635549532,301.1053235294092,865.2173333333235,421.67601960783946,1136.5636666666583,228,0.8515598204483753,0.9956699439088695,0.0,1.0,0.37119883040935675,0.006075334143377886,502,7.745000000000302,3,1136.5636666666583
2023-01-30,0.0,A001,2|0|2|3,False,7,7,42,7,4,3,0.7783283537314115,0.060264769808338295,36,723,723.0,2586.685200000007,3454,2155.5709999999654,74,58,16,151.05066666666886,2.041225225225255,7.620000000000914,15.239999999999993,0.06548567060195726,76.46049999999975,286.77366666665694,200.7833240740734,14780.005666666648,180,0.9194577718527346,0.9793041357011375,0.0,1.0,0.2776719576719577,0.036585365853658534,456,54.66183333335227,6,14780.005666666648
2023-01-30,0.05,A001,2|0|2|3,True,7,7,42,7,4,3,0.7783283537314115,0.060264769808338295,36,723,723.0,2586.685200000007,3454,2155.5709999999654,74,58,16,151.05066666666886,2.041225225225255,7.620000000000914,15.239999999999993,0.06548567060195726,76.46049999999975,286.77366666665694,200.7833240740734,14780.005666666648,180,0.9194577718527346,0.9793041357011375,0.0,1.0,0.2776719576719577,0.036585365853658534,456,54.66183333335227,6,14780.005666666648
2023-01-30,0.1,A001,2|0|2|3,True,7,7,42,7,4,3,0.7783283537314115,0.060264769808338295,36,723,723.0,2586.685200000007,3454,2155.5709999999654,74,58,16,151.05066666666886,2.041225225225255,7.620000000000914,15.239999999999993,0.06548567060195726,76.46049999999975,286.77366666665694,200.7833240740734,14780.005666666648,180,0.9194577718527346,0.9793041357011375,0.0,1.0,0.2776719576719577,0.036585365853658534,456,54.66183333335227,6,14780.005666666648
2023-01-30,0.25,A001,2|0|2|3,True,7,7,42,7,4,3,0.7783283537314115,0.060264769808338295,36,723,723.0,2586.685200000007,3454,2155.5709999999654,74,58,16,151.05066666666886,2.041225225225255,7.620000000000914,15.239999999999993,0.06548567060195726,76.46049999999975,286.77366666665694,200.7833240740734,14780.005666666648,180,0.9194577718527346,0.9793041357011375,0.0,1.0,0.2776719576719577,0.036585365853658534,456,54.66183333335227,6,14780.005666666648
2023-01-30,0.5,A002,2|0|1|4,False,7,7,42,7,4,3,0.6893917467430878,0.09148389646314957,36,723,723.0,2586.685200000005,3454,2155.570999999963,92,73,19,173.11000000009636,1.881630434783656,5.080000000001746,12.699999999999994,0.07433821979055609,104.418870370373,599.5336666666618,229.35445370370797,14728.964833333337,241,0.5765483797752634,0.9785081656749189,0.0,1.0,0.539922940130409,0.03532008830022075,458,60.23633333331262,5,14728.964833333337
2023-01-30,0.75,A002,2|0|1|4,True,7,7,42,7,4,3,0.6893917467430878,0.09148389646314957,36,723,723.0,2586.685200000005,3454,2155.570999999963,92,73,19,173.11000000009636,1.881630434783656,5.080000000001746,12.699999999999994,0.07433821979055609,104.418870370373,599.5336666666618,229.35445370370797,14728.964833333337,241,0.5765483797752634,0.9785081656749189,0.0,1.0,0.539922940130409,0.03532008830022075,458,60.23633333331262,5,14728.964833333337
2023-01-30,1.0,A003,1|0|2|4,False,7,7,42,7,4,3,0.6893917467430878,0.1517486662714878,36,723,723.0,2586.685199999995,3454,2155.570999999965,90,76,14,167.62733333335086,1.8625259259261207,5.080000000001746,12.699999999999994,0.07215369042247885,106.58416203703547,589.5859999999775,231.367449074072,15090.951666666635,258,0.588408692859752,0.9794157597278452,0.0,1.0,0.5398855666297526,0.03756906077348066,456,50.711166666672014,5,15090.951666666635
2023-01-30,2.0,A003,1|0|2|4,True,7,7,42,7,4,3,0.6893917467430878,0.1517486662714878,36,723,723.0,2586.685199999995,3454,2155.570999999965,90,76,14,167.62733333335086,1.8625259259261207,5.080000000001746,12.699999999999994,0.07215369042247885,106.58416203703547,589.5859999999775,231.367449074072,15090.951666666635,258,0.588408692859752,0.9794157597278452,0.0,1.0,0.5398855666297526,0.03756906077348066,456,50.711166666672014,5,15090.951666666635
2023-01-30,4.0,A003,1|0|2|4,True,7,7,42,7,4,3,0.6893917467430878,0.1517486662714878,36,723,723.0,2586.685199999995,3454,2155.570999999965,90,76,14,167.62733333335086,1.8625259259261207,5.080000000001746,12.699999999999994,0.07215369042247885,106.58416203703547,589.5859999999775,231.367449074072,15090.951666666635,258,0.588408692859752,0.9794157597278452,0.0,1.0,0.5398855666297526,0.03756906077348066,456,50.711166666672014,5,15090.951666666635
2023-01-30,8.0,A003,1|0|2|4,True,7,7,42,7,4,3,0.6893917467430878,0.1517486662714878,36,723,723.0,2586.685199999995,3454,2155.570999999965,90,76,14,167.62733333335086,1.8625259259261207,5.080000000001746,12.699999999999994,0.07215369042247885,106.58416203703547,589.5859999999775,231.367449074072,15090.951666666635,258,0.588408692859752,0.9794157597278452,0.0,1.0,0.5398855666297526,0.03756906077348066,456,50.711166666672014,5,15090.951666666635
2023-01-31,0.0,A001,2|1|3|0,False,6,6,42,6,4,3,0.7295739585136224,0.18521739130434778,32,575,575.0,2132.584000000004,2784,1777.1533333334376,148,31,117,592.9759999999665,4.006594594594368,6.0,10.159999999999968,0.250187190909954,154.6832291666706,593.9363333333386,282.6560208333395,31534.75166666667,253,0.6369850671421516,0.8393605311821061,0.0,1.0,0.5573122529644269,0.23123486682808717,484,355.34366666667097,4,31534.75166666667
2023-01-31,0.05,A001,2|1|3|0,True,6,6,42,6,4,3,0.7295739585136224,0.18521739130434778,32,575,575.0,2132.584000000004,2784,1777.1533333334376,148,31,117,592.9759999999665,4.006594594594368,6.0,10.159999999999968,0.250187190909954,154.6832291666706,593.9363333333386,282.6560208333395,31534.75166666667,253,0.6369850671421516,0.8393605311821061,0.0,1.0,0.5573122529644269,0.23123486682808717,484,355.34366666667097,4,31534.75166666667
2023-01-31,0.1,A001,2|1|3|0,True,6,6,42,6,4,3,0.7295739585136224,0.18521739130434778,32,575,575.0,2132.584000000004,2784,1777.1533333334376,148,31,117,592.9759999999665,4.006594594594368,6.0,10.159999999999968,0.250187190909954,154.6832291666706,593.9363333333386,282.6560208333395,31534.75166666667,253,0.6369850671421516,0.8393605311821061,0.0,1.0,0.5573122529644269,0.23123486682808717,484,355.34366666667097,4,31534.75166666667
2023-01-31,0.25,A001,2|1|3|0,True,6,6,42,6,4,3,0.7295739585136224,0.18521739130434778,32,575,575.0,2132.584000000004,2784,1777.1533333334376,148,31,117,592.9759999999665,4.006594594594368,6.0,10.159999999999968,0.250187190909954,154.6832291666706,593.9363333333386,282.6560208333395,31534.75166666667,253,0.6369850671421516,0.8393605311821061,0.0,1.0,0.5573122529644269,0.23123486682808717,484,355.34366666667097,4,31534.75166666667
2023-01-31,0.5,A001,2|1|3|0,True,6,6,42,6,4,3,0.7295739585136224,0.18521739130434778,32,575,575.0,2132.584000000004,2784,1777.1533333334376,148,31,117,592.9759999999665,4.006594594594368,6.0,10.159999999999968,0.250187190909954,154.6832291666706,593.9363333333386,282.6560208333395,31534.75166666667,253,0.6369850671421516,0.8393605311821061,0.0,1.0,0.5573122529644269,0.23123486682808717,484,355.34366666667097,4,31534.75166666667
2023-01-31,0.75,A002,1|1|4|0,False,6,6,42,6,4,3,0.6258145836939114,0.16318840579710145,32,575,575.0,2132.5839999999926,2784,1777.1533333334366,163,49,114,835.0946666666907,5.12328016359933,9.0,10.159999999999968,0.31968429745822374,161.05882291667348,664.0160000000396,296.59782291667744,31496.989000000045,271,0.5505649178926625,0.8153174467153637,0.0,1.0,0.6162976629766298,0.2625570776255708,485,357.05400000000714,4,31496.989000000045
2023-01-31,1.0,A002,1|1|4|0,True,6,6,42,6,4,3,0.6258145836939114,0.16318840579710145,32,575,575.0,2132.5839999999926,2784,1777.1533333334366,163,49,114,835.0946666666907,5.12328016359933,9.0,10.159999999999968,0.31968429745822374,161.05882291667348,664.0160000000396,296.59782291667744,31496.989000000045,271,0.5505649178926625,0.8153174467153637,0.0,1.0,0.6162976629766298,0.2625570776255708,485,357.05400000000714,4,31496.989000000045
2023-01-31,2.0,A002,1|1|4|0,True,6,6,42,6,4,3,0.6258145836939114,0.16318840579710145,32,575,575.0,2132.5839999999926,2784,1777.1533333334366,163,49,114,835.0946666666907,5.12328016359933,9.0,10.159999999999968,0.31968429745822374,161.05882291667348,664.0160000000396,296.59782291667744,31496.989000000045,271,0.5505649178926625,0.8153174467153637,0.0,1.0,0.6162976629766298,0.2625570776255708,485,357.05400000000714,4,31496.989000000045
2023-01-31,4.0,A002,1|1|4|0,True,6,6,42,6,4,3,0.6258145836939114,0.16318840579710145,32,575,575.0,2132.5839999999926,2784,1777.1533333334366,163,49,114,835.0946666666907,5.12328016359933,9.0,10.159999999999968,0.31968429745822374,161.05882291667348,664.0160000000396,296.59782291667744,31496.989000000045,271,0.5505649178926625,0.8153174467153637,0.0,1.0,0.6162976629766298,0.2625570776255708,485,357.05400000000714,4,31496.989000000045
2023-01-31,8.0,A002,1|1|4|0,True,6,6,42,6,4,3,0.6258145836939114,0.16318840579710145,32,575,575.0,2132.5839999999926,2784,1777.1533333334366,163,49,114,835.0946666666907,5.12328016359933,9.0,10.159999999999968,0.31968429745822374,161.05882291667348,664.0160000000396,296.59782291667744,31496.989000000045,271,0.5505649178926625,0.8153174467153637,0.0,1.0,0.6162976629766298,0.2625570776255708,485,357.05400000000714,4,31496.989000000045
2023-02-02,0.0,A001,1|1|1|1,False,4,4,42,4,4,4,1.0,0.1115702479338843,35,726,726.0,2616.403199999995,3436,2180.336000000001,45,37,8,48.86083333333163,1.0857962962962584,3.0,3.0,0.021918581886853705,323.4222809523792,1009.6511666666624,449.3421904761887,12711.974666666687,337,0.634272997032641,0.9941860465116279,0.0,1.0,0.5586053412462908,0.011312217194570135,449,20.465833333333507,2,12711.974666666687
2023-02-02,0.05,A001,1|1|1|1,True,4,4,42,4,4,4,1.0,0.1115702479338843,35,726,726.0,2616.403199999995,3436,2180.336000000001,45,37,8,48.86083333333163,1.0857962962962584,3.0,3.0,0.021918581886853705,323.4222809523792,1009.6511666666624,449.3421904761887,12711.974666666687,337,0.634272997032641,0.9941860465116279,0.0,1.0,0.5586053412462908,0.011312217194570135,449,20.465833333333507,2,12711.974666666687
2023-02-02,0.1,A001,1|1|1|1,True,4,4,42,4,4,4,1.0,0.1115702479338843,35,726,726.0,2616.403199999995,3436,2180.336000000001,45,37,8,48.86083333333163,1.0857962962962584,3.0,3.0,0.021918581886853705,323.4222809523792,1009.6511666666624,449.3421904761887,12711.974666666687,337,0.634272997032641,0.9941860465116279,0.0,1.0,0.5586053412462908,0.011312217194570135,449,20.465833333333507,2,12711.974666666687
2023-02-02,0.25,A001,1|1|1|1,True,4,4,42,4,4,4,1.0,0.1115702479338843,35,726,726.0,2616.403199999995,3436,2180.336000000001,45,37,8,48.86083333333163,1.0857962962962584,3.0,3.0,0.021918581886853705,323.4222809523792,1009.6511666666624,449.3421904761887,12711.974666666687,337,0.634272997032641,0.9941860465116279,0.0,1.0,0.5586053412462908,0.011312217194570135,449,20.465833333333507,2,12711.974666666687
2023-02-02,0.5,A001,1|1|1|1,True,4,4,42,4,4,4,1.0,0.1115702479338843,35,726,726.0,2616.403199999995,3436,2180.336000000001,45,37,8,48.86083333333163,1.0857962962962584,3.0,3.0,0.021918581886853705,323.4222809523792,1009.6511666666624,449.3421904761887,12711.974666666687,337,0.634272997032641,0.9941860465116279,0.0,1.0,0.5586053412462908,0.011312217194570135,449,20.465833333333507,2,12711.974666666687
2023-02-02,0.75,A001,1|1|1|1,True,4,4,42,4,4,4,1.0,0.1115702479338843,35,726,726.0,2616.403199999995,3436,2180.336000000001,45,37,8,48.86083333333163,1.0857962962962584,3.0,3.0,0.021918581886853705,323.4222809523792,1009.6511666666624,449.3421904761887,12711.974666666687,337,0.634272997032641,0.9941860465116279,0.0,1.0,0.5586053412462908,0.011312217194570135,449,20.465833333333507,2,12711.974666666687
2023-02-02,1.0,A001,1|1|1|1,True,4,4,42,4,4,4,1.0,0.1115702479338843,35,726,726.0,2616.403199999995,3436,2180.336000000001,45,37,8,48.86083333333163,1.0857962962962584,3.0,3.0,0.021918581886853705,323.4222809523792,1009.6511666666624,449.3421904761887,12711.974666666687,337,0.634272997032641,0.9941860465116279,0.0,1.0,0.5586053412462908,0.011312217194570135,449,20.465833333333507,2,12711.974666666687
2023-02-02,2.0,A001,1|1|1|1,True,4,4,42,4,4,4,1.0,0.1115702479338843,35,726,726.0,2616.403199999995,3436,2180.336000000001,45,37,8,48.86083333333163,1.0857962962962584,3.0,3.0,0.021918581886853705,323.4222809523792,1009.6511666666624,449.3421904761887,12711.974666666687,337,0.634272997032641,0.9941860465116279,0.0,1.0,0.5586053412462908,0.011312217194570135,449,20.465833333333507,2,12711.974666666687
2023-02-02,4.0,A001,1|1|1|1,True,4,4,42,4,4,4,1.0,0.1115702479338843,35,726,726.0,2616.403199999995,3436,2180.336000000001,45,37,8,48.86083333333163,1.0857962962962584,3.0,3.0,0.021918581886853705,323.4222809523792,1009.6511666666624,449.3421904761887,12711.974666666687,337,0.634272997032641,0.9941860465116279,0.0,1.0,0.5586053412462908,0.011312217194570135,449,20.465833333333507,2,12711.974666666687
2023-02-02,8.0,A001,1|1|1|1,True,4,4,42,4,4,4,1.0,0.1115702479338843,35,726,726.0,2616.403199999995,3436,2180.336000000001,45,37,8,48.86083333333163,1.0857962962962584,3.0,3.0,0.021918581886853705,323.4222809523792,1009.6511666666624,449.3421904761887,12711.974666666687,337,0.634272997032641,0.9941860465116279,0.0,1.0,0.5586053412462908,0.011312217194570135,449,20.465833333333507,2,12711.974666666687
2023-02-06,0.0,A001,2|1|1|1,False,5,5,42,5,4,4,0.9609640474436811,0.28241206030150756,46,995,995.0,3592.2203999999783,4902,2993.5170000000116,38,36,2,47.5336666666733,1.250885964912455,3.3120000000002587,7.620000000002619,0.01563067238165264,408.5087536231854,1247.5793333333384,539.5098550724612,14557.970999999994,423,0.8504373976986176,0.9964958981343913,0.0,1.0,0.4346729708431836,0.005775577557755775,508,9.251333333334514,3,14557.970999999994
2023-02-06,0.05,A001,2|1|1|1,True,5,5,42,5,4,4,0.9609640474436811,0.28241206030150756,46,995,995.0,3592.2203999999783,4902,2993.5170000000116,38,36,2,47.5336666666733,1.250885964912455,3.3120000000002587,7.620000000002619,0.01563067238165264,408.5087536231854,1247.5793333333384,539.5098550724612,14557.970999999994,423,0.8504373976986176,0.9964958981343913,0.0,1.0,0.4346729708431836,0.005775577557755775,508,9.251333333334514,3,14557.970999999994
2023-02-06,0.1,A001,2|1|1|1,True,5,5,42,5,4,4,0.9609640474436811,0.28241206030150756,46,995,995.0,3592.2203999999783,4902,2993.5170000000116,38,36,2,47.5336666666733,1.250885964912455,3.3120000000002587,7.620000000002619,0.01563067238165264,408.5087536231854,1247.5793333333384,539.5098550724612,14557.970999999994,423,0.8504373976986176,0.9964958981343913,0.0,1.0,0.4346729708431836,0.005775577557755775,508,9.251333333334514,3,14557.970999999994
2023-02-06,0.25,A001,2|1|1|1,True,5,5,42,5,4,4,0.9609640474436811,0.28241206030150756,46,995,995.0,3592.2203999999783,4902,2993.5170000000116,38,36,2,47.5336666666733,1.250885964912455,3.3120000000002587,7.620000000002619,0.01563067238165264,408.5087536231854,1247.5793333333384,539.5098550724612,14557.970999999994,423,0.8504373976986176,0.9964958981343913,0.0,1.0,0.4346729708431836,0.005775577557755775,508,9.251333333334514,3,14557.970999999994
2023-02-06,0.5,A001,2|1|1|1,True,5,5,42,5,4,4,0.9609640474436811,0.28241206030150756,46,995,995.0,3592.2203999999783,4902,2993.5170000000116,38,36,2,47.5336666666733,1.250885964912455,3.3120000000002587,7.620000000002619,0.01563067238165264,408.5087536231854,1247.5793333333384,539.5098550724612,14557.970999999994,423,0.8504373976986176,0.9964958981343913,0.0,1.0,0.4346729708431836,0.005775577557755775,508,9.251333333334514,3,14557.970999999994
2023-02-06,0.75,A001,2|1|1|1,True,5,5,42,5,4,4,0.9609640474436811,0.28241206030150756,46,995,995.0,3592.2203999999783,4902,2993.5170000000116,38,36,2,47.5336666666733,1.250885964912455,3.3120000000002587,7.620000000002619,0.01563067238165264,408.5087536231854,1247.5793333333384,539.5098550724612,14557.970999999994,423,0.8504373976986176,0.9964958981343913,0.0,1.0,0.4346729708431836,0.005775577557755775,508,9.251333333334514,3,14557.970999999994
2023-02-06,1.0,A001,2|1|1|1,True,5,5,42,5,4,4,0.9609640474436811,0.28241206030150756,46,995,995.0,3592.2203999999783,4902,2993.5170000000116,38,36,2,47.5336666666733,1.250885964912455,3.3120000000002587,7.620000000002619,0.01563067238165264,408.5087536231854,1247.5793333333384,539.5098550724612,14557.970999999994,423,0.8504373976986176,0.9964958981343913,0.0,1.0,0.4346729708431836,0.005775577557755775,508,9.251333333334514,3,14557.970999999994
2023-02-06,2.0,A001,2|1|1|1,True,5,5,42,5,4,4,0.9609640474436811,0.28241206030150756,46,995,995.0,3592.2203999999783,4902,2993.5170000000116,38,36,2,47.5336666666733,1.250885964912455,3.3120000000002587,7.620000000002619,0.01563067238165264,408.5087536231854,1247.5793333333384,539.5098550724612,14557.970999999994,423,0.8504373976986176,0.9964958981343913,0.0,1.0,0.4346729708431836,0.005775577557755775,508,9.251333333334514,3,14557.970999999994
2023-02-06,4.0,A001,2|1|1|1,True,5,5,42,5,4,4,0.9609640474436811,0.28241206030150756,46,995,995.0,3592.2203999999783,4902,2993.5170000000116,38,36,2,47.5336666666733,1.250885964912455,3.3120000000002587,7.620000000002619,0.01563067238165264,408.5087536231854,1247.5793333333384,539.5098550724612,14557.970999999994,423,0.8504373976986176,0.9964958981343913,0.0,1.0,0.4346729708431836,0.005775577557755775,508,9.251333333334514,3,14557.970999999994
2023-02-06,8.0,A001,2|1|1|1,True,5,5,42,5,4,4,0.9609640474436811,0.28241206030150756,46,995,995.0,3592.2203999999783,4902,2993.5170000000116,38,36,2,47.5336666666733,1.250885964912455,3.3120000000002587,7.620000000002619,0.01563067238165264,408.5087536231854,1247.5793333333384,539.5098550724612,14557.970999999994,423,0.8504373976986176,0.9964958981343913,0.0,1.0,0.4346729708431836,0.005775577557755775,508,9.251333333334514,3,14557.970999999994
2023-02-07,0.0,A001,2|1|3|2,False,8,8,42,8,4,4,0.9528195311147832,0.07120253164556961,34,632,632.0,2524.353600000002,3296,2103.627999999987,90,54,36,197.4173333333426,2.193525925926029,6.0,7.620000000002619,0.0857946301507067,102.0454901960781,394.271333333331,225.48799999999957,12785.935666666672,172,0.8144222402159843,0.9727821202579813,0.0,1.0,0.3829457364341085,0.06382978723404255,432,107.7260000000025,3,12785.935666666672
2023-02-07,0.05,A001,2|1|3|2,True,8,8,42,8,4,4,0.9528195311147832,0.07120253164556961,34,632,632.0,2524.353600000002,3296,2103.627999999987,90,54,36,197.4173333333426,2.193525925926029,6.0,7.620000000002619,0.0857946301507067,102.0454901960781,394.271333333331,225.48799999999957,12785.935666666672,172,0.8144222402159843,0.9727821202579813,0.0,1.0,0.3829457364341085,0.06382978723404255,432,107.7260000000025,3,12785.935666666672
2023-02-07,0.1,A001,2|1|3|2,True,8,8,42,8,4,4,0.9528195311147832,0.07120253164556961,34,632,632.0,2524.353600000002,3296,2103.627999999987,90,54,36,197.4173333333426,2.193525925926029,6.0,7.620000000002619,0.0857946301507067,102.0454901960781,394.271333333331,225.48799999999957,12785.935666666672,172,0.8144222402159843,0.9727821202579813,0.0,1.0,0.3829457364341085,0.06382978723404255,432,107.7260000000025,3,12785.935666666672
2023-02-07,0.25,A001,2|1|3|2,True,8,8,42,8,4,4,0.9528195311147832,0.07120253164556961,34,632,632.0,2524.353600000002,3296,2103.627999999987,90,54,36,197.4173333333426,2.193525925926029,6.0,7.620000000002619,0.0857946301507067,102.0454901960781,394.271333333331,225.48799999999957,12785.935666666672,172,0.8144222402159843,0.9727821202579813,0.0,1.0,0.3829457364341085,0.06382978723404255,432,107.7260000000025,3,12785.935666666672
2023-02-07,0.5,A001,2|1|3|2,True,8,8,42,8,4,4,0.9528195311147832,0.07120253164556961,34,632,632.0,2524.353600000002,3296,2103.627999999987,90,54,36,197.4173333333426,2.193525925926029,6.0,7.620000000002619,0.0857946301507067,102.0454901960781,394.271333333331,225.48799999999957,12785.935666666672,172,0.8144222402159843,0.9727821202579813,0.0,1.0,0.3829457364341085,0.06382978723404255,432,107.7260000000025,3,12785.935666666672
2023-02-07,0.75,A001,2|1|3|2,True,8,8,42,8,4,4,0.9528195311147832,0.07120253164556961,34,632,632.0,2524.353600000002,3296,2103.627999999987,90,54,36,197.4173333333426,2.193525925926029,6.0,7.620000000002619,0.0857946301507067,102.0454901960781,394.271333333331,225.48799999999957,12785.935666666672,172,0.8144222402159843,0.9727821202579813,0.0,1.0,0.3829457364341085,0.06382978723404255,432,107.7260000000025,3,12785.935666666672
2023-02-07,1.0,A001,2|1|3|2,True,8,8,42,8,4,4,0.9528195311147832,0.07120253164556961,34,632,632.0,2524.353600000002,3296,2103.627999999987,90,54,36,197.4173333333426,2.193525925926029,6.0,7.620000000002619,0.0857946301507067,102.0454901960781,394.271333333331,225.48799999999957,12785.935666666672,172,0.8144222402159843,0.9727821202579813,0.0,1.0,0.3829457364341085,0.06382978723404255,432,107.7260000000025,3,12785.935666666672
2023-02-07,2.0,A001,2|1|3|2,True,8,8,42,8,4,4,0.9528195311147832,0.07120253164556961,34,632,632.0,2524.353600000002,3296,2103.627999999987,90,54,36,197.4173333333426,2.193525925926029,6.0,7.620000000002619,0.0857946301507067,102.0454901960781,394.271333333331,225.48799999999957,12785.935666666672,172,0.8144222402159843,0.9727821202579813,0.0,1.0,0.3829457364341085,0.06382978723404255,432,107.7260000000025,3,12785.935666666672
2023-02-07,4.0,A001,2|1|3|2,True,8,8,42,8,4,4,0.9528195311147832,0.07120253164556961,34,632,632.0,2524.353600000002,3296,2103.627999999987,90,54,36,197.4173333333426,2.193525925926029,6.0,7.620000000002619,0.0857946301507067,102.0454901960781,394.271333333331,225.48799999999957,12785.935666666672,172,0.8144222402159843,0.9727821202579813,0.0,1.0,0.3829457364341085,0.06382978723404255,432,107.7260000000025,3,12785.935666666672
2023-02-07,8.0,A002,1|2|3|2,False,8,8,42,8,4,4,0.9528195311147832,0.1962025316455696,34,632,632.0,2524.3535999999976,3296,2103.6279999999983,75,48,27,155.78200000000473,2.077093333333396,6.0,7.620000000002619,0.06894808821772255,136.67816666666556,858.316666666655,258.89610784313624,12785.935666666672,265,0.49383597946417723,0.9766159295373654,0.0,1.0,0.6203728661275831,0.04767580452920143,432,81.11866666666657,3,12785.935666666672
2023-02-08,0.0,A001,2|1|3|1,False,7,7,42,7,4,4,0.9211854965885544,0.11571428571428571,36,700,700.0,2917.850400000012,4044,2431.541999999934,70,64,6,115.74799999995612,1.6535428571422301,6.477000000000777,12.699999999999994,0.04543966332846324,135.01459259259101,447.7386666666623,264.1059814814769,12820.05366666665,181,0.9520222798541205,0.9846630437348333,0.0,1.0,0.25644567219152853,0.023554603854389723,529,23.401333333334684,5,12820.05366666665
2023-02-08,0.05,A001,2|1|3|1,True,7,7,42,7,4,4,0.9211854965885544,0.11571428571428571,36,700,700.0,2917.850400000012,4044,2431.541999999934,70,64,6,115.74799999995612,1.6535428571422301,6.477000000000777,12.699999999999994,0.04543966332846324,135.01459259259101,447.7386666666623,264.1059814814769,12820.05366666665,181,0.9520222798541205,0.9846630437348333,0.0,1.0,0.25644567219152853,0.023554603854389723,529,23.401333333334684,5,12820.05366666665
2023-02-08,0.1,A001,2|1|3|1,True,7,7,42,7,4,4,0.9211854965885544,0.11571428571428571,36,700,700.0,2917.850400000012,4044,2431.541999999934,70,64,6,115.74799999995612,1.6535428571422301,6.477000000000777,12.699999999999994,0.04543966332846324,135.01459259259101,447.7386666666623,264.1059814814769,12820.05366666665,181,0.9520222798541205,0.9846630437348333,0.0,1.0,0.25644567219152853,0.023554603854389723,529,23.401333333334684,5,12820.05366666665
2023-02-08,0.25,A001,2|1|3|1,True,7,7,42,7,4,4,0.9211854965885544,0.11571428571428571,36,700,700.0,2917.850400000012,4044,2431.541999999934,70,64,6,115.74799999995612,1.6535428571422301,6.477000000000777,12.699999999999994,0.04543966332846324,135.01459259259101,447.7386666666623,264.1059814814769,12820.05366666665,181,0.9520222798541205,0.9846630437348333,0.0,1.0,0.25644567219152853,0.023554603854389723,529,23.401333333334684,5,12820.05366666665
2023-02-08,0.5,A001,2|1|3|1,True,7,7,42,7,4,4,0.9211854965885544,0.11571428571428571,36,700,700.0,2917.850400000012,4044,2431.541999999934,70,64,6,115.74799999995612,1.6535428571422301,6.477000000000777,12.699999999999994,0.04543966332846324,135.01459259259101,447.7386666666623,264.1059814814769,12820.05366666665,181,0.9520222798541205,0.9846630437348333,0.0,1.0,0.25644567219152853,0.023554603854389723,529,23.401333333334684,5,12820.05366666665
2023-02-08,0.75,A001,2|1|3|1,True,7,7,42,7,4,4,0.9211854965885544,0.11571428571428571,36,700,700.0,2917.850400000012,4044,2431.541999999934,70,64,6,115.74799999995612,1.6535428571422301,6.477000000000777,12.699999999999994,0.04543966332846324,135.01459259259101,447.7386666666623,264.1059814814769,12820.05366666665,181,0.9520222798541205,0.9846630437348333,0.0,1.0,0.25644567219152853,0.023554603854389723,529,23.401333333334684,5,12820.05366666665
2023-02-08,1.0,A001,2|1|3|1,True,7,7,42,7,4,4,0.9211854965885544,0.11571428571428571,36,700,700.0,2917.850400000012,4044,2431.541999999934,70,64,6,115.74799999995612,1.6535428571422301,6.477000000000777,12.699999999999994,0.04543966332846324,135.01459259259101,447.7386666666623,264.1059814814769,12820.05366666665,181,0.9520222798541205,0.9846630437348333,0.0,1.0,0.25644567219152853,0.023554603854389723,529,23.401333333334684,5,12820.05366666665
2023-02-08,2.0,A001,2|1|3|1,True,7,7,42,7,4,4,0.9211854965885544,0.11571428571428571,36,700,700.0,2917.850400000012,4044,2431.541999999934,70,64,6,115.74799999995612,1.6535428571422301,6.477000000000777,12.699999999999994,0.04543966332846324,135.01459259259101,447.7386666666623,264.1059814814769,12820.05366666665,181,0.9520222798541205,0.9846630437348333,0.0,1.0,0.25644567219152853,0.023554603854389723,529,23.401333333334684,5,12820.05366666665
2023-02-08,4.0,A001,2|1|3|1,True,7,7,42,7,4,4,0.9211854965885544,0.11571428571428571,36,700,700.0,2917.850400000012,4044,2431.541999999934,70,64,6,115.74799999995612,1.6535428571422301,6.477000000000777,12.699999999999994,0.04543966332846324,135.01459259259101,447.7386666666623,264.1059814814769,12820.05366666665,181,0.9520222798541205,0.9846630437348333,0.0,1.0,0.25644567219152853,0.023554603854389723,529,23.401333333334684,5,12820.05366666665
2023-02-08,8.0,A001,2|1|3|1,True,7,7,42,7,4,4,0.9211854965885544,0.11571428571428571,36,700,700.0,2917.850400000012,4044,2431.541999999934,70,64,6,115.74799999995612,1.6535428571422301,6.477000000000777,12.699999999999994,0.04543966332846324,135.01459259259101,447.7386666666623,264.1059814814769,12820.05366666665,181,0.9520222798541205,0.9846630437348333,0.0,1.0,0.25644567219152853,0.023554603854389723,529,23.401333333334684,5,12820.05366666665
2023-02-09,0.0,A001,1|1|2|1,False,5,5,42,5,4,4,0.9609640474436811,0.11339285714285716,54,1120,1120.0,3223.8187999999955,4188,2686.515666666665,63,33,30,142.6256666666731,2.2638994708995734,3.5862000000009395,7.619999999999996,0.050413058190567434,427.675320987652,1160.2213333333339,542.2890493827138,16457.47533333335,417,0.6588881940884126,0.9847898814869822,0.0,1.0,0.5340127897681854,0.03459372485921158,483,96.90466666666894,3,16457.47533333335
2023-02-09,0.05,A001,1|1|2|1,True,5,5,42,5,4,4,0.9609640474436811,0.11339285714285716,54,1120,1120.0,3223.8187999999955,4188,2686.515666666665,63,33,30,142.6256666666731,2.2638994708995734,3.5862000000009395,7.619999999999996,0.050413058190567434,427.675320987652,1160.2213333333339,542.2890493827138,16457.47533333335,417,0.6588881940884126,0.9847898814869822,0.0,1.0,0.5340127897681854,0.03459372485921158,483,96.90466666666894,3,16457.47533333335
2023-02-09,0.1,A001,1|1|2|1,True,5,5,42,5,4,4,0.9609640474436811,0.11339285714285716,54,1120,1120.0,3223.8187999999955,4188,2686.515666666665,63,33,30,142.6256666666731,2.2638994708995734,3.5862000000009395,7.619999999999996,0.050413058190567434,427.675320987652,1160.2213333333339,542.2890493827138,16457.47533333335,417,0.6588881940884126,0.9847898814869822,0.0,1.0,0.5340127897681854,0.03459372485921158,483,96.90466666666894,3,16457.47533333335
2023-02-09,0.25,A001,1|1|2|1,True,5,5,42,5,4,4,0.9609640474436811,0.11339285714285716,54,1120,1120.0,3223.8187999999955,4188,2686.515666666665,63,33,30,142.6256666666731,2.2638994708995734,3.5862000000009395,7.619999999999996,0.050413058190567434,427.675320987652,1160.2213333333339,542.2890493827138,16457.47533333335,417,0.6588881940884126,0.9847898814869822,0.0,1.0,0.5340127897681854,0.03459372485921158,483,96.90466666666894,3,16457.47533333335
2023-02-09,0.5,A001,1|1|2|1,True,5,5,42,5,4,4,0.9609640474436811,0.11339285714285716,54,1120,1120.0,3223.8187999999955,4188,2686.515666666665,63,33,30,142.6256666666731,2.2638994708995734,3.5862000000009395,7.619999999999996,0.050413058190567434,427.675320987652,1160.2213333333339,542.2890493827138,16457.47533333335,417,0.6588881940884126,0.9847898814869822,0.0,1.0,0.5340127897681854,0.03459372485921158,483,96.90466666666894,3,16457.47533333335
2023-02-09,0.75,A001,1|1|2|1,True,5,5,42,5,4,4,0.9609640474436811,0.11339285714285716,54,1120,1120.0,3223.8187999999955,4188,2686.515666666665,63,33,30,142.6256666666731,2.2638994708995734,3.5862000000009395,7.619999999999996,0.050413058190567434,427.675320987652,1160.2213333333339,542.2890493827138,16457.47533333335,417,0.6588881940884126,0.9847898814869822,0.0,1.0,0.5340127897681854,0.03459372485921158,483,96.90466666666894,3,16457.47533333335
2023-02-09,1.0,A001,1|1|2|1,True,5,5,42,5,4,4,0.9609640474436811,0.11339285714285716,54,1120,1120.0,3223.8187999999955,4188,2686.515666666665,63,33,30,142.6256666666731,2.2638994708995734,3.5862000000009395,7.619999999999996,0.050413058190567434,427.675320987652,1160.2213333333339,542.2890493827138,16457.47533333335,417,0.6588881940884126,0.9847898814869822,0.0,1.0,0.5340127897681854,0.03459372485921158,483,96.90466666666894,3,16457.47533333335
2023-02-09,2.0,A001,1|1|2|1,True,5,5,42,5,4,4,0.9609640474436811,0.11339285714285716,54,1120,1120.0,3223.8187999999955,4188,2686.515666666665,63,33,30,142.6256666666731,2.2638994708995734,3.5862000000009395,7.619999999999996,0.050413058190567434,427.675320987652,1160.2213333333339,542.2890493827138,16457.47533333335,417,0.6588881940884126,0.9847898814869822,0.0,1.0,0.5340127897681854,0.03459372485921158,483,96.90466666666894,3,16457.47533333335
2023-02-09,4.0,A001,1|1|2|1,True,5,5,42,5,4,4,0.9609640474436811,0.11339285714285716,54,1120,1120.0,3223.8187999999955,4188,2686.515666666665,63,33,30,142.6256666666731,2.2638994708995734,3.5862000000009395,7.619999999999996,0.050413058190567434,427.675320987652,1160.2213333333339,542.2890493827138,16457.47533333335,417,0.6588881940884126,0.9847898814869822,0.0,1.0,0.5340127897681854,0.03459372485921158,483,96.90466666666894,3,16457.47533333335
2023-02-09,8.0,A001,1|1|2|1,True,5,5,42,5,4,4,0.9609640474436811,0.11339285714285716,54,1120,1120.0,3223.8187999999955,4188,2686.515666666665,63,33,30,142.6256666666731,2.2638994708995734,3.5862000000009395,7.619999999999996,0.050413058190567434,427.675320987652,1160.2213333333339,542.2890493827138,16457.47533333335,417,0.6588881940884126,0.9847898814869822,0.0,1.0,0.5340127897681854,0.03459372485921158,483,96.90466666666894,3,16457.47533333335
2023-02-13,0.0,A001,3|1|3|1,False,8,8,42,8,4,4,0.9056390622295665,0.11644634525660964,35,643,643.0,3141.1164000000103,4552,2617.5970000001885,72,63,9,170.15533333331084,2.3632685185182063,8.76300000000302,17.780000000006112,0.061036746808079925,36.68193333333551,186.1363333333611,171.44628571429263,32182.246333333336,240,0.8251872661153986,0.9755908564911117,0.0,1.0,0.401875,0.046169989506820566,550,50.289000000011946,7,32182.246333333336
2023-02-13,0.05,A001,3|1|3|1,True,8,8,42,8,4,4,0.9056390622295665,0.11644634525660964,35,643,643.0,3141.1164000000103,4552,2617.5970000001885,72,63,9,170.15533333331084,2.3632685185182063,8.76300000000302,17.780000000006112,0.061036746808079925,36.68193333333551,186.1363333333611,171.44628571429263,32182.246333333336,240,0.8251872661153986,0.9755908564911117,0.0,1.0,0.401875,0.046169989506820566,550,50.289000000011946,7,32182.246333333336
2023-02-13,0.1,A001,3|1|3|1,True,8,8,42,8,4,4,0.9056390622295665,0.11644634525660964,35,643,643.0,3141.1164000000103,4552,2617.5970000001885,72,63,9,170.15533333331084,2.3632685185182063,8.76300000000302,17.780000000006112,0.061036746808079925,36.68193333333551,186.1363333333611,171.44628571429263,32182.246333333336,240,0.8251872661153986,0.9755908564911117,0.0,1.0,0.401875,0.046169989506820566,550,50.289000000011946,7,32182.246333333336
2023-02-13,0.25,A001,3|1|3|1,True,8,8,42,8,4,4,0.9056390622295665,0.11644634525660964,35,643,643.0,3141.1164000000103,4552,2617.5970000001885,72,63,9,170.15533333331084,2.3632685185182063,8.76300000000302,17.780000000006112,0.061036746808079925,36.68193333333551,186.1363333333611,171.44628571429263,32182.246333333336,240,0.8251872661153986,0.9755908564911117,0.0,1.0,0.401875,0.046169989506820566,550,50.289000000011946,7,32182.246333333336
2023-02-13,0.5,A001,3|1|3|1,True,8,8,42,8,4,4,0.9056390622295665,0.11644634525660964,35,643,643.0,3141.1164000000103,4552,2617.5970000001885,72,63,9,170.15533333331084,2.3632685185182063,8.76300000000302,17.780000000006112,0.061036746808079925,36.68193333333551,186.1363333333611,171.44628571429263,32182.246333333336,240,0.8251872661153986,0.9755908564911117,0.0,1.0,0.401875,0.046169989506820566,550,50.289000000011946,7,32182.246333333336
2023-02-13,0.75,A001,3|1|3|1,True,8,8,42,8,4,4,0.9056390622295665,0.11644634525660964,35,643,643.0,3141.1164000000103,4552,2617.5970000001885,72,63,9,170.15533333331084,2.3632685185182063,8.76300000000302,17.780000000006112,0.061036746808079925,36.68193333333551,186.1363333333611,171.44628571429263,32182.246333333336,240,0.8251872661153986,0.9755908564911117,0.0,1.0,0.401875,0.046169989506820566,550,50.289000000011946,7,32182.246333333336
2023-02-13,1.0,A001,3|1|3|1,True,8,8,42,8,4,4,0.9056390622295665,0.11644634525660964,35,643,643.0,3141.1164000000103,4552,2617.5970000001885,72,63,9,170.15533333331084,2.3632685185182063,8.76300000000302,17.780000000006112,0.061036746808079925,36.68193333333551,186.1363333333611,171.44628571429263,32182.246333333336,240,0.8251872661153986,0.9755908564911117,0.0,1.0,0.401875,0.046169989506820566,550,50.289000000011946,7,32182.246333333336
2023-02-13,2.0,A001,3|1|3|1,True,8,8,42,8,4,4,0.9056390622295665,0.11644634525660964,35,643,643.0,3141.1164000000103,4552,2617.5970000001885,72,63,9,170.15533333331084,2.3632685185182063,8.76300000000302,17.780000000006112,0.061036746808079925,36.68193333333551,186.1363333333611,171.44628571429263,32182.246333333336,240,0.8251872661153986,0.9755908564911117,0.0,1.0,0.401875,0.046169989506820566,550,50.289000000011946,7,32182.246333333336
2023-02-13,4.0,A001,3|1|3|1,True,8,8,42,8,4,4,0.9056390622295665,0.11644634525660964,35,643,643.0,3141.1164000000103,4552,2617.5970000001885,72,63,9,170.15533333331084,2.3632685185182063,8.76300000000302,17.780000000006112,0.061036746808079925,36.68193333333551,186.1363333333611,171.44628571429263,32182.246333333336,240,0.8251872661153986,0.9755908564911117,0.0,1.0,0.401875,0.046169989506820566,550,50.289000000011946,7,32182.246333333336
2023-02-13,8.0,A001,3|1|3|1,True,8,8,42,8,4,4,0.9056390622295665,0.11644634525660964,35,643,643.0,3141.1164000000103,4552,2617.5970000001885,72,63,9,170.15533333331084,2.3632685185182063,8.76300000000302,17.780000000006112,0.061036746808079925,36.68193333333551,186.1363333333611,171.44628571429263,32182.246333333336,240,0.8251872661153986,0.9755908564911117,0.0,1.0,0.401875,0.046169989506820566,550,50.289000000011946,7,32182.246333333336
2023-02-14,0.0,A001,1|1|2|1,False,5,5,42,5,4,4,0.9609640474436811,0.1554140127388535,27,471,471.0,1761.6424000000056,2290,1468.0353333334322,28,22,6,51.23916666659175,1.8299702380925624,4.352000000001132,7.620000000002619,0.03372607561476938,134.62709876543573,413.34966666665423,243.2298580246959,20756.911666666652,199,0.8834728533455821,0.9932830385071799,0.0,1.0,0.43073701842546064,0.015228426395939087,442,17.534333333340328,3,20756.911666666652
2023-02-14,0.05,A001,1|1|2|1,True,5,5,42,5,4,4,0.9609640474436811,0.1554140127388535,27,471,471.0,1761.6424000000056,2290,1468.0353333334322,28,22,6,51.23916666659175,1.8299702380925624,4.352000000001132,7.620000000002619,0.03372607561476938,134.62709876543573,413.34966666665423,243.2298580246959,20756.911666666652,199,0.8834728533455821,0.9932830385071799,0.0,1.0,0.43073701842546064,0.015228426395939087,442,17.534333333340328,3,20756.911666666652
2023-02-14,0.1,A001,1|1|2|1,True,5,5,42,5,4,4,0.9609640474436811,0.1554140127388535,27,471,471.0,1761.6424000000056,2290,1468.0353333334322,28,22,6,51.23916666659175,1.8299702380925624,4.352000000001132,7.620000000002619,0.03372607561476938,134.62709876543573,413.34966666665423,243.2298580246959,20756.911666666652,199,0.8834728533455821,0.9932830385071799,0.0,1.0,0.43073701842546064,0.015228426395939087,442,17.534333333340328,3,20756.911666666652
2023-02-14,0.25,A001,1|1|2|1,True,5,5,42,5,4,4,0.9609640474436811,0.1554140127388535,27,471,471.0,1761.6424000000056,2290,1468.0353333334322,28,22,6,51.23916666659175,1.8299702380925624,4.352000000001132,7.620000000002619,0.03372607561476938,134.62709876543573,413.34966666665423,243.2298580246959,20756.911666666652,199,0.8834728533455821,0.9932830385071799,0.0,1.0,0.43073701842546064,0.015228426395939087,442,17.534333333340328,3,20756.911666666652
2023-02-14,0.5,A001,1|1|2|1,True,5,5,42,5,4,4,0.9609640474436811,0.1554140127388535,27,471,471.0,1761.6424000000056,2290,1468.0353333334322,28,22,6,51.23916666659175,1.8299702380925624,4.352000000001132,7.620000000002619,0.03372607561476938,134.62709876543573,413.34966666665423,243.2298580246959,20756.911666666652,199,0.8834728533455821,0.9932830385071799,0.0,1.0,0.43073701842546064,0.015228426395939087,442,17.534333333340328,3,20756.911666666652
2023-02-14,0.75,A001,1|1|2|1,True,5,5,42,5,4,4,0.9609640474436811,0.1554140127388535,27,471,471.0,1761.6424000000056,2290,1468.0353333334322,28,22,6,51.23916666659175,1.8299702380925624,4.352000000001132,7.620000000002619,0.03372607561476938,134.62709876543573,413.34966666665423,243.2298580246959,20756.911666666652,199,0.8834728533455821,0.9932830385071799,0.0,1.0,0.43073701842546064,0.015228426395939087,442,17.534333333340328,3,20756.911666666652
2023-02-14,1.0,A001,1|1|2|1,True,5,5,42,5,4,4,0.9609640474436811,0.1554140127388535,27,471,471.0,1761.6424000000056,2290,1468.0353333334322,28,22,6,51.23916666659175,1.8299702380925624,4.352000000001132,7.620000000002619,0.03372607561476938,134.62709876543573,413.34966666665423,243.2298580246959,20756.911666666652,199,0.8834728533455821,0.9932830385071799,0.0,1.0,0.43073701842546064,0.015228426395939087,442,17.534333333340328,3,20756.911666666652
2023-02-14,2.0,A001,1|1|2|1,True,5,5,42,5,4,4,0.9609640474436811,0.1554140127388535,27,471,471.0,1761.6424000000056,2290,1468.0353333334322,28,22,6,51.23916666659175,1.8299702380925624,4.352000000001132,7.620000000002619,0.03372607561476938,134.62709876543573,413.34966666665423,243.2298580246959,20756.911666666652,199,0.8834728533455821,0.9932830385071799,0.0,1.0,0.43073701842546064,0.015228426395939087,442,17.534333333340328,3,20756.911666666652
2023-02-14,4.0,A001,1|1|2|1,True,5,5,42,5,4,4,0.9609640474436811,0.1554140127388535,27,471,471.0,1761.6424000000056,2290,1468.0353333334322,28,22,6,51.23916666659175,1.8299702380925624,4.352000000001132,7.620000000002619,0.03372607561476938,134.62709876543573,413.34966666665423,243.2298580246959,20756.911666666652,199,0.8834728533455821,0.9932830385071799,0.0,1.0,0.43073701842546064,0.015228426395939087,442,17.534333333340328,3,20756.911666666652
2023-02-14,8.0,A001,1|1|2|1,True,5,5,42,5,4,4,0.9609640474436811,0.1554140127388535,27,471,471.0,1761.6424000000056,2290,1468.0353333334322,28,22,6,51.23916666659175,1.8299702380925624,4.352000000001132,7.620000000002619,0.03372607561476938,134.62709876543573,413.34966666665423,243.2298580246959,20756.911666666652,199,0.8834728533455821,0.9932830385071799,0.0,1.0,0.43073701842546064,0.015228426395939087,442,17.534333333340328,3,20756.911666666652
2023-02-16,0.0,A001,2|2|3|2,False,9,9,42,9,4,4,0.9874687506009635,0.05091344713986225,38,742,742.0,2128.7232000000013,2628,1773.9359999999758,97,71,26,248.17266666666612,2.5584810996563516,8.128000000000004,20.31999999999999,0.12272963899401507,154.3338771929821,412.01199999999756,266.12621052631476,25569.392333333337,129,0.8582799167880152,0.9712114847864383,0.0,1.0,0.28432078257659654,0.06206088992974239,423,97.96466666666596,8,25569.392333333337
2023-02-16,0.05,A001,2|2|3|2,True,9,9,42,9,4,4,0.9874687506009635,0.05091344713986225,38,742,742.0,2128.7232000000013,2628,1773.9359999999758,97,71,26,248.17266666666612,2.5584810996563516,8.128000000000004,20.31999999999999,0.12272963899401507,154.3338771929821,412.01199999999756,266.12621052631476,25569.392333333337,129,0.8582799167880152,0.9712114847864383,0.0,1.0,0.28432078257659654,0.06206088992974239,423,97.96466666666596,8,25569.392333333337
2023-02-16,0.1,A001,2|2|3|2,True,9,9,42,9,4,4,0.9874687506009635,0.05091344713986225,38,742,742.0,2128.7232000000013,2628,1773.9359999999758,97,71,26,248.17266666666612,2.5584810996563516,8.128000000000004,20.31999999999999,0.12272963899401507,154.3338771929821,412.01199999999756,266.12621052631476,25569.392333333337,129,0.8582799167880152,0.9712114847864383,0.0,1.0,0.28432078257659654,0.06206088992974239,423,97.96466666666596,8,25569.392333333337
2023-02-16,0.25,A001,2|2|3|2,True,9,9,42,9,4,4,0.9874687506009635,0.05091344713986225,38,742,742.0,2128.7232000000013,2628,1773.9359999999758,97,71,26,248.17266666666612,2.5584810996563516,8.128000000000004,20.31999999999999,0.12272963899401507,154.3338771929821,412.01199999999756,266.12621052631476,25569.392333333337,129,0.8582799167880152,0.9712114847864383,0.0,1.0,0.28432078257659654,0.06206088992974239,423,97.96466666666596,8,25569.392333333337
2023-02-16,0.5,A001,2|2|3|2,True,9,9,42,9,4,4,0.9874687506009635,0.05091344713986225,38,742,742.0,2128.7232000000013,2628,1773.9359999999758,97,71,26,248.17266666666612,2.5584810996563516,8.128000000000004,20.31999999999999,0.12272963899401507,154.3338771929821,412.01199999999756,266.12621052631476,25569.392333333337,129,0.8582799167880152,0.9712114847864383,0.0,1.0,0.28432078257659654,0.06206088992974239,423,97.96466666666596,8,25569.392333333337
2023-02-16,0.75,A001,2|2|3|2,True,9,9,42,9,4,4,0.9874687506009635,0.05091344713986225,38,742,742.0,2128.7232000000013,2628,1773.9359999999758,97,71,26,248.17266666666612,2.5584810996563516,8.128000000000004,20.31999999999999,0.12272963899401507,154.3338771929821,412.01199999999756,266.12621052631476,25569.392333333337,129,0.8582799167880152,0.9712114847864383,0.0,1.0,0.28432078257659654,0.06206088992974239,423,97.96466666666596,8,25569.392333333337
2023-02-16,1.0,A001,2|2|3|2,True,9,9,42,9,4,4,0.9874687506009635,0.05091344713986225,38,742,742.0,2128.7232000000013,2628,1773.9359999999758,97,71,26,248.17266666666612,2.5584810996563516,8.128000000000004,20.31999999999999,0.12272963899401507,154.3338771929821,412.01199999999756,266.12621052631476,25569.392333333337,129,0.8582799167880152,0.9712114847864383,0.0,1.0,0.28432078257659654,0.06206088992974239,423,97.96466666666596,8,25569.392333333337
2023-02-16,2.0,A001,2|2|3|2,True,9,9,42,9,4,4,0.9874687506009635,0.05091344713986225,38,742,742.0,2128.7232000000013,2628,1773.9359999999758,97,71,26,248.17266666666612,2.5584810996563516,8.128000000000004,20.31999999999999,0.12272963899401507,154.3338771929821,412.01199999999756,266.12621052631476,25569.392333333337,129,0.8582799167880152,0.9712114847864383,0.0,1.0,0.28432078257659654,0.06206088992974239,423,97.96466666666596,8,25569.392333333337
2023-02-16,4.0,A002,2|3|2|2,False,9,9,42,9,4,4,0.9874687506009635,0.16202455825097334,38,742,742.0,2128.723200000001,2628,1773.9359999999745,101,69,32,245.57999999999825,2.431485148514834,7.619999999999996,20.31999999999999,0.12160339408056264,170.4959385964907,560.8126666666635,282.2200438596479,25569.392333333337,160,0.8286226805487179,0.9677345174291595,0.0,1.0,0.36590029761904763,0.07377049180327869,419,105.15350000000059,8,25569.392333333337
2023-02-16,8.0,A002,2|3|2|2,True,9,9,42,9,4,4,0.9874687506009635,0.16202455825097334,38,742,742.0,2128.723200000001,2628,1773.9359999999745,101,69,32,245.57999999999825,2.431485148514834,7.619999999999996,20.31999999999999,0.12160339408056264,170.4959385964907,560.8126666666635,282.2200438596479,25569.392333333337,160,0.8286226805487179,0.9677345174291595,0.0,1.0,0.36590029761904763,0.07377049180327869,419,105.15350000000059,8,25569.392333333337
2023-02-21,0.0,A001,4|1|1|1,False,7,7,42,7,4,4,0.8322488896002307,0.12794104590251265,74,1609,1609.0,6364.223999999997,9184,5303.520000000114,164,132,32,276.8276666666645,1.6879735772357594,3.1411333333333,15.239999999999993,0.049607602106988016,753.523436936938,2126.5630000000447,894.1632702702728,2259.3563333333714,452,0.9460775716950492,0.9921741587149936,0.0,1.0,0.31243678887484194,0.020134228187919462,578,89.56083333332595,6,2259.3563333333714
2023-02-21,0.05,A001,4|1|1|1,True,7,7,42,7,4,4,0.8322488896002307,0.12794104590251265,74,1609,1609.0,6364.223999999997,9184,5303.520000000114,164,132,32,276.8276666666645,1.6879735772357594,3.1411333333333,15.239999999999993,0.049607602106988016,753.523436936938,2126.5630000000447,894.1632702702728,2259.3563333333714,452,0.9460775716950492,0.9921741587149936,0.0,1.0,0.31243678887484194,0.020134228187919462,578,89.56083333332595,6,2259.3563333333714
2023-02-21,0.1,A001,4|1|1|1,True,7,7,42,7,4,4,0.8322488896002307,0.12794104590251265,74,1609,1609.0,6364.223999999997,9184,5303.520000000114,164,132,32,276.8276666666645,1.6879735772357594,3.1411333333333,15.239999999999993,0.049607602106988016,753.523436936938,2126.5630000000447,894.1632702702728,2259.3563333333714,452,0.9460775716950492,0.9921741587149936,0.0,1.0,0.31243678887484194,0.020134228187919462,578,89.56083333332595,6,2259.3563333333714
2023-02-21,0.25,A001,4|1|1|1,True,7,7,42,7,4,4,0.8322488896002307,0.12794104590251265,74,1609,1609.0,6364.223999999997,9184,5303.520000000114,164,132,32,276.8276666666645,1.6879735772357594,3.1411333333333,15.239999999999993,0.049607602106988016,753.523436936938,2126.5630000000447,894.1632702702728,2259.3563333333714,452,0.9460775716950492,0.9921741587149936,0.0,1.0,0.31243678887484194,0.020134228187919462,578,89.56083333332595,6,2259.3563333333714
2023-02-21,0.5,A001,4|1|1|1,True,7,7,42,7,4,4,0.8322488896002307,0.12794104590251265,74,1609,1609.0,6364.223999999997,9184,5303.520000000114,164,132,32,276.8276666666645,1.6879735772357594,3.1411333333333,15.239999999999993,0.049607602106988016,753.523436936938,2126.5630000000447,894.1632702702728,2259.3563333333714,452,0.9460775716950492,0.9921741587149936,0.0,1.0,0.31243678887484194,0.020134228187919462,578,89.56083333332595,6,2259.3563333333714
2023-02-21,0.75,A001,4|1|1|1,True,7,7,42,7,4,4,0.8322488896002307,0.12794104590251265,74,1609,1609.0,6364.223999999997,9184,5303.520000000114,164,132,32,276.8276666666645,1.6879735772357594,3.1411333333333,15.239999999999993,0.049607602106988016,753.523436936938,2126.5630000000447,894.1632702702728,2259.3563333333714,452,0.9460775716950492,0.9921741587149936,0.0,1.0,0.31243678887484194,0.020134228187919462,578,89.56083333332595,6,2259.3563333333714
2023-02-21,1.0,A001,4|1|1|1,True,7,7,42,7,4,4,0.8322488896002307,0.12794104590251265,74,1609,1609.0,6364.223999999997,9184,5303.520000000114,164,132,32,276.8276666666645,1.6879735772357594,3.1411333333333,15.239999999999993,0.049607602106988016,753.523436936938,2126.5630000000447,894.1632702702728,2259.3563333333714,452,0.9460775716950492,0.9921741587149936,0.0,1.0,0.31243678887484194,0.020134228187919462,578,89.56083333332595,6,2259.3563333333714
2023-02-21,2.0,A001,4|1|1|1,True,7,7,42,7,4,4,0.8322488896002307,0.12794104590251265,74,1609,1609.0,6364.223999999997,9184,5303.520000000114,164,132,32,276.8276666666645,1.6879735772357594,3.1411333333333,15.239999999999993,0.049607602106988016,753.523436936938,2126.5630000000447,894.1632702702728,2259.3563333333714,452,0.9460775716950492,0.9921741587149936,0.0,1.0,0.31243678887484194,0.020134228187919462,578,89.56083333332595,6,2259.3563333333714
2023-02-21,4.0,A002,3|1|1|2,False,7,7,42,7,4,4,0.9211854965885543,0.203586966172423,74,1609,1609.0,6364.224000000006,9184,5303.520000000162,159,117,42,280.0759999999821,1.7614842767294474,4.227800000000078,15.239999999999993,0.050160505881868045,765.5481283783809,2119.161166666708,906.2318581081125,2251.954500000035,451,0.8614313171057159,0.9885636743376026,0.0,1.0,0.31953331221623904,0.023501199040767386,581,114.82599999999874,6,2251.954500000035
2023-02-21,8.0,A002,3|1|1|2,True,7,7,42,7,4,4,0.9211854965885543,0.203586966172423,74,1609,1609.0,6364.224000000006,9184,5303.520000000162,159,117,42,280.0759999999821,1.7614842767294474,4.227800000000078,15.239999999999993,0.050160505881868045,765.5481283783809,2119.161166666708,906.2318581081125,2251.954500000035,451,0.8614313171057159,0.9885636743376026,0.0,1.0,0.31953331221623904,0.023501199040767386,581,114.82599999999874,6,2251.954500000035
2023-02-22,0.0,A001,3|1|3|1,False,8,8,42,8,4,4,0.9056390622295665,0.10061315496098103,44,897,897.0,2911.5004000000085,3988,2426.2503333332897,105,67,38,193.98666666667432,1.8474920634921363,3.7711333333337276,7.61999999999999,0.0740340154980931,241.71280303030207,602.4009999999962,362.42273484848306,828.6376666666608,166,0.9725994991696192,0.9844604686716877,0.0,1.0,0.20304790590935168,0.04409005628517824,499,100.7293333333366,3,828.6376666666608
2023-02-22,0.05,A001,3|1|3|1,True,8,8,42,8,4,4,0.9056390622295665,0.10061315496098103,44,897,897.0,2911.5004000000085,3988,2426.2503333332897,105,67,38,193.98666666667432,1.8474920634921363,3.7711333333337276,7.61999999999999,0.0740340154980931,241.71280303030207,602.4009999999962,362.42273484848306,828.6376666666608,166,0.9725994991696192,0.9844604686716877,0.0,1.0,0.20304790590935168,0.04409005628517824,499,100.7293333333366,3,828.6376666666608
2023-02-22,0.1,A001,3|1|3|1,True,8,8,42,8,4,4,0.9056390622295665,0.10061315496098103,44,897,897.0,2911.5004000000085,3988,2426.2503333332897,105,67,38,193.98666666667432,1.8474920634921363,3.7711333333337276,7.61999999999999,0.0740340154980931,241.71280303030207,602.4009999999962,362.42273484848306,828.6376666666608,166,0.9725994991696192,0.9844604686716877,0.0,1.0,0.20304790590935168,0.04409005628517824,499,100.7293333333366,3,828.6376666666608
2023-02-22,0.25,A001,3|1|3|1,True,8,8,42,8,4,4,0.9056390622295665,0.10061315496098103,44,897,897.0,2911.5004000000085,3988,2426.2503333332897,105,67,38,193.98666666667432,1.8474920634921363,3.7711333333337276,7.61999999999999,0.0740340154980931,241.71280303030207,602.4009999999962,362.42273484848306,828.6376666666608,166,0.9725994991696192,0.9844604686716877,0.0,1.0,0.20304790590935168,0.04409005628517824,499,100.7293333333366,3,828.6376666666608
2023-02-22,0.5,A001,3|1|3|1,True,8,8,42,8,4,4,0.9056390622295665,0.10061315496098103,44,897,897.0,2911.5004000000085,3988,2426.2503333332897,105,67,38,193.98666666667432,1.8474920634921363,3.7711333333337276,7.61999999999999,0.0740340154980931,241.71280303030207,602.4009999999962,362.42273484848306,828.6376666666608,166,0.9725994991696192,0.9844604686716877,0.0,1.0,0.20304790590935168,0.04409005628517824,499,100.7293333333366,3,828.6376666666608
2023-02-22,0.75,A001,3|1|3|1,True,8,8,42,8,4,4,0.9056390622295665,0.10061315496098103,44,897,897.0,2911.5004000000085,3988,2426.2503333332897,105,67,38,193.98666666667432,1.8474920634921363,3.7711333333337276,7.61999999999999,0.0740340154980931,241.71280303030207,602.4009999999962,362.42273484848306,828.6376666666608,166,0.9725994991696192,0.9844604686716877,0.0,1.0,0.20304790590935168,0.04409005628517824,499,100.7293333333366,3,828.6376666666608
2023-02-22,1.0,A001,3|1|3|1,True,8,8,42,8,4,4,0.9056390622295665,0.10061315496098103,44,897,897.0,2911.5004000000085,3988,2426.2503333332897,105,67,38,193.98666666667432,1.8474920634921363,3.7711333333337276,7.61999999999999,0.0740340154980931,241.71280303030207,602.4009999999962,362.42273484848306,828.6376666666608,166,0.9725994991696192,0.9844604686716877,0.0,1.0,0.20304790590935168,0.04409005628517824,499,100.7293333333366,3,828.6376666666608
2023-02-22,2.0,A002,2|1|4|1,False,8,8,42,8,4,4,0.875,0.14576365663322186,44,897,897.0,2911.5003999999985,3988,2426.2503333333093,84,55,29,147.8888333333386,1.7605813492064117,3.0,7.61999999999999,0.05745176300038415,278.2827121212103,934.0416666666595,397.94496590908864,1160.278333333332,233,0.9762870010813777,0.9890211793563521,0.0,1.0,0.31856734109952994,0.03500473036896878,502,83.71083333333527,3,1160.278333333332
2023-02-22,4.0,A002,2|1|4|1,True,8,8,42,8,4,4,0.875,0.14576365663322186,44,897,897.0,2911.5003999999985,3988,2426.2503333333093,84,55,29,147.8888333333386,1.7605813492064117,3.0,7.61999999999999,0.05745176300038415,278.2827121212103,934.0416666666595,397.94496590908864,1160.278333333332,233,0.9762870010813777,0.9890211793563521,0.0,1.0,0.31856734109952994,0.03500473036896878,502,83.71083333333527,3,1160.278333333332
2023-02-22,8.0,A002,2|1|4|1,True,8,8,42,8,4,4,0.875,0.14576365663322186,44,897,897.0,2911.5003999999985,3988,2426.2503333333093,84,55,29,147.8888333333386,1.7605813492064117,3.0,7.61999999999999,0.05745176300038415,278.2827121212103,934.0416666666595,397.94496590908864,1160.278333333332,233,0.9762870010813777,0.9890211793563521,0.0,1.0,0.31856734109952994,0.03500473036896878,502,83.71083333333527,3,1160.278333333332
2023-02-23,0.0,A001,3|1|2|1,False,7,7,42,7,4,4,0.9211854965885544,0.10714285714285714,57,1232,1232.0,3754.7804000000046,4850,3128.9836666666192,155,100,55,314.370666666673,2.0281978494624067,3.138000000000009,15.239999999999993,0.09129779750617496,367.54596491227846,1154.489999999992,492.79779532163445,17992.377999999997,319,0.716361362296604,0.9765780964641737,0.0,1.0,0.4307657859381997,0.051675977653631286,517,166.55083333333351,6,17992.377999999997
2023-02-23,0.05,A001,3|1|2|1,True,7,7,42,7,4,4,0.9211854965885544,0.10714285714285714,57,1232,1232.0,3754.7804000000046,4850,3128.9836666666192,155,100,55,314.370666666673,2.0281978494624067,3.138000000000009,15.239999999999993,0.09129779750617496,367.54596491227846,1154.489999999992,492.79779532163445,17992.377999999997,319,0.716361362296604,0.9765780964641737,0.0,1.0,0.4307657859381997,0.051675977653631286,517,166.55083333333351,6,17992.377999999997
2023-02-23,0.1,A001,3|1|2|1,True,7,7,42,7,4,4,0.9211854965885544,0.10714285714285714,57,1232,1232.0,3754.7804000000046,4850,3128.9836666666192,155,100,55,314.370666666673,2.0281978494624067,3.138000000000009,15.239999999999993,0.09129779750617496,367.54596491227846,1154.489999999992,492.79779532163445,17992.377999999997,319,0.716361362296604,0.9765780964641737,0.0,1.0,0.4307657859381997,0.051675977653631286,517,166.55083333333351,6,17992.377999999997
2023-02-23,0.25,A002,2|2|2|1,False,7,7,42,7,4,4,0.9751060324573735,0.12662337662337664,57,1232,1232.0,3754.7803999999946,4850,3128.9836666666524,137,99,38,282.7826666666598,2.06410705596102,5.264000000001387,15.239999999999993,0.0828845351757662,378.824397660816,1134.803333333331,503.52205263157583,17992.377999999997,307,0.9325942096898364,0.9838708672672845,0.0,1.0,0.317736931906313,0.042717086834733894,516,119.66566666666509,6,17992.377999999997
2023-02-23,0.5,A002,2|2|2|1,True,7,7,42,7,4,4,0.9751060324573735,0.12662337662337664,57,1232,1232.0,3754.7803999999946,4850,3128.9836666666524,137,99,38,282.7826666666598,2.06410705596102,5.264000000001387,15.239999999999993,0.0828845351757662,378.824397660816,1134.803333333331,503.52205263157583,17992.377999999997,307,0.9325942096898364,0.9838708672672845,0.0,1.0,0.317736931906313,0.042717086834733894,516,119.66566666666509,6,17992.377999999997
2023-02-23,0.75,A002,2|2|2|1,True,7,7,42,7,4,4,0.9751060324573735,0.12662337662337664,57,1232,1232.0,3754.7803999999946,4850,3128.9836666666524,137,99,38,282.7826666666598,2.06410705596102,5.264000000001387,15.239999999999993,0.0828845351757662,378.824397660816,1134.803333333331,503.52205263157583,17992.377999999997,307,0.9325942096898364,0.9838708672672845,0.0,1.0,0.317736931906313,0.042717086834733894,516,119.66566666666509,6,17992.377999999997
2023-02-23,1.0,A002,2|2|2|1,True,7,7,42,7,4,4,0.9751060324573735,0.12662337662337664,57,1232,1232.0,3754.7803999999946,4850,3128.9836666666524,137,99,38,282.7826666666598,2.06410705596102,5.264000000001387,15.239999999999993,0.0828845351757662,378.824397660816,1134.803333333331,503.52205263157583,17992.377999999997,307,0.9325942096898364,0.9838708672672845,0.0,1.0,0.317736931906313,0.042717086834733894,516,119.66566666666509,6,17992.377999999997
2023-02-23,2.0,A002,2|2|2|1,True,7,7,42,7,4,4,0.9751060324573735,0.12662337662337664,57,1232,1232.0,3754.7803999999946,4850,3128.9836666666524,137,99,38,282.7826666666598,2.06410705596102,5.264000000001387,15.239999999999993,0.0828845351757662,378.824397660816,1134.803333333331,503.52205263157583,17992.377999999997,307,0.9325942096898364,0.9838708672672845,0.0,1.0,0.317736931906313,0.042717086834733894,516,119.66566666666509,6,17992.377999999997
2023-02-23,4.0,A002,2|2|2|1,True,7,7,42,7,4,4,0.9751060324573735,0.12662337662337664,57,1232,1232.0,3754.7803999999946,4850,3128.9836666666524,137,99,38,282.7826666666598,2.06410705596102,5.264000000001387,15.239999999999993,0.0828845351757662,378.824397660816,1134.803333333331,503.52205263157583,17992.377999999997,307,0.9325942096898364,0.9838708672672845,0.0,1.0,0.317736931906313,0.042717086834733894,516,119.66566666666509,6,17992.377999999997
2023-02-23,8.0,A002,2|2|2|1,True,7,7,42,7,4,4,0.9751060324573735,0.12662337662337664,57,1232,1232.0,3754.7803999999946,4850,3128.9836666666524,137,99,38,282.7826666666598,2.06410705596102,5.264000000001387,15.239999999999993,0.0828845351757662,378.824397660816,1134.803333333331,503.52205263157583,17992.377999999997,307,0.9325942096898364,0.9838708672672845,0.0,1.0,0.317736931906313,0.042717086834733894,516,119.66566666666509,6,17992.377999999997
2023-02-27,0.0,A001,5|0|1|1,False,7,7,42,7,4,3,0.5744174271404583,0.06112412177985948,30,610,610.0,2666.746000000008,3878,2222.288333338585,73,56,17,138.5581666673151,1.8980570776344534,5.896133333299088,12.700000000004366,0.05869003625054354,42.02989444454128,212.58366666737857,181.72477777807129,34084.060333334324,225,0.698761544935382,0.9765301093817451,0.0,1.0,0.47143915343915344,0.047225501770956316,506,60.47700000002493,5,34084.060333334324
2023-02-27,0.05,A001,5|0|1|1,True,7,7,42,7,4,3,0.5744174271404583,0.06112412177985948,30,610,610.0,2666.746000000008,3878,2222.288333338585,73,56,17,138.5581666673151,1.8980570776344534,5.896133333299088,12.700000000004366,0.05869003625054354,42.02989444454128,212.58366666737857,181.72477777807129,34084.060333334324,225,0.698761544935382,0.9765301093817451,0.0,1.0,0.47143915343915344,0.047225501770956316,506,60.47700000002493,5,34084.060333334324
2023-02-27,0.1,A001,5|0|1|1,True,7,7,42,7,4,3,0.5744174271404583,0.06112412177985948,30,610,610.0,2666.746000000008,3878,2222.288333338585,73,56,17,138.5581666673151,1.8980570776344534,5.896133333299088,12.700000000004366,0.05869003625054354,42.02989444454128,212.58366666737857,181.72477777807129,34084.060333334324,225,0.698761544935382,0.9765301093817451,0.0,1.0,0.47143915343915344,0.047225501770956316,506,60.47700000002493,5,34084.060333334324
2023-02-27,0.25,A001,5|0|1|1,True,7,7,42,7,4,3,0.5744174271404583,0.06112412177985948,30,610,610.0,2666.746000000008,3878,2222.288333338585,73,56,17,138.5581666673151,1.8980570776344534,5.896133333299088,12.700000000004366,0.05869003625054354,42.02989444454128,212.58366666737857,181.72477777807129,34084.060333334324,225,0.698761544935382,0.9765301093817451,0.0,1.0,0.47143915343915344,0.047225501770956316,506,60.47700000002493,5,34084.060333334324
2023-02-27,0.5,A001,5|0|1|1,True,7,7,42,7,4,3,0.5744174271404583,0.06112412177985948,30,610,610.0,2666.746000000008,3878,2222.288333338585,73,56,17,138.5581666673151,1.8980570776344534,5.896133333299088,12.700000000004366,0.05869003625054354,42.02989444454128,212.58366666737857,181.72477777807129,34084.060333334324,225,0.698761544935382,0.9765301093817451,0.0,1.0,0.47143915343915344,0.047225501770956316,506,60.47700000002493,5,34084.060333334324
2023-02-27,0.75,A001,5|0|1|1,True,7,7,42,7,4,3,0.5744174271404583,0.06112412177985948,30,610,610.0,2666.746000000008,3878,2222.288333338585,73,56,17,138.5581666673151,1.8980570776344534,5.896133333299088,12.700000000004366,0.05869003625054354,42.02989444454128,212.58366666737857,181.72477777807129,34084.060333334324,225,0.698761544935382,0.9765301093817451,0.0,1.0,0.47143915343915344,0.047225501770956316,506,60.47700000002493,5,34084.060333334324
2023-02-27,1.0,A001,5|0|1|1,True,7,7,42,7,4,3,0.5744174271404583,0.06112412177985948,30,610,610.0,2666.746000000008,3878,2222.288333338585,73,56,17,138.5581666673151,1.8980570776344534,5.896133333299088,12.700000000004366,0.05869003625054354,42.02989444454128,212.58366666737857,181.72477777807129,34084.060333334324,225,0.698761544935382,0.9765301093817451,0.0,1.0,0.47143915343915344,0.047225501770956316,506,60.47700000002493,5,34084.060333334324
2023-02-27,2.0,A001,5|0|1|1,True,7,7,42,7,4,3,0.5744174271404583,0.06112412177985948,30,610,610.0,2666.746000000008,3878,2222.288333338585,73,56,17,138.5581666673151,1.8980570776344534,5.896133333299088,12.700000000004366,0.05869003625054354,42.02989444454128,212.58366666737857,181.72477777807129,34084.060333334324,225,0.698761544935382,0.9765301093817451,0.0,1.0,0.47143915343915344,0.047225501770956316,506,60.47700000002493,5,34084.060333334324
2023-02-27,4.0,A001,5|0|1|1,True,7,7,42,7,4,3,0.5744174271404583,0.06112412177985948,30,610,610.0,2666.746000000008,3878,2222.288333338585,73,56,17,138.5581666673151,1.8980570776344534,5.896133333299088,12.700000000004366,0.05869003625054354,42.02989444454128,212.58366666737857,181.72477777807129,34084.060333334324,225,0.698761544935382,0.9765301093817451,0.0,1.0,0.47143915343915344,0.047225501770956316,506,60.47700000002493,5,34084.060333334324
2023-02-27,8.0,A001,5|0|1|1,True,7,7,42,7,4,3,0.5744174271404583,0.06112412177985948,30,610,610.0,2666.746000000008,3878,2222.288333338585,73,56,17,138.5581666673151,1.8980570776344534,5.896133333299088,12.700000000004366,0.05869003625054354,42.02989444454128,212.58366666737857,181.72477777807129,34084.060333334324,225,0.698761544935382,0.9765301093817451,0.0,1.0,0.47143915343915344,0.047225501770956316,506,60.47700000002493,5,34084.060333334324
2023-02-28,0.0,A001,5|1|1|1,False,8,8,42,8,4,4,0.7743974703476992,0.06061872909698994,31,598,598.0,2730.2460000000065,3872,2275.2050000001755,80,53,27,204.65633333333906,2.5582041666667386,7.74700000000248,12.700000000004366,0.08252732948508576,43.67526881720816,204.1813333333448,181.54176344086994,19316.056000000015,190,0.6798539350649553,0.9712199072356504,0.0,1.0,0.4768045112781955,0.06011560693641618,530,93.74733333335111,5,19316.056000000015
2023-02-28,0.05,A001,5|1|1|1,True,8,8,42,8,4,4,0.7743974703476992,0.06061872909698994,31,598,598.0,2730.2460000000065,3872,2275.2050000001755,80,53,27,204.65633333333906,2.5582041666667386,7.74700000000248,12.700000000004366,0.08252732948508576,43.67526881720816,204.1813333333448,181.54176344086994,19316.056000000015,190,0.6798539350649553,0.9712199072356504,0.0,1.0,0.4768045112781955,0.06011560693641618,530,93.74733333335111,5,19316.056000000015
2023-02-28,0.1,A001,5|1|1|1,True,8,8,42,8,4,4,0.7743974703476992,0.06061872909698994,31,598,598.0,2730.2460000000065,3872,2275.2050000001755,80,53,27,204.65633333333906,2.5582041666667386,7.74700000000248,12.700000000004366,0.08252732948508576,43.67526881720816,204.1813333333448,181.54176344086994,19316.056000000015,190,0.6798539350649553,0.9712199072356504,0.0,1.0,0.4768045112781955,0.06011560693641618,530,93.74733333335111,5,19316.056000000015
2023-02-28,0.25,A001,5|1|1|1,True,8,8,42,8,4,4,0.7743974703476992,0.06061872909698994,31,598,598.0,2730.2460000000065,3872,2275.2050000001755,80,53,27,204.65633333333906,2.5582041666667386,7.74700000000248,12.700000000004366,0.08252732948508576,43.67526881720816,204.1813333333448,181.54176344086994,19316.056000000015,190,0.6798539350649553,0.9712199072356504,0.0,1.0,0.4768045112781955,0.06011560693641618,530,93.74733333335111,5,19316.056000000015
2023-02-28,0.5,A002,4|1|2|1,False,8,8,42,8,4,4,0.875,0.1153846153846154,31,598,598.0,2730.246000000009,3872,2275.205000000175,60,50,10,96.30599999995323,1.6050999999992206,7.620000000000122,10.160000000003492,0.04060955230650333,56.65107526881938,238.35033333334286,191.0223978494687,19361.121333333365,199,0.803399404754253,0.9868918613956564,0.0,1.0,0.4185271596075616,0.023752969121140142,533,33.71099999998579,4,19361.121333333365
2023-02-28,0.75,A002,4|1|2|1,True,8,8,42,8,4,4,0.875,0.1153846153846154,31,598,598.0,2730.246000000009,3872,2275.205000000175,60,50,10,96.30599999995323,1.6050999999992206,7.620000000000122,10.160000000003492,0.04060955230650333,56.65107526881938,238.35033333334286,191.0223978494687,19361.121333333365,199,0.803399404754253,0.9868918613956564,0.0,1.0,0.4185271596075616,0.023752969121140142,533,33.71099999998579,4,19361.121333333365
2023-02-28,1.0,A002,4|1|2|1,True,8,8,42,8,4,4,0.875,0.1153846153846154,31,598,598.0,2730.246000000009,3872,2275.205000000175,60,50,10,96.30599999995323,1.6050999999992206,7.620000000000122,10.160000000003492,0.04060955230650333,56.65107526881938,238.35033333334286,191.0223978494687,19361.121333333365,199,0.803399404754253,0.9868918613956564,0.0,1.0,0.4185271596075616,0.023752969121140142,533,33.71099999998579,4,19361.121333333365
2023-02-28,2.0,A002,4|1|2|1,True,8,8,42,8,4,4,0.875,0.1153846153846154,31,598,598.0,2730.246000000009,3872,2275.205000000175,60,50,10,96.30599999995323,1.6050999999992206,7.620000000000122,10.160000000003492,0.04060955230650333,56.65107526881938,238.35033333334286,191.0223978494687,19361.121333333365,199,0.803399404754253,0.9868918613956564,0.0,1.0,0.4185271596075616,0.023752969121140142,533,33.71099999998579,4,19361.121333333365
2023-02-28,4.0,A002,4|1|2|1,True,8,8,42,8,4,4,0.875,0.1153846153846154,31,598,598.0,2730.246000000009,3872,2275.205000000175,60,50,10,96.30599999995323,1.6050999999992206,7.620000000000122,10.160000000003492,0.04060955230650333,56.65107526881938,238.35033333334286,191.0223978494687,19361.121333333365,199,0.803399404754253,0.9868918613956564,0.0,1.0,0.4185271596075616,0.023752969121140142,533,33.71099999998579,4,19361.121333333365
2023-02-28,8.0,A002,4|1|2|1,True,8,8,42,8,4,4,0.875,0.1153846153846154,31,598,598.0,2730.246000000009,3872,2275.205000000175,60,50,10,96.30599999995323,1.6050999999992206,7.620000000000122,10.160000000003492,0.04060955230650333,56.65107526881938,238.35033333334286,191.0223978494687,19361.121333333365,199,0.803399404754253,0.9868918613956564,0.0,1.0,0.4185271596075616,0.023752969121140142,533,33.71099999998579,4,19361.121333333365
2023-03-02,0.0,A001,3|1|1|1,False,6,6,42,6,4,4,0.8962406251802889,0.11761255316028746,100,2273,2273.0,7418.171600000022,10076,6181.8096666668935,136,111,25,231.25333333343858,1.700392156863519,3.6512500000000507,7.620000000002619,0.03605973203965509,789.6670933333456,2592.776666666665,921.987723333349,25536.836333333427,737,0.9414424243570128,0.9940445082394246,0.0,1.0,0.37023971053821797,0.013962264150943397,597,85.91583333333949,3,25536.836333333427
2023-03-02,0.05,A001,3|1|1|1,True,6,6,42,6,4,4,0.8962406251802889,0.11761255316028746,100,2273,2273.0,7418.171600000022,10076,6181.8096666668935,136,111,25,231.25333333343858,1.700392156863519,3.6512500000000507,7.620000000002619,0.03605973203965509,789.6670933333456,2592.776666666665,921.987723333349,25536.836333333427,737,0.9414424243570128,0.9940445082394246,0.0,1.0,0.37023971053821797,0.013962264150943397,597,85.91583333333949,3,25536.836333333427
2023-03-02,0.1,A001,3|1|1|1,True,6,6,42,6,4,4,0.8962406251802889,0.11761255316028746,100,2273,2273.0,7418.171600000022,10076,6181.8096666668935,136,111,25,231.25333333343858,1.700392156863519,3.6512500000000507,7.620000000002619,0.03605973203965509,789.6670933333456,2592.776666666665,921.987723333349,25536.836333333427,737,0.9414424243570128,0.9940445082394246,0.0,1.0,0.37023971053821797,0.013962264150943397,597,85.91583333333949,3,25536.836333333427
2023-03-02,0.25,A001,3|1|1|1,True,6,6,42,6,4,4,0.8962406251802889,0.11761255316028746,100,2273,2273.0,7418.171600000022,10076,6181.8096666668935,136,111,25,231.25333333343858,1.700392156863519,3.6512500000000507,7.620000000002619,0.03605973203965509,789.6670933333456,2592.776666666665,921.987723333349,25536.836333333427,737,0.9414424243570128,0.9940445082394246,0.0,1.0,0.37023971053821797,0.013962264150943397,597,85.91583333333949,3,25536.836333333427
2023-03-02,0.5,A001,3|1|1|1,True,6,6,42,6,4,4,0.8962406251802889,0.11761255316028746,100,2273,2273.0,7418.171600000022,10076,6181.8096666668935,136,111,25,231.25333333343858,1.700392156863519,3.6512500000000507,7.620000000002619,0.03605973203965509,789.6670933333456,2592.776666666665,921.987723333349,25536.836333333427,737,0.9414424243570128,0.9940445082394246,0.0,1.0,0.37023971053821797,0.013962264150943397,597,85.91583333333949,3,25536.836333333427
2023-03-02,0.75,A001,3|1|1|1,True,6,6,42,6,4,4,0.8962406251802889,0.11761255316028746,100,2273,2273.0,7418.171600000022,10076,6181.8096666668935,136,111,25,231.25333333343858,1.700392156863519,3.6512500000000507,7.620000000002619,0.03605973203965509,789.6670933333456,2592.776666666665,921.987723333349,25536.836333333427,737,0.9414424243570128,0.9940445082394246,0.0,1.0,0.37023971053821797,0.013962264150943397,597,85.91583333333949,3,25536.836333333427
2023-03-02,1.0,A001,3|1|1|1,True,6,6,42,6,4,4,0.8962406251802889,0.11761255316028746,100,2273,2273.0,7418.171600000022,10076,6181.8096666668935,136,111,25,231.25333333343858,1.700392156863519,3.6512500000000507,7.620000000002619,0.03605973203965509,789.6670933333456,2592.776666666665,921.987723333349,25536.836333333427,737,0.9414424243570128,0.9940445082394246,0.0,1.0,0.37023971053821797,0.013962264150943397,597,85.91583333333949,3,25536.836333333427
2023-03-02,2.0,A002,2|2|1|1,False,6,6,42,6,4,4,0.9591479170272447,0.19907611086669597,100,2273,2273.0,7418.17160000009,10076,6181.809666666967,184,101,83,347.998333333363,1.8912952898552338,3.0,7.619999999999996,0.053293807924114374,792.7838766666804,2594.9746666666597,926.2719566666836,25962.34400000012,823,0.7568326094694212,0.9809027363674546,0.0,1.0,0.4785338193600648,0.034766355140186916,597,236.91100000000876,3,25962.34400000012
2023-03-02,4.0,A002,2|2|1|1,True,6,6,42,6,4,4,0.9591479170272447,0.19907611086669597,100,2273,2273.0,7418.17160000009,10076,6181.809666666967,184,101,83,347.998333333363,1.8912952898552338,3.0,7.619999999999996,0.053293807924114374,792.7838766666804,2594.9746666666597,926.2719566666836,25962.34400000012,823,0.7568326094694212,0.9809027363674546,0.0,1.0,0.4785338193600648,0.034766355140186916,597,236.91100000000876,3,25962.34400000012
2023-03-02,8.0,A002,2|2|1|1,True,6,6,42,6,4,4,0.9591479170272447,0.19907611086669597,100,2273,2273.0,7418.17160000009,10076,6181.809666666967,184,101,83,347.998333333363,1.8912952898552338,3.0,7.619999999999996,0.053293807924114374,792.7838766666804,2594.9746666666597,926.2719566666836,25962.34400000012,823,0.7568326094694212,0.9809027363674546,0.0,1.0,0.4785338193600648,0.034766355140186916,597,236.91100000000876,3,25962.34400000012
2023-03-03,0.0,A001,2|1|2|1,False,6,6,42,6,4,4,0.9591479170272447,0.12672583826429978,31,676,676.0,2790.6471999999953,3882,2325.5393333333036,52,40,12,81.20700000000124,1.5616730769231009,4.6264333333330505,5.080000000000041,0.03374140385103687,273.210215053761,880.5673333333207,416.2665483870934,1156.991333333331,232,0.9514064413169436,0.9942625873222113,0.0,1.0,0.3533045977011494,0.017957351290684626,491,32.08216666666545,2,1156.991333333331
2023-03-03,0.05,A001,2|1|2|1,True,6,6,42,6,4,4,0.9591479170272447,0.12672583826429978,31,676,676.0,2790.6471999999953,3882,2325.5393333333036,52,40,12,81.20700000000124,1.5616730769231009,4.6264333333330505,5.080000000000041,0.03374140385103687,273.210215053761,880.5673333333207,416.2665483870934,1156.991333333331,232,0.9514064413169436,0.9942625873222113,0.0,1.0,0.3533045977011494,0.017957351290684626,491,32.08216666666545,2,1156.991333333331
2023-03-03,0.1,A001,2|1|2|1,True,6,6,42,6,4,4,0.9591479170272447,0.12672583826429978,31,676,676.0,2790.6471999999953,3882,2325.5393333333036,52,40,12,81.20700000000124,1.5616730769231009,4.6264333333330505,5.080000000000041,0.03374140385103687,273.210215053761,880.5673333333207,416.2665483870934,1156.991333333331,232,0.9514064413169436,0.9942625873222113,0.0,1.0,0.3533045977011494,0.017957351290684626,491,32.08216666666545,2,1156.991333333331
2023-03-03,0.25,A001,2|1|2|1,True,6,6,42,6,4,4,0.9591479170272447,0.12672583826429978,31,676,676.0,2790.6471999999953,3882,2325.5393333333036,52,40,12,81.20700000000124,1.5616730769231009,4.6264333333330505,5.080000000000041,0.03374140385103687,273.210215053761,880.5673333333207,416.2665483870934,1156.991333333331,232,0.9514064413169436,0.9942625873222113,0.0,1.0,0.3533045977011494,0.017957351290684626,491,32.08216666666545,2,1156.991333333331
2023-03-03,0.5,A001,2|1|2|1,True,6,6,42,6,4,4,0.9591479170272447,0.12672583826429978,31,676,676.0,2790.6471999999953,3882,2325.5393333333036,52,40,12,81.20700000000124,1.5616730769231009,4.6264333333330505,5.080000000000041,0.03374140385103687,273.210215053761,880.5673333333207,416.2665483870934,1156.991333333331,232,0.9514064413169436,0.9942625873222113,0.0,1.0,0.3533045977011494,0.017957351290684626,491,32.08216666666545,2,1156.991333333331
2023-03-03,0.75,A001,2|1|2|1,True,6,6,42,6,4,4,0.9591479170272447,0.12672583826429978,31,676,676.0,2790.6471999999953,3882,2325.5393333333036,52,40,12,81.20700000000124,1.5616730769231009,4.6264333333330505,5.080000000000041,0.03374140385103687,273.210215053761,880.5673333333207,416.2665483870934,1156.991333333331,232,0.9514064413169436,0.9942625873222113,0.0,1.0,0.3533045977011494,0.017957351290684626,491,32.08216666666545,2,1156.991333333331
2023-03-03,1.0,A001,2|1|2|1,True,6,6,42,6,4,4,0.9591479170272447,0.12672583826429978,31,676,676.0,2790.6471999999953,3882,2325.5393333333036,52,40,12,81.20700000000124,1.5616730769231009,4.6264333333330505,5.080000000000041,0.03374140385103687,273.210215053761,880.5673333333207,416.2665483870934,1156.991333333331,232,0.9514064413169436,0.9942625873222113,0.0,1.0,0.3533045977011494,0.017957351290684626,491,32.08216666666545,2,1156.991333333331
2023-03-03,2.0,A001,2|1|2|1,True,6,6,42,6,4,4,0.9591479170272447,0.12672583826429978,31,676,676.0,2790.6471999999953,3882,2325.5393333333036,52,40,12,81.20700000000124,1.5616730769231009,4.6264333333330505,5.080000000000041,0.03374140385103687,273.210215053761,880.5673333333207,416.2665483870934,1156.991333333331,232,0.9514064413169436,0.9942625873222113,0.0,1.0,0.3533045977011494,0.017957351290684626,491,32.08216666666545,2,1156.991333333331
2023-03-03,4.0,A001,2|1|2|1,True,6,6,42,6,4,4,0.9591479170272447,0.12672583826429978,31,676,676.0,2790.6471999999953,3882,2325.5393333333036,52,40,12,81.20700000000124,1.5616730769231009,4.6264333333330505,5.080000000000041,0.03374140385103687,273.210215053761,880.5673333333207,416.2665483870934,1156.991333333331,232,0.9514064413169436,0.9942625873222113,0.0,1.0,0.3533045977011494,0.017957351290684626,491,32.08216666666545,2,1156.991333333331
2023-03-03,8.0,A001,2|1|2|1,True,6,6,42,6,4,4,0.9591479170272447,0.12672583826429978,31,676,676.0,2790.6471999999953,3882,2325.5393333333036,52,40,12,81.20700000000124,1.5616730769231009,4.6264333333330505,5.080000000000041,0.03374140385103687,273.210215053761,880.5673333333207,416.2665483870934,1156.991333333331,232,0.9514064413169436,0.9942625873222113,0.0,1.0,0.3533045977011494,0.017957351290684626,491,32.08216666666545,2,1156.991333333331
2023-03-06,0.0,A001,2|1|1|1,False,5,5,42,5,4,4,0.9609640474436811,0.1674911660777385,51,1132,1132.0,4191.812799999987,5584,3493.177333333546,45,35,10,62.941000000007314,1.3986888888890514,4.663999999999993,7.61999999999999,0.01769935477400314,566.6073333333374,2125.7566666666794,702.9233790849757,18059.448000000128,656,0.6130406331789956,0.9954323152609432,0.0,1.0,0.6303099593495934,0.009325681492109038,522,23.05133333332357,3,18059.448000000128
2023-03-06,0.05,A001,2|1|1|1,True,5,5,42,5,4,4,0.9609640474436811,0.1674911660777385,51,1132,1132.0,4191.812799999987,5584,3493.177333333546,45,35,10,62.941000000007314,1.3986888888890514,4.663999999999993,7.61999999999999,0.01769935477400314,566.6073333333374,2125.7566666666794,702.9233790849757,18059.448000000128,656,0.6130406331789956,0.9954323152609432,0.0,1.0,0.6303099593495934,0.009325681492109038,522,23.05133333332357,3,18059.448000000128
2023-03-06,0.1,A002,1|2|1|1,False,5,5,42,5,4,4,0.9609640474436811,0.17720848056537103,51,1132,1132.0,4191.812800000061,5584,3493.1773333335304,96,43,53,190.37966666670022,1.9831215277781271,3.0,7.61999999999999,0.05168364889336266,532.882614379102,1664.2840000002034,671.6974575163614,18979.75666666687,638,0.47422132754602603,0.9697218172255276,0.0,1.0,0.6770376175548589,0.04154929577464789,522,142.8060000000006,3,18979.75666666687
2023-03-06,0.25,A002,1|2|1|1,True,5,5,42,5,4,4,0.9609640474436811,0.17720848056537103,51,1132,1132.0,4191.812800000061,5584,3493.1773333335304,96,43,53,190.37966666670022,1.9831215277781271,3.0,7.61999999999999,0.05168364889336266,532.882614379102,1664.2840000002034,671.6974575163614,18979.75666666687,638,0.47422132754602603,0.9697218172255276,0.0,1.0,0.6770376175548589,0.04154929577464789,522,142.8060000000006,3,18979.75666666687
2023-03-06,0.5,A002,1|2|1|1,True,5,5,42,5,4,4,0.9609640474436811,0.17720848056537103,51,1132,1132.0,4191.812800000061,5584,3493.1773333335304,96,43,53,190.37966666670022,1.9831215277781271,3.0,7.61999999999999,0.05168364889336266,532.882614379102,1664.2840000002034,671.6974575163614,18979.75666666687,638,0.47422132754602603,0.9697218172255276,0.0,1.0,0.6770376175548589,0.04154929577464789,522,142.8060000000006,3,18979.75666666687
2023-03-06,0.75,A002,1|2|1|1,True,5,5,42,5,4,4,0.9609640474436811,0.17720848056537103,51,1132,1132.0,4191.812800000061,5584,3493.1773333335304,96,43,53,190.37966666670022,1.9831215277781271,3.0,7.61999999999999,0.05168364889336266,532.882614379102,1664.2840000002034,671.6974575163614,18979.75666666687,638,0.47422132754602603,0.9697218172255276,0.0,1.0,0.6770376175548589,0.04154929577464789,522,142.8060000000006,3,18979.75666666687
2023-03-06,1.0,A002,1|2|1|1,True,5,5,42,5,4,4,0.9609640474436811,0.17720848056537103,51,1132,1132.0,4191.812800000061,5584,3493.1773333335304,96,43,53,190.37966666670022,1.9831215277781271,3.0,7.61999999999999,0.05168364889336266,532.882614379102,1664.2840000002034,671.6974575163614,18979.75666666687,638,0.47422132754602603,0.9697218172255276,0.0,1.0,0.6770376175548589,0.04154929577464789,522,142.8060000000006,3,18979.75666666687
2023-03-06,2.0,A002,1|2|1|1,True,5,5,42,5,4,4,0.9609640474436811,0.17720848056537103,51,1132,1132.0,4191.812800000061,5584,3493.1773333335304,96,43,53,190.37966666670022,1.9831215277781271,3.0,7.61999999999999,0.05168364889336266,532.882614379102,1664.2840000002034,671.6974575163614,18979.75666666687,638,0.47422132754602603,0.9697218172255276,0.0,1.0,0.6770376175548589,0.04154929577464789,522,142.8060000000006,3,18979.75666666687
2023-03-06,4.0,A002,1|2|1|1,True,5,5,42,5,4,4,0.9609640474436811,0.17720848056537103,51,1132,1132.0,4191.812800000061,5584,3493.1773333335304,96,43,53,190.37966666670022,1.9831215277781271,3.0,7.61999999999999,0.05168364889336266,532.882614379102,1664.2840000002034,671.6974575163614,18979.75666666687,638,0.47422132754602603,0.9697218172255276,0.0,1.0,0.6770376175548589,0.04154929577464789,522,142.8060000000006,3,18979.75666666687
2023-03-06,8.0,A002,1|2|1|1,True,5,5,42,5,4,4,0.9609640474436811,0.17720848056537103,51,1132,1132.0,4191.812800000061,5584,3493.1773333335304,96,43,53,190.37966666670022,1.9831215277781271,3.0,7.61999999999999,0.05168364889336266,532.882614379102,1664.2840000002034,671.6974575163614,18979.75666666687,638,0.47422132754602603,0.9697218172255276,0.0,1.0,0.6770376175548589,0.04154929577464789,522,142.8060000000006,3,18979.75666666687
2023-03-08,0.0,A001,3|1|1|1,False,6,6,42,6,4,4,0.8962406251802889,0.19333333333333333,21,450,450.0,1658.010400000004,2266,1381.6753333333136,46,32,14,60.839666666666446,1.3226014492753575,3.0,3.0,0.04217610677647531,109.33084126984048,359.07833333333076,242.30774603174427,20162.896,156,0.7768074780213957,0.9932948079617846,0.0,1.0,0.41923076923076924,0.017793594306049824,420,34.76816666666705,2,20162.896
2023-03-08,0.05,A001,3|1|1|1,True,6,6,42,6,4,4,0.8962406251802889,0.19333333333333333,21,450,450.0,1658.010400000004,2266,1381.6753333333136,46,32,14,60.839666666666446,1.3226014492753575,3.0,3.0,0.04217610677647531,109.33084126984048,359.07833333333076,242.30774603174427,20162.896,156,0.7768074780213957,0.9932948079617846,0.0,1.0,0.41923076923076924,0.017793594306049824,420,34.76816666666705,2,20162.896
2023-03-08,0.1,A001,3|1|1|1,True,6,6,42,6,4,4,0.8962406251802889,0.19333333333333333,21,450,450.0,1658.010400000004,2266,1381.6753333333136,46,32,14,60.839666666666446,1.3226014492753575,3.0,3.0,0.04217610677647531,109.33084126984048,359.07833333333076,242.30774603174427,20162.896,156,0.7768074780213957,0.9932948079617846,0.0,1.0,0.41923076923076924,0.017793594306049824,420,34.76816666666705,2,20162.896
2023-03-08,0.25,A001,3|1|1|1,True,6,6,42,6,4,4,0.8962406251802889,0.19333333333333333,21,450,450.0,1658.010400000004,2266,1381.6753333333136,46,32,14,60.839666666666446,1.3226014492753575,3.0,3.0,0.04217610677647531,109.33084126984048,359.07833333333076,242.30774603174427,20162.896,156,0.7768074780213957,0.9932948079617846,0.0,1.0,0.41923076923076924,0.017793594306049824,420,34.76816666666705,2,20162.896
2023-03-08,0.5,A001,3|1|1|1,True,6,6,42,6,4,4,0.8962406251802889,0.19333333333333333,21,450,450.0,1658.010400000004,2266,1381.6753333333136,46,32,14,60.839666666666446,1.3226014492753575,3.0,3.0,0.04217610677647531,109.33084126984048,359.07833333333076,242.30774603174427,20162.896,156,0.7768074780213957,0.9932948079617846,0.0,1.0,0.41923076923076924,0.017793594306049824,420,34.76816666666705,2,20162.896
2023-03-08,0.75,A001,3|1|1|1,True,6,6,42,6,4,4,0.8962406251802889,0.19333333333333333,21,450,450.0,1658.010400000004,2266,1381.6753333333136,46,32,14,60.839666666666446,1.3226014492753575,3.0,3.0,0.04217610677647531,109.33084126984048,359.07833333333076,242.30774603174427,20162.896,156,0.7768074780213957,0.9932948079617846,0.0,1.0,0.41923076923076924,0.017793594306049824,420,34.76816666666705,2,20162.896
2023-03-08,1.0,A001,3|1|1|1,True,6,6,42,6,4,4,0.8962406251802889,0.19333333333333333,21,450,450.0,1658.010400000004,2266,1381.6753333333136,46,32,14,60.839666666666446,1.3226014492753575,3.0,3.0,0.04217610677647531,109.33084126984048,359.07833333333076,242.30774603174427,20162.896,156,0.7768074780213957,0.9932948079617846,0.0,1.0,0.41923076923076924,0.017793594306049824,420,34.76816666666705,2,20162.896
2023-03-08,2.0,A001,3|1|1|1,True,6,6,42,6,4,4,0.8962406251802889,0.19333333333333333,21,450,450.0,1658.010400000004,2266,1381.6753333333136,46,32,14,60.839666666666446,1.3226014492753575,3.0,3.0,0.04217610677647531,109.33084126984048,359.07833333333076,242.30774603174427,20162.896,156,0.7768074780213957,0.9932948079617846,0.0,1.0,0.41923076923076924,0.017793594306049824,420,34.76816666666705,2,20162.896
2023-03-08,4.0,A001,3|1|1|1,True,6,6,42,6,4,4,0.8962406251802889,0.19333333333333333,21,450,450.0,1658.010400000004,2266,1381.6753333333136,46,32,14,60.839666666666446,1.3226014492753575,3.0,3.0,0.04217610677647531,109.33084126984048,359.07833333333076,242.30774603174427,20162.896,156,0.7768074780213957,0.9932948079617846,0.0,1.0,0.41923076923076924,0.017793594306049824,420,34.76816666666705,2,20162.896
2023-03-08,8.0,A001,3|1|1|1,True,6,6,42,6,4,4,0.8962406251802889,0.19333333333333333,21,450,450.0,1658.010400000004,2266,1381.6753333333136,46,32,14,60.839666666666446,1.3226014492753575,3.0,3.0,0.04217610677647531,109.33084126984048,359.07833333333076,242.30774603174427,20162.896,156,0.7768074780213957,0.9932948079617846,0.0,1.0,0.41923076923076924,0.017793594306049824,420,34.76816666666705,2,20162.896
2023-03-09,0.0,A001,1|1|3|1,False,6,6,42,6,4,4,0.8962406251802889,0.08764367816091953,32,696,696.0,1725.4220000000032,2174,1437.8516666666335,128,24,104,343.8260000000038,2.6861406250000295,3.0,7.619999999999976,0.19297878984096606,208.59809374999887,613.8889999999976,329.52552083333126,13138.471333333324,203,0.6749081847999668,0.9383997363999539,0.0,1.0,0.5008210180623973,0.16580976863753213,392,306.0003333333324,3,13138.471333333324
2023-03-09,0.05,A001,1|1|3|1,True,6,6,42,6,4,4,0.8962406251802889,0.08764367816091953,32,696,696.0,1725.4220000000032,2174,1437.8516666666335,128,24,104,343.8260000000038,2.6861406250000295,3.0,7.619999999999976,0.19297878984096606,208.59809374999887,613.8889999999976,329.52552083333126,13138.471333333324,203,0.6749081847999668,0.9383997363999539,0.0,1.0,0.5008210180623973,0.16580976863753213,392,306.0003333333324,3,13138.471333333324
2023-03-09,0.1,A001,1|1|3|1,True,6,6,42,6,4,4,0.8962406251802889,0.08764367816091953,32,696,696.0,1725.4220000000032,2174,1437.8516666666335,128,24,104,343.8260000000038,2.6861406250000295,3.0,7.619999999999976,0.19297878984096606,208.59809374999887,613.8889999999976,329.52552083333126,13138.471333333324,203,0.6749081847999668,0.9383997363999539,0.0,1.0,0.5008210180623973,0.16580976863753213,392,306.0003333333324,3,13138.471333333324
2023-03-09,0.25,A001,1|1|3|1,True,6,6,42,6,4,4,0.8962406251802889,0.08764367816091953,32,696,696.0,1725.4220000000032,2174,1437.8516666666335,128,24,104,343.8260000000038,2.6861406250000295,3.0,7.619999999999976,0.19297878984096606,208.59809374999887,613.8889999999976,329.52552083333126,13138.471333333324,203,0.6749081847999668,0.9383997363999539,0.0,1.0,0.5008210180623973,0.16580976863753213,392,306.0003333333324,3,13138.471333333324
2023-03-09,0.5,A001,1|1|3|1,True,6,6,42,6,4,4,0.8962406251802889,0.08764367816091953,32,696,696.0,1725.4220000000032,2174,1437.8516666666335,128,24,104,343.8260000000038,2.6861406250000295,3.0,7.619999999999976,0.19297878984096606,208.59809374999887,613.8889999999976,329.52552083333126,13138.471333333324,203,0.6749081847999668,0.9383997363999539,0.0,1.0,0.5008210180623973,0.16580976863753213,392,306.0003333333324,3,13138.471333333324
2023-03-09,0.75,A001,1|1|3|1,True,6,6,42,6,4,4,0.8962406251802889,0.08764367816091953,32,696,696.0,1725.4220000000032,2174,1437.8516666666335,128,24,104,343.8260000000038,2.6861406250000295,3.0,7.619999999999976,0.19297878984096606,208.59809374999887,613.8889999999976,329.52552083333126,13138.471333333324,203,0.6749081847999668,0.9383997363999539,0.0,1.0,0.5008210180623973,0.16580976863753213,392,306.0003333333324,3,13138.471333333324
2023-03-09,1.0,A001,1|1|3|1,True,6,6,42,6,4,4,0.8962406251802889,0.08764367816091953,32,696,696.0,1725.4220000000032,2174,1437.8516666666335,128,24,104,343.8260000000038,2.6861406250000295,3.0,7.619999999999976,0.19297878984096606,208.59809374999887,613.8889999999976,329.52552083333126,13138.471333333324,203,0.6749081847999668,0.9383997363999539,0.0,1.0,0.5008210180623973,0.16580976863753213,392,306.0003333333324,3,13138.471333333324
2023-03-09,2.0,A001,1|1|3|1,True,6,6,42,6,4,4,0.8962406251802889,0.08764367816091953,32,696,696.0,1725.4220000000032,2174,1437.8516666666335,128,24,104,343.8260000000038,2.6861406250000295,3.0,7.619999999999976,0.19297878984096606,208.59809374999887,613.8889999999976,329.52552083333126,13138.471333333324,203,0.6749081847999668,0.9383997363999539,0.0,1.0,0.5008210180623973,0.16580976863753213,392,306.0003333333324,3,13138.471333333324
2023-03-09,4.0,A001,1|1|3|1,True,6,6,42,6,4,4,0.8962406251802889,0.08764367816091953,32,696,696.0,1725.4220000000032,2174,1437.8516666666335,128,24,104,343.8260000000038,2.6861406250000295,3.0,7.619999999999976,0.19297878984096606,208.59809374999887,613.8889999999976,329.52552083333126,13138.471333333324,203,0.6749081847999668,0.9383997363999539,0.0,1.0,0.5008210180623973,0.16580976863753213,392,306.0003333333324,3,13138.471333333324
2023-03-09,8.0,A001,1|1|3|1,True,6,6,42,6,4,4,0.8962406251802889,0.08764367816091953,32,696,696.0,1725.4220000000032,2174,1437.8516666666335,128,24,104,343.8260000000038,2.6861406250000295,3.0,7.619999999999976,0.19297878984096606,208.59809374999887,613.8889999999976,329.52552083333126,13138.471333333324,203,0.6749081847999668,0.9383997363999539,0.0,1.0,0.5008210180623973,0.16580976863753213,392,306.0003333333324,3,13138.471333333324
2023-03-14,0.0,A001,3|1|1|1,False,6,6,42,6,4,4,0.8962406251802889,0.0719332048811818,67,1557,1557.0,5747.359599999958,8162,4789.466333333451,142,119,23,204.8833333333086,1.4428403755866803,3.0,10.159999999999995,0.041023025420254204,689.4793208955205,1850.6460000000354,833.738271144278,2140.2243333333618,429,0.7773922156082864,0.99256327528558,0.0,1.0,0.37804972804972803,0.017045454545454544,598,70.45866666666396,4,2140.2243333333618
2023-03-14,0.05,A001,3|1|1|1,True,6,6,42,6,4,4,0.8962406251802889,0.0719332048811818,67,1557,1557.0,5747.359599999958,8162,4789.466333333451,142,119,23,204.8833333333086,1.4428403755866803,3.0,10.159999999999995,0.041023025420254204,689.4793208955205,1850.6460000000354,833.738271144278,2140.2243333333618,429,0.7773922156082864,0.99256327528558,0.0,1.0,0.37804972804972803,0.017045454545454544,598,70.45866666666396,4,2140.2243333333618
2023-03-14,0.1,A001,3|1|1|1,True,6,6,42,6,4,4,0.8962406251802889,0.0719332048811818,67,1557,1557.0,5747.359599999958,8162,4789.466333333451,142,119,23,204.8833333333086,1.4428403755866803,3.0,10.159999999999995,0.041023025420254204,689.4793208955205,1850.6460000000354,833.738271144278,2140.2243333333618,429,0.7773922156082864,0.99256327528558,0.0,1.0,0.37804972804972803,0.017045454545454544,598,70.45866666666396,4,2140.2243333333618
2023-03-14,0.25,A001,3|1|1|1,True,6,6,42,6,4,4,0.8962406251802889,0.0719332048811818,67,1557,1557.0,5747.359599999958,8162,4789.466333333451,142,119,23,204.8833333333086,1.4428403755866803,3.0,10.159999999999995,0.041023025420254204,689.4793208955205,1850.6460000000354,833.738271144278,2140.2243333333618,429,0.7773922156082864,0.99256327528558,0.0,1.0,0.37804972804972803,0.017045454545454544,598,70.45866666666396,4,2140.2243333333618
2023-03-14,0.5,A001,3|1|1|1,True,6,6,42,6,4,4,0.8962406251802889,0.0719332048811818,67,1557,1557.0,5747.359599999958,8162,4789.466333333451,142,119,23,204.8833333333086,1.4428403755866803,3.0,10.159999999999995,0.041023025420254204,689.4793208955205,1850.6460000000354,833.738271144278,2140.2243333333618,429,0.7773922156082864,0.99256327528558,0.0,1.0,0.37804972804972803,0.017045454545454544,598,70.45866666666396,4,2140.2243333333618
2023-03-14,0.75,A001,3|1|1|1,True,6,6,42,6,4,4,0.8962406251802889,0.0719332048811818,67,1557,1557.0,5747.359599999958,8162,4789.466333333451,142,119,23,204.8833333333086,1.4428403755866803,3.0,10.159999999999995,0.041023025420254204,689.4793208955205,1850.6460000000354,833.738271144278,2140.2243333333618,429,0.7773922156082864,0.99256327528558,0.0,1.0,0.37804972804972803,0.017045454545454544,598,70.45866666666396,4,2140.2243333333618
2023-03-14,1.0,A001,3|1|1|1,True,6,6,42,6,4,4,0.8962406251802889,0.0719332048811818,67,1557,1557.0,5747.359599999958,8162,4789.466333333451,142,119,23,204.8833333333086,1.4428403755866803,3.0,10.159999999999995,0.041023025420254204,689.4793208955205,1850.6460000000354,833.738271144278,2140.2243333333618,429,0.7773922156082864,0.99256327528558,0.0,1.0,0.37804972804972803,0.017045454545454544,598,70.45866666666396,4,2140.2243333333618
2023-03-14,2.0,A002,2|1|2|1,False,6,6,42,6,4,4,0.9591479170272447,0.16409762363519587,67,1557,1557.0,5747.359600000013,8162,4789.4663333333965,109,92,17,147.49933333333158,1.3532048929663447,3.0,10.159999999999995,0.02987651591932543,738.3050199005002,2058.502000000036,881.707492537317,2312.33966666669,463,0.9870220282547391,0.9956235274116431,0.0,1.0,0.3066234701223902,0.009875259875259876,601,45.60366666666902,4,2312.33966666669
2023-03-14,4.0,A002,2|1|2|1,True,6,6,42,6,4,4,0.9591479170272447,0.16409762363519587,67,1557,1557.0,5747.359600000013,8162,4789.4663333333965,109,92,17,147.49933333333158,1.3532048929663447,3.0,10.159999999999995,0.02987651591932543,738.3050199005002,2058.502000000036,881.707492537317,2312.33966666669,463,0.9870220282547391,0.9956235274116431,0.0,1.0,0.3066234701223902,0.009875259875259876,601,45.60366666666902,4,2312.33966666669
2023-03-14,8.0,A002,2|1|2|1,True,6,6,42,6,4,4,0.9591479170272447,0.16409762363519587,67,1557,1557.0,5747.359600000013,8162,4789.4663333333965,109,92,17,147.49933333333158,1.3532048929663447,3.0,10.159999999999995,0.02987651591932543,738.3050199005002,2058.502000000036,881.707492537317,2312.33966666669,463,0.9870220282547391,0.9956235274116431,0.0,1.0,0.3066234701223902,0.009875259875259876,601,45.60366666666902,4,2312.33966666669
2023-03-16,0.0,A001,2|1|1|1,False,5,5,42,5,4,4,0.9609640474436811,0.18836720392431677,62,1427,1427.0,4248.8611999999885,5950,3540.7176666681444,74,49,25,166.70866666669966,2.2528198198202656,3.775666666666833,10.159999999999995,0.04496614407891541,737.5793602150604,2003.89166666672,866.4249462365901,41688.34566666732,499,0.7943611076316993,0.988494246155157,0.0,1.0,0.42598530394121575,0.021861336664584636,576,79.43466666667109,4,41688.34566666732
2023-03-16,0.05,A001,2|1|1|1,True,5,5,42,5,4,4,0.9609640474436811,0.18836720392431677,62,1427,1427.0,4248.8611999999885,5950,3540.7176666681444,74,49,25,166.70866666669966,2.2528198198202656,3.775666666666833,10.159999999999995,0.04496614407891541,737.5793602150604,2003.89166666672,866.4249462365901,41688.34566666732,499,0.7943611076316993,0.988494246155157,0.0,1.0,0.42598530394121575,0.021861336664584636,576,79.43466666667109,4,41688.34566666732
2023-03-16,0.1,A001,2|1|1|1,True,5,5,42,5,4,4,0.9609640474436811,0.18836720392431677,62,1427,1427.0,4248.8611999999885,5950,3540.7176666681444,74,49,25,166.70866666669966,2.2528198198202656,3.775666666666833,10.159999999999995,0.04496614407891541,737.5793602150604,2003.89166666672,866.4249462365901,41688.34566666732,499,0.7943611076316993,0.988494246155157,0.0,1.0,0.42598530394121575,0.021861336664584636,576,79.43466666667109,4,41688.34566666732
2023-03-16,0.25,A001,2|1|1|1,True,5,5,42,5,4,4,0.9609640474436811,0.18836720392431677,62,1427,1427.0,4248.8611999999885,5950,3540.7176666681444,74,49,25,166.70866666669966,2.2528198198202656,3.775666666666833,10.159999999999995,0.04496614407891541,737.5793602150604,2003.89166666672,866.4249462365901,41688.34566666732,499,0.7943611076316993,0.988494246155157,0.0,1.0,0.42598530394121575,0.021861336664584636,576,79.43466666667109,4,41688.34566666732
2023-03-16,0.5,A001,2|1|1|1,True,5,5,42,5,4,4,0.9609640474436811,0.18836720392431677,62,1427,1427.0,4248.8611999999885,5950,3540.7176666681444,74,49,25,166.70866666669966,2.2528198198202656,3.775666666666833,10.159999999999995,0.04496614407891541,737.5793602150604,2003.89166666672,866.4249462365901,41688.34566666732,499,0.7943611076316993,0.988494246155157,0.0,1.0,0.42598530394121575,0.021861336664584636,576,79.43466666667109,4,41688.34566666732
2023-03-16,0.75,A001,2|1|1|1,True,5,5,42,5,4,4,0.9609640474436811,0.18836720392431677,62,1427,1427.0,4248.8611999999885,5950,3540.7176666681444,74,49,25,166.70866666669966,2.2528198198202656,3.775666666666833,10.159999999999995,0.04496614407891541,737.5793602150604,2003.89166666672,866.4249462365901,41688.34566666732,499,0.7943611076316993,0.988494246155157,0.0,1.0,0.42598530394121575,0.021861336664584636,576,79.43466666667109,4,41688.34566666732
2023-03-16,1.0,A001,2|1|1|1,True,5,5,42,5,4,4,0.9609640474436811,0.18836720392431677,62,1427,1427.0,4248.8611999999885,5950,3540.7176666681444,74,49,25,166.70866666669966,2.2528198198202656,3.775666666666833,10.159999999999995,0.04496614407891541,737.5793602150604,2003.89166666672,866.4249462365901,41688.34566666732,499,0.7943611076316993,0.988494246155157,0.0,1.0,0.42598530394121575,0.021861336664584636,576,79.43466666667109,4,41688.34566666732
2023-03-16,2.0,A001,2|1|1|1,True,5,5,42,5,4,4,0.9609640474436811,0.18836720392431677,62,1427,1427.0,4248.8611999999885,5950,3540.7176666681444,74,49,25,166.70866666669966,2.2528198198202656,3.775666666666833,10.159999999999995,0.04496614407891541,737.5793602150604,2003.89166666672,866.4249462365901,41688.34566666732,499,0.7943611076316993,0.988494246155157,0.0,1.0,0.42598530394121575,0.021861336664584636,576,79.43466666667109,4,41688.34566666732
2023-03-16,4.0,A001,2|1|1|1,True,5,5,42,5,4,4,0.9609640474436811,0.18836720392431677,62,1427,1427.0,4248.8611999999885,5950,3540.7176666681444,74,49,25,166.70866666669966,2.2528198198202656,3.775666666666833,10.159999999999995,0.04496614407891541,737.5793602150604,2003.89166666672,866.4249462365901,41688.34566666732,499,0.7943611076316993,0.988494246155157,0.0,1.0,0.42598530394121575,0.021861336664584636,576,79.43466666667109,4,41688.34566666732
2023-03-16,8.0,A001,2|1|1|1,True,5,5,42,5,4,4,0.9609640474436811,0.18836720392431677,62,1427,1427.0,4248.8611999999885,5950,3540.7176666681444,74,49,25,166.70866666669966,2.2528198198202656,3.775666666666833,10.159999999999995,0.04496614407891541,737.5793602150604,2003.89166666672,866.4249462365901,41688.34566666732,499,0.7943611076316993,0.988494246155157,0.0,1.0,0.42598530394121575,0.021861336664584636,576,79.43466666667109,4,41688.34566666732
2023-03-17,0.0,A001,1|5|0|1,False,7,7,42,7,4,3,0.5744174271404583,0.21674876847290636,87,2088,2088.0,3549.548399999992,3868,2957.9570000000226,836,112,724,2796.6056666666805,3.3452220893142113,6.0,15.239999999999993,0.485980573791648,1018.2061570881255,2203.9786666666723,1156.350555555559,2342.4923333333386,469,0.7890053540872571,0.7992300455009149,0.0,1.0,0.39443090669103464,0.4038221852928957,188,2116.035000000012,6,2342.4923333333386
2023-03-17,0.05,A001,1|5|0|1,True,7,7,42,7,4,3,0.5744174271404583,0.21674876847290636,87,2088,2088.0,3549.548399999992,3868,2957.9570000000226,836,112,724,2796.6056666666805,3.3452220893142113,6.0,15.239999999999993,0.485980573791648,1018.2061570881255,2203.9786666666723,1156.350555555559,2342.4923333333386,469,0.7890053540872571,0.7992300455009149,0.0,1.0,0.39443090669103464,0.4038221852928957,188,2116.035000000012,6,2342.4923333333386
2023-03-17,0.1,A001,1|5|0|1,True,7,7,42,7,4,3,0.5744174271404583,0.21674876847290636,87,2088,2088.0,3549.548399999992,3868,2957.9570000000226,836,112,724,2796.6056666666805,3.3452220893142113,6.0,15.239999999999993,0.485980573791648,1018.2061570881255,2203.9786666666723,1156.350555555559,2342.4923333333386,469,0.7890053540872571,0.7992300455009149,0.0,1.0,0.39443090669103464,0.4038221852928957,188,2116.035000000012,6,2342.4923333333386
2023-03-17,0.25,A001,1|5|0|1,True,7,7,42,7,4,3,0.5744174271404583,0.21674876847290636,87,2088,2088.0,3549.548399999992,3868,2957.9570000000226,836,112,724,2796.6056666666805,3.3452220893142113,6.0,15.239999999999993,0.485980573791648,1018.2061570881255,2203.9786666666723,1156.350555555559,2342.4923333333386,469,0.7890053540872571,0.7992300455009149,0.0,1.0,0.39443090669103464,0.4038221852928957,188,2116.035000000012,6,2342.4923333333386
2023-03-17,0.5,A001,1|5|0|1,True,7,7,42,7,4,3,0.5744174271404583,0.21674876847290636,87,2088,2088.0,3549.548399999992,3868,2957.9570000000226,836,112,724,2796.6056666666805,3.3452220893142113,6.0,15.239999999999993,0.485980573791648,1018.2061570881255,2203.9786666666723,1156.350555555559,2342.4923333333386,469,0.7890053540872571,0.7992300455009149,0.0,1.0,0.39443090669103464,0.4038221852928957,188,2116.035000000012,6,2342.4923333333386
2023-03-17,0.75,A001,1|5|0|1,True,7,7,42,7,4,3,0.5744174271404583,0.21674876847290636,87,2088,2088.0,3549.548399999992,3868,2957.9570000000226,836,112,724,2796.6056666666805,3.3452220893142113,6.0,15.239999999999993,0.485980573791648,1018.2061570881255,2203.9786666666723,1156.350555555559,2342.4923333333386,469,0.7890053540872571,0.7992300455009149,0.0,1.0,0.39443090669103464,0.4038221852928957,188,2116.035000000012,6,2342.4923333333386
2023-03-17,1.0,A001,1|5|0|1,True,7,7,42,7,4,3,0.5744174271404583,0.21674876847290636,87,2088,2088.0,3549.548399999992,3868,2957.9570000000226,836,112,724,2796.6056666666805,3.3452220893142113,6.0,15.239999999999993,0.485980573791648,1018.2061570881255,2203.9786666666723,1156.350555555559,2342.4923333333386,469,0.7890053540872571,0.7992300455009149,0.0,1.0,0.39443090669103464,0.4038221852928957,188,2116.035000000012,6,2342.4923333333386
2023-03-17,2.0,A001,1|5|0|1,True,7,7,42,7,4,3,0.5744174271404583,0.21674876847290636,87,2088,2088.0,3549.548399999992,3868,2957.9570000000226,836,112,724,2796.6056666666805,3.3452220893142113,6.0,15.239999999999993,0.485980573791648,1018.2061570881255,2203.9786666666723,1156.350555555559,2342.4923333333386,469,0.7890053540872571,0.7992300455009149,0.0,1.0,0.39443090669103464,0.4038221852928957,188,2116.035000000012,6,2342.4923333333386
2023-03-17,4.0,A001,1|5|0|1,True,7,7,42,7,4,3,0.5744174271404583,0.21674876847290636,87,2088,2088.0,3549.548399999992,3868,2957.9570000000226,836,112,724,2796.6056666666805,3.3452220893142113,6.0,15.239999999999993,0.485980573791648,1018.2061570881255,2203.9786666666723,1156.350555555559,2342.4923333333386,469,0.7890053540872571,0.7992300455009149,0.0,1.0,0.39443090669103464,0.4038221852928957,188,2116.035000000012,6,2342.4923333333386
2023-03-17,8.0,A001,1|5|0|1,True,7,7,42,7,4,3,0.5744174271404583,0.21674876847290636,87,2088,2088.0,3549.548399999992,3868,2957.9570000000226,836,112,724,2796.6056666666805,3.3452220893142113,6.0,15.239999999999993,0.485980573791648,1018.2061570881255,2203.9786666666723,1156.350555555559,2342.4923333333386,469,0.7890053540872571,0.7992300455009149,0.0,1.0,0.39443090669103464,0.4038221852928957,188,2116.035000000012,6,2342.4923333333386
2023-03-22,0.0,A001,1|1|3|1,False,6,6,42,6,4,4,0.8962406251802889,0.23090687853410635,200,4657,4657.0,12250.927999999765,17158,10209.106666673599,880,184,696,2902.1454999984667,3.297892613634621,6.0,12.699999999999994,0.2213476991446727,1464.683087500088,5871.463666666484,1600.0943483334484,34597.39433333498,1760,0.549527128704373,0.8889409434923681,0.0,1.0,0.5992140151515152,0.1775769869076157,643,2062.666833332644,5,34597.39433333498
2023-03-22,0.05,A001,1|1|3|1,True,6,6,42,6,4,4,0.8962406251802889,0.23090687853410635,200,4657,4657.0,12250.927999999765,17158,10209.106666673599,880,184,696,2902.1454999984667,3.297892613634621,6.0,12.699999999999994,0.2213476991446727,1464.683087500088,5871.463666666484,1600.0943483334484,34597.39433333498,1760,0.549527128704373,0.8889409434923681,0.0,1.0,0.5992140151515152,0.1775769869076157,643,2062.666833332644,5,34597.39433333498
2023-03-22,0.1,A001,1|1|3|1,True,6,6,42,6,4,4,0.8962406251802889,0.23090687853410635,200,4657,4657.0,12250.927999999765,17158,10209.106666673599,880,184,696,2902.1454999984667,3.297892613634621,6.0,12.699999999999994,0.2213476991446727,1464.683087500088,5871.463666666484,1600.0943483334484,34597.39433333498,1760,0.549527128704373,0.8889409434923681,0.0,1.0,0.5992140151515152,0.1775769869076157,643,2062.666833332644,5,34597.39433333498
2023-03-22,0.25,A001,1|1|3|1,True,6,6,42,6,4,4,0.8962406251802889,0.23090687853410635,200,4657,4657.0,12250.927999999765,17158,10209.106666673599,880,184,696,2902.1454999984667,3.297892613634621,6.0,12.699999999999994,0.2213476991446727,1464.683087500088,5871.463666666484,1600.0943483334484,34597.39433333498,1760,0.549527128704373,0.8889409434923681,0.0,1.0,0.5992140151515152,0.1775769869076157,643,2062.666833332644,5,34597.39433333498
2023-03-22,0.5,A001,1|1|3|1,True,6,6,42,6,4,4,0.8962406251802889,0.23090687853410635,200,4657,4657.0,12250.927999999765,17158,10209.106666673599,880,184,696,2902.1454999984667,3.297892613634621,6.0,12.699999999999994,0.2213476991446727,1464.683087500088,5871.463666666484,1600.0943483334484,34597.39433333498,1760,0.549527128704373,0.8889409434923681,0.0,1.0,0.5992140151515152,0.1775769869076157,643,2062.666833332644,5,34597.39433333498
2023-03-22,0.75,A001,1|1|3|1,True,6,6,42,6,4,4,0.8962406251802889,0.23090687853410635,200,4657,4657.0,12250.927999999765,17158,10209.106666673599,880,184,696,2902.1454999984667,3.297892613634621,6.0,12.699999999999994,0.2213476991446727,1464.683087500088,5871.463666666484,1600.0943483334484,34597.39433333498,1760,0.549527128704373,0.8889409434923681,0.0,1.0,0.5992140151515152,0.1775769869076157,643,2062.666833332644,5,34597.39433333498
2023-03-22,1.0,A001,1|1|3|1,True,6,6,42,6,4,4,0.8962406251802889,0.23090687853410635,200,4657,4657.0,12250.927999999765,17158,10209.106666673599,880,184,696,2902.1454999984667,3.297892613634621,6.0,12.699999999999994,0.2213476991446727,1464.683087500088,5871.463666666484,1600.0943483334484,34597.39433333498,1760,0.549527128704373,0.8889409434923681,0.0,1.0,0.5992140151515152,0.1775769869076157,643,2062.666833332644,5,34597.39433333498
2023-03-22,2.0,A001,1|1|3|1,True,6,6,42,6,4,4,0.8962406251802889,0.23090687853410635,200,4657,4657.0,12250.927999999765,17158,10209.106666673599,880,184,696,2902.1454999984667,3.297892613634621,6.0,12.699999999999994,0.2213476991446727,1464.683087500088,5871.463666666484,1600.0943483334484,34597.39433333498,1760,0.549527128704373,0.8889409434923681,0.0,1.0,0.5992140151515152,0.1775769869076157,643,2062.666833332644,5,34597.39433333498
2023-03-22,4.0,A001,1|1|3|1,True,6,6,42,6,4,4,0.8962406251802889,0.23090687853410635,200,4657,4657.0,12250.927999999765,17158,10209.106666673599,880,184,696,2902.1454999984667,3.297892613634621,6.0,12.699999999999994,0.2213476991446727,1464.683087500088,5871.463666666484,1600.0943483334484,34597.39433333498,1760,0.549527128704373,0.8889409434923681,0.0,1.0,0.5992140151515152,0.1775769869076157,643,2062.666833332644,5,34597.39433333498
2023-03-22,8.0,A001,1|1|3|1,True,6,6,42,6,4,4,0.8962406251802889,0.23090687853410635,200,4657,4657.0,12250.927999999765,17158,10209.106666673599,880,184,696,2902.1454999984667,3.297892613634621,6.0,12.699999999999994,0.2213476991446727,1464.683087500088,5871.463666666484,1600.0943483334484,34597.39433333498,1760,0.549527128704373,0.8889409434923681,0.0,1.0,0.5992140151515152,0.1775769869076157,643,2062.666833332644,5,34597.39433333498
2023-03-27,0.0,A001,0|1|0|5,False,6,6,42,6,4,2,0.32501121082417705,0.04785478547854784,26,606,606.0,931.4688000000002,920,776.2239999999907,235,26,209,833.8183333333341,3.548163120567379,9.0,12.699999999999994,0.5178859686298136,237.039192307692,568.0956666666654,368.8869743589737,689.2359999999984,138,0.7097435377256307,0.7476687649323438,0.0,1.0,0.4509661835748792,0.41569767441860467,62,618.3950000000003,5,689.2359999999984
2023-03-27,0.05,A001,0|1|0|5,True,6,6,42,6,4,2,0.32501121082417705,0.04785478547854784,26,606,606.0,931.4688000000002,920,776.2239999999907,235,26,209,833.8183333333341,3.548163120567379,9.0,12.699999999999994,0.5178859686298136,237.039192307692,568.0956666666654,368.8869743589737,689.2359999999984,138,0.7097435377256307,0.7476687649323438,0.0,1.0,0.4509661835748792,0.41569767441860467,62,618.3950000000003,5,689.2359999999984
2023-03-27,0.1,A001,0|1|0|5,True,6,6,42,6,4,2,0.32501121082417705,0.04785478547854784,26,606,606.0,931.4688000000002,920,776.2239999999907,235,26,209,833.8183333333341,3.548163120567379,9.0,12.699999999999994,0.5178859686298136,237.039192307692,568.0956666666654,368.8869743589737,689.2359999999984,138,0.7097435377256307,0.7476687649323438,0.0,1.0,0.4509661835748792,0.41569767441860467,62,618.3950000000003,5,689.2359999999984
2023-03-27,0.25,A001,0|1|0|5,True,6,6,42,6,4,2,0.32501121082417705,0.04785478547854784,26,606,606.0,931.4688000000002,920,776.2239999999907,235,26,209,833.8183333333341,3.548163120567379,9.0,12.699999999999994,0.5178859686298136,237.039192307692,568.0956666666654,368.8869743589737,689.2359999999984,138,0.7097435377256307,0.7476687649323438,0.0,1.0,0.4509661835748792,0.41569767441860467,62,618.3950000000003,5,689.2359999999984
2023-03-27,0.5,A001,0|1|0|5,True,6,6,42,6,4,2,0.32501121082417705,0.04785478547854784,26,606,606.0,931.4688000000002,920,776.2239999999907,235,26,209,833.8183333333341,3.548163120567379,9.0,12.699999999999994,0.5178859686298136,237.039192307692,568.0956666666654,368.8869743589737,689.2359999999984,138,0.7097435377256307,0.7476687649323438,0.0,1.0,0.4509661835748792,0.41569767441860467,62,618.3950000000003,5,689.2359999999984
2023-03-27,0.75,A001,0|1|0|5,True,6,6,42,6,4,2,0.32501121082417705,0.04785478547854784,26,606,606.0,931.4688000000002,920,776.2239999999907,235,26,209,833.8183333333341,3.548163120567379,9.0,12.699999999999994,0.5178859686298136,237.039192307692,568.0956666666654,368.8869743589737,689.2359999999984,138,0.7097435377256307,0.7476687649323438,0.0,1.0,0.4509661835748792,0.41569767441860467,62,618.3950000000003,5,689.2359999999984
2023-03-27,1.0,A001,0|1|0|5,True,6,6,42,6,4,2,0.32501121082417705,0.04785478547854784,26,606,606.0,931.4688000000002,920,776.2239999999907,235,26,209,833.8183333333341,3.548163120567379,9.0,12.699999999999994,0.5178859686298136,237.039192307692,568.0956666666654,368.8869743589737,689.2359999999984,138,0.7097435377256307,0.7476687649323438,0.0,1.0,0.4509661835748792,0.41569767441860467,62,618.3950000000003,5,689.2359999999984
2023-03-27,2.0,A001,0|1|0|5,True,6,6,42,6,4,2,0.32501121082417705,0.04785478547854784,26,606,606.0,931.4688000000002,920,776.2239999999907,235,26,209,833.8183333333341,3.548163120567379,9.0,12.699999999999994,0.5178859686298136,237.039192307692,568.0956666666654,368.8869743589737,689.2359999999984,138,0.7097435377256307,0.7476687649323438,0.0,1.0,0.4509661835748792,0.41569767441860467,62,618.3950000000003,5,689.2359999999984
2023-03-27,4.0,A001,0|1|0|5,True,6,6,42,6,4,2,0.32501121082417705,0.04785478547854784,26,606,606.0,931.4688000000002,920,776.2239999999907,235,26,209,833.8183333333341,3.548163120567379,9.0,12.699999999999994,0.5178859686298136,237.039192307692,568.0956666666654,368.8869743589737,689.2359999999984,138,0.7097435377256307,0.7476687649323438,0.0,1.0,0.4509661835748792,0.41569767441860467,62,618.3950000000003,5,689.2359999999984
2023-03-27,8.0,A001,0|1|0|5,True,6,6,42,6,4,2,0.32501121082417705,0.04785478547854784,26,606,606.0,931.4688000000002,920,776.2239999999907,235,26,209,833.8183333333341,3.548163120567379,9.0,12.699999999999994,0.5178859686298136,237.039192307692,568.0956666666654,368.8869743589737,689.2359999999984,138,0.7097435377256307,0.7476687649323438,0.0,1.0,0.4509661835748792,0.41569767441860467,62,618.3950000000003,5,689.2359999999984
2023-03-29,0.0,A001,5|1|2|1,False,9,9,42,9,4,4,0.8288713632524445,0.12889418409672582,109,2518,2518.0,9152.077199999992,13604,7626.731000000336,367,296,71,484.16683333329007,1.3192556766574661,3.0,12.699999999999994,0.059693370978425295,790.7371529052024,1828.6863333333717,934.4518119266118,2102.9063333333756,421,0.9620574480276606,0.9902840724196702,0.0,1.0,0.1724116804283075,0.026131293817718292,620,178.2086666666437,7,2102.9063333333756
2023-03-29,0.05,A001,5|1|2|1,True,9,9,42,9,4,4,0.8288713632524445,0.12889418409672582,109,2518,2518.0,9152.077199999992,13604,7626.731000000336,367,296,71,484.16683333329007,1.3192556766574661,3.0,12.699999999999994,0.059693370978425295,790.7371529052024,1828.6863333333717,934.4518119266118,2102.9063333333756,421,0.9620574480276606,0.9902840724196702,0.0,1.0,0.1724116804283075,0.026131293817718292,620,178.2086666666437,7,2102.9063333333756
2023-03-29,0.1,A001,5|1|2|1,True,9,9,42,9,4,4,0.8288713632524445,0.12889418409672582,109,2518,2518.0,9152.077199999992,13604,7626.731000000336,367,296,71,484.16683333329007,1.3192556766574661,3.0,12.699999999999994,0.059693370978425295,790.7371529052024,1828.6863333333717,934.4518119266118,2102.9063333333756,421,0.9620574480276606,0.9902840724196702,0.0,1.0,0.1724116804283075,0.026131293817718292,620,178.2086666666437,7,2102.9063333333756
2023-03-29,0.25,A001,5|1|2|1,True,9,9,42,9,4,4,0.8288713632524445,0.12889418409672582,109,2518,2518.0,9152.077199999992,13604,7626.731000000336,367,296,71,484.16683333329007,1.3192556766574661,3.0,12.699999999999994,0.059693370978425295,790.7371529052024,1828.6863333333717,934.4518119266118,2102.9063333333756,421,0.9620574480276606,0.9902840724196702,0.0,1.0,0.1724116804283075,0.026131293817718292,620,178.2086666666437,7,2102.9063333333756
2023-03-29,0.5,A001,5|1|2|1,True,9,9,42,9,4,4,0.8288713632524445,0.12889418409672582,109,2518,2518.0,9152.077199999992,13604,7626.731000000336,367,296,71,484.16683333329007,1.3192556766574661,3.0,12.699999999999994,0.059693370978425295,790.7371529052024,1828.6863333333717,934.4518119266118,2102.9063333333756,421,0.9620574480276606,0.9902840724196702,0.0,1.0,0.1724116804283075,0.026131293817718292,620,178.2086666666437,7,2102.9063333333756
2023-03-29,0.75,A001,5|1|2|1,True,9,9,42,9,4,4,0.8288713632524445,0.12889418409672582,109,2518,2518.0,9152.077199999992,13604,7626.731000000336,367,296,71,484.16683333329007,1.3192556766574661,3.0,12.699999999999994,0.059693370978425295,790.7371529052024,1828.6863333333717,934.4518119266118,2102.9063333333756,421,0.9620574480276606,0.9902840724196702,0.0,1.0,0.1724116804283075,0.026131293817718292,620,178.2086666666437,7,2102.9063333333756
2023-03-29,1.0,A001,5|1|2|1,True,9,9,42,9,4,4,0.8288713632524445,0.12889418409672582,109,2518,2518.0,9152.077199999992,13604,7626.731000000336,367,296,71,484.16683333329007,1.3192556766574661,3.0,12.699999999999994,0.059693370978425295,790.7371529052024,1828.6863333333717,934.4518119266118,2102.9063333333756,421,0.9620574480276606,0.9902840724196702,0.0,1.0,0.1724116804283075,0.026131293817718292,620,178.2086666666437,7,2102.9063333333756
2023-03-29,2.0,A001,5|1|2|1,True,9,9,42,9,4,4,0.8288713632524445,0.12889418409672582,109,2518,2518.0,9152.077199999992,13604,7626.731000000336,367,296,71,484.16683333329007,1.3192556766574661,3.0,12.699999999999994,0.059693370978425295,790.7371529052024,1828.6863333333717,934.4518119266118,2102.9063333333756,421,0.9620574480276606,0.9902840724196702,0.0,1.0,0.1724116804283075,0.026131293817718292,620,178.2086666666437,7,2102.9063333333756
2023-03-29,4.0,A001,5|1|2|1,True,9,9,42,9,4,4,0.8288713632524445,0.12889418409672582,109,2518,2518.0,9152.077199999992,13604,7626.731000000336,367,296,71,484.16683333329007,1.3192556766574661,3.0,12.699999999999994,0.059693370978425295,790.7371529052024,1828.6863333333717,934.4518119266118,2102.9063333333756,421,0.9620574480276606,0.9902840724196702,0.0,1.0,0.1724116804283075,0.026131293817718292,620,178.2086666666437,7,2102.9063333333756
2023-03-29,8.0,A002,4|1|3|1,False,9,9,42,9,4,4,0.8763576394898525,0.18502338716794636,109,2518,2518.0,9152.077200000089,13604,7626.731000000097,286,220,66,361.7568333333582,1.2648840326341197,3.0,10.159999999999995,0.045284769893979226,848.9534480122403,2301.720666666698,991.5450795107124,2541.684333333358,509,0.9865068542086748,0.9903983999846458,0.0,1.0,0.2024752861196869,0.022150882825040127,616,153.26033333332947,6,2541.684333333358
2023-04-03,0.0,A001,4|2|2|2,False,10,10,42,10,4,4,0.9609640474436811,0.0772151898734177,90,1896,1896.0,7074.458799999969,9688,5895.382333333351,414,299,115,762.321000000015,1.8413550724638044,3.60167499999978,20.31999999999999,0.11450209807085795,427.9877111111071,1101.53200000001,565.162192592589,1446.4476666666812,290,0.9708930024605621,0.9776353149776493,0.0,1.0,0.15909414340448824,0.059393939393939395,597,338.3601666666776,8,1446.4476666666812
2023-04-03,0.05,A001,4|2|2|2,True,10,10,42,10,4,4,0.9609640474436811,0.0772151898734177,90,1896,1896.0,7074.458799999969,9688,5895.382333333351,414,299,115,762.321000000015,1.8413550724638044,3.60167499999978,20.31999999999999,0.11450209807085795,427.9877111111071,1101.53200000001,565.162192592589,1446.4476666666812,290,0.9708930024605621,0.9776353149776493,0.0,1.0,0.15909414340448824,0.059393939393939395,597,338.3601666666776,8,1446.4476666666812
2023-04-03,0.1,A001,4|2|2|2,True,10,10,42,10,4,4,0.9609640474436811,0.0772151898734177,90,1896,1896.0,7074.458799999969,9688,5895.382333333351,414,299,115,762.321000000015,1.8413550724638044,3.60167499999978,20.31999999999999,0.11450209807085795,427.9877111111071,1101.53200000001,565.162192592589,1446.4476666666812,290,0.9708930024605621,0.9776353149776493,0.0,1.0,0.15909414340448824,0.059393939393939395,597,338.3601666666776,8,1446.4476666666812
2023-04-03,0.25,A001,4|2|2|2,True,10,10,42,10,4,4,0.9609640474436811,0.0772151898734177,90,1896,1896.0,7074.458799999969,9688,5895.382333333351,414,299,115,762.321000000015,1.8413550724638044,3.60167499999978,20.31999999999999,0.11450209807085795,427.9877111111071,1101.53200000001,565.162192592589,1446.4476666666812,290,0.9708930024605621,0.9776353149776493,0.0,1.0,0.15909414340448824,0.059393939393939395,597,338.3601666666776,8,1446.4476666666812
2023-04-03,0.5,A002,4|3|2|1,False,10,10,42,10,4,4,0.9232196723355078,0.09704641350210969,90,1896,1896.0,7074.458799999968,9688,5895.382333333359,362,245,117,729.0349999999942,2.0139088397789893,5.057416666666672,20.31999999999999,0.11005269796810184,418.75188148147873,1302.942333333342,555.556518518516,1720.056000000021,345,0.8187154297709702,0.9773592500726115,0.0,1.0,0.302336093857833,0.06356275303643724,599,340.3476666666591,8,1720.056000000021
2023-04-03,0.75,A002,4|3|2|1,True,10,10,42,10,4,4,0.9232196723355078,0.09704641350210969,90,1896,1896.0,7074.458799999968,9688,5895.382333333359,362,245,117,729.0349999999942,2.0139088397789893,5.057416666666672,20.31999999999999,0.11005269796810184,418.75188148147873,1302.942333333342,555.556518518516,1720.056000000021,345,0.8187154297709702,0.9773592500726115,0.0,1.0,0.302336093857833,0.06356275303643724,599,340.3476666666591,8,1720.056000000021
2023-04-03,1.0,A002,4|3|2|1,True,10,10,42,10,4,4,0.9232196723355078,0.09704641350210969,90,1896,1896.0,7074.458799999968,9688,5895.382333333359,362,245,117,729.0349999999942,2.0139088397789893,5.057416666666672,20.31999999999999,0.11005269796810184,418.75188148147873,1302.942333333342,555.556518518516,1720.056000000021,345,0.8187154297709702,0.9773592500726115,0.0,1.0,0.302336093857833,0.06356275303643724,599,340.3476666666591,8,1720.056000000021
2023-04-03,2.0,A002,4|3|2|1,True,10,10,42,10,4,4,0.9232196723355078,0.09704641350210969,90,1896,1896.0,7074.458799999968,9688,5895.382333333359,362,245,117,729.0349999999942,2.0139088397789893,5.057416666666672,20.31999999999999,0.11005269796810184,418.75188148147873,1302.942333333342,555.556518518516,1720.056000000021,345,0.8187154297709702,0.9773592500726115,0.0,1.0,0.302336093857833,0.06356275303643724,599,340.3476666666591,8,1720.056000000021
2023-04-03,4.0,A003,4|4|1|1,False,10,10,42,10,4,4,0.8609640474436813,0.170042194092827,90,1896,1896.0,7074.458799999969,9688,5895.382333333421,333,265,68,584.8970000000065,1.7564474474474672,5.01580000000001,20.31999999999999,0.09025799196516086,445.22244999999856,1620.3361666667083,580.4255537037033,2004.9068333333857,401,0.8501232943222661,0.985258500067135,0.0,1.0,0.325277085065115,0.04059040590405904,602,200.6993333333258,8,2004.9068333333857
2023-04-03,8.0,A004,3|5|1|1,False,10,10,42,10,4,4,0.8427376486136673,0.27004219409282704,90,1896,1896.0,7074.458799999978,9688,5895.382333333485,264,222,42,450.0546666666498,1.7047525252524613,3.7698000000000405,20.31999999999999,0.07092571664751225,507.69649629629555,1616.8943333333696,641.4013518518526,2002.5063333333783,401,0.9180899330688775,0.9896614601091933,0.0,1.0,0.2508302656058267,0.026937422295897222,601,121.91449999999723,8,2002.5063333333783
2023-04-04,0.0,A001,3|1|2|1,False,7,7,42,7,4,4,0.9211854965885544,0.17783046828689986,35,723,723.0,3431.8448000000017,4908,2859.8706666666076,79,70,9,82.66333333334042,1.0463713080169674,3.0,5.079999999999998,0.028092566928144887,303.7751523809496,734.892999999991,449.8189809523767,946.0306666666564,190,0.9923878172184759,0.9976385464101081,0.0,1.0,0.20142857142857143,0.005847953216374269,547,20.991333333334275,2,946.0306666666564
2023-04-04,0.05,A001,3|1|2|1,True,7,7,42,7,4,4,0.9211854965885544,0.17783046828689986,35,723,723.0,3431.8448000000017,4908,2859.8706666666076,79,70,9,82.66333333334042,1.0463713080169674,3.0,5.079999999999998,0.028092566928144887,303.7751523809496,734.892999999991,449.8189809523767,946.0306666666564,190,0.9923878172184759,0.9976385464101081,0.0,1.0,0.20142857142857143,0.005847953216374269,547,20.991333333334275,2,946.0306666666564
2023-04-04,0.1,A001,3|1|2|1,True,7,7,42,7,4,4,0.9211854965885544,0.17783046828689986,35,723,723.0,3431.8448000000017,4908,2859.8706666666076,79,70,9,82.66333333334042,1.0463713080169674,3.0,5.079999999999998,0.028092566928144887,303.7751523809496,734.892999999991,449.8189809523767,946.0306666666564,190,0.9923878172184759,0.9976385464101081,0.0,1.0,0.20142857142857143,0.005847953216374269,547,20.991333333334275,2,946.0306666666564
2023-04-04,0.25,A001,3|1|2|1,True,7,7,42,7,4,4,0.9211854965885544,0.17783046828689986,35,723,723.0,3431.8448000000017,4908,2859.8706666666076,79,70,9,82.66333333334042,1.0463713080169674,3.0,5.079999999999998,0.028092566928144887,303.7751523809496,734.892999999991,449.8189809523767,946.0306666666564,190,0.9923878172184759,0.9976385464101081,0.0,1.0,0.20142857142857143,0.005847953216374269,547,20.991333333334275,2,946.0306666666564
2023-04-04,0.5,A001,3|1|2|1,True,7,7,42,7,4,4,0.9211854965885544,0.17783046828689986,35,723,723.0,3431.8448000000017,4908,2859.8706666666076,79,70,9,82.66333333334042,1.0463713080169674,3.0,5.079999999999998,0.028092566928144887,303.7751523809496,734.892999999991,449.8189809523767,946.0306666666564,190,0.9923878172184759,0.9976385464101081,0.0,1.0,0.20142857142857143,0.005847953216374269,547,20.991333333334275,2,946.0306666666564
2023-04-04,0.75,A001,3|1|2|1,True,7,7,42,7,4,4,0.9211854965885544,0.17783046828689986,35,723,723.0,3431.8448000000017,4908,2859.8706666666076,79,70,9,82.66333333334042,1.0463713080169674,3.0,5.079999999999998,0.028092566928144887,303.7751523809496,734.892999999991,449.8189809523767,946.0306666666564,190,0.9923878172184759,0.9976385464101081,0.0,1.0,0.20142857142857143,0.005847953216374269,547,20.991333333334275,2,946.0306666666564
2023-04-04,1.0,A001,3|1|2|1,True,7,7,42,7,4,4,0.9211854965885544,0.17783046828689986,35,723,723.0,3431.8448000000017,4908,2859.8706666666076,79,70,9,82.66333333334042,1.0463713080169674,3.0,5.079999999999998,0.028092566928144887,303.7751523809496,734.892999999991,449.8189809523767,946.0306666666564,190,0.9923878172184759,0.9976385464101081,0.0,1.0,0.20142857142857143,0.005847953216374269,547,20.991333333334275,2,946.0306666666564
2023-04-04,2.0,A001,3|1|2|1,True,7,7,42,7,4,4,0.9211854965885544,0.17783046828689986,35,723,723.0,3431.8448000000017,4908,2859.8706666666076,79,70,9,82.66333333334042,1.0463713080169674,3.0,5.079999999999998,0.028092566928144887,303.7751523809496,734.892999999991,449.8189809523767,946.0306666666564,190,0.9923878172184759,0.9976385464101081,0.0,1.0,0.20142857142857143,0.005847953216374269,547,20.991333333334275,2,946.0306666666564
2023-04-04,4.0,A001,3|1|2|1,True,7,7,42,7,4,4,0.9211854965885544,0.17783046828689986,35,723,723.0,3431.8448000000017,4908,2859.8706666666076,79,70,9,82.66333333334042,1.0463713080169674,3.0,5.079999999999998,0.028092566928144887,303.7751523809496,734.892999999991,449.8189809523767,946.0306666666564,190,0.9923878172184759,0.9976385464101081,0.0,1.0,0.20142857142857143,0.005847953216374269,547,20.991333333334275,2,946.0306666666564
2023-04-04,8.0,A001,3|1|2|1,True,7,7,42,7,4,4,0.9211854965885544,0.17783046828689986,35,723,723.0,3431.8448000000017,4908,2859.8706666666076,79,70,9,82.66333333334042,1.0463713080169674,3.0,5.079999999999998,0.028092566928144887,303.7751523809496,734.892999999991,449.8189809523767,946.0306666666564,190,0.9923878172184759,0.9976385464101081,0.0,1.0,0.20142857142857143,0.005847953216374269,547,20.991333333334275,2,946.0306666666564
2023-04-06,0.0,A001,5|0|2|1,False,8,8,42,8,4,3,0.6493974703476992,0.09850993377483443,22,453,453.0,1693.9767999999985,2380,1411.6473333332935,55,46,9,85.9868333333291,1.5633969696968928,5.079999999999949,7.783999999998628,0.05741511194600704,77.07577272727094,292.1836666666617,206.9227803030265,903.1229999999929,121,0.8884761947892196,0.9862900877935373,0.0,1.0,0.3352617079889807,0.03819444444444445,403,30.91199999999958,4,903.1229999999929
2023-04-06,0.05,A001,5|0|2|1,True,8,8,42,8,4,3,0.6493974703476992,0.09850993377483443,22,453,453.0,1693.9767999999985,2380,1411.6473333332935,55,46,9,85.9868333333291,1.5633969696968928,5.079999999999949,7.783999999998628,0.05741511194600704,77.07577272727094,292.1836666666617,206.9227803030265,903.1229999999929,121,0.8884761947892196,0.9862900877935373,0.0,1.0,0.3352617079889807,0.03819444444444445,403,30.91199999999958,4,903.1229999999929
2023-04-06,0.1,A001,5|0|2|1,True,8,8,42,8,4,3,0.6493974703476992,0.09850993377483443,22,453,453.0,1693.9767999999985,2380,1411.6473333332935,55,46,9,85.9868333333291,1.5633969696968928,5.079999999999949,7.783999999998628,0.05741511194600704,77.07577272727094,292.1836666666617,206.9227803030265,903.1229999999929,121,0.8884761947892196,0.9862900877935373,0.0,1.0,0.3352617079889807,0.03819444444444445,403,30.91199999999958,4,903.1229999999929
2023-04-06,0.25,A001,5|0|2|1,True,8,8,42,8,4,3,0.6493974703476992,0.09850993377483443,22,453,453.0,1693.9767999999985,2380,1411.6473333332935,55,46,9,85.9868333333291,1.5633969696968928,5.079999999999949,7.783999999998628,0.05741511194600704,77.07577272727094,292.1836666666617,206.9227803030265,903.1229999999929,121,0.8884761947892196,0.9862900877935373,0.0,1.0,0.3352617079889807,0.03819444444444445,403,30.91199999999958,4,903.1229999999929
2023-04-06,0.5,A001,5|0|2|1,True,8,8,42,8,4,3,0.6493974703476992,0.09850993377483443,22,453,453.0,1693.9767999999985,2380,1411.6473333332935,55,46,9,85.9868333333291,1.5633969696968928,5.079999999999949,7.783999999998628,0.05741511194600704,77.07577272727094,292.1836666666617,206.9227803030265,903.1229999999929,121,0.8884761947892196,0.9862900877935373,0.0,1.0,0.3352617079889807,0.03819444444444445,403,30.91199999999958,4,903.1229999999929
2023-04-06,0.75,A001,5|0|2|1,True,8,8,42,8,4,3,0.6493974703476992,0.09850993377483443,22,453,453.0,1693.9767999999985,2380,1411.6473333332935,55,46,9,85.9868333333291,1.5633969696968928,5.079999999999949,7.783999999998628,0.05741511194600704,77.07577272727094,292.1836666666617,206.9227803030265,903.1229999999929,121,0.8884761947892196,0.9862900877935373,0.0,1.0,0.3352617079889807,0.03819444444444445,403,30.91199999999958,4,903.1229999999929
2023-04-06,1.0,A001,5|0|2|1,True,8,8,42,8,4,3,0.6493974703476992,0.09850993377483443,22,453,453.0,1693.9767999999985,2380,1411.6473333332935,55,46,9,85.9868333333291,1.5633969696968928,5.079999999999949,7.783999999998628,0.05741511194600704,77.07577272727094,292.1836666666617,206.9227803030265,903.1229999999929,121,0.8884761947892196,0.9862900877935373,0.0,1.0,0.3352617079889807,0.03819444444444445,403,30.91199999999958,4,903.1229999999929
2023-04-06,2.0,A001,5|0|2|1,True,8,8,42,8,4,3,0.6493974703476992,0.09850993377483443,22,453,453.0,1693.9767999999985,2380,1411.6473333332935,55,46,9,85.9868333333291,1.5633969696968928,5.079999999999949,7.783999999998628,0.05741511194600704,77.07577272727094,292.1836666666617,206.9227803030265,903.1229999999929,121,0.8884761947892196,0.9862900877935373,0.0,1.0,0.3352617079889807,0.03819444444444445,403,30.91199999999958,4,903.1229999999929
2023-04-06,4.0,A002,4|0|3|1,False,8,8,42,8,4,3,0.7028195311147832,0.16887417218543044,22,453,453.0,1693.9767999999997,2380,1411.6473333332935,43,38,5,51.41833333333027,1.1957751937983783,4.842399999999865,7.783999999998628,0.03514424164602211,92.99421969696776,374.041999999993,221.26993181817792,964.8306666666584,133,0.9103712794307195,0.9924539357728336,0.0,1.0,0.3274078052273541,0.017543859649122806,399,15.077833333332137,4,964.8306666666584
2023-04-06,8.0,A002,4|0|3|1,True,8,8,42,8,4,3,0.7028195311147832,0.16887417218543044,22,453,453.0,1693.9767999999997,2380,1411.6473333332935,43,38,5,51.41833333333027,1.1957751937983783,4.842399999999865,7.783999999998628,0.03514424164602211,92.99421969696776,374.041999999993,221.26993181817792,964.8306666666584,133,0.9103712794307195,0.9924539357728336,0.0,1.0,0.3274078052273541,0.017543859649122806,399,15.077833333332137,4,964.8306666666584
2023-04-11,0.0,A001,3|1|2|1,False,7,7,42,7,4,4,0.9211854965885544,0.14476473081814328,29,674,674.0,3344.5704000000087,4906,2787.141999999941,67,63,4,68.96700000000055,1.0293582089552322,2.676266666666669,5.079999999999998,0.024147187659855403,257.48295977011264,691.1534999999903,425.69361494252445,963.1211666666541,193,0.9738450367780717,0.9944555137469198,0.0,1.0,0.2467308166790032,0.009193054136874362,577,12.68866666666624,3,963.1211666666541
2023-04-11,0.05,A001,3|1|2|1,True,7,7,42,7,4,4,0.9211854965885544,0.14476473081814328,29,674,674.0,3344.5704000000087,4906,2787.141999999941,67,63,4,68.96700000000055,1.0293582089552322,2.676266666666669,5.079999999999998,0.024147187659855403,257.48295977011264,691.1534999999903,425.69361494252445,963.1211666666541,193,0.9738450367780717,0.9944555137469198,0.0,1.0,0.2467308166790032,0.009193054136874362,577,12.68866666666624,3,963.1211666666541
2023-04-11,0.1,A001,3|1|2|1,True,7,7,42,7,4,4,0.9211854965885544,0.14476473081814328,29,674,674.0,3344.5704000000087,4906,2787.141999999941,67,63,4,68.96700000000055,1.0293582089552322,2.676266666666669,5.079999999999998,0.024147187659855403,257.48295977011264,691.1534999999903,425.69361494252445,963.1211666666541,193,0.9738450367780717,0.9944555137469198,0.0,1.0,0.2467308166790032,0.009193054136874362,577,12.68866666666624,3,963.1211666666541
2023-04-11,0.25,A001,3|1|2|1,True,7,7,42,7,4,4,0.9211854965885544,0.14476473081814328,29,674,674.0,3344.5704000000087,4906,2787.141999999941,67,63,4,68.96700000000055,1.0293582089552322,2.676266666666669,5.079999999999998,0.024147187659855403,257.48295977011264,691.1534999999903,425.69361494252445,963.1211666666541,193,0.9738450367780717,0.9944555137469198,0.0,1.0,0.2467308166790032,0.009193054136874362,577,12.68866666666624,3,963.1211666666541
2023-04-11,0.5,A001,3|1|2|1,True,7,7,42,7,4,4,0.9211854965885544,0.14476473081814328,29,674,674.0,3344.5704000000087,4906,2787.141999999941,67,63,4,68.96700000000055,1.0293582089552322,2.676266666666669,5.079999999999998,0.024147187659855403,257.48295977011264,691.1534999999903,425.69361494252445,963.1211666666541,193,0.9738450367780717,0.9944555137469198,0.0,1.0,0.2467308166790032,0.009193054136874362,577,12.68866666666624,3,963.1211666666541
2023-04-11,0.75,A001,3|1|2|1,True,7,7,42,7,4,4,0.9211854965885544,0.14476473081814328,29,674,674.0,3344.5704000000087,4906,2787.141999999941,67,63,4,68.96700000000055,1.0293582089552322,2.676266666666669,5.079999999999998,0.024147187659855403,257.48295977011264,691.1534999999903,425.69361494252445,963.1211666666541,193,0.9738450367780717,0.9944555137469198,0.0,1.0,0.2467308166790032,0.009193054136874362,577,12.68866666666624,3,963.1211666666541
2023-04-11,1.0,A001,3|1|2|1,True,7,7,42,7,4,4,0.9211854965885544,0.14476473081814328,29,674,674.0,3344.5704000000087,4906,2787.141999999941,67,63,4,68.96700000000055,1.0293582089552322,2.676266666666669,5.079999999999998,0.024147187659855403,257.48295977011264,691.1534999999903,425.69361494252445,963.1211666666541,193,0.9738450367780717,0.9944555137469198,0.0,1.0,0.2467308166790032,0.009193054136874362,577,12.68866666666624,3,963.1211666666541
2023-04-11,2.0,A001,3|1|2|1,True,7,7,42,7,4,4,0.9211854965885544,0.14476473081814328,29,674,674.0,3344.5704000000087,4906,2787.141999999941,67,63,4,68.96700000000055,1.0293582089552322,2.676266666666669,5.079999999999998,0.024147187659855403,257.48295977011264,691.1534999999903,425.69361494252445,963.1211666666541,193,0.9738450367780717,0.9944555137469198,0.0,1.0,0.2467308166790032,0.009193054136874362,577,12.68866666666624,3,963.1211666666541
2023-04-11,4.0,A001,3|1|2|1,True,7,7,42,7,4,4,0.9211854965885544,0.14476473081814328,29,674,674.0,3344.5704000000087,4906,2787.141999999941,67,63,4,68.96700000000055,1.0293582089552322,2.676266666666669,5.079999999999998,0.024147187659855403,257.48295977011264,691.1534999999903,425.69361494252445,963.1211666666541,193,0.9738450367780717,0.9944555137469198,0.0,1.0,0.2467308166790032,0.009193054136874362,577,12.68866666666624,3,963.1211666666541
2023-04-11,8.0,A002,2|1|3|1,False,7,7,42,7,4,4,0.9211854965885544,0.19054684188215343,29,674,674.0,3344.5703999999914,4906,2787.1419999999675,62,60,2,67.47366666666632,1.0882849462365536,2.540000000000019,5.079999999999998,0.02363669037991936,299.8721609195373,960.8373333333241,468.03132183907644,1227.1719999999984,246,0.9245952407664262,0.9975896018795651,0.0,1.0,0.36010452961672473,0.0040858018386108275,568,6.52466666666714,2,1227.1719999999984
2023-04-13,0.0,A001,3|2|2|1,False,8,8,42,8,4,4,0.9528195311147832,0.13259059745347698,90,2042,2042.0,6501.231599999961,8874,5417.693000000127,270,163,107,543.8606666667251,2.0142987654323155,5.586000000000029,15.239999999999993,0.09122800817975385,573.6140425925934,1449.3606666666976,707.9201944444474,1982.4950000000433,397,0.9338165418494466,0.9704847306655243,0.0,1.0,0.23722562072688017,0.05777961205117623,590,303.8110000000185,6,1982.4950000000433
2023-04-13,0.05,A001,3|2|2|1,True,8,8,42,8,4,4,0.9528195311147832,0.13259059745347698,90,2042,2042.0,6501.231599999961,8874,5417.693000000127,270,163,107,543.8606666667251,2.0142987654323155,5.586000000000029,15.239999999999993,0.09122800817975385,573.6140425925934,1449.3606666666976,707.9201944444474,1982.4950000000433,397,0.9338165418494466,0.9704847306655243,0.0,1.0,0.23722562072688017,0.05777961205117623,590,303.8110000000185,6,1982.4950000000433
2023-04-13,0.1,A001,3|2|2|1,True,8,8,42,8,4,4,0.9528195311147832,0.13259059745347698,90,2042,2042.0,6501.231599999961,8874,5417.693000000127,270,163,107,543.8606666667251,2.0142987654323155,5.586000000000029,15.239999999999993,0.09122800817975385,573.6140425925934,1449.3606666666976,707.9201944444474,1982.4950000000433,397,0.9338165418494466,0.9704847306655243,0.0,1.0,0.23722562072688017,0.05777961205117623,590,303.8110000000185,6,1982.4950000000433
2023-04-13,0.25,A001,3|2|2|1,True,8,8,42,8,4,4,0.9528195311147832,0.13259059745347698,90,2042,2042.0,6501.231599999961,8874,5417.693000000127,270,163,107,543.8606666667251,2.0142987654323155,5.586000000000029,15.239999999999993,0.09122800817975385,573.6140425925934,1449.3606666666976,707.9201944444474,1982.4950000000433,397,0.9338165418494466,0.9704847306655243,0.0,1.0,0.23722562072688017,0.05777961205117623,590,303.8110000000185,6,1982.4950000000433
2023-04-13,0.5,A001,3|2|2|1,True,8,8,42,8,4,4,0.9528195311147832,0.13259059745347698,90,2042,2042.0,6501.231599999961,8874,5417.693000000127,270,163,107,543.8606666667251,2.0142987654323155,5.586000000000029,15.239999999999993,0.09122800817975385,573.6140425925934,1449.3606666666976,707.9201944444474,1982.4950000000433,397,0.9338165418494466,0.9704847306655243,0.0,1.0,0.23722562072688017,0.05777961205117623,590,303.8110000000185,6,1982.4950000000433
2023-04-13,0.75,A001,3|2|2|1,True,8,8,42,8,4,4,0.9528195311147832,0.13259059745347698,90,2042,2042.0,6501.231599999961,8874,5417.693000000127,270,163,107,543.8606666667251,2.0142987654323155,5.586000000000029,15.239999999999993,0.09122800817975385,573.6140425925934,1449.3606666666976,707.9201944444474,1982.4950000000433,397,0.9338165418494466,0.9704847306655243,0.0,1.0,0.23722562072688017,0.05777961205117623,590,303.8110000000185,6,1982.4950000000433
2023-04-13,1.0,A001,3|2|2|1,True,8,8,42,8,4,4,0.9528195311147832,0.13259059745347698,90,2042,2042.0,6501.231599999961,8874,5417.693000000127,270,163,107,543.8606666667251,2.0142987654323155,5.586000000000029,15.239999999999993,0.09122800817975385,573.6140425925934,1449.3606666666976,707.9201944444474,1982.4950000000433,397,0.9338165418494466,0.9704847306655243,0.0,1.0,0.23722562072688017,0.05777961205117623,590,303.8110000000185,6,1982.4950000000433
2023-04-13,2.0,A001,3|2|2|1,True,8,8,42,8,4,4,0.9528195311147832,0.13259059745347698,90,2042,2042.0,6501.231599999961,8874,5417.693000000127,270,163,107,543.8606666667251,2.0142987654323155,5.586000000000029,15.239999999999993,0.09122800817975385,573.6140425925934,1449.3606666666976,707.9201944444474,1982.4950000000433,397,0.9338165418494466,0.9704847306655243,0.0,1.0,0.23722562072688017,0.05777961205117623,590,303.8110000000185,6,1982.4950000000433
2023-04-13,4.0,A002,2|2|3|1,False,8,8,42,8,4,4,0.9528195311147832,0.20592556317335944,90,2042,2042.0,6501.231600000055,8874,5417.693000000005,201,151,50,343.3499999999862,1.708208955223812,3.0,12.699999999999994,0.05959858310378638,689.7156333333372,2261.96700000001,821.7938888888928,2795.101333333328,560,0.9593977335520826,0.9912596509025208,0.0,1.0,0.3538605442176871,0.029374737725556023,591,150.48866666665705,5,2795.101333333328
2023-04-13,8.0,A002,2|2|3|1,True,8,8,42,8,4,4,0.9528195311147832,0.20592556317335944,90,2042,2042.0,6501.231600000055,8874,5417.693000000005,201,151,50,343.3499999999862,1.708208955223812,3.0,12.699999999999994,0.05959858310378638,689.7156333333372,2261.96700000001,821.7938888888928,2795.101333333328,560,0.9593977335520826,0.9912596509025208,0.0,1.0,0.3538605442176871,0.029374737725556023,591,150.48866666665705,5,2795.101333333328
2023-04-17,0.0,A001,3|1|3|1,False,8,8,42,8,4,4,0.9056390622295665,0.028535353535353532,87,1980,1980.0,6784.187599999956,9328,5653.4896666667455,269,188,81,489.2029999999992,1.8185985130111495,4.014099999999932,7.61999999999999,0.07963983004630103,527.9566628352458,1330.5973333333461,666.8381877394613,1737.8696666666865,348,0.963907753579958,0.9865879360171333,0.0,1.0,0.19626778872468528,0.039239983477901696,627,232.61333333333224,3,1737.8696666666865
2023-04-17,0.05,A001,3|1|3|1,True,8,8,42,8,4,4,0.9056390622295665,0.028535353535353532,87,1980,1980.0,6784.187599999956,9328,5653.4896666667455,269,188,81,489.2029999999992,1.8185985130111495,4.014099999999932,7.61999999999999,0.07963983004630103,527.9566628352458,1330.5973333333461,666.8381877394613,1737.8696666666865,348,0.963907753579958,0.9865879360171333,0.0,1.0,0.19626778872468528,0.039239983477901696,627,232.61333333333224,3,1737.8696666666865
2023-04-17,0.1,A001,3|1|3|1,True,8,8,42,8,4,4,0.9056390622295665,0.028535353535353532,87,1980,1980.0,6784.187599999956,9328,5653.4896666667455,269,188,81,489.2029999999992,1.8185985130111495,4.014099999999932,7.61999999999999,0.07963983004630103,527.9566628352458,1330.5973333333461,666.8381877394613,1737.8696666666865,348,0.963907753579958,0.9865879360171333,0.0,1.0,0.19626778872468528,0.039239983477901696,627,232.61333333333224,3,1737.8696666666865
2023-04-17,0.25,A001,3|1|3|1,True,8,8,42,8,4,4,0.9056390622295665,0.028535353535353532,87,1980,1980.0,6784.187599999956,9328,5653.4896666667455,269,188,81,489.2029999999992,1.8185985130111495,4.014099999999932,7.61999999999999,0.07963983004630103,527.9566628352458,1330.5973333333461,666.8381877394613,1737.8696666666865,348,0.963907753579958,0.9865879360171333,0.0,1.0,0.19626778872468528,0.039239983477901696,627,232.61333333333224,3,1737.8696666666865
2023-04-17,0.5,A001,3|1|3|1,True,8,8,42,8,4,4,0.9056390622295665,0.028535353535353532,87,1980,1980.0,6784.187599999956,9328,5653.4896666667455,269,188,81,489.2029999999992,1.8185985130111495,4.014099999999932,7.61999999999999,0.07963983004630103,527.9566628352458,1330.5973333333461,666.8381877394613,1737.8696666666865,348,0.963907753579958,0.9865879360171333,0.0,1.0,0.19626778872468528,0.039239983477901696,627,232.61333333333224,3,1737.8696666666865
2023-04-17,0.75,A001,3|1|3|1,True,8,8,42,8,4,4,0.9056390622295665,0.028535353535353532,87,1980,1980.0,6784.187599999956,9328,5653.4896666667455,269,188,81,489.2029999999992,1.8185985130111495,4.014099999999932,7.61999999999999,0.07963983004630103,527.9566628352458,1330.5973333333461,666.8381877394613,1737.8696666666865,348,0.963907753579958,0.9865879360171333,0.0,1.0,0.19626778872468528,0.039239983477901696,627,232.61333333333224,3,1737.8696666666865
2023-04-17,1.0,A001,3|1|3|1,True,8,8,42,8,4,4,0.9056390622295665,0.028535353535353532,87,1980,1980.0,6784.187599999956,9328,5653.4896666667455,269,188,81,489.2029999999992,1.8185985130111495,4.014099999999932,7.61999999999999,0.07963983004630103,527.9566628352458,1330.5973333333461,666.8381877394613,1737.8696666666865,348,0.963907753579958,0.9865879360171333,0.0,1.0,0.19626778872468528,0.039239983477901696,627,232.61333333333224,3,1737.8696666666865
2023-04-17,2.0,A001,3|1|3|1,True,8,8,42,8,4,4,0.9056390622295665,0.028535353535353532,87,1980,1980.0,6784.187599999956,9328,5653.4896666667455,269,188,81,489.2029999999992,1.8185985130111495,4.014099999999932,7.61999999999999,0.07963983004630103,527.9566628352458,1330.5973333333461,666.8381877394613,1737.8696666666865,348,0.963907753579958,0.9865879360171333,0.0,1.0,0.19626778872468528,0.039239983477901696,627,232.61333333333224,3,1737.8696666666865
2023-04-17,4.0,A001,3|1|3|1,True,8,8,42,8,4,4,0.9056390622295665,0.028535353535353532,87,1980,1980.0,6784.187599999956,9328,5653.4896666667455,269,188,81,489.2029999999992,1.8185985130111495,4.014099999999932,7.61999999999999,0.07963983004630103,527.9566628352458,1330.5973333333461,666.8381877394613,1737.8696666666865,348,0.963907753579958,0.9865879360171333,0.0,1.0,0.19626778872468528,0.039239983477901696,627,232.61333333333224,3,1737.8696666666865
2023-04-17,8.0,A002,2|2|3|1,False,8,8,42,8,4,4,0.9528195311147832,0.15126262626262627,87,1980,1980.0,6784.18760000003,9328,5653.489666666701,221,143,78,359.64833333335423,1.6273680241328246,3.0,7.61999999999999,0.05981042399714607,635.0330919540244,2089.7266666666883,772.4254827586227,2484.7533333333495,497,0.9760864904702445,0.9860060686254299,0.0,1.0,0.30999568841621156,0.037995824634655534,618,213.74583333332748,3,2484.7533333333495
2023-04-18,0.0,A001,3|0|2|1,False,6,6,42,6,4,3,0.7295739585136224,0.10883534136546184,20,415,415.0,1967.0776000000062,2856,1639.2313333333075,42,35,7,57.52416666666746,1.3696230158730347,3.0,5.079999999999997,0.033902448918932813,153.658574999999,499.4624999999943,300.74634999999773,668.2501666666602,134,0.9567196211085138,0.9938017769654329,0.0,1.0,0.27176616915422885,0.010135135135135136,490,17.089166666666735,2,668.2501666666602
2023-04-18,0.05,A001,3|0|2|1,True,6,6,42,6,4,3,0.7295739585136224,0.10883534136546184,20,415,415.0,1967.0776000000062,2856,1639.2313333333075,42,35,7,57.52416666666746,1.3696230158730347,3.0,5.079999999999997,0.033902448918932813,153.658574999999,499.4624999999943,300.74634999999773,668.2501666666602,134,0.9567196211085138,0.9938017769654329,0.0,1.0,0.27176616915422885,0.010135135135135136,490,17.089166666666735,2,668.2501666666602
2023-04-18,0.1,A001,3|0|2|1,True,6,6,42,6,4,3,0.7295739585136224,0.10883534136546184,20,415,415.0,1967.0776000000062,2856,1639.2313333333075,42,35,7,57.52416666666746,1.3696230158730347,3.0,5.079999999999997,0.033902448918932813,153.658574999999,499.4624999999943,300.74634999999773,668.2501666666602,134,0.9567196211085138,0.9938017769654329,0.0,1.0,0.27176616915422885,0.010135135135135136,490,17.089166666666735,2,668.2501666666602
2023-04-18,0.25,A001,3|0|2|1,True,6,6,42,6,4,3,0.7295739585136224,0.10883534136546184,20,415,415.0,1967.0776000000062,2856,1639.2313333333075,42,35,7,57.52416666666746,1.3696230158730347,3.0,5.079999999999997,0.033902448918932813,153.658574999999,499.4624999999943,300.74634999999773,668.2501666666602,134,0.9567196211085138,0.9938017769654329,0.0,1.0,0.27176616915422885,0.010135135135135136,490,17.089166666666735,2,668.2501666666602
2023-04-18,0.5,A001,3|0|2|1,True,6,6,42,6,4,3,0.7295739585136224,0.10883534136546184,20,415,415.0,1967.0776000000062,2856,1639.2313333333075,42,35,7,57.52416666666746,1.3696230158730347,3.0,5.079999999999997,0.033902448918932813,153.658574999999,499.4624999999943,300.74634999999773,668.2501666666602,134,0.9567196211085138,0.9938017769654329,0.0,1.0,0.27176616915422885,0.010135135135135136,490,17.089166666666735,2,668.2501666666602
2023-04-18,0.75,A001,3|0|2|1,True,6,6,42,6,4,3,0.7295739585136224,0.10883534136546184,20,415,415.0,1967.0776000000062,2856,1639.2313333333075,42,35,7,57.52416666666746,1.3696230158730347,3.0,5.079999999999997,0.033902448918932813,153.658574999999,499.4624999999943,300.74634999999773,668.2501666666602,134,0.9567196211085138,0.9938017769654329,0.0,1.0,0.27176616915422885,0.010135135135135136,490,17.089166666666735,2,668.2501666666602
2023-04-18,1.0,A001,3|0|2|1,True,6,6,42,6,4,3,0.7295739585136224,0.10883534136546184,20,415,415.0,1967.0776000000062,2856,1639.2313333333075,42,35,7,57.52416666666746,1.3696230158730347,3.0,5.079999999999997,0.033902448918932813,153.658574999999,499.4624999999943,300.74634999999773,668.2501666666602,134,0.9567196211085138,0.9938017769654329,0.0,1.0,0.27176616915422885,0.010135135135135136,490,17.089166666666735,2,668.2501666666602
2023-04-18,2.0,A001,3|0|2|1,True,6,6,42,6,4,3,0.7295739585136224,0.10883534136546184,20,415,415.0,1967.0776000000062,2856,1639.2313333333075,42,35,7,57.52416666666746,1.3696230158730347,3.0,5.079999999999997,0.033902448918932813,153.658574999999,499.4624999999943,300.74634999999773,668.2501666666602,134,0.9567196211085138,0.9938017769654329,0.0,1.0,0.27176616915422885,0.010135135135135136,490,17.089166666666735,2,668.2501666666602
2023-04-18,4.0,A001,3|0|2|1,True,6,6,42,6,4,3,0.7295739585136224,0.10883534136546184,20,415,415.0,1967.0776000000062,2856,1639.2313333333075,42,35,7,57.52416666666746,1.3696230158730347,3.0,5.079999999999997,0.033902448918932813,153.658574999999,499.4624999999943,300.74634999999773,668.2501666666602,134,0.9567196211085138,0.9938017769654329,0.0,1.0,0.27176616915422885,0.010135135135135136,490,17.089166666666735,2,668.2501666666602
2023-04-18,8.0,A001,3|0|2|1,True,6,6,42,6,4,3,0.7295739585136224,0.10883534136546184,20,415,415.0,1967.0776000000062,2856,1639.2313333333075,42,35,7,57.52416666666746,1.3696230158730347,3.0,5.079999999999997,0.033902448918932813,153.658574999999,499.4624999999943,300.74634999999773,668.2501666666602,134,0.9567196211085138,0.9938017769654329,0.0,1.0,0.27176616915422885,0.010135135135135136,490,17.089166666666735,2,668.2501666666602
2023-04-19,0.0,A001,4|0|3|1,False,8,8,42,8,4,3,0.7028195311147832,0.05154867256637168,53,1130,1130.0,4525.568800000004,6358,3771.307333333257,156,126,30,216.54116666666917,1.3880844017094178,3.0,12.699999999999994,0.05430024903570765,324.88510377358205,735.6689999999918,464.0897924528259,1054.9453333333238,211,0.9496275501815484,0.987051296001511,0.0,1.0,0.19194877002933874,0.026351351351351353,575,78.39883333333492,5,1054.9453333333238
2023-04-19,0.05,A001,4|0|3|1,True,8,8,42,8,4,3,0.7028195311147832,0.05154867256637168,53,1130,1130.0,4525.568800000004,6358,3771.307333333257,156,126,30,216.54116666666917,1.3880844017094178,3.0,12.699999999999994,0.05430024903570765,324.88510377358205,735.6689999999918,464.0897924528259,1054.9453333333238,211,0.9496275501815484,0.987051296001511,0.0,1.0,0.19194877002933874,0.026351351351351353,575,78.39883333333492,5,1054.9453333333238
2023-04-19,0.1,A001,4|0|3|1,True,8,8,42,8,4,3,0.7028195311147832,0.05154867256637168,53,1130,1130.0,4525.568800000004,6358,3771.307333333257,156,126,30,216.54116666666917,1.3880844017094178,3.0,12.699999999999994,0.05430024903570765,324.88510377358205,735.6689999999918,464.0897924528259,1054.9453333333238,211,0.9496275501815484,0.987051296001511,0.0,1.0,0.19194877002933874,0.026351351351351353,575,78.39883333333492,5,1054.9453333333238
2023-04-19,0.25,A001,4|0|3|1,True,8,8,42,8,4,3,0.7028195311147832,0.05154867256637168,53,1130,1130.0,4525.568800000004,6358,3771.307333333257,156,126,30,216.54116666666917,1.3880844017094178,3.0,12.699999999999994,0.05430024903570765,324.88510377358205,735.6689999999918,464.0897924528259,1054.9453333333238,211,0.9496275501815484,0.987051296001511,0.0,1.0,0.19194877002933874,0.026351351351351353,575,78.39883333333492,5,1054.9453333333238
2023-04-19,0.5,A001,4|0|3|1,True,8,8,42,8,4,3,0.7028195311147832,0.05154867256637168,53,1130,1130.0,4525.568800000004,6358,3771.307333333257,156,126,30,216.54116666666917,1.3880844017094178,3.0,12.699999999999994,0.05430024903570765,324.88510377358205,735.6689999999918,464.0897924528259,1054.9453333333238,211,0.9496275501815484,0.987051296001511,0.0,1.0,0.19194877002933874,0.026351351351351353,575,78.39883333333492,5,1054.9453333333238
2023-04-19,0.75,A001,4|0|3|1,True,8,8,42,8,4,3,0.7028195311147832,0.05154867256637168,53,1130,1130.0,4525.568800000004,6358,3771.307333333257,156,126,30,216.54116666666917,1.3880844017094178,3.0,12.699999999999994,0.05430024903570765,324.88510377358205,735.6689999999918,464.0897924528259,1054.9453333333238,211,0.9496275501815484,0.987051296001511,0.0,1.0,0.19194877002933874,0.026351351351351353,575,78.39883333333492,5,1054.9453333333238
2023-04-19,1.0,A001,4|0|3|1,True,8,8,42,8,4,3,0.7028195311147832,0.05154867256637168,53,1130,1130.0,4525.568800000004,6358,3771.307333333257,156,126,30,216.54116666666917,1.3880844017094178,3.0,12.699999999999994,0.05430024903570765,324.88510377358205,735.6689999999918,464.0897924528259,1054.9453333333238,211,0.9496275501815484,0.987051296001511,0.0,1.0,0.19194877002933874,0.026351351351351353,575,78.39883333333492,5,1054.9453333333238
2023-04-19,2.0,A001,4|0|3|1,True,8,8,42,8,4,3,0.7028195311147832,0.05154867256637168,53,1130,1130.0,4525.568800000004,6358,3771.307333333257,156,126,30,216.54116666666917,1.3880844017094178,3.0,12.699999999999994,0.05430024903570765,324.88510377358205,735.6689999999918,464.0897924528259,1054.9453333333238,211,0.9496275501815484,0.987051296001511,0.0,1.0,0.19194877002933874,0.026351351351351353,575,78.39883333333492,5,1054.9453333333238
2023-04-19,4.0,A002,3|0|4|1,False,8,8,42,8,4,3,0.7028195311147832,0.13473451327433628,53,1130,1130.0,4525.568799999987,6358,3771.3073333333195,170,133,37,269.86833333333396,1.5874607843137292,5.173133333333384,10.159999999999995,0.06677965908765697,356.16831446540584,1055.9003333333328,496.37917610062567,1394.4636666666813,279,0.8951260437262977,0.9832290007859726,0.0,1.0,0.3005248335893497,0.035594358629952985,574,97.52933333333634,5,1394.4636666666813
2023-04-19,8.0,A002,3|0|4|1,True,8,8,42,8,4,3,0.7028195311147832,0.13473451327433628,53,1130,1130.0,4525.568799999987,6358,3771.3073333333195,170,133,37,269.86833333333396,1.5874607843137292,5.173133333333384,10.159999999999995,0.06677965908765697,356.16831446540584,1055.9003333333328,496.37917610062567,1394.4636666666813,279,0.8951260437262977,0.9832290007859726,0.0,1.0,0.3005248335893497,0.035594358629952985,574,97.52933333333634,5,1394.4636666666813
2023-04-20,0.0,A001,2|1|1|1,False,5,5,42,5,4,4,0.9609640474436811,0.19281767955801105,35,724,724.0,3133.801199999981,4420,2611.5009999999616,42,35,7,49.56933333332719,1.180222222222076,3.0,5.079999999999998,0.018627592330953555,349.12219047618845,1474.3553333333543,487.20991428571097,14391.868666666654,441,0.5649783645205018,0.9966218350141651,0.0,1.0,0.645880574452003,0.00823045267489712,555,18.46866666666555,2,14391.868666666654
2023-04-20,0.05,A001,2|1|1|1,True,5,5,42,5,4,4,0.9609640474436811,0.19281767955801105,35,724,724.0,3133.801199999981,4420,2611.5009999999616,42,35,7,49.56933333332719,1.180222222222076,3.0,5.079999999999998,0.018627592330953555,349.12219047618845,1474.3553333333543,487.20991428571097,14391.868666666654,441,0.5649783645205018,0.9966218350141651,0.0,1.0,0.645880574452003,0.00823045267489712,555,18.46866666666555,2,14391.868666666654
2023-04-20,0.1,A001,2|1|1|1,True,5,5,42,5,4,4,0.9609640474436811,0.19281767955801105,35,724,724.0,3133.801199999981,4420,2611.5009999999616,42,35,7,49.56933333332719,1.180222222222076,3.0,5.079999999999998,0.018627592330953555,349.12219047618845,1474.3553333333543,487.20991428571097,14391.868666666654,441,0.5649783645205018,0.9966218350141651,0.0,1.0,0.645880574452003,0.00823045267489712,555,18.46866666666555,2,14391.868666666654
2023-04-20,0.25,A001,2|1|1|1,True,5,5,42,5,4,4,0.9609640474436811,0.19281767955801105,35,724,724.0,3133.801199999981,4420,2611.5009999999616,42,35,7,49.56933333332719,1.180222222222076,3.0,5.079999999999998,0.018627592330953555,349.12219047618845,1474.3553333333543,487.20991428571097,14391.868666666654,441,0.5649783645205018,0.9966218350141651,0.0,1.0,0.645880574452003,0.00823045267489712,555,18.46866666666555,2,14391.868666666654
2023-04-20,0.5,A001,2|1|1|1,True,5,5,42,5,4,4,0.9609640474436811,0.19281767955801105,35,724,724.0,3133.801199999981,4420,2611.5009999999616,42,35,7,49.56933333332719,1.180222222222076,3.0,5.079999999999998,0.018627592330953555,349.12219047618845,1474.3553333333543,487.20991428571097,14391.868666666654,441,0.5649783645205018,0.9966218350141651,0.0,1.0,0.645880574452003,0.00823045267489712,555,18.46866666666555,2,14391.868666666654
2023-04-20,0.75,A001,2|1|1|1,True,5,5,42,5,4,4,0.9609640474436811,0.19281767955801105,35,724,724.0,3133.801199999981,4420,2611.5009999999616,42,35,7,49.56933333332719,1.180222222222076,3.0,5.079999999999998,0.018627592330953555,349.12219047618845,1474.3553333333543,487.20991428571097,14391.868666666654,441,0.5649783645205018,0.9966218350141651,0.0,1.0,0.645880574452003,0.00823045267489712,555,18.46866666666555,2,14391.868666666654
2023-04-20,1.0,A001,2|1|1|1,True,5,5,42,5,4,4,0.9609640474436811,0.19281767955801105,35,724,724.0,3133.801199999981,4420,2611.5009999999616,42,35,7,49.56933333332719,1.180222222222076,3.0,5.079999999999998,0.018627592330953555,349.12219047618845,1474.3553333333543,487.20991428571097,14391.868666666654,441,0.5649783645205018,0.9966218350141651,0.0,1.0,0.645880574452003,0.00823045267489712,555,18.46866666666555,2,14391.868666666654
2023-04-20,2.0,A001,2|1|1|1,True,5,5,42,5,4,4,0.9609640474436811,0.19281767955801105,35,724,724.0,3133.801199999981,4420,2611.5009999999616,42,35,7,49.56933333332719,1.180222222222076,3.0,5.079999999999998,0.018627592330953555,349.12219047618845,1474.3553333333543,487.20991428571097,14391.868666666654,441,0.5649783645205018,0.9966218350141651,0.0,1.0,0.645880574452003,0.00823045267489712,555,18.46866666666555,2,14391.868666666654
2023-04-20,4.0,A002,1|1|2|1,False,5,5,42,5,4,4,0.9609640474436811,0.23784530386740332,35,724,724.0,3133.8012000000344,4420,2611.50099999994,40,32,8,54.48633333333709,1.3621583333334273,3.103999999999994,7.61999999999999,0.02043758147388231,285.1398952380904,963.7689999999973,423.36810476189834,14769.240999999958,448,0.41272623613926557,0.9940932999483386,0.0,1.0,0.7084821428571428,0.01131687242798354,553,22.538333333333313,3,14769.240999999958
2023-04-20,8.0,A002,1|1|2|1,True,5,5,42,5,4,4,0.9609640474436811,0.23784530386740332,35,724,724.0,3133.8012000000344,4420,2611.50099999994,40,32,8,54.48633333333709,1.3621583333334273,3.103999999999994,7.61999999999999,0.02043758147388231,285.1398952380904,963.7689999999973,423.36810476189834,14769.240999999958,448,0.41272623613926557,0.9940932999483386,0.0,1.0,0.7084821428571428,0.01131687242798354,553,22.538333333333313,3,14769.240999999958
2023-04-24,0.0,A001,3|1|2|1,False,7,7,42,7,4,4,0.9211854965885544,0.14877943088256534,48,989,989.0,4012.895199999986,5936,3344.0793333374304,86,75,11,97.63599999972614,1.1353023255782109,2.9534166666666692,5.080000000001746,0.02836841241749541,106.0585763889492,448.0486666666626,239.57347916680664,33367.347666667556,330,0.8881872396817083,0.9969448608672237,0.0,1.0,0.36417748917748916,0.007739938080495356,578,25.106833333192128,2,33367.347666667556
2023-04-24,0.05,A001,3|1|2|1,True,7,7,42,7,4,4,0.9211854965885544,0.14877943088256534,48,989,989.0,4012.895199999986,5936,3344.0793333374304,86,75,11,97.63599999972614,1.1353023255782109,2.9534166666666692,5.080000000001746,0.02836841241749541,106.0585763889492,448.0486666666626,239.57347916680664,33367.347666667556,330,0.8881872396817083,0.9969448608672237,0.0,1.0,0.36417748917748916,0.007739938080495356,578,25.106833333192128,2,33367.347666667556
2023-04-24,0.1,A001,3|1|2|1,True,7,7,42,7,4,4,0.9211854965885544,0.14877943088256534,48,989,989.0,4012.895199999986,5936,3344.0793333374304,86,75,11,97.63599999972614,1.1353023255782109,2.9534166666666692,5.080000000001746,0.02836841241749541,106.0585763889492,448.0486666666626,239.57347916680664,33367.347666667556,330,0.8881872396817083,0.9969448608672237,0.0,1.0,0.36417748917748916,0.007739938080495356,578,25.106833333192128,2,33367.347666667556
2023-04-24,0.25,A001,3|1|2|1,True,7,7,42,7,4,4,0.9211854965885544,0.14877943088256534,48,989,989.0,4012.895199999986,5936,3344.0793333374304,86,75,11,97.63599999972614,1.1353023255782109,2.9534166666666692,5.080000000001746,0.02836841241749541,106.0585763889492,448.0486666666626,239.57347916680664,33367.347666667556,330,0.8881872396817083,0.9969448608672237,0.0,1.0,0.36417748917748916,0.007739938080495356,578,25.106833333192128,2,33367.347666667556
2023-04-24,0.5,A001,3|1|2|1,True,7,7,42,7,4,4,0.9211854965885544,0.14877943088256534,48,989,989.0,4012.895199999986,5936,3344.0793333374304,86,75,11,97.63599999972614,1.1353023255782109,2.9534166666666692,5.080000000001746,0.02836841241749541,106.0585763889492,448.0486666666626,239.57347916680664,33367.347666667556,330,0.8881872396817083,0.9969448608672237,0.0,1.0,0.36417748917748916,0.007739938080495356,578,25.106833333192128,2,33367.347666667556
2023-04-24,0.75,A001,3|1|2|1,True,7,7,42,7,4,4,0.9211854965885544,0.14877943088256534,48,989,989.0,4012.895199999986,5936,3344.0793333374304,86,75,11,97.63599999972614,1.1353023255782109,2.9534166666666692,5.080000000001746,0.02836841241749541,106.0585763889492,448.0486666666626,239.57347916680664,33367.347666667556,330,0.8881872396817083,0.9969448608672237,0.0,1.0,0.36417748917748916,0.007739938080495356,578,25.106833333192128,2,33367.347666667556
2023-04-24,1.0,A001,3|1|2|1,True,7,7,42,7,4,4,0.9211854965885544,0.14877943088256534,48,989,989.0,4012.895199999986,5936,3344.0793333374304,86,75,11,97.63599999972614,1.1353023255782109,2.9534166666666692,5.080000000001746,0.02836841241749541,106.0585763889492,448.0486666666626,239.57347916680664,33367.347666667556,330,0.8881872396817083,0.9969448608672237,0.0,1.0,0.36417748917748916,0.007739938080495356,578,25.106833333192128,2,33367.347666667556
2023-04-24,2.0,A001,3|1|2|1,True,7,7,42,7,4,4,0.9211854965885544,0.14877943088256534,48,989,989.0,4012.895199999986,5936,3344.0793333374304,86,75,11,97.63599999972614,1.1353023255782109,2.9534166666666692,5.080000000001746,0.02836841241749541,106.0585763889492,448.0486666666626,239.57347916680664,33367.347666667556,330,0.8881872396817083,0.9969448608672237,0.0,1.0,0.36417748917748916,0.007739938080495356,578,25.106833333192128,2,33367.347666667556
2023-04-24,4.0,A001,3|1|2|1,True,7,7,42,7,4,4,0.9211854965885544,0.14877943088256534,48,989,989.0,4012.895199999986,5936,3344.0793333374304,86,75,11,97.63599999972614,1.1353023255782109,2.9534166666666692,5.080000000001746,0.02836841241749541,106.0585763889492,448.0486666666626,239.57347916680664,33367.347666667556,330,0.8881872396817083,0.9969448608672237,0.0,1.0,0.36417748917748916,0.007739938080495356,578,25.106833333192128,2,33367.347666667556
2023-04-24,8.0,A002,4|1|1|1,False,7,7,42,7,4,4,0.8322488896002307,0.12797919976888633,48,989,989.0,4012.895199999995,5936,3344.0793333374318,90,84,6,114.19666666712713,1.2688518518569682,2.961900000000423,5.080000000001746,0.0330212703286194,125.61528472233314,546.328500001342,259.47520138909476,33666.03816666819,357,0.7213512855201066,0.9981488718243335,0.0,1.0,0.4719954648526077,0.006177606177606178,576,16.498333333333733,3,33666.03816666819
2023-04-25,0.0,A001,2|0|3|1,False,6,6,42,6,4,3,0.7295739585136224,0.13514302393461766,26,571,571.0,1685.2392000000007,2302,1404.3659999999766,83,41,42,220.478000000003,2.6563614457831686,6.0,7.61999999999999,0.13569179564315453,237.65137179487073,564.0493333333309,366.0299871794853,761.4966666666621,153,0.872012338547161,0.9598409194080261,0.0,1.0,0.35076252723311546,0.09239940387481371,393,137.07666666666796,3,761.4966666666621
2023-04-25,0.05,A001,2|0|3|1,True,6,6,42,6,4,3,0.7295739585136224,0.13514302393461766,26,571,571.0,1685.2392000000007,2302,1404.3659999999766,83,41,42,220.478000000003,2.6563614457831686,6.0,7.61999999999999,0.13569179564315453,237.65137179487073,564.0493333333309,366.0299871794853,761.4966666666621,153,0.872012338547161,0.9598409194080261,0.0,1.0,0.35076252723311546,0.09239940387481371,393,137.07666666666796,3,761.4966666666621
2023-04-25,0.1,A001,2|0|3|1,True,6,6,42,6,4,3,0.7295739585136224,0.13514302393461766,26,571,571.0,1685.2392000000007,2302,1404.3659999999766,83,41,42,220.478000000003,2.6563614457831686,6.0,7.61999999999999,0.13569179564315453,237.65137179487073,564.0493333333309,366.0299871794853,761.4966666666621,153,0.872012338547161,0.9598409194080261,0.0,1.0,0.35076252723311546,0.09239940387481371,393,137.07666666666796,3,761.4966666666621
2023-04-25,0.25,A001,2|0|3|1,True,6,6,42,6,4,3,0.7295739585136224,0.13514302393461766,26,571,571.0,1685.2392000000007,2302,1404.3659999999766,83,41,42,220.478000000003,2.6563614457831686,6.0,7.61999999999999,0.13569179564315453,237.65137179487073,564.0493333333309,366.0299871794853,761.4966666666621,153,0.872012338547161,0.9598409194080261,0.0,1.0,0.35076252723311546,0.09239940387481371,393,137.07666666666796,3,761.4966666666621
2023-04-25,0.5,A001,2|0|3|1,True,6,6,42,6,4,3,0.7295739585136224,0.13514302393461766,26,571,571.0,1685.2392000000007,2302,1404.3659999999766,83,41,42,220.478000000003,2.6563614457831686,6.0,7.61999999999999,0.13569179564315453,237.65137179487073,564.0493333333309,366.0299871794853,761.4966666666621,153,0.872012338547161,0.9598409194080261,0.0,1.0,0.35076252723311546,0.09239940387481371,393,137.07666666666796,3,761.4966666666621
2023-04-25,0.75,A001,2|0|3|1,True,6,6,42,6,4,3,0.7295739585136224,0.13514302393461766,26,571,571.0,1685.2392000000007,2302,1404.3659999999766,83,41,42,220.478000000003,2.6563614457831686,6.0,7.61999999999999,0.13569179564315453,237.65137179487073,564.0493333333309,366.0299871794853,761.4966666666621,153,0.872012338547161,0.9598409194080261,0.0,1.0,0.35076252723311546,0.09239940387481371,393,137.07666666666796,3,761.4966666666621
2023-04-25,1.0,A001,2|0|3|1,True,6,6,42,6,4,3,0.7295739585136224,0.13514302393461766,26,571,571.0,1685.2392000000007,2302,1404.3659999999766,83,41,42,220.478000000003,2.6563614457831686,6.0,7.61999999999999,0.13569179564315453,237.65137179487073,564.0493333333309,366.0299871794853,761.4966666666621,153,0.872012338547161,0.9598409194080261,0.0,1.0,0.35076252723311546,0.09239940387481371,393,137.07666666666796,3,761.4966666666621
2023-04-25,2.0,A002,1|0|4|1,False,6,6,42,6,4,3,0.6258145836939114,0.1678342089900759,26,571,571.0,1685.2392,2302,1404.3659999999845,70,29,41,167.13099999999926,2.3875857142857035,3.0,7.61999999999999,0.10635145978643357,272.56308974358814,977.6506666666562,398.8898974358952,1134.8279999999957,227,0.4621387178237391,0.9624356784035668,0.0,1.0,0.6445668135095448,0.07738998482549317,388,120.40900000000126,3,1134.8279999999957
2023-04-25,4.0,A002,1|0|4|1,True,6,6,42,6,4,3,0.6258145836939114,0.1678342089900759,26,571,571.0,1685.2392,2302,1404.3659999999845,70,29,41,167.13099999999926,2.3875857142857035,3.0,7.61999999999999,0.10635145978643357,272.56308974358814,977.6506666666562,398.8898974358952,1134.8279999999957,227,0.4621387178237391,0.9624356784035668,0.0,1.0,0.6445668135095448,0.07738998482549317,388,120.40900000000126,3,1134.8279999999957
2023-04-25,8.0,A002,1|0|4|1,True,6,6,42,6,4,3,0.6258145836939114,0.1678342089900759,26,571,571.0,1685.2392,2302,1404.3659999999845,70,29,41,167.13099999999926,2.3875857142857035,3.0,7.61999999999999,0.10635145978643357,272.56308974358814,977.6506666666562,398.8898974358952,1134.8279999999957,227,0.4621387178237391,0.9624356784035668,0.0,1.0,0.6445668135095448,0.07738998482549317,388,120.40900000000126,3,1134.8279999999957
2023-04-26,0.0,A001,3|1|2|1,False,7,7,42,7,4,4,0.9211854965885544,0.16087683447891513,37,769,769.0,3155.848400000001,4594,2629.8736666703658,56,48,8,60.133666667135635,1.0738154761988508,3.0,5.079999999999998,0.022354461983019054,152.2005945947017,565.8289999999928,287.2548468470666,34392.87966666753,294,0.9102487999753928,0.9985565193759905,0.0,1.0,0.3700113378684807,0.005952380952380952,525,23.524000000012684,2,34392.87966666753
2023-04-26,0.05,A001,3|1|2|1,True,7,7,42,7,4,4,0.9211854965885544,0.16087683447891513,37,769,769.0,3155.848400000001,4594,2629.8736666703658,56,48,8,60.133666667135635,1.0738154761988508,3.0,5.079999999999998,0.022354461983019054,152.2005945947017,565.8289999999928,287.2548468470666,34392.87966666753,294,0.9102487999753928,0.9985565193759905,0.0,1.0,0.3700113378684807,0.005952380952380952,525,23.524000000012684,2,34392.87966666753
2023-04-26,0.1,A001,3|1|2|1,True,7,7,42,7,4,4,0.9211854965885544,0.16087683447891513,37,769,769.0,3155.848400000001,4594,2629.8736666703658,56,48,8,60.133666667135635,1.0738154761988508,3.0,5.079999999999998,0.022354461983019054,152.2005945947017,565.8289999999928,287.2548468470666,34392.87966666753,294,0.9102487999753928,0.9985565193759905,0.0,1.0,0.3700113378684807,0.005952380952380952,525,23.524000000012684,2,34392.87966666753
2023-04-26,0.25,A001,3|1|2|1,True,7,7,42,7,4,4,0.9211854965885544,0.16087683447891513,37,769,769.0,3155.848400000001,4594,2629.8736666703658,56,48,8,60.133666667135635,1.0738154761988508,3.0,5.079999999999998,0.022354461983019054,152.2005945947017,565.8289999999928,287.2548468470666,34392.87966666753,294,0.9102487999753928,0.9985565193759905,0.0,1.0,0.3700113378684807,0.005952380952380952,525,23.524000000012684,2,34392.87966666753
2023-04-26,0.5,A001,3|1|2|1,True,7,7,42,7,4,4,0.9211854965885544,0.16087683447891513,37,769,769.0,3155.848400000001,4594,2629.8736666703658,56,48,8,60.133666667135635,1.0738154761988508,3.0,5.079999999999998,0.022354461983019054,152.2005945947017,565.8289999999928,287.2548468470666,34392.87966666753,294,0.9102487999753928,0.9985565193759905,0.0,1.0,0.3700113378684807,0.005952380952380952,525,23.524000000012684,2,34392.87966666753
2023-04-26,0.75,A001,3|1|2|1,True,7,7,42,7,4,4,0.9211854965885544,0.16087683447891513,37,769,769.0,3155.848400000001,4594,2629.8736666703658,56,48,8,60.133666667135635,1.0738154761988508,3.0,5.079999999999998,0.022354461983019054,152.2005945947017,565.8289999999928,287.2548468470666,34392.87966666753,294,0.9102487999753928,0.9985565193759905,0.0,1.0,0.3700113378684807,0.005952380952380952,525,23.524000000012684,2,34392.87966666753
2023-04-26,1.0,A001,3|1|2|1,True,7,7,42,7,4,4,0.9211854965885544,0.16087683447891513,37,769,769.0,3155.848400000001,4594,2629.8736666703658,56,48,8,60.133666667135635,1.0738154761988508,3.0,5.079999999999998,0.022354461983019054,152.2005945947017,565.8289999999928,287.2548468470666,34392.87966666753,294,0.9102487999753928,0.9985565193759905,0.0,1.0,0.3700113378684807,0.005952380952380952,525,23.524000000012684,2,34392.87966666753
2023-04-26,2.0,A001,3|1|2|1,True,7,7,42,7,4,4,0.9211854965885544,0.16087683447891513,37,769,769.0,3155.848400000001,4594,2629.8736666703658,56,48,8,60.133666667135635,1.0738154761988508,3.0,5.079999999999998,0.022354461983019054,152.2005945947017,565.8289999999928,287.2548468470666,34392.87966666753,294,0.9102487999753928,0.9985565193759905,0.0,1.0,0.3700113378684807,0.005952380952380952,525,23.524000000012684,2,34392.87966666753
2023-04-26,4.0,A001,3|1|2|1,True,7,7,42,7,4,4,0.9211854965885544,0.16087683447891513,37,769,769.0,3155.848400000001,4594,2629.8736666703658,56,48,8,60.133666667135635,1.0738154761988508,3.0,5.079999999999998,0.022354461983019054,152.2005945947017,565.8289999999928,287.2548468470666,34392.87966666753,294,0.9102487999753928,0.9985565193759905,0.0,1.0,0.3700113378684807,0.005952380952380952,525,23.524000000012684,2,34392.87966666753
2023-04-26,8.0,A001,3|1|2|1,True,7,7,42,7,4,4,0.9211854965885544,0.16087683447891513,37,769,769.0,3155.848400000001,4594,2629.8736666703658,56,48,8,60.133666667135635,1.0738154761988508,3.0,5.079999999999998,0.022354461983019054,152.2005945947017,565.8289999999928,287.2548468470666,34392.87966666753,294,0.9102487999753928,0.9985565193759905,0.0,1.0,0.3700113378684807,0.005952380952380952,525,23.524000000012684,2,34392.87966666753
2023-05-01,0.0,A001,5|0|2|1,False,8,8,42,8,4,3,0.6493974703476992,0.05965491923641707,36,681,681.0,3084.525200000007,4408,2570.4376666665003,80,62,18,153.48766666676747,1.9185958333345934,5.088750000002254,12.700000000004366,0.056347971359018346,103.26056481481332,508.85999999999945,235.6751574074041,15797.928999999987,267,0.6428182681290238,0.9863935493703986,0.0,1.0,0.5260611735330837,0.035343035343035345,533,63.085833333308926,6,15797.928999999987
2023-05-01,0.05,A001,5|0|2|1,True,8,8,42,8,4,3,0.6493974703476992,0.05965491923641707,36,681,681.0,3084.525200000007,4408,2570.4376666665003,80,62,18,153.48766666676747,1.9185958333345934,5.088750000002254,12.700000000004366,0.056347971359018346,103.26056481481332,508.85999999999945,235.6751574074041,15797.928999999987,267,0.6428182681290238,0.9863935493703986,0.0,1.0,0.5260611735330837,0.035343035343035345,533,63.085833333308926,6,15797.928999999987
2023-05-01,0.1,A001,5|0|2|1,True,8,8,42,8,4,3,0.6493974703476992,0.05965491923641707,36,681,681.0,3084.525200000007,4408,2570.4376666665003,80,62,18,153.48766666676747,1.9185958333345934,5.088750000002254,12.700000000004366,0.056347971359018346,103.26056481481332,508.85999999999945,235.6751574074041,15797.928999999987,267,0.6428182681290238,0.9863935493703986,0.0,1.0,0.5260611735330837,0.035343035343035345,533,63.085833333308926,6,15797.928999999987
2023-05-01,0.25,A002,4|0|3|1,False,8,8,42,8,4,3,0.7028195311147832,0.07984581497797354,36,681,681.0,3084.525200000008,4408,2570.4376666665003,90,69,21,166.7156666667539,1.8523962962972655,5.080000000000979,15.240000000005239,0.06090841336379598,99.46870370370267,508.85999999999945,232.2507407407375,15853.162333333306,278,0.604738449369632,0.9831420404956589,0.0,1.0,0.5589157245632066,0.039378238341968914,530,63.20266666664787,6,15853.162333333306
2023-05-01,0.5,A002,4|0|3|1,True,8,8,42,8,4,3,0.7028195311147832,0.07984581497797354,36,681,681.0,3084.525200000008,4408,2570.4376666665003,90,69,21,166.7156666667539,1.8523962962972655,5.080000000000979,15.240000000005239,0.06090841336379598,99.46870370370267,508.85999999999945,232.2507407407375,15853.162333333306,278,0.604738449369632,0.9831420404956589,0.0,1.0,0.5589157245632066,0.039378238341968914,530,63.20266666664787,6,15853.162333333306
2023-05-01,0.75,A002,4|0|3|1,True,8,8,42,8,4,3,0.7028195311147832,0.07984581497797354,36,681,681.0,3084.525200000008,4408,2570.4376666665003,90,69,21,166.7156666667539,1.8523962962972655,5.080000000000979,15.240000000005239,0.06090841336379598,99.46870370370267,508.85999999999945,232.2507407407375,15853.162333333306,278,0.604738449369632,0.9831420404956589,0.0,1.0,0.5589157245632066,0.039378238341968914,530,63.20266666664787,6,15853.162333333306
2023-05-01,1.0,A002,4|0|3|1,True,8,8,42,8,4,3,0.7028195311147832,0.07984581497797354,36,681,681.0,3084.525200000008,4408,2570.4376666665003,90,69,21,166.7156666667539,1.8523962962972655,5.080000000000979,15.240000000005239,0.06090841336379598,99.46870370370267,508.85999999999945,232.2507407407375,15853.162333333306,278,0.604738449369632,0.9831420404956589,0.0,1.0,0.5589157245632066,0.039378238341968914,530,63.20266666664787,6,15853.162333333306
2023-05-01,2.0,A002,4|0|3|1,True,8,8,42,8,4,3,0.7028195311147832,0.07984581497797354,36,681,681.0,3084.525200000008,4408,2570.4376666665003,90,69,21,166.7156666667539,1.8523962962972655,5.080000000000979,15.240000000005239,0.06090841336379598,99.46870370370267,508.85999999999945,232.2507407407375,15853.162333333306,278,0.604738449369632,0.9831420404956589,0.0,1.0,0.5589157245632066,0.039378238341968914,530,63.20266666664787,6,15853.162333333306
2023-05-01,4.0,A002,4|0|3|1,True,8,8,42,8,4,3,0.7028195311147832,0.07984581497797354,36,681,681.0,3084.525200000008,4408,2570.4376666665003,90,69,21,166.7156666667539,1.8523962962972655,5.080000000000979,15.240000000005239,0.06090841336379598,99.46870370370267,508.85999999999945,232.2507407407375,15853.162333333306,278,0.604738449369632,0.9831420404956589,0.0,1.0,0.5589157245632066,0.039378238341968914,530,63.20266666664787,6,15853.162333333306
2023-05-01,8.0,A003,3|0|4|1,False,8,8,42,8,4,3,0.7028195311147832,0.20484581497797355,36,681,681.0,3084.5252000000078,4408,2570.4376666665,85,65,20,141.87816666668786,1.6691549019610337,3.0,12.700000000004366,0.05230886643917593,120.4668333333313,508.85999999999945,252.55893981480872,15976.391333333298,303,0.656443718523583,0.9846655777853744,0.0,1.0,0.5424563884959924,0.04058272632674298,531,62.949000000010415,6,15976.391333333298
2023-05-03,0.0,A001,4|1|2|1,False,8,8,42,8,4,4,0.875,0.15641430073606732,45,951,951.0,3945.1280000000033,5432,3287.606666666725,113,83,30,184.1206666666968,1.6293864306787327,5.079999999999997,10.160000000003492,0.05303431087426762,187.74941111111085,602.2439999999929,328.2989074074091,19953.283666666706,246,0.9019951845010857,0.9818177672002969,0.0,1.0,0.30139856755710415,0.03225806451612903,521,81.98799999999939,4,19953.283666666706
2023-05-03,0.05,A001,4|1|2|1,True,8,8,42,8,4,4,0.875,0.15641430073606732,45,951,951.0,3945.1280000000033,5432,3287.606666666725,113,83,30,184.1206666666968,1.6293864306787327,5.079999999999997,10.160000000003492,0.05303431087426762,187.74941111111085,602.2439999999929,328.2989074074091,19953.283666666706,246,0.9019951845010857,0.9818177672002969,0.0,1.0,0.30139856755710415,0.03225806451612903,521,81.98799999999939,4,19953.283666666706
2023-05-03,0.1,A001,4|1|2|1,True,8,8,42,8,4,4,0.875,0.15641430073606732,45,951,951.0,3945.1280000000033,5432,3287.606666666725,113,83,30,184.1206666666968,1.6293864306787327,5.079999999999997,10.160000000003492,0.05303431087426762,187.74941111111085,602.2439999999929,328.2989074074091,19953.283666666706,246,0.9019951845010857,0.9818177672002969,0.0,1.0,0.30139856755710415,0.03225806451612903,521,81.98799999999939,4,19953.283666666706
2023-05-03,0.25,A001,4|1|2|1,True,8,8,42,8,4,4,0.875,0.15641430073606732,45,951,951.0,3945.1280000000033,5432,3287.606666666725,113,83,30,184.1206666666968,1.6293864306787327,5.079999999999997,10.160000000003492,0.05303431087426762,187.74941111111085,602.2439999999929,328.2989074074091,19953.283666666706,246,0.9019951845010857,0.9818177672002969,0.0,1.0,0.30139856755710415,0.03225806451612903,521,81.98799999999939,4,19953.283666666706
2023-05-03,0.5,A001,4|1|2|1,True,8,8,42,8,4,4,0.875,0.15641430073606732,45,951,951.0,3945.1280000000033,5432,3287.606666666725,113,83,30,184.1206666666968,1.6293864306787327,5.079999999999997,10.160000000003492,0.05303431087426762,187.74941111111085,602.2439999999929,328.2989074074091,19953.283666666706,246,0.9019951845010857,0.9818177672002969,0.0,1.0,0.30139856755710415,0.03225806451612903,521,81.98799999999939,4,19953.283666666706
2023-05-03,0.75,A001,4|1|2|1,True,8,8,42,8,4,4,0.875,0.15641430073606732,45,951,951.0,3945.1280000000033,5432,3287.606666666725,113,83,30,184.1206666666968,1.6293864306787327,5.079999999999997,10.160000000003492,0.05303431087426762,187.74941111111085,602.2439999999929,328.2989074074091,19953.283666666706,246,0.9019951845010857,0.9818177672002969,0.0,1.0,0.30139856755710415,0.03225806451612903,521,81.98799999999939,4,19953.283666666706
2023-05-03,1.0,A001,4|1|2|1,True,8,8,42,8,4,4,0.875,0.15641430073606732,45,951,951.0,3945.1280000000033,5432,3287.606666666725,113,83,30,184.1206666666968,1.6293864306787327,5.079999999999997,10.160000000003492,0.05303431087426762,187.74941111111085,602.2439999999929,328.2989074074091,19953.283666666706,246,0.9019951845010857,0.9818177672002969,0.0,1.0,0.30139856755710415,0.03225806451612903,521,81.98799999999939,4,19953.283666666706
2023-05-03,2.0,A001,4|1|2|1,True,8,8,42,8,4,4,0.875,0.15641430073606732,45,951,951.0,3945.1280000000033,5432,3287.606666666725,113,83,30,184.1206666666968,1.6293864306787327,5.079999999999997,10.160000000003492,0.05303431087426762,187.74941111111085,602.2439999999929,328.2989074074091,19953.283666666706,246,0.9019951845010857,0.9818177672002969,0.0,1.0,0.30139856755710415,0.03225806451612903,521,81.98799999999939,4,19953.283666666706
2023-05-03,4.0,A002,3|1|3|1,False,8,8,42,8,4,4,0.9056390622295665,0.22436908517350163,45,951,951.0,3945.1279999999833,5432,3287.6066666667225,107,85,22,193.651333333329,1.8098255451712992,5.0800000000000285,8.768666666666888,0.05562682608796192,224.35197777777807,744.3023333333239,365.1132666666681,19994.22833333339,275,0.9436005523513977,0.9755268868294525,0.0,1.0,0.2951991341991342,0.025157232704402517,520,72.16466666666733,3,19994.22833333339
2023-05-03,8.0,A002,3|1|3|1,True,8,8,42,8,4,4,0.9056390622295665,0.22436908517350163,45,951,951.0,3945.1279999999833,5432,3287.6066666667225,107,85,22,193.651333333329,1.8098255451712992,5.0800000000000285,8.768666666666888,0.05562682608796192,224.35197777777807,744.3023333333239,365.1132666666681,19994.22833333339,275,0.9436005523513977,0.9755268868294525,0.0,1.0,0.2951991341991342,0.025157232704402517,520,72.16466666666733,3,19994.22833333339
2023-05-04,0.0,A001,4|1|3|1,False,9,9,42,9,4,4,0.8763576394898525,0.11677119983682628,101,2179,2179.0,6982.967999999979,9636,5819.140000000351,285,187,98,549.1869999997746,1.9269719298237704,3.703333333332561,14.873333333333306,0.08623724880957961,192.51900495049966,948.7089999999939,320.29451980198604,30524.606333333388,615,0.6287525455910762,0.9764717564103834,0.0,1.0,0.5038301716350497,0.053929121725731895,608,293.7881666666701,6,30524.606333333388
2023-05-04,0.05,A001,4|1|3|1,True,9,9,42,9,4,4,0.8763576394898525,0.11677119983682628,101,2179,2179.0,6982.967999999979,9636,5819.140000000351,285,187,98,549.1869999997746,1.9269719298237704,3.703333333332561,14.873333333333306,0.08623724880957961,192.51900495049966,948.7089999999939,320.29451980198604,30524.606333333388,615,0.6287525455910762,0.9764717564103834,0.0,1.0,0.5038301716350497,0.053929121725731895,608,293.7881666666701,6,30524.606333333388
2023-05-04,0.1,A001,4|1|3|1,True,9,9,42,9,4,4,0.8763576394898525,0.11677119983682628,101,2179,2179.0,6982.967999999979,9636,5819.140000000351,285,187,98,549.1869999997746,1.9269719298237704,3.703333333332561,14.873333333333306,0.08623724880957961,192.51900495049966,948.7089999999939,320.29451980198604,30524.606333333388,615,0.6287525455910762,0.9764717564103834,0.0,1.0,0.5038301716350497,0.053929121725731895,608,293.7881666666701,6,30524.606333333388
2023-05-04,0.25,A001,4|1|3|1,True,9,9,42,9,4,4,0.8763576394898525,0.11677119983682628,101,2179,2179.0,6982.967999999979,9636,5819.140000000351,285,187,98,549.1869999997746,1.9269719298237704,3.703333333332561,14.873333333333306,0.08623724880957961,192.51900495049966,948.7089999999939,320.29451980198604,30524.606333333388,615,0.6287525455910762,0.9764717564103834,0.0,1.0,0.5038301716350497,0.053929121725731895,608,293.7881666666701,6,30524.606333333388
2023-05-04,0.5,A001,4|1|3|1,True,9,9,42,9,4,4,0.8763576394898525,0.11677119983682628,101,2179,2179.0,6982.967999999979,9636,5819.140000000351,285,187,98,549.1869999997746,1.9269719298237704,3.703333333332561,14.873333333333306,0.08623724880957961,192.51900495049966,948.7089999999939,320.29451980198604,30524.606333333388,615,0.6287525455910762,0.9764717564103834,0.0,1.0,0.5038301716350497,0.053929121725731895,608,293.7881666666701,6,30524.606333333388
2023-05-04,0.75,A001,4|1|3|1,True,9,9,42,9,4,4,0.8763576394898525,0.11677119983682628,101,2179,2179.0,6982.967999999979,9636,5819.140000000351,285,187,98,549.1869999997746,1.9269719298237704,3.703333333332561,14.873333333333306,0.08623724880957961,192.51900495049966,948.7089999999939,320.29451980198604,30524.606333333388,615,0.6287525455910762,0.9764717564103834,0.0,1.0,0.5038301716350497,0.053929121725731895,608,293.7881666666701,6,30524.606333333388
2023-05-04,1.0,A001,4|1|3|1,True,9,9,42,9,4,4,0.8763576394898525,0.11677119983682628,101,2179,2179.0,6982.967999999979,9636,5819.140000000351,285,187,98,549.1869999997746,1.9269719298237704,3.703333333332561,14.873333333333306,0.08623724880957961,192.51900495049966,948.7089999999939,320.29451980198604,30524.606333333388,615,0.6287525455910762,0.9764717564103834,0.0,1.0,0.5038301716350497,0.053929121725731895,608,293.7881666666701,6,30524.606333333388
2023-05-04,2.0,A001,4|1|3|1,True,9,9,42,9,4,4,0.8763576394898525,0.11677119983682628,101,2179,2179.0,6982.967999999979,9636,5819.140000000351,285,187,98,549.1869999997746,1.9269719298237704,3.703333333332561,14.873333333333306,0.08623724880957961,192.51900495049966,948.7089999999939,320.29451980198604,30524.606333333388,615,0.6287525455910762,0.9764717564103834,0.0,1.0,0.5038301716350497,0.053929121725731895,608,293.7881666666701,6,30524.606333333388
2023-05-04,4.0,A002,3|1|4|1,False,9,9,42,9,4,4,0.8763576394898525,0.22788231094793737,101,2179,2179.0,6982.968000000015,9636,5819.140000000351,302,167,135,631.0795000001426,2.089667218543519,4.988733333332308,12.656499999999994,0.0978384534045848,218.8809356435748,950.6521666666604,347.46726732674796,30532.821666666758,663,0.6762708990499224,0.9704926538313822,0.0,1.0,0.48896969044027866,0.06482546988876103,608,378.14900000002393,5,30532.821666666758
2023-05-04,8.0,A002,3|1|4|1,True,9,9,42,9,4,4,0.8763576394898525,0.22788231094793737,101,2179,2179.0,6982.968000000015,9636,5819.140000000351,302,167,135,631.0795000001426,2.089667218543519,4.988733333332308,12.656499999999994,0.0978384534045848,218.8809356435748,950.6521666666604,347.46726732674796,30532.821666666758,663,0.6762708990499224,0.9704926538313822,0.0,1.0,0.48896969044027866,0.06482546988876103,608,378.14900000002393,5,30532.821666666758
2023-05-05,0.0,A001,3|1|2|1,False,7,7,42,7,4,4,0.9211854965885544,0.08472049689440993,29,575,575.0,2329.4848000000025,3320,1941.2373333331975,43,41,2,49.75466666665949,1.1570852713176625,2.540000000000873,5.080000000001746,0.02498988778792836,131.7302643678105,457.93766666665397,259.86791954021936,10043.494333333325,177,0.6923982616217975,0.9963779862362453,0.0,1.0,0.4698816249663707,0.009345794392523364,506,6.025333333334856,3,10043.494333333325
2023-05-05,0.05,A001,3|1|2|1,True,7,7,42,7,4,4,0.9211854965885544,0.08472049689440993,29,575,575.0,2329.4848000000025,3320,1941.2373333331975,43,41,2,49.75466666665949,1.1570852713176625,2.540000000000873,5.080000000001746,0.02498988778792836,131.7302643678105,457.93766666665397,259.86791954021936,10043.494333333325,177,0.6923982616217975,0.9963779862362453,0.0,1.0,0.4698816249663707,0.009345794392523364,506,6.025333333334856,3,10043.494333333325
2023-05-05,0.1,A001,3|1|2|1,True,7,7,42,7,4,4,0.9211854965885544,0.08472049689440993,29,575,575.0,2329.4848000000025,3320,1941.2373333331975,43,41,2,49.75466666665949,1.1570852713176625,2.540000000000873,5.080000000001746,0.02498988778792836,131.7302643678105,457.93766666665397,259.86791954021936,10043.494333333325,177,0.6923982616217975,0.9963779862362453,0.0,1.0,0.4698816249663707,0.009345794392523364,506,6.025333333334856,3,10043.494333333325
2023-05-05,0.25,A002,2|2|2|1,False,7,7,42,7,4,4,0.9751060324573735,0.09838509316770187,29,575,575.0,2329.484800000004,3320,1941.2373333331975,62,54,8,60.36633333338165,0.9736505376351878,2.9997166666671546,5.080000000001746,0.030158984187870837,152.31815517240886,534.8346666666384,280.82172988504954,10154.6273333333,199,0.7063039814425034,0.9968403709720437,0.0,1.0,0.48016271835367313,0.009320905459387484,510,19.017500000019936,3,10154.6273333333
2023-05-05,0.5,A002,2|2|2|1,True,7,7,42,7,4,4,0.9751060324573735,0.09838509316770187,29,575,575.0,2329.484800000004,3320,1941.2373333331975,62,54,8,60.36633333338165,0.9736505376351878,2.9997166666671546,5.080000000001746,0.030158984187870837,152.31815517240886,534.8346666666384,280.82172988504954,10154.6273333333,199,0.7063039814425034,0.9968403709720437,0.0,1.0,0.48016271835367313,0.009320905459387484,510,19.017500000019936,3,10154.6273333333
2023-05-05,0.75,A002,2|2|2|1,True,7,7,42,7,4,4,0.9751060324573735,0.09838509316770187,29,575,575.0,2329.484800000004,3320,1941.2373333331975,62,54,8,60.36633333338165,0.9736505376351878,2.9997166666671546,5.080000000001746,0.030158984187870837,152.31815517240886,534.8346666666384,280.82172988504954,10154.6273333333,199,0.7063039814425034,0.9968403709720437,0.0,1.0,0.48016271835367313,0.009320905459387484,510,19.017500000019936,3,10154.6273333333
2023-05-05,1.0,A002,2|2|2|1,True,7,7,42,7,4,4,0.9751060324573735,0.09838509316770187,29,575,575.0,2329.484800000004,3320,1941.2373333331975,62,54,8,60.36633333338165,0.9736505376351878,2.9997166666671546,5.080000000001746,0.030158984187870837,152.31815517240886,534.8346666666384,280.82172988504954,10154.6273333333,199,0.7063039814425034,0.9968403709720437,0.0,1.0,0.48016271835367313,0.009320905459387484,510,19.017500000019936,3,10154.6273333333
2023-05-05,2.0,A002,2|2|2|1,True,7,7,42,7,4,4,0.9751060324573735,0.09838509316770187,29,575,575.0,2329.484800000004,3320,1941.2373333331975,62,54,8,60.36633333338165,0.9736505376351878,2.9997166666671546,5.080000000001746,0.030158984187870837,152.31815517240886,534.8346666666384,280.82172988504954,10154.6273333333,199,0.7063039814425034,0.9968403709720437,0.0,1.0,0.48016271835367313,0.009320905459387484,510,19.017500000019936,3,10154.6273333333
2023-05-05,4.0,A002,2|2|2|1,True,7,7,42,7,4,4,0.9751060324573735,0.09838509316770187,29,575,575.0,2329.484800000004,3320,1941.2373333331975,62,54,8,60.36633333338165,0.9736505376351878,2.9997166666671546,5.080000000001746,0.030158984187870837,152.31815517240886,534.8346666666384,280.82172988504954,10154.6273333333,199,0.7063039814425034,0.9968403709720437,0.0,1.0,0.48016271835367313,0.009320905459387484,510,19.017500000019936,3,10154.6273333333
2023-05-05,8.0,A003,1|3|2|1,False,7,7,42,7,4,4,0.9211854965885544,0.24124223602484474,29,575,575.0,2329.4847999999924,3320,1941.2373333331975,41,37,4,40.16566666673231,0.979650406505666,2.540000000000873,3.0,0.020271326260601064,262.3880574712593,1139.8806666666442,390.1950574712569,10759.673333333305,320,0.3799555270246579,0.996604661048283,0.0,1.0,0.7241071428571428,0.006693440428380187,504,7.979499999994005,3,10759.673333333305
2023-05-08,0.0,A001,1|1|2|2,False,6,6,42,6,4,4,0.9591479170272448,0.13358778625954199,82,1965,1965.0,5133.848000000026,5998,4278.206666666913,282,71,211,724.4136666668446,2.56884278959874,3.0,10.160000000003492,0.14480684489284312,852.1135203252458,3119.4710000000887,985.0113292683404,14026.277666666756,811,0.5046831694790702,0.9452610864838936,0.0,1.0,0.636970817920263,0.11675824175824176,571,623.9406666666614,4,14026.277666666756
2023-05-08,0.05,A001,1|1|2|2,True,6,6,42,6,4,4,0.9591479170272448,0.13358778625954199,82,1965,1965.0,5133.848000000026,5998,4278.206666666913,282,71,211,724.4136666668446,2.56884278959874,3.0,10.160000000003492,0.14480684489284312,852.1135203252458,3119.4710000000887,985.0113292683404,14026.277666666756,811,0.5046831694790702,0.9452610864838936,0.0,1.0,0.636970817920263,0.11675824175824176,571,623.9406666666614,4,14026.277666666756
2023-05-08,0.1,A001,1|1|2|2,True,6,6,42,6,4,4,0.9591479170272448,0.13358778625954199,82,1965,1965.0,5133.848000000026,5998,4278.206666666913,282,71,211,724.4136666668446,2.56884278959874,3.0,10.160000000003492,0.14480684489284312,852.1135203252458,3119.4710000000887,985.0113292683404,14026.277666666756,811,0.5046831694790702,0.9452610864838936,0.0,1.0,0.636970817920263,0.11675824175824176,571,623.9406666666614,4,14026.277666666756
2023-05-08,0.25,A002,1|2|2|1,False,6,6,42,6,4,4,0.9591479170272447,0.15139949109414758,82,1965,1965.0,5133.848000000012,5998,4278.206666666913,268,73,195,720.298000000007,2.6876791044776382,3.8100000000013097,10.160000000003492,0.14410269631303813,873.4805650406784,3080.699333333454,1006.3281829268603,14024.321666666783,810,0.5061424595950578,0.9468253863094614,0.0,1.0,0.6345473251028807,0.11136571952337306,570,583.9333333333357,4,14024.321666666783
2023-05-08,0.5,A002,1|2|2|1,True,6,6,42,6,4,4,0.9591479170272447,0.15139949109414758,82,1965,1965.0,5133.848000000012,5998,4278.206666666913,268,73,195,720.298000000007,2.6876791044776382,3.8100000000013097,10.160000000003492,0.14410269631303813,873.4805650406784,3080.699333333454,1006.3281829268603,14024.321666666783,810,0.5061424595950578,0.9468253863094614,0.0,1.0,0.6345473251028807,0.11136571952337306,570,583.9333333333357,4,14024.321666666783
2023-05-08,0.75,A002,1|2|2|1,True,6,6,42,6,4,4,0.9591479170272447,0.15139949109414758,82,1965,1965.0,5133.848000000012,5998,4278.206666666913,268,73,195,720.298000000007,2.6876791044776382,3.8100000000013097,10.160000000003492,0.14410269631303813,873.4805650406784,3080.699333333454,1006.3281829268603,14024.321666666783,810,0.5061424595950578,0.9468253863094614,0.0,1.0,0.6345473251028807,0.11136571952337306,570,583.9333333333357,4,14024.321666666783
2023-05-08,1.0,A002,1|2|2|1,True,6,6,42,6,4,4,0.9591479170272447,0.15139949109414758,82,1965,1965.0,5133.848000000012,5998,4278.206666666913,268,73,195,720.298000000007,2.6876791044776382,3.8100000000013097,10.160000000003492,0.14410269631303813,873.4805650406784,3080.699333333454,1006.3281829268603,14024.321666666783,810,0.5061424595950578,0.9468253863094614,0.0,1.0,0.6345473251028807,0.11136571952337306,570,583.9333333333357,4,14024.321666666783
2023-05-08,2.0,A002,1|2|2|1,True,6,6,42,6,4,4,0.9591479170272447,0.15139949109414758,82,1965,1965.0,5133.848000000012,5998,4278.206666666913,268,73,195,720.298000000007,2.6876791044776382,3.8100000000013097,10.160000000003492,0.14410269631303813,873.4805650406784,3080.699333333454,1006.3281829268603,14024.321666666783,810,0.5061424595950578,0.9468253863094614,0.0,1.0,0.6345473251028807,0.11136571952337306,570,583.9333333333357,4,14024.321666666783
2023-05-08,4.0,A002,1|2|2|1,True,6,6,42,6,4,4,0.9591479170272447,0.15139949109414758,82,1965,1965.0,5133.848000000012,5998,4278.206666666913,268,73,195,720.298000000007,2.6876791044776382,3.8100000000013097,10.160000000003492,0.14410269631303813,873.4805650406784,3080.699333333454,1006.3281829268603,14024.321666666783,810,0.5061424595950578,0.9468253863094614,0.0,1.0,0.6345473251028807,0.11136571952337306,570,583.9333333333357,4,14024.321666666783
2023-05-08,8.0,A002,1|2|2|1,True,6,6,42,6,4,4,0.9591479170272447,0.15139949109414758,82,1965,1965.0,5133.848000000012,5998,4278.206666666913,268,73,195,720.298000000007,2.6876791044776382,3.8100000000013097,10.160000000003492,0.14410269631303813,873.4805650406784,3080.699333333454,1006.3281829268603,14024.321666666783,810,0.5061424595950578,0.9468253863094614,0.0,1.0,0.6345473251028807,0.11136571952337306,570,583.9333333333357,4,14024.321666666783
2023-05-09,0.0,A001,3|1|2|1,False,7,7,42,7,4,4,0.9211854965885544,0.08503955328059562,54,1228,1228.0,5169.8143999999675,7566,4308.178666666672,110,97,13,112.55883333335746,1.0232621212123405,2.539999999999983,4.239000000000033,0.025461551004409718,454.57814506172423,1071.2583333333273,604.6658765432062,1330.6813333333394,267,0.9896283180890931,0.9970972110558032,0.0,1.0,0.1814785090065989,0.005535055350553505,601,21.92033333332602,3,1330.6813333333394
2023-05-09,0.05,A001,3|1|2|1,True,7,7,42,7,4,4,0.9211854965885544,0.08503955328059562,54,1228,1228.0,5169.8143999999675,7566,4308.178666666672,110,97,13,112.55883333335746,1.0232621212123405,2.539999999999983,4.239000000000033,0.025461551004409718,454.57814506172423,1071.2583333333273,604.6658765432062,1330.6813333333394,267,0.9896283180890931,0.9970972110558032,0.0,1.0,0.1814785090065989,0.005535055350553505,601,21.92033333332602,3,1330.6813333333394
2023-05-09,0.1,A001,3|1|2|1,True,7,7,42,7,4,4,0.9211854965885544,0.08503955328059562,54,1228,1228.0,5169.8143999999675,7566,4308.178666666672,110,97,13,112.55883333335746,1.0232621212123405,2.539999999999983,4.239000000000033,0.025461551004409718,454.57814506172423,1071.2583333333273,604.6658765432062,1330.6813333333394,267,0.9896283180890931,0.9970972110558032,0.0,1.0,0.1814785090065989,0.005535055350553505,601,21.92033333332602,3,1330.6813333333394
2023-05-09,0.25,A001,3|1|2|1,True,7,7,42,7,4,4,0.9211854965885544,0.08503955328059562,54,1228,1228.0,5169.8143999999675,7566,4308.178666666672,110,97,13,112.55883333335746,1.0232621212123405,2.539999999999983,4.239000000000033,0.025461551004409718,454.57814506172423,1071.2583333333273,604.6658765432062,1330.6813333333394,267,0.9896283180890931,0.9970972110558032,0.0,1.0,0.1814785090065989,0.005535055350553505,601,21.92033333332602,3,1330.6813333333394
2023-05-09,0.5,A001,3|1|2|1,True,7,7,42,7,4,4,0.9211854965885544,0.08503955328059562,54,1228,1228.0,5169.8143999999675,7566,4308.178666666672,110,97,13,112.55883333335746,1.0232621212123405,2.539999999999983,4.239000000000033,0.025461551004409718,454.57814506172423,1071.2583333333273,604.6658765432062,1330.6813333333394,267,0.9896283180890931,0.9970972110558032,0.0,1.0,0.1814785090065989,0.005535055350553505,601,21.92033333332602,3,1330.6813333333394
2023-05-09,0.75,A001,3|1|2|1,True,7,7,42,7,4,4,0.9211854965885544,0.08503955328059562,54,1228,1228.0,5169.8143999999675,7566,4308.178666666672,110,97,13,112.55883333335746,1.0232621212123405,2.539999999999983,4.239000000000033,0.025461551004409718,454.57814506172423,1071.2583333333273,604.6658765432062,1330.6813333333394,267,0.9896283180890931,0.9970972110558032,0.0,1.0,0.1814785090065989,0.005535055350553505,601,21.92033333332602,3,1330.6813333333394
2023-05-09,1.0,A001,3|1|2|1,True,7,7,42,7,4,4,0.9211854965885544,0.08503955328059562,54,1228,1228.0,5169.8143999999675,7566,4308.178666666672,110,97,13,112.55883333335746,1.0232621212123405,2.539999999999983,4.239000000000033,0.025461551004409718,454.57814506172423,1071.2583333333273,604.6658765432062,1330.6813333333394,267,0.9896283180890931,0.9970972110558032,0.0,1.0,0.1814785090065989,0.005535055350553505,601,21.92033333332602,3,1330.6813333333394
2023-05-09,2.0,A001,3|1|2|1,True,7,7,42,7,4,4,0.9211854965885544,0.08503955328059562,54,1228,1228.0,5169.8143999999675,7566,4308.178666666672,110,97,13,112.55883333335746,1.0232621212123405,2.539999999999983,4.239000000000033,0.025461551004409718,454.57814506172423,1071.2583333333273,604.6658765432062,1330.6813333333394,267,0.9896283180890931,0.9970972110558032,0.0,1.0,0.1814785090065989,0.005535055350553505,601,21.92033333332602,3,1330.6813333333394
2023-05-09,4.0,A002,2|2|2|1,False,7,7,42,7,4,4,0.9751060324573735,0.19811540251279663,54,1228,1228.0,5169.814400000004,7566,4308.17866666675,106,89,17,119.3151666666854,1.1256147798743905,2.942833333333425,3.0000000000000036,0.026948691778719808,532.2552222222233,1690.1243333333794,682.4680709876573,1966.410000000056,394,0.9175992922137152,0.9959617662044181,0.0,1.0,0.34686971235194586,0.012292562999385371,597,39.93699999999662,4,1966.410000000056
2023-05-09,8.0,A002,2|2|2|1,True,7,7,42,7,4,4,0.9751060324573735,0.19811540251279663,54,1228,1228.0,5169.814400000004,7566,4308.17866666675,106,89,17,119.3151666666854,1.1256147798743905,2.942833333333425,3.0000000000000036,0.026948691778719808,532.2552222222233,1690.1243333333794,682.4680709876573,1966.410000000056,394,0.9175992922137152,0.9959617662044181,0.0,1.0,0.34686971235194586,0.012292562999385371,597,39.93699999999662,4,1966.410000000056
2023-05-11,0.0,A001,4|1|2|1,False,8,8,42,8,4,4,0.875,0.09116140051238256,50,1171,1171.0,4015.3336000000177,5880,3346.1113333332605,155,123,32,241.81633333333878,1.560105376344121,3.7526000000004,7.619999999999996,0.06739721527273729,307.57561666666425,761.7909999999924,449.5941699999962,1089.1500000000028,218,0.9230927287777554,0.9864422297723072,0.0,1.0,0.22870249017038008,0.025280898876404494,575,85.37883333333527,3,1089.1500000000028
2023-05-11,0.05,A001,4|1|2|1,True,8,8,42,8,4,4,0.875,0.09116140051238256,50,1171,1171.0,4015.3336000000177,5880,3346.1113333332605,155,123,32,241.81633333333878,1.560105376344121,3.7526000000004,7.619999999999996,0.06739721527273729,307.57561666666425,761.7909999999924,449.5941699999962,1089.1500000000028,218,0.9230927287777554,0.9864422297723072,0.0,1.0,0.22870249017038008,0.025280898876404494,575,85.37883333333527,3,1089.1500000000028
2023-05-11,0.1,A001,4|1|2|1,True,8,8,42,8,4,4,0.875,0.09116140051238256,50,1171,1171.0,4015.3336000000177,5880,3346.1113333332605,155,123,32,241.81633333333878,1.560105376344121,3.7526000000004,7.619999999999996,0.06739721527273729,307.57561666666425,761.7909999999924,449.5941699999962,1089.1500000000028,218,0.9230927287777554,0.9864422297723072,0.0,1.0,0.22870249017038008,0.025280898876404494,575,85.37883333333527,3,1089.1500000000028
2023-05-11,0.25,A001,4|1|2|1,True,8,8,42,8,4,4,0.875,0.09116140051238256,50,1171,1171.0,4015.3336000000177,5880,3346.1113333332605,155,123,32,241.81633333333878,1.560105376344121,3.7526000000004,7.619999999999996,0.06739721527273729,307.57561666666425,761.7909999999924,449.5941699999962,1089.1500000000028,218,0.9230927287777554,0.9864422297723072,0.0,1.0,0.22870249017038008,0.025280898876404494,575,85.37883333333527,3,1089.1500000000028
2023-05-11,0.5,A001,4|1|2|1,True,8,8,42,8,4,4,0.875,0.09116140051238256,50,1171,1171.0,4015.3336000000177,5880,3346.1113333332605,155,123,32,241.81633333333878,1.560105376344121,3.7526000000004,7.619999999999996,0.06739721527273729,307.57561666666425,761.7909999999924,449.5941699999962,1089.1500000000028,218,0.9230927287777554,0.9864422297723072,0.0,1.0,0.22870249017038008,0.025280898876404494,575,85.37883333333527,3,1089.1500000000028
2023-05-11,0.75,A001,4|1|2|1,True,8,8,42,8,4,4,0.875,0.09116140051238256,50,1171,1171.0,4015.3336000000177,5880,3346.1113333332605,155,123,32,241.81633333333878,1.560105376344121,3.7526000000004,7.619999999999996,0.06739721527273729,307.57561666666425,761.7909999999924,449.5941699999962,1089.1500000000028,218,0.9230927287777554,0.9864422297723072,0.0,1.0,0.22870249017038008,0.025280898876404494,575,85.37883333333527,3,1089.1500000000028
2023-05-11,1.0,A001,4|1|2|1,True,8,8,42,8,4,4,0.875,0.09116140051238256,50,1171,1171.0,4015.3336000000177,5880,3346.1113333332605,155,123,32,241.81633333333878,1.560105376344121,3.7526000000004,7.619999999999996,0.06739721527273729,307.57561666666425,761.7909999999924,449.5941699999962,1089.1500000000028,218,0.9230927287777554,0.9864422297723072,0.0,1.0,0.22870249017038008,0.025280898876404494,575,85.37883333333527,3,1089.1500000000028
2023-05-11,2.0,A001,4|1|2|1,True,8,8,42,8,4,4,0.875,0.09116140051238256,50,1171,1171.0,4015.3336000000177,5880,3346.1113333332605,155,123,32,241.81633333333878,1.560105376344121,3.7526000000004,7.619999999999996,0.06739721527273729,307.57561666666425,761.7909999999924,449.5941699999962,1089.1500000000028,218,0.9230927287777554,0.9864422297723072,0.0,1.0,0.22870249017038008,0.025280898876404494,575,85.37883333333527,3,1089.1500000000028
2023-05-11,4.0,A001,4|1|2|1,True,8,8,42,8,4,4,0.875,0.09116140051238256,50,1171,1171.0,4015.3336000000177,5880,3346.1113333332605,155,123,32,241.81633333333878,1.560105376344121,3.7526000000004,7.619999999999996,0.06739721527273729,307.57561666666425,761.7909999999924,449.5941699999962,1089.1500000000028,218,0.9230927287777554,0.9864422297723072,0.0,1.0,0.22870249017038008,0.025280898876404494,575,85.37883333333527,3,1089.1500000000028
2023-05-11,8.0,A001,4|1|2|1,True,8,8,42,8,4,4,0.875,0.09116140051238256,50,1171,1171.0,4015.3336000000177,5880,3346.1113333332605,155,123,32,241.81633333333878,1.560105376344121,3.7526000000004,7.619999999999996,0.06739721527273729,307.57561666666425,761.7909999999924,449.5941699999962,1089.1500000000028,218,0.9230927287777554,0.9864422297723072,0.0,1.0,0.22870249017038008,0.025280898876404494,575,85.37883333333527,3,1089.1500000000028
2023-05-15,0.0,A001,5|0|2|1,False,8,8,42,8,4,3,0.6493974703476992,0.07105809128630705,42,964,964.0,3717.8488000000198,5540,3098.2073333332633,108,92,16,115.21166666666807,1.0667746913580376,2.894300000000074,5.079999999999998,0.03585329727205526,270.89197222221986,714.1714999999907,416.2590912698373,939.4028333333241,188,0.9615176724105141,0.9932160572152563,0.0,1.0,0.2165146909827761,0.0163265306122449,532,29.2078333333343,2,939.4028333333241
2023-05-15,0.05,A001,5|0|2|1,True,8,8,42,8,4,3,0.6493974703476992,0.07105809128630705,42,964,964.0,3717.8488000000198,5540,3098.2073333332633,108,92,16,115.21166666666807,1.0667746913580376,2.894300000000074,5.079999999999998,0.03585329727205526,270.89197222221986,714.1714999999907,416.2590912698373,939.4028333333241,188,0.9615176724105141,0.9932160572152563,0.0,1.0,0.2165146909827761,0.0163265306122449,532,29.2078333333343,2,939.4028333333241
2023-05-15,0.1,A001,5|0|2|1,True,8,8,42,8,4,3,0.6493974703476992,0.07105809128630705,42,964,964.0,3717.8488000000198,5540,3098.2073333332633,108,92,16,115.21166666666807,1.0667746913580376,2.894300000000074,5.079999999999998,0.03585329727205526,270.89197222221986,714.1714999999907,416.2590912698373,939.4028333333241,188,0.9615176724105141,0.9932160572152563,0.0,1.0,0.2165146909827761,0.0163265306122449,532,29.2078333333343,2,939.4028333333241
2023-05-15,0.25,A001,5|0|2|1,True,8,8,42,8,4,3,0.6493974703476992,0.07105809128630705,42,964,964.0,3717.8488000000198,5540,3098.2073333332633,108,92,16,115.21166666666807,1.0667746913580376,2.894300000000074,5.079999999999998,0.03585329727205526,270.89197222221986,714.1714999999907,416.2590912698373,939.4028333333241,188,0.9615176724105141,0.9932160572152563,0.0,1.0,0.2165146909827761,0.0163265306122449,532,29.2078333333343,2,939.4028333333241
2023-05-15,0.5,A001,5|0|2|1,True,8,8,42,8,4,3,0.6493974703476992,0.07105809128630705,42,964,964.0,3717.8488000000198,5540,3098.2073333332633,108,92,16,115.21166666666807,1.0667746913580376,2.894300000000074,5.079999999999998,0.03585329727205526,270.89197222221986,714.1714999999907,416.2590912698373,939.4028333333241,188,0.9615176724105141,0.9932160572152563,0.0,1.0,0.2165146909827761,0.0163265306122449,532,29.2078333333343,2,939.4028333333241
2023-05-15,0.75,A001,5|0|2|1,True,8,8,42,8,4,3,0.6493974703476992,0.07105809128630705,42,964,964.0,3717.8488000000198,5540,3098.2073333332633,108,92,16,115.21166666666807,1.0667746913580376,2.894300000000074,5.079999999999998,0.03585329727205526,270.89197222221986,714.1714999999907,416.2590912698373,939.4028333333241,188,0.9615176724105141,0.9932160572152563,0.0,1.0,0.2165146909827761,0.0163265306122449,532,29.2078333333343,2,939.4028333333241
2023-05-15,1.0,A001,5|0|2|1,True,8,8,42,8,4,3,0.6493974703476992,0.07105809128630705,42,964,964.0,3717.8488000000198,5540,3098.2073333332633,108,92,16,115.21166666666807,1.0667746913580376,2.894300000000074,5.079999999999998,0.03585329727205526,270.89197222221986,714.1714999999907,416.2590912698373,939.4028333333241,188,0.9615176724105141,0.9932160572152563,0.0,1.0,0.2165146909827761,0.0163265306122449,532,29.2078333333343,2,939.4028333333241
2023-05-15,2.0,A001,5|0|2|1,True,8,8,42,8,4,3,0.6493974703476992,0.07105809128630705,42,964,964.0,3717.8488000000198,5540,3098.2073333332633,108,92,16,115.21166666666807,1.0667746913580376,2.894300000000074,5.079999999999998,0.03585329727205526,270.89197222221986,714.1714999999907,416.2590912698373,939.4028333333241,188,0.9615176724105141,0.9932160572152563,0.0,1.0,0.2165146909827761,0.0163265306122449,532,29.2078333333343,2,939.4028333333241
2023-05-15,4.0,A002,4|0|3|1,False,8,8,42,8,4,3,0.7028195311147832,0.19605809128630705,42,964,964.0,3717.8488000000016,5540,3098.2073333332733,98,88,10,97.07433333333367,0.9905544217687109,3.0,5.079999999999998,0.030380524617287935,311.79015079364746,911.0004999999885,456.72542857142383,1134.4541666666585,227,0.9318595232350623,0.9977929800677318,0.0,1.0,0.25752569750367105,0.006546644844517185,535,23.839333333334118,2,1134.4541666666585
2023-05-15,8.0,A002,4|0|3|1,True,8,8,42,8,4,3,0.7028195311147832,0.19605809128630705,42,964,964.0,3717.8488000000016,5540,3098.2073333332733,98,88,10,97.07433333333367,0.9905544217687109,3.0,5.079999999999998,0.030380524617287935,311.79015079364746,911.0004999999885,456.72542857142383,1134.4541666666585,227,0.9318595232350623,0.9977929800677318,0.0,1.0,0.25752569750367105,0.006546644844517185,535,23.839333333334118,2,1134.4541666666585
2023-05-16,0.0,A001,3|1|4|1,False,9,9,42,9,4,4,0.8763576394898525,0.14000996512207278,64,1338,1338.0,4715.357600000008,6742,3929.4646666719705,159,135,24,248.30983333364193,1.5616970649914586,5.080000000001746,10.159999999999968,0.05943591099359441,216.97582812509827,743.9645000007804,344.9723046876861,43905.37566666673,344,0.8233703082534581,0.9903475036335301,0.0,1.0,0.37334579180509414,0.02360774818401937,581,73.16533333311469,4,43905.37566666673
2023-05-16,0.05,A001,3|1|4|1,True,9,9,42,9,4,4,0.8763576394898525,0.14000996512207278,64,1338,1338.0,4715.357600000008,6742,3929.4646666719705,159,135,24,248.30983333364193,1.5616970649914586,5.080000000001746,10.159999999999968,0.05943591099359441,216.97582812509827,743.9645000007804,344.9723046876861,43905.37566666673,344,0.8233703082534581,0.9903475036335301,0.0,1.0,0.37334579180509414,0.02360774818401937,581,73.16533333311469,4,43905.37566666673
2023-05-16,0.1,A001,3|1|4|1,True,9,9,42,9,4,4,0.8763576394898525,0.14000996512207278,64,1338,1338.0,4715.357600000008,6742,3929.4646666719705,159,135,24,248.30983333364193,1.5616970649914586,5.080000000001746,10.159999999999968,0.05943591099359441,216.97582812509827,743.9645000007804,344.9723046876861,43905.37566666673,344,0.8233703082534581,0.9903475036335301,0.0,1.0,0.37334579180509414,0.02360774818401937,581,73.16533333311469,4,43905.37566666673
2023-05-16,0.25,A001,3|1|4|1,True,9,9,42,9,4,4,0.8763576394898525,0.14000996512207278,64,1338,1338.0,4715.357600000008,6742,3929.4646666719705,159,135,24,248.30983333364193,1.5616970649914586,5.080000000001746,10.159999999999968,0.05943591099359441,216.97582812509827,743.9645000007804,344.9723046876861,43905.37566666673,344,0.8233703082534581,0.9903475036335301,0.0,1.0,0.37334579180509414,0.02360774818401937,581,73.16533333311469,4,43905.37566666673
2023-05-16,0.5,A001,3|1|4|1,True,9,9,42,9,4,4,0.8763576394898525,0.14000996512207278,64,1338,1338.0,4715.357600000008,6742,3929.4646666719705,159,135,24,248.30983333364193,1.5616970649914586,5.080000000001746,10.159999999999968,0.05943591099359441,216.97582812509827,743.9645000007804,344.9723046876861,43905.37566666673,344,0.8233703082534581,0.9903475036335301,0.0,1.0,0.37334579180509414,0.02360774818401937,581,73.16533333311469,4,43905.37566666673
2023-05-16,0.75,A001,3|1|4|1,True,9,9,42,9,4,4,0.8763576394898525,0.14000996512207278,64,1338,1338.0,4715.357600000008,6742,3929.4646666719705,159,135,24,248.30983333364193,1.5616970649914586,5.080000000001746,10.159999999999968,0.05943591099359441,216.97582812509827,743.9645000007804,344.9723046876861,43905.37566666673,344,0.8233703082534581,0.9903475036335301,0.0,1.0,0.37334579180509414,0.02360774818401937,581,73.16533333311469,4,43905.37566666673
2023-05-16,1.0,A001,3|1|4|1,True,9,9,42,9,4,4,0.8763576394898525,0.14000996512207278,64,1338,1338.0,4715.357600000008,6742,3929.4646666719705,159,135,24,248.30983333364193,1.5616970649914586,5.080000000001746,10.159999999999968,0.05943591099359441,216.97582812509827,743.9645000007804,344.9723046876861,43905.37566666673,344,0.8233703082534581,0.9903475036335301,0.0,1.0,0.37334579180509414,0.02360774818401937,581,73.16533333311469,4,43905.37566666673
2023-05-16,2.0,A001,3|1|4|1,True,9,9,42,9,4,4,0.8763576394898525,0.14000996512207278,64,1338,1338.0,4715.357600000008,6742,3929.4646666719705,159,135,24,248.30983333364193,1.5616970649914586,5.080000000001746,10.159999999999968,0.05943591099359441,216.97582812509827,743.9645000007804,344.9723046876861,43905.37566666673,344,0.8233703082534581,0.9903475036335301,0.0,1.0,0.37334579180509414,0.02360774818401937,581,73.16533333311469,4,43905.37566666673
2023-05-16,4.0,A002,2|1|5|1,False,9,9,42,9,4,4,0.8288713632524445,0.14000996512207275,64,1338,1338.0,4715.357600000002,6742,3929.46466667216,144,114,30,238.5163333334542,1.6563634259267652,4.890750000005887,12.69999999999996,0.05722586867193803,252.41501822933512,1073.1373333346855,380.25847135442297,43905.37566666673,410,0.8752506032461937,0.9913059318534239,0.0,1.0,0.414161827332559,0.02850212249848393,578,90.59766666654909,5,43905.37566666673
2023-05-16,8.0,A002,2|1|5|1,True,9,9,42,9,4,4,0.8288713632524445,0.14000996512207275,64,1338,1338.0,4715.357600000002,6742,3929.46466667216,144,114,30,238.5163333334542,1.6563634259267652,4.890750000005887,12.69999999999996,0.05722586867193803,252.41501822933512,1073.1373333346855,380.25847135442297,43905.37566666673,410,0.8752506032461937,0.9913059318534239,0.0,1.0,0.414161827332559,0.02850212249848393,578,90.59766666654909,5,43905.37566666673
2023-05-18,0.0,A001,2|1|2|1,False,6,6,42,6,4,4,0.9591479170272447,0.12169312169312171,50,1134,1134.0,3329.939999999997,4554,2774.949999999987,94,63,31,181.779666666663,1.9338262411347125,3.107683333333335,12.699999999999994,0.06147997522938824,437.2403399999964,992.4533333333247,564.4149333333294,1283.1466666666674,257,0.9715496032165857,0.9830245985301673,0.0,1.0,0.23696498054474707,0.03529411764705882,505,94.58533333333267,5,1283.1466666666674
2023-05-18,0.05,A001,2|1|2|1,True,6,6,42,6,4,4,0.9591479170272447,0.12169312169312171,50,1134,1134.0,3329.939999999997,4554,2774.949999999987,94,63,31,181.779666666663,1.9338262411347125,3.107683333333335,12.699999999999994,0.06147997522938824,437.2403399999964,992.4533333333247,564.4149333333294,1283.1466666666674,257,0.9715496032165857,0.9830245985301673,0.0,1.0,0.23696498054474707,0.03529411764705882,505,94.58533333333267,5,1283.1466666666674
2023-05-18,0.1,A001,2|1|2|1,True,6,6,42,6,4,4,0.9591479170272447,0.12169312169312171,50,1134,1134.0,3329.939999999997,4554,2774.949999999987,94,63,31,181.779666666663,1.9338262411347125,3.107683333333335,12.699999999999994,0.06147997522938824,437.2403399999964,992.4533333333247,564.4149333333294,1283.1466666666674,257,0.9715496032165857,0.9830245985301673,0.0,1.0,0.23696498054474707,0.03529411764705882,505,94.58533333333267,5,1283.1466666666674
2023-05-18,0.25,A001,2|1|2|1,True,6,6,42,6,4,4,0.9591479170272447,0.12169312169312171,50,1134,1134.0,3329.939999999997,4554,2774.949999999987,94,63,31,181.779666666663,1.9338262411347125,3.107683333333335,12.699999999999994,0.06147997522938824,437.2403399999964,992.4533333333247,564.4149333333294,1283.1466666666674,257,0.9715496032165857,0.9830245985301673,0.0,1.0,0.23696498054474707,0.03529411764705882,505,94.58533333333267,5,1283.1466666666674
2023-05-18,0.5,A001,2|1|2|1,True,6,6,42,6,4,4,0.9591479170272447,0.12169312169312171,50,1134,1134.0,3329.939999999997,4554,2774.949999999987,94,63,31,181.779666666663,1.9338262411347125,3.107683333333335,12.699999999999994,0.06147997522938824,437.2403399999964,992.4533333333247,564.4149333333294,1283.1466666666674,257,0.9715496032165857,0.9830245985301673,0.0,1.0,0.23696498054474707,0.03529411764705882,505,94.58533333333267,5,1283.1466666666674
2023-05-18,0.75,A001,2|1|2|1,True,6,6,42,6,4,4,0.9591479170272447,0.12169312169312171,50,1134,1134.0,3329.939999999997,4554,2774.949999999987,94,63,31,181.779666666663,1.9338262411347125,3.107683333333335,12.699999999999994,0.06147997522938824,437.2403399999964,992.4533333333247,564.4149333333294,1283.1466666666674,257,0.9715496032165857,0.9830245985301673,0.0,1.0,0.23696498054474707,0.03529411764705882,505,94.58533333333267,5,1283.1466666666674
2023-05-18,1.0,A001,2|1|2|1,True,6,6,42,6,4,4,0.9591479170272447,0.12169312169312171,50,1134,1134.0,3329.939999999997,4554,2774.949999999987,94,63,31,181.779666666663,1.9338262411347125,3.107683333333335,12.699999999999994,0.06147997522938824,437.2403399999964,992.4533333333247,564.4149333333294,1283.1466666666674,257,0.9715496032165857,0.9830245985301673,0.0,1.0,0.23696498054474707,0.03529411764705882,505,94.58533333333267,5,1283.1466666666674
2023-05-18,2.0,A001,2|1|2|1,True,6,6,42,6,4,4,0.9591479170272447,0.12169312169312171,50,1134,1134.0,3329.939999999997,4554,2774.949999999987,94,63,31,181.779666666663,1.9338262411347125,3.107683333333335,12.699999999999994,0.06147997522938824,437.2403399999964,992.4533333333247,564.4149333333294,1283.1466666666674,257,0.9715496032165857,0.9830245985301673,0.0,1.0,0.23696498054474707,0.03529411764705882,505,94.58533333333267,5,1283.1466666666674
2023-05-18,4.0,A002,3|1|1|1,False,6,6,42,6,4,4,0.8962406251802889,0.23809523809523808,50,1134,1134.0,3329.940000000012,4554,2774.9499999999944,111,61,50,251.54533333332907,2.266174174174136,6.0,10.159999999999995,0.08311439656385722,587.3975333333364,2116.7916666667015,715.9674400000029,2412.395000000027,483,0.37079525548410286,0.9577225048065331,0.0,1.0,0.704623878536922,0.05663304887509697,504,141.98300000000282,4,2412.395000000027
2023-05-18,8.0,A002,3|1|1|1,True,6,6,42,6,4,4,0.8962406251802889,0.23809523809523808,50,1134,1134.0,3329.940000000012,4554,2774.9499999999944,111,61,50,251.54533333332907,2.266174174174136,6.0,10.159999999999995,0.08311439656385722,587.3975333333364,2116.7916666667015,715.9674400000029,2412.395000000027,483,0.37079525548410286,0.9577225048065331,0.0,1.0,0.704623878536922,0.05663304887509697,504,141.98300000000282,4,2412.395000000027
2023-05-19,0.0,A001,3|0|2|1,False,6,6,42,6,4,3,0.7295739585136224,0.14798266991605738,53,1231,1231.0,3943.0451999999786,5784,3285.8710000000533,93,61,32,149.37099999999654,1.6061397849461996,3.0,10.159999999999995,0.04348194392127087,561.3331163521976,1308.7711666666817,695.8282484276702,1580.0698333333544,317,0.9597213349958684,0.9877651402392542,0.0,1.0,0.2767087276550999,0.02729181245626312,542,94.40883333333659,4,1580.0698333333544
2023-05-19,0.05,A001,3|0|2|1,True,6,6,42,6,4,3,0.7295739585136224,0.14798266991605738,53,1231,1231.0,3943.0451999999786,5784,3285.8710000000533,93,61,32,149.37099999999654,1.6061397849461996,3.0,10.159999999999995,0.04348194392127087,561.3331163521976,1308.7711666666817,695.8282484276702,1580.0698333333544,317,0.9597213349958684,0.9877651402392542,0.0,1.0,0.2767087276550999,0.02729181245626312,542,94.40883333333659,4,1580.0698333333544
2023-05-19,0.1,A001,3|0|2|1,True,6,6,42,6,4,3,0.7295739585136224,0.14798266991605738,53,1231,1231.0,3943.0451999999786,5784,3285.8710000000533,93,61,32,149.37099999999654,1.6061397849461996,3.0,10.159999999999995,0.04348194392127087,561.3331163521976,1308.7711666666817,695.8282484276702,1580.0698333333544,317,0.9597213349958684,0.9877651402392542,0.0,1.0,0.2767087276550999,0.02729181245626312,542,94.40883333333659,4,1580.0698333333544
2023-05-19,0.25,A001,3|0|2|1,True,6,6,42,6,4,3,0.7295739585136224,0.14798266991605738,53,1231,1231.0,3943.0451999999786,5784,3285.8710000000533,93,61,32,149.37099999999654,1.6061397849461996,3.0,10.159999999999995,0.04348194392127087,561.3331163521976,1308.7711666666817,695.8282484276702,1580.0698333333544,317,0.9597213349958684,0.9877651402392542,0.0,1.0,0.2767087276550999,0.02729181245626312,542,94.40883333333659,4,1580.0698333333544
2023-05-19,0.5,A001,3|0|2|1,True,6,6,42,6,4,3,0.7295739585136224,0.14798266991605738,53,1231,1231.0,3943.0451999999786,5784,3285.8710000000533,93,61,32,149.37099999999654,1.6061397849461996,3.0,10.159999999999995,0.04348194392127087,561.3331163521976,1308.7711666666817,695.8282484276702,1580.0698333333544,317,0.9597213349958684,0.9877651402392542,0.0,1.0,0.2767087276550999,0.02729181245626312,542,94.40883333333659,4,1580.0698333333544
2023-05-19,0.75,A001,3|0|2|1,True,6,6,42,6,4,3,0.7295739585136224,0.14798266991605738,53,1231,1231.0,3943.0451999999786,5784,3285.8710000000533,93,61,32,149.37099999999654,1.6061397849461996,3.0,10.159999999999995,0.04348194392127087,561.3331163521976,1308.7711666666817,695.8282484276702,1580.0698333333544,317,0.9597213349958684,0.9877651402392542,0.0,1.0,0.2767087276550999,0.02729181245626312,542,94.40883333333659,4,1580.0698333333544
2023-05-19,1.0,A001,3|0|2|1,True,6,6,42,6,4,3,0.7295739585136224,0.14798266991605738,53,1231,1231.0,3943.0451999999786,5784,3285.8710000000533,93,61,32,149.37099999999654,1.6061397849461996,3.0,10.159999999999995,0.04348194392127087,561.3331163521976,1308.7711666666817,695.8282484276702,1580.0698333333544,317,0.9597213349958684,0.9877651402392542,0.0,1.0,0.2767087276550999,0.02729181245626312,542,94.40883333333659,4,1580.0698333333544
2023-05-19,2.0,A001,3|0|2|1,True,6,6,42,6,4,3,0.7295739585136224,0.14798266991605738,53,1231,1231.0,3943.0451999999786,5784,3285.8710000000533,93,61,32,149.37099999999654,1.6061397849461996,3.0,10.159999999999995,0.04348194392127087,561.3331163521976,1308.7711666666817,695.8282484276702,1580.0698333333544,317,0.9597213349958684,0.9877651402392542,0.0,1.0,0.2767087276550999,0.02729181245626312,542,94.40883333333659,4,1580.0698333333544
2023-05-19,4.0,A001,3|0|2|1,True,6,6,42,6,4,3,0.7295739585136224,0.14798266991605738,53,1231,1231.0,3943.0451999999786,5784,3285.8710000000533,93,61,32,149.37099999999654,1.6061397849461996,3.0,10.159999999999995,0.04348194392127087,561.3331163521976,1308.7711666666817,695.8282484276702,1580.0698333333544,317,0.9597213349958684,0.9877651402392542,0.0,1.0,0.2767087276550999,0.02729181245626312,542,94.40883333333659,4,1580.0698333333544
2023-05-19,8.0,A001,3|0|2|1,True,6,6,42,6,4,3,0.7295739585136224,0.14798266991605738,53,1231,1231.0,3943.0451999999786,5784,3285.8710000000533,93,61,32,149.37099999999654,1.6061397849461996,3.0,10.159999999999995,0.04348194392127087,561.3331163521976,1308.7711666666817,695.8282484276702,1580.0698333333544,317,0.9597213349958684,0.9877651402392542,0.0,1.0,0.2767087276550999,0.02729181245626312,542,94.40883333333659,4,1580.0698333333544
2023-05-23,0.0,A001,3|1|3|1,False,8,8,42,8,4,4,0.9056390622295665,0.08344481605351169,66,1495,1495.0,6110.833599999961,8856,5092.361333333544,192,135,57,307.9548333331289,1.6039314236100464,3.0,12.699999999999994,0.057025334041360946,214.6294318181832,722.5066666666585,364.406949494951,17954.07300000001,348,0.9126266392602105,0.9594987023037862,0.0,1.0,0.2701594143404488,0.03727959697732997,614,160.98350000003336,5,17954.07300000001
2023-05-23,0.05,A001,3|1|3|1,True,8,8,42,8,4,4,0.9056390622295665,0.08344481605351169,66,1495,1495.0,6110.833599999961,8856,5092.361333333544,192,135,57,307.9548333331289,1.6039314236100464,3.0,12.699999999999994,0.057025334041360946,214.6294318181832,722.5066666666585,364.406949494951,17954.07300000001,348,0.9126266392602105,0.9594987023037862,0.0,1.0,0.2701594143404488,0.03727959697732997,614,160.98350000003336,5,17954.07300000001
2023-05-23,0.1,A001,3|1|3|1,True,8,8,42,8,4,4,0.9056390622295665,0.08344481605351169,66,1495,1495.0,6110.833599999961,8856,5092.361333333544,192,135,57,307.9548333331289,1.6039314236100464,3.0,12.699999999999994,0.057025334041360946,214.6294318181832,722.5066666666585,364.406949494951,17954.07300000001,348,0.9126266392602105,0.9594987023037862,0.0,1.0,0.2701594143404488,0.03727959697732997,614,160.98350000003336,5,17954.07300000001
2023-05-23,0.25,A001,3|1|3|1,True,8,8,42,8,4,4,0.9056390622295665,0.08344481605351169,66,1495,1495.0,6110.833599999961,8856,5092.361333333544,192,135,57,307.9548333331289,1.6039314236100464,3.0,12.699999999999994,0.057025334041360946,214.6294318181832,722.5066666666585,364.406949494951,17954.07300000001,348,0.9126266392602105,0.9594987023037862,0.0,1.0,0.2701594143404488,0.03727959697732997,614,160.98350000003336,5,17954.07300000001
2023-05-23,0.5,A001,3|1|3|1,True,8,8,42,8,4,4,0.9056390622295665,0.08344481605351169,66,1495,1495.0,6110.833599999961,8856,5092.361333333544,192,135,57,307.9548333331289,1.6039314236100464,3.0,12.699999999999994,0.057025334041360946,214.6294318181832,722.5066666666585,364.406949494951,17954.07300000001,348,0.9126266392602105,0.9594987023037862,0.0,1.0,0.2701594143404488,0.03727959697732997,614,160.98350000003336,5,17954.07300000001
2023-05-23,0.75,A001,3|1|3|1,True,8,8,42,8,4,4,0.9056390622295665,0.08344481605351169,66,1495,1495.0,6110.833599999961,8856,5092.361333333544,192,135,57,307.9548333331289,1.6039314236100464,3.0,12.699999999999994,0.057025334041360946,214.6294318181832,722.5066666666585,364.406949494951,17954.07300000001,348,0.9126266392602105,0.9594987023037862,0.0,1.0,0.2701594143404488,0.03727959697732997,614,160.98350000003336,5,17954.07300000001
2023-05-23,1.0,A001,3|1|3|1,True,8,8,42,8,4,4,0.9056390622295665,0.08344481605351169,66,1495,1495.0,6110.833599999961,8856,5092.361333333544,192,135,57,307.9548333331289,1.6039314236100464,3.0,12.699999999999994,0.057025334041360946,214.6294318181832,722.5066666666585,364.406949494951,17954.07300000001,348,0.9126266392602105,0.9594987023037862,0.0,1.0,0.2701594143404488,0.03727959697732997,614,160.98350000003336,5,17954.07300000001
2023-05-23,2.0,A001,3|1|3|1,True,8,8,42,8,4,4,0.9056390622295665,0.08344481605351169,66,1495,1495.0,6110.833599999961,8856,5092.361333333544,192,135,57,307.9548333331289,1.6039314236100464,3.0,12.699999999999994,0.057025334041360946,214.6294318181832,722.5066666666585,364.406949494951,17954.07300000001,348,0.9126266392602105,0.9594987023037862,0.0,1.0,0.2701594143404488,0.03727959697732997,614,160.98350000003336,5,17954.07300000001
2023-05-23,4.0,A001,3|1|3|1,True,8,8,42,8,4,4,0.9056390622295665,0.08344481605351169,66,1495,1495.0,6110.833599999961,8856,5092.361333333544,192,135,57,307.9548333331289,1.6039314236100464,3.0,12.699999999999994,0.057025334041360946,214.6294318181832,722.5066666666585,364.406949494951,17954.07300000001,348,0.9126266392602105,0.9594987023037862,0.0,1.0,0.2701594143404488,0.03727959697732997,614,160.98350000003336,5,17954.07300000001
2023-05-23,8.0,A001,3|1|3|1,True,8,8,42,8,4,4,0.9056390622295665,0.08344481605351169,66,1495,1495.0,6110.833599999961,8856,5092.361333333544,192,135,57,307.9548333331289,1.6039314236100464,3.0,12.699999999999994,0.057025334041360946,214.6294318181832,722.5066666666585,364.406949494951,17954.07300000001,348,0.9126266392602105,0.9594987023037862,0.0,1.0,0.2701594143404488,0.03727959697732997,614,160.98350000003336,5,17954.07300000001
2023-05-25,0.0,A001,3|1|4|1,False,9,9,42,9,4,4,0.8763576394898525,0.08986928104575166,67,1564,1564.0,4700.8796000000075,6372,3917.3996666666153,182,127,55,341.647666666658,1.877184981684934,3.2414833333321096,15.239999999999993,0.0802169217497926,349.656786069649,951.2439999999935,483.2545074626829,1231.042999999998,247,0.9810623346243834,0.9850503928952142,0.0,1.0,0.1873706702654071,0.04456824512534819,575,165.43866666666332,7,1231.042999999998
2023-05-25,0.05,A001,3|1|4|1,True,9,9,42,9,4,4,0.8763576394898525,0.08986928104575166,67,1564,1564.0,4700.8796000000075,6372,3917.3996666666153,182,127,55,341.647666666658,1.877184981684934,3.2414833333321096,15.239999999999993,0.0802169217497926,349.656786069649,951.2439999999935,483.2545074626829,1231.042999999998,247,0.9810623346243834,0.9850503928952142,0.0,1.0,0.1873706702654071,0.04456824512534819,575,165.43866666666332,7,1231.042999999998
2023-05-25,0.1,A001,3|1|4|1,True,9,9,42,9,4,4,0.8763576394898525,0.08986928104575166,67,1564,1564.0,4700.8796000000075,6372,3917.3996666666153,182,127,55,341.647666666658,1.877184981684934,3.2414833333321096,15.239999999999993,0.0802169217497926,349.656786069649,951.2439999999935,483.2545074626829,1231.042999999998,247,0.9810623346243834,0.9850503928952142,0.0,1.0,0.1873706702654071,0.04456824512534819,575,165.43866666666332,7,1231.042999999998
2023-05-25,0.25,A001,3|1|4|1,True,9,9,42,9,4,4,0.8763576394898525,0.08986928104575166,67,1564,1564.0,4700.8796000000075,6372,3917.3996666666153,182,127,55,341.647666666658,1.877184981684934,3.2414833333321096,15.239999999999993,0.0802169217497926,349.656786069649,951.2439999999935,483.2545074626829,1231.042999999998,247,0.9810623346243834,0.9850503928952142,0.0,1.0,0.1873706702654071,0.04456824512534819,575,165.43866666666332,7,1231.042999999998
2023-05-25,0.5,A001,3|1|4|1,True,9,9,42,9,4,4,0.8763576394898525,0.08986928104575166,67,1564,1564.0,4700.8796000000075,6372,3917.3996666666153,182,127,55,341.647666666658,1.877184981684934,3.2414833333321096,15.239999999999993,0.0802169217497926,349.656786069649,951.2439999999935,483.2545074626829,1231.042999999998,247,0.9810623346243834,0.9850503928952142,0.0,1.0,0.1873706702654071,0.04456824512534819,575,165.43866666666332,7,1231.042999999998
2023-05-25,0.75,A001,3|1|4|1,True,9,9,42,9,4,4,0.8763576394898525,0.08986928104575166,67,1564,1564.0,4700.8796000000075,6372,3917.3996666666153,182,127,55,341.647666666658,1.877184981684934,3.2414833333321096,15.239999999999993,0.0802169217497926,349.656786069649,951.2439999999935,483.2545074626829,1231.042999999998,247,0.9810623346243834,0.9850503928952142,0.0,1.0,0.1873706702654071,0.04456824512534819,575,165.43866666666332,7,1231.042999999998
2023-05-25,1.0,A001,3|1|4|1,True,9,9,42,9,4,4,0.8763576394898525,0.08986928104575166,67,1564,1564.0,4700.8796000000075,6372,3917.3996666666153,182,127,55,341.647666666658,1.877184981684934,3.2414833333321096,15.239999999999993,0.0802169217497926,349.656786069649,951.2439999999935,483.2545074626829,1231.042999999998,247,0.9810623346243834,0.9850503928952142,0.0,1.0,0.1873706702654071,0.04456824512534819,575,165.43866666666332,7,1231.042999999998
2023-05-25,2.0,A001,3|1|4|1,True,9,9,42,9,4,4,0.8763576394898525,0.08986928104575166,67,1564,1564.0,4700.8796000000075,6372,3917.3996666666153,182,127,55,341.647666666658,1.877184981684934,3.2414833333321096,15.239999999999993,0.0802169217497926,349.656786069649,951.2439999999935,483.2545074626829,1231.042999999998,247,0.9810623346243834,0.9850503928952142,0.0,1.0,0.1873706702654071,0.04456824512534819,575,165.43866666666332,7,1231.042999999998
2023-05-25,4.0,A001,3|1|4|1,True,9,9,42,9,4,4,0.8763576394898525,0.08986928104575166,67,1564,1564.0,4700.8796000000075,6372,3917.3996666666153,182,127,55,341.647666666658,1.877184981684934,3.2414833333321096,15.239999999999993,0.0802169217497926,349.656786069649,951.2439999999935,483.2545074626829,1231.042999999998,247,0.9810623346243834,0.9850503928952142,0.0,1.0,0.1873706702654071,0.04456824512534819,575,165.43866666666332,7,1231.042999999998
2023-05-25,8.0,A001,3|1|4|1,True,9,9,42,9,4,4,0.8763576394898525,0.08986928104575166,67,1564,1564.0,4700.8796000000075,6372,3917.3996666666153,182,127,55,341.647666666658,1.877184981684934,3.2414833333321096,15.239999999999993,0.0802169217497926,349.656786069649,951.2439999999935,483.2545074626829,1231.042999999998,247,0.9810623346243834,0.9850503928952142,0.0,1.0,0.1873706702654071,0.04456824512534819,575,165.43866666666332,7,1231.042999999998
2023-05-26,0.0,A001,4|1|2|1,False,8,8,42,8,4,4,0.875,0.09700772200772201,34,777,777.0,2678.7856000000083,3654,2232.321333333292,84,66,18,156.62500000000506,1.8645833333333937,4.9499500000000065,12.699999999999994,0.06556237694191572,169.3392647058812,563.3526666666639,308.16121568627227,731.4493333333276,147,0.9620687605787205,0.9821118597574438,0.0,1.0,0.1963475866537091,0.03477344573234984,539,54.878833333334654,5,731.4493333333276
2023-05-26,0.05,A001,4|1|2|1,True,8,8,42,8,4,4,0.875,0.09700772200772201,34,777,777.0,2678.7856000000083,3654,2232.321333333292,84,66,18,156.62500000000506,1.8645833333333937,4.9499500000000065,12.699999999999994,0.06556237694191572,169.3392647058812,563.3526666666639,308.16121568627227,731.4493333333276,147,0.9620687605787205,0.9821118597574438,0.0,1.0,0.1963475866537091,0.03477344573234984,539,54.878833333334654,5,731.4493333333276
2023-05-26,0.1,A001,4|1|2|1,True,8,8,42,8,4,4,0.875,0.09700772200772201,34,777,777.0,2678.7856000000083,3654,2232.321333333292,84,66,18,156.62500000000506,1.8645833333333937,4.9499500000000065,12.699999999999994,0.06556237694191572,169.3392647058812,563.3526666666639,308.16121568627227,731.4493333333276,147,0.9620687605787205,0.9821118597574438,0.0,1.0,0.1963475866537091,0.03477344573234984,539,54.878833333334654,5,731.4493333333276
2023-05-26,0.25,A001,4|1|2|1,True,8,8,42,8,4,4,0.875,0.09700772200772201,34,777,777.0,2678.7856000000083,3654,2232.321333333292,84,66,18,156.62500000000506,1.8645833333333937,4.9499500000000065,12.699999999999994,0.06556237694191572,169.3392647058812,563.3526666666639,308.16121568627227,731.4493333333276,147,0.9620687605787205,0.9821118597574438,0.0,1.0,0.1963475866537091,0.03477344573234984,539,54.878833333334654,5,731.4493333333276
2023-05-26,0.5,A001,4|1|2|1,True,8,8,42,8,4,4,0.875,0.09700772200772201,34,777,777.0,2678.7856000000083,3654,2232.321333333292,84,66,18,156.62500000000506,1.8645833333333937,4.9499500000000065,12.699999999999994,0.06556237694191572,169.3392647058812,563.3526666666639,308.16121568627227,731.4493333333276,147,0.9620687605787205,0.9821118597574438,0.0,1.0,0.1963475866537091,0.03477344573234984,539,54.878833333334654,5,731.4493333333276
2023-05-26,0.75,A001,4|1|2|1,True,8,8,42,8,4,4,0.875,0.09700772200772201,34,777,777.0,2678.7856000000083,3654,2232.321333333292,84,66,18,156.62500000000506,1.8645833333333937,4.9499500000000065,12.699999999999994,0.06556237694191572,169.3392647058812,563.3526666666639,308.16121568627227,731.4493333333276,147,0.9620687605787205,0.9821118597574438,0.0,1.0,0.1963475866537091,0.03477344573234984,539,54.878833333334654,5,731.4493333333276
2023-05-26,1.0,A001,4|1|2|1,True,8,8,42,8,4,4,0.875,0.09700772200772201,34,777,777.0,2678.7856000000083,3654,2232.321333333292,84,66,18,156.62500000000506,1.8645833333333937,4.9499500000000065,12.699999999999994,0.06556237694191572,169.3392647058812,563.3526666666639,308.16121568627227,731.4493333333276,147,0.9620687605787205,0.9821118597574438,0.0,1.0,0.1963475866537091,0.03477344573234984,539,54.878833333334654,5,731.4493333333276
2023-05-26,2.0,A001,4|1|2|1,True,8,8,42,8,4,4,0.875,0.09700772200772201,34,777,777.0,2678.7856000000083,3654,2232.321333333292,84,66,18,156.62500000000506,1.8645833333333937,4.9499500000000065,12.699999999999994,0.06556237694191572,169.3392647058812,563.3526666666639,308.16121568627227,731.4493333333276,147,0.9620687605787205,0.9821118597574438,0.0,1.0,0.1963475866537091,0.03477344573234984,539,54.878833333334654,5,731.4493333333276
2023-05-26,4.0,A001,4|1|2|1,True,8,8,42,8,4,4,0.875,0.09700772200772201,34,777,777.0,2678.7856000000083,3654,2232.321333333292,84,66,18,156.62500000000506,1.8645833333333937,4.9499500000000065,12.699999999999994,0.06556237694191572,169.3392647058812,563.3526666666639,308.16121568627227,731.4493333333276,147,0.9620687605787205,0.9821118597574438,0.0,1.0,0.1963475866537091,0.03477344573234984,539,54.878833333334654,5,731.4493333333276
2023-05-26,8.0,A002,3|1|3|1,False,8,8,42,8,4,4,0.9056390622295665,0.222007722007722,34,777,777.0,2678.7856000000093,3654,2232.3213333332887,84,55,29,137.90233333333376,1.6416944444444497,3.0,10.159999999999995,0.05818114774259826,216.8168823529393,657.7079999999917,355.0881666666635,977.0433333333226,196,0.8898599735099166,0.9853816655816026,0.0,1.0,0.3047801263362488,0.03276955602536998,540,74.34733333333364,4,977.0433333333226
2023-05-29,0.0,A001,4|1|1|4,False,10,10,42,10,4,4,0.8609640474436813,0.05445920303605313,46,1054,1054.0,4082.5420000000154,5966,3402.118333333262,243,144,99,436.62716666665483,1.7968196159121597,3.0,6.0,0.11374215005049548,231.88171739130217,770.0859999999883,384.07183695651776,916.3466666666544,184,0.9147231656901199,0.9728847542600119,0.0,1.0,0.24077380952380953,0.08036984352773827,565,268.69966666666625,4,916.3466666666544
2023-05-29,0.05,A001,4|1|1|4,True,10,10,42,10,4,4,0.8609640474436813,0.05445920303605313,46,1054,1054.0,4082.5420000000154,5966,3402.118333333262,243,144,99,436.62716666665483,1.7968196159121597,3.0,6.0,0.11374215005049548,231.88171739130217,770.0859999999883,384.07183695651776,916.3466666666544,184,0.9147231656901199,0.9728847542600119,0.0,1.0,0.24077380952380953,0.08036984352773827,565,268.69966666666625,4,916.3466666666544
2023-05-29,0.1,A001,4|1|1|4,True,10,10,42,10,4,4,0.8609640474436813,0.05445920303605313,46,1054,1054.0,4082.5420000000154,5966,3402.118333333262,243,144,99,436.62716666665483,1.7968196159121597,3.0,6.0,0.11374215005049548,231.88171739130217,770.0859999999883,384.07183695651776,916.3466666666544,184,0.9147231656901199,0.9728847542600119,0.0,1.0,0.24077380952380953,0.08036984352773827,565,268.69966666666625,4,916.3466666666544
2023-05-29,0.25,A001,4|1|1|4,True,10,10,42,10,4,4,0.8609640474436813,0.05445920303605313,46,1054,1054.0,4082.5420000000154,5966,3402.118333333262,243,144,99,436.62716666665483,1.7968196159121597,3.0,6.0,0.11374215005049548,231.88171739130217,770.0859999999883,384.07183695651776,916.3466666666544,184,0.9147231656901199,0.9728847542600119,0.0,1.0,0.24077380952380953,0.08036984352773827,565,268.69966666666625,4,916.3466666666544
2023-05-29,0.5,A001,4|1|1|4,True,10,10,42,10,4,4,0.8609640474436813,0.05445920303605313,46,1054,1054.0,4082.5420000000154,5966,3402.118333333262,243,144,99,436.62716666665483,1.7968196159121597,3.0,6.0,0.11374215005049548,231.88171739130217,770.0859999999883,384.07183695651776,916.3466666666544,184,0.9147231656901199,0.9728847542600119,0.0,1.0,0.24077380952380953,0.08036984352773827,565,268.69966666666625,4,916.3466666666544
2023-05-29,0.75,A001,4|1|1|4,True,10,10,42,10,4,4,0.8609640474436813,0.05445920303605313,46,1054,1054.0,4082.5420000000154,5966,3402.118333333262,243,144,99,436.62716666665483,1.7968196159121597,3.0,6.0,0.11374215005049548,231.88171739130217,770.0859999999883,384.07183695651776,916.3466666666544,184,0.9147231656901199,0.9728847542600119,0.0,1.0,0.24077380952380953,0.08036984352773827,565,268.69966666666625,4,916.3466666666544
2023-05-29,1.0,A002,3|1|1|5,False,10,10,42,10,4,4,0.8427376486136672,0.12466793168880456,46,1054,1054.0,4082.541999999998,5966,3402.1183333332633,237,133,104,489.2833333333334,2.064486638537272,6.0,6.0,0.12573447185483094,251.5978007246356,761.8044999999901,404.93261956521377,1047.705499999989,210,0.929651208151443,0.9712773816507613,0.0,1.0,0.24566515495086924,0.09180790960451977,565,279.90533333333525,4,1047.705499999989
2023-05-29,2.0,A002,3|1|1|5,True,10,10,42,10,4,4,0.8427376486136672,0.12466793168880456,46,1054,1054.0,4082.541999999998,5966,3402.1183333332633,237,133,104,489.2833333333334,2.064486638537272,6.0,6.0,0.12573447185483094,251.5978007246356,761.8044999999901,404.93261956521377,1047.705499999989,210,0.929651208151443,0.9712773816507613,0.0,1.0,0.24566515495086924,0.09180790960451977,565,279.90533333333525,4,1047.705499999989
2023-05-29,4.0,A002,3|1|1|5,True,10,10,42,10,4,4,0.8427376486136672,0.12466793168880456,46,1054,1054.0,4082.541999999998,5966,3402.1183333332633,237,133,104,489.2833333333334,2.064486638537272,6.0,6.0,0.12573447185483094,251.5978007246356,761.8044999999901,404.93261956521377,1047.705499999989,210,0.929651208151443,0.9712773816507613,0.0,1.0,0.24566515495086924,0.09180790960451977,565,279.90533333333525,4,1047.705499999989
2023-05-29,8.0,A003,2|1|1|6,False,10,10,42,10,4,4,0.7854752972273344,0.22466793168880453,46,1054,1054.0,4082.541999999982,5966,3402.1183333333393,184,105,79,369.70433333332954,2.0092626811593997,6.0,6.0,0.09801742181587081,326.26321376811364,1249.6620000000062,476.9984891304326,1550.628000000021,311,0.9039981385091538,0.9795938016597451,0.0,1.0,0.3880059204818047,0.06963388370423547,568,216.27366666666637,3,1550.628000000021
2023-05-30,0.0,A001,2|3|2|1,False,8,8,42,8,4,4,0.9528195311147832,0.07667525773195874,69,1552,1552.0,5454.040399999984,7116,4545.0336666666035,175,102,73,317.2376666666404,1.8127866666665167,3.0,7.619999999999996,0.06524474775642843,357.2151787439565,1167.7513333333318,495.1611400966122,16784.709166666653,479,0.9505373220175902,0.9791556499923133,0.0,1.0,0.32513172283527186,0.04869109947643979,560,208.99466666664358,3,16784.709166666653
2023-05-30,0.05,A001,2|3|2|1,True,8,8,42,8,4,4,0.9528195311147832,0.07667525773195874,69,1552,1552.0,5454.040399999984,7116,4545.0336666666035,175,102,73,317.2376666666404,1.8127866666665167,3.0,7.619999999999996,0.06524474775642843,357.2151787439565,1167.7513333333318,495.1611400966122,16784.709166666653,479,0.9505373220175902,0.9791556499923133,0.0,1.0,0.32513172283527186,0.04869109947643979,560,208.99466666664358,3,16784.709166666653
2023-05-30,0.1,A001,2|3|2|1,True,8,8,42,8,4,4,0.9528195311147832,0.07667525773195874,69,1552,1552.0,5454.040399999984,7116,4545.0336666666035,175,102,73,317.2376666666404,1.8127866666665167,3.0,7.619999999999996,0.06524474775642843,357.2151787439565,1167.7513333333318,495.1611400966122,16784.709166666653,479,0.9505373220175902,0.9791556499923133,0.0,1.0,0.32513172283527186,0.04869109947643979,560,208.99466666664358,3,16784.709166666653
2023-05-30,0.25,A001,2|3|2|1,True,8,8,42,8,4,4,0.9528195311147832,0.07667525773195874,69,1552,1552.0,5454.040399999984,7116,4545.0336666666035,175,102,73,317.2376666666404,1.8127866666665167,3.0,7.619999999999996,0.06524474775642843,357.2151787439565,1167.7513333333318,495.1611400966122,16784.709166666653,479,0.9505373220175902,0.9791556499923133,0.0,1.0,0.32513172283527186,0.04869109947643979,560,208.99466666664358,3,16784.709166666653
2023-05-30,0.5,A001,2|3|2|1,True,8,8,42,8,4,4,0.9528195311147832,0.07667525773195874,69,1552,1552.0,5454.040399999984,7116,4545.0336666666035,175,102,73,317.2376666666404,1.8127866666665167,3.0,7.619999999999996,0.06524474775642843,357.2151787439565,1167.7513333333318,495.1611400966122,16784.709166666653,479,0.9505373220175902,0.9791556499923133,0.0,1.0,0.32513172283527186,0.04869109947643979,560,208.99466666664358,3,16784.709166666653
2023-05-30,0.75,A001,2|3|2|1,True,8,8,42,8,4,4,0.9528195311147832,0.07667525773195874,69,1552,1552.0,5454.040399999984,7116,4545.0336666666035,175,102,73,317.2376666666404,1.8127866666665167,3.0,7.619999999999996,0.06524474775642843,357.2151787439565,1167.7513333333318,495.1611400966122,16784.709166666653,479,0.9505373220175902,0.9791556499923133,0.0,1.0,0.32513172283527186,0.04869109947643979,560,208.99466666664358,3,16784.709166666653
2023-05-30,1.0,A001,2|3|2|1,True,8,8,42,8,4,4,0.9528195311147832,0.07667525773195874,69,1552,1552.0,5454.040399999984,7116,4545.0336666666035,175,102,73,317.2376666666404,1.8127866666665167,3.0,7.619999999999996,0.06524474775642843,357.2151787439565,1167.7513333333318,495.1611400966122,16784.709166666653,479,0.9505373220175902,0.9791556499923133,0.0,1.0,0.32513172283527186,0.04869109947643979,560,208.99466666664358,3,16784.709166666653
2023-05-30,2.0,A002,1|4|2|1,False,8,8,42,8,4,4,0.875,0.11082474226804123,69,1552,1552.0,5454.040400000023,7116,4545.03366666667,171,120,51,284.4666666666576,1.6635477582845473,3.0,10.159999999999995,0.058901883638616155,333.382120772943,914.2366666667076,470.8531400966144,17002.455333333382,468,0.8889275141376015,0.9858248261052074,0.0,1.0,0.34906898656898655,0.03412073490813648,559,142.37599999999028,4,17002.455333333382
2023-05-30,4.0,A002,1|4|2|1,True,8,8,42,8,4,4,0.875,0.11082474226804123,69,1552,1552.0,5454.040400000023,7116,4545.03366666667,171,120,51,284.4666666666576,1.6635477582845473,3.0,10.159999999999995,0.058901883638616155,333.382120772943,914.2366666667076,470.8531400966144,17002.455333333382,468,0.8889275141376015,0.9858248261052074,0.0,1.0,0.34906898656898655,0.03412073490813648,559,142.37599999999028,4,17002.455333333382
2023-05-30,8.0,A002,1|4|2|1,True,8,8,42,8,4,4,0.875,0.11082474226804123,69,1552,1552.0,5454.040400000023,7116,4545.03366666667,171,120,51,284.4666666666576,1.6635477582845473,3.0,10.159999999999995,0.058901883638616155,333.382120772943,914.2366666667076,470.8531400966144,17002.455333333382,468,0.8889275141376015,0.9858248261052074,0.0,1.0,0.34906898656898655,0.03412073490813648,559,142.37599999999028,4,17002.455333333382
2023-05-31,0.0,A001,4|1|3|1,False,9,9,42,9,4,4,0.8763576394898525,0.12351833388722723,47,1003,1003.0,3534.918000000011,4678,2945.765000000188,203,97,106,418.27833333336457,2.0604844006569683,3.0,7.620000000002619,0.12433797424329769,152.16067730497417,475.72266666670475,287.7573439716455,18469.04166666665,242,0.8572588106078736,0.969423514799558,0.0,1.0,0.34688606847697756,0.1043613707165109,551,300.60783333335615,4,18469.04166666665
2023-05-31,0.05,A001,4|1|3|1,True,9,9,42,9,4,4,0.8763576394898525,0.12351833388722723,47,1003,1003.0,3534.918000000011,4678,2945.765000000188,203,97,106,418.27833333336457,2.0604844006569683,3.0,7.620000000002619,0.12433797424329769,152.16067730497417,475.72266666670475,287.7573439716455,18469.04166666665,242,0.8572588106078736,0.969423514799558,0.0,1.0,0.34688606847697756,0.1043613707165109,551,300.60783333335615,4,18469.04166666665
2023-05-31,0.1,A001,4|1|3|1,True,9,9,42,9,4,4,0.8763576394898525,0.12351833388722723,47,1003,1003.0,3534.918000000011,4678,2945.765000000188,203,97,106,418.27833333336457,2.0604844006569683,3.0,7.620000000002619,0.12433797424329769,152.16067730497417,475.72266666670475,287.7573439716455,18469.04166666665,242,0.8572588106078736,0.969423514799558,0.0,1.0,0.34688606847697756,0.1043613707165109,551,300.60783333335615,4,18469.04166666665
2023-05-31,0.25,A001,4|1|3|1,True,9,9,42,9,4,4,0.8763576394898525,0.12351833388722723,47,1003,1003.0,3534.918000000011,4678,2945.765000000188,203,97,106,418.27833333336457,2.0604844006569683,3.0,7.620000000002619,0.12433797424329769,152.16067730497417,475.72266666670475,287.7573439716455,18469.04166666665,242,0.8572588106078736,0.969423514799558,0.0,1.0,0.34688606847697756,0.1043613707165109,551,300.60783333335615,4,18469.04166666665
2023-05-31,0.5,A001,4|1|3|1,True,9,9,42,9,4,4,0.8763576394898525,0.12351833388722723,47,1003,1003.0,3534.918000000011,4678,2945.765000000188,203,97,106,418.27833333336457,2.0604844006569683,3.0,7.620000000002619,0.12433797424329769,152.16067730497417,475.72266666670475,287.7573439716455,18469.04166666665,242,0.8572588106078736,0.969423514799558,0.0,1.0,0.34688606847697756,0.1043613707165109,551,300.60783333335615,4,18469.04166666665
2023-05-31,0.75,A001,4|1|3|1,True,9,9,42,9,4,4,0.8763576394898525,0.12351833388722723,47,1003,1003.0,3534.918000000011,4678,2945.765000000188,203,97,106,418.27833333336457,2.0604844006569683,3.0,7.620000000002619,0.12433797424329769,152.16067730497417,475.72266666670475,287.7573439716455,18469.04166666665,242,0.8572588106078736,0.969423514799558,0.0,1.0,0.34688606847697756,0.1043613707165109,551,300.60783333335615,4,18469.04166666665
2023-05-31,1.0,A002,3|1|4|1,False,9,9,42,9,4,4,0.8763576394898525,0.14223994682618807,47,1003,1003.0,3534.917999999996,4678,2945.7650000001877,205,68,137,619.4773333333695,3.0218406504066806,8.733533333332176,12.0,0.17375462182234006,178.0062836879502,639.9220000000278,317.88378014185565,18469.04166666665,290,0.803341111273128,0.9508935602824781,0.0,1.0,0.40944991789819374,0.1479245283018868,548,405.5028333333654,5,18469.04166666665
2023-05-31,2.0,A002,3|1|4|1,True,9,9,42,9,4,4,0.8763576394898525,0.14223994682618807,47,1003,1003.0,3534.917999999996,4678,2945.7650000001877,205,68,137,619.4773333333695,3.0218406504066806,8.733533333332176,12.0,0.17375462182234006,178.0062836879502,639.9220000000278,317.88378014185565,18469.04166666665,290,0.803341111273128,0.9508935602824781,0.0,1.0,0.40944991789819374,0.1479245283018868,548,405.5028333333654,5,18469.04166666665
2023-05-31,4.0,A002,3|1|4|1,True,9,9,42,9,4,4,0.8763576394898525,0.14223994682618807,47,1003,1003.0,3534.917999999996,4678,2945.7650000001877,205,68,137,619.4773333333695,3.0218406504066806,8.733533333332176,12.0,0.17375462182234006,178.0062836879502,639.9220000000278,317.88378014185565,18469.04166666665,290,0.803341111273128,0.9508935602824781,0.0,1.0,0.40944991789819374,0.1479245283018868,548,405.5028333333654,5,18469.04166666665
2023-05-31,8.0,A002,3|1|4|1,True,9,9,42,9,4,4,0.8763576394898525,0.14223994682618807,47,1003,1003.0,3534.917999999996,4678,2945.7650000001877,205,68,137,619.4773333333695,3.0218406504066806,8.733533333332176,12.0,0.17375462182234006,178.0062836879502,639.9220000000278,317.88378014185565,18469.04166666665,290,0.803341111273128,0.9508935602824781,0.0,1.0,0.40944991789819374,0.1479245283018868,548,405.5028333333654,5,18469.04166666665
2023-06-01,0.0,A001,3|0|2|1,False,6,6,42,6,4,3,0.7295739585136224,0.07568807339449543,22,436,436.0,2062.530800000004,2846,1718.7756666667917,34,25,9,54.837333333357634,1.6128627450987538,5.080000000001746,7.620000000002619,0.03091843222470348,18.623272727275353,144.72866666667687,158.69659090910034,18207.90966666669,176,0.8050384750362829,0.9908165846600405,0.0,1.0,0.4243371212121212,0.023961661341853034,521,21.90866666670125,3,18207.90966666669
2023-06-01,0.05,A001,3|0|2|1,True,6,6,42,6,4,3,0.7295739585136224,0.07568807339449543,22,436,436.0,2062.530800000004,2846,1718.7756666667917,34,25,9,54.837333333357634,1.6128627450987538,5.080000000001746,7.620000000002619,0.03091843222470348,18.623272727275353,144.72866666667687,158.69659090910034,18207.90966666669,176,0.8050384750362829,0.9908165846600405,0.0,1.0,0.4243371212121212,0.023961661341853034,521,21.90866666670125,3,18207.90966666669
2023-06-01,0.1,A001,3|0|2|1,True,6,6,42,6,4,3,0.7295739585136224,0.07568807339449543,22,436,436.0,2062.530800000004,2846,1718.7756666667917,34,25,9,54.837333333357634,1.6128627450987538,5.080000000001746,7.620000000002619,0.03091843222470348,18.623272727275353,144.72866666667687,158.69659090910034,18207.90966666669,176,0.8050384750362829,0.9908165846600405,0.0,1.0,0.4243371212121212,0.023961661341853034,521,21.90866666670125,3,18207.90966666669
2023-06-01,0.25,A001,3|0|2|1,True,6,6,42,6,4,3,0.7295739585136224,0.07568807339449543,22,436,436.0,2062.530800000004,2846,1718.7756666667917,34,25,9,54.837333333357634,1.6128627450987538,5.080000000001746,7.620000000002619,0.03091843222470348,18.623272727275353,144.72866666667687,158.69659090910034,18207.90966666669,176,0.8050384750362829,0.9908165846600405,0.0,1.0,0.4243371212121212,0.023961661341853034,521,21.90866666670125,3,18207.90966666669
2023-06-01,0.5,A001,3|0|2|1,True,6,6,42,6,4,3,0.7295739585136224,0.07568807339449543,22,436,436.0,2062.530800000004,2846,1718.7756666667917,34,25,9,54.837333333357634,1.6128627450987538,5.080000000001746,7.620000000002619,0.03091843222470348,18.623272727275353,144.72866666667687,158.69659090910034,18207.90966666669,176,0.8050384750362829,0.9908165846600405,0.0,1.0,0.4243371212121212,0.023961661341853034,521,21.90866666670125,3,18207.90966666669
2023-06-01,0.75,A001,3|0|2|1,True,6,6,42,6,4,3,0.7295739585136224,0.07568807339449543,22,436,436.0,2062.530800000004,2846,1718.7756666667917,34,25,9,54.837333333357634,1.6128627450987538,5.080000000001746,7.620000000002619,0.03091843222470348,18.623272727275353,144.72866666667687,158.69659090910034,18207.90966666669,176,0.8050384750362829,0.9908165846600405,0.0,1.0,0.4243371212121212,0.023961661341853034,521,21.90866666670125,3,18207.90966666669
2023-06-01,1.0,A001,3|0|2|1,True,6,6,42,6,4,3,0.7295739585136224,0.07568807339449543,22,436,436.0,2062.530800000004,2846,1718.7756666667917,34,25,9,54.837333333357634,1.6128627450987538,5.080000000001746,7.620000000002619,0.03091843222470348,18.623272727275353,144.72866666667687,158.69659090910034,18207.90966666669,176,0.8050384750362829,0.9908165846600405,0.0,1.0,0.4243371212121212,0.023961661341853034,521,21.90866666670125,3,18207.90966666669
2023-06-01,2.0,A001,3|0|2|1,True,6,6,42,6,4,3,0.7295739585136224,0.07568807339449543,22,436,436.0,2062.530800000004,2846,1718.7756666667917,34,25,9,54.837333333357634,1.6128627450987538,5.080000000001746,7.620000000002619,0.03091843222470348,18.623272727275353,144.72866666667687,158.69659090910034,18207.90966666669,176,0.8050384750362829,0.9908165846600405,0.0,1.0,0.4243371212121212,0.023961661341853034,521,21.90866666670125,3,18207.90966666669
2023-06-01,4.0,A001,3|0|2|1,True,6,6,42,6,4,3,0.7295739585136224,0.07568807339449543,22,436,436.0,2062.530800000004,2846,1718.7756666667917,34,25,9,54.837333333357634,1.6128627450987538,5.080000000001746,7.620000000002619,0.03091843222470348,18.623272727275353,144.72866666667687,158.69659090910034,18207.90966666669,176,0.8050384750362829,0.9908165846600405,0.0,1.0,0.4243371212121212,0.023961661341853034,521,21.90866666670125,3,18207.90966666669
2023-06-01,8.0,A001,3|0|2|1,True,6,6,42,6,4,3,0.7295739585136224,0.07568807339449543,22,436,436.0,2062.530800000004,2846,1718.7756666667917,34,25,9,54.837333333357634,1.6128627450987538,5.080000000001746,7.620000000002619,0.03091843222470348,18.623272727275353,144.72866666667687,158.69659090910034,18207.90966666669,176,0.8050384750362829,0.9908165846600405,0.0,1.0,0.4243371212121212,0.023961661341853034,521,21.90866666670125,3,18207.90966666669
2023-06-05,0.0,A001,4|1|2|1,False,8,8,42,8,4,4,0.875,0.09095047341587766,65,1373,1373.0,5839.4091999999655,7962,4866.174333333448,149,127,22,214.4151666667346,1.4390279642062724,3.0,10.159999999999968,0.042202812619820375,269.16431282051633,927.3536666666603,410.6964589743653,20821.741666666727,410,0.8458298276243766,0.9936682788710443,0.0,1.0,0.36164343786295006,0.01891891891891892,599,65.34616666666378,4,20821.741666666727
2023-06-05,0.05,A001,4|1|2|1,True,8,8,42,8,4,4,0.875,0.09095047341587766,65,1373,1373.0,5839.4091999999655,7962,4866.174333333448,149,127,22,214.4151666667346,1.4390279642062724,3.0,10.159999999999968,0.042202812619820375,269.16431282051633,927.3536666666603,410.6964589743653,20821.741666666727,410,0.8458298276243766,0.9936682788710443,0.0,1.0,0.36164343786295006,0.01891891891891892,599,65.34616666666378,4,20821.741666666727
2023-06-05,0.1,A001,4|1|2|1,True,8,8,42,8,4,4,0.875,0.09095047341587766,65,1373,1373.0,5839.4091999999655,7962,4866.174333333448,149,127,22,214.4151666667346,1.4390279642062724,3.0,10.159999999999968,0.042202812619820375,269.16431282051633,927.3536666666603,410.6964589743653,20821.741666666727,410,0.8458298276243766,0.9936682788710443,0.0,1.0,0.36164343786295006,0.01891891891891892,599,65.34616666666378,4,20821.741666666727
2023-06-05,0.25,A001,4|1|2|1,True,8,8,42,8,4,4,0.875,0.09095047341587766,65,1373,1373.0,5839.4091999999655,7962,4866.174333333448,149,127,22,214.4151666667346,1.4390279642062724,3.0,10.159999999999968,0.042202812619820375,269.16431282051633,927.3536666666603,410.6964589743653,20821.741666666727,410,0.8458298276243766,0.9936682788710443,0.0,1.0,0.36164343786295006,0.01891891891891892,599,65.34616666666378,4,20821.741666666727
2023-06-05,0.5,A001,4|1|2|1,True,8,8,42,8,4,4,0.875,0.09095047341587766,65,1373,1373.0,5839.4091999999655,7962,4866.174333333448,149,127,22,214.4151666667346,1.4390279642062724,3.0,10.159999999999968,0.042202812619820375,269.16431282051633,927.3536666666603,410.6964589743653,20821.741666666727,410,0.8458298276243766,0.9936682788710443,0.0,1.0,0.36164343786295006,0.01891891891891892,599,65.34616666666378,4,20821.741666666727
2023-06-05,0.75,A001,4|1|2|1,True,8,8,42,8,4,4,0.875,0.09095047341587766,65,1373,1373.0,5839.4091999999655,7962,4866.174333333448,149,127,22,214.4151666667346,1.4390279642062724,3.0,10.159999999999968,0.042202812619820375,269.16431282051633,927.3536666666603,410.6964589743653,20821.741666666727,410,0.8458298276243766,0.9936682788710443,0.0,1.0,0.36164343786295006,0.01891891891891892,599,65.34616666666378,4,20821.741666666727
2023-06-05,1.0,A001,4|1|2|1,True,8,8,42,8,4,4,0.875,0.09095047341587766,65,1373,1373.0,5839.4091999999655,7962,4866.174333333448,149,127,22,214.4151666667346,1.4390279642062724,3.0,10.159999999999968,0.042202812619820375,269.16431282051633,927.3536666666603,410.6964589743653,20821.741666666727,410,0.8458298276243766,0.9936682788710443,0.0,1.0,0.36164343786295006,0.01891891891891892,599,65.34616666666378,4,20821.741666666727
2023-06-05,2.0,A001,4|1|2|1,True,8,8,42,8,4,4,0.875,0.09095047341587766,65,1373,1373.0,5839.4091999999655,7962,4866.174333333448,149,127,22,214.4151666667346,1.4390279642062724,3.0,10.159999999999968,0.042202812619820375,269.16431282051633,927.3536666666603,410.6964589743653,20821.741666666727,410,0.8458298276243766,0.9936682788710443,0.0,1.0,0.36164343786295006,0.01891891891891892,599,65.34616666666378,4,20821.741666666727
2023-06-05,4.0,A001,4|1|2|1,True,8,8,42,8,4,4,0.875,0.09095047341587766,65,1373,1373.0,5839.4091999999655,7962,4866.174333333448,149,127,22,214.4151666667346,1.4390279642062724,3.0,10.159999999999968,0.042202812619820375,269.16431282051633,927.3536666666603,410.6964589743653,20821.741666666727,410,0.8458298276243766,0.9936682788710443,0.0,1.0,0.36164343786295006,0.01891891891891892,599,65.34616666666378,4,20821.741666666727
2023-06-05,8.0,A001,4|1|2|1,True,8,8,42,8,4,4,0.875,0.09095047341587766,65,1373,1373.0,5839.4091999999655,7962,4866.174333333448,149,127,22,214.4151666667346,1.4390279642062724,3.0,10.159999999999968,0.042202812619820375,269.16431282051633,927.3536666666603,410.6964589743653,20821.741666666727,410,0.8458298276243766,0.9936682788710443,0.0,1.0,0.36164343786295006,0.01891891891891892,599,65.34616666666378,4,20821.741666666727
2023-06-06,0.0,A001,3|1|3|1,False,8,8,42,8,4,4,0.9056390622295665,0.08668730650154798,33,646,646.0,2861.5640000000044,3746,2384.6366666667254,54,44,10,76.88099999995435,1.423722222221377,3.0,5.080000000001746,0.031233170105199576,52.7078989899017,231.43300000000454,186.02661616161927,18132.16833333335,200,0.8971973661728482,0.9913783051633681,0.0,1.0,0.35217261904761904,0.01463963963963964,529,29.974333333336993,3,18132.16833333335
2023-06-06,0.05,A002,2|1|4|1,False,8,8,42,8,4,4,0.875,0.08320433436532508,33,646,646.0,2861.564000000006,3746,2384.6366666667254,56,47,9,83.56233333337535,1.492184523810274,3.0,5.079999999999997,0.03385558998013205,58.46614141414397,246.40466666668362,191.98732323232883,18192.916333333334,215,0.8795883345983481,0.9953236417823412,0.0,1.0,0.37532115171650055,0.011235955056179775,528,23.992833333349786,2,18192.916333333334
2023-06-06,0.1,A002,2|1|4|1,True,8,8,42,8,4,4,0.875,0.08320433436532508,33,646,646.0,2861.564000000006,3746,2384.6366666667254,56,47,9,83.56233333337535,1.492184523810274,3.0,5.079999999999997,0.03385558998013205,58.46614141414397,246.40466666668362,191.98732323232883,18192.916333333334,215,0.8795883345983481,0.9953236417823412,0.0,1.0,0.37532115171650055,0.011235955056179775,528,23.992833333349786,2,18192.916333333334
2023-06-06,0.25,A002,2|1|4|1,True,8,8,42,8,4,4,0.875,0.08320433436532508,33,646,646.0,2861.564000000006,3746,2384.6366666667254,56,47,9,83.56233333337535,1.492184523810274,3.0,5.079999999999997,0.03385558998013205,58.46614141414397,246.40466666668362,191.98732323232883,18192.916333333334,215,0.8795883345983481,0.9953236417823412,0.0,1.0,0.37532115171650055,0.011235955056179775,528,23.992833333349786,2,18192.916333333334
2023-06-06,0.5,A002,2|1|4|1,True,8,8,42,8,4,4,0.875,0.08320433436532508,33,646,646.0,2861.564000000006,3746,2384.6366666667254,56,47,9,83.56233333337535,1.492184523810274,3.0,5.079999999999997,0.03385558998013205,58.46614141414397,246.40466666668362,191.98732323232883,18192.916333333334,215,0.8795883345983481,0.9953236417823412,0.0,1.0,0.37532115171650055,0.011235955056179775,528,23.992833333349786,2,18192.916333333334
2023-06-06,0.75,A002,2|1|4|1,True,8,8,42,8,4,4,0.875,0.08320433436532508,33,646,646.0,2861.564000000006,3746,2384.6366666667254,56,47,9,83.56233333337535,1.492184523810274,3.0,5.079999999999997,0.03385558998013205,58.46614141414397,246.40466666668362,191.98732323232883,18192.916333333334,215,0.8795883345983481,0.9953236417823412,0.0,1.0,0.37532115171650055,0.011235955056179775,528,23.992833333349786,2,18192.916333333334
2023-06-06,1.0,A002,2|1|4|1,True,8,8,42,8,4,4,0.875,0.08320433436532508,33,646,646.0,2861.564000000006,3746,2384.6366666667254,56,47,9,83.56233333337535,1.492184523810274,3.0,5.079999999999997,0.03385558998013205,58.46614141414397,246.40466666668362,191.98732323232883,18192.916333333334,215,0.8795883345983481,0.9953236417823412,0.0,1.0,0.37532115171650055,0.011235955056179775,528,23.992833333349786,2,18192.916333333334
2023-06-06,2.0,A002,2|1|4|1,True,8,8,42,8,4,4,0.875,0.08320433436532508,33,646,646.0,2861.564000000006,3746,2384.6366666667254,56,47,9,83.56233333337535,1.492184523810274,3.0,5.079999999999997,0.03385558998013205,58.46614141414397,246.40466666668362,191.98732323232883,18192.916333333334,215,0.8795883345983481,0.9953236417823412,0.0,1.0,0.37532115171650055,0.011235955056179775,528,23.992833333349786,2,18192.916333333334
2023-06-06,4.0,A002,2|1|4|1,True,8,8,42,8,4,4,0.875,0.08320433436532508,33,646,646.0,2861.564000000006,3746,2384.6366666667254,56,47,9,83.56233333337535,1.492184523810274,3.0,5.079999999999997,0.03385558998013205,58.46614141414397,246.40466666668362,191.98732323232883,18192.916333333334,215,0.8795883345983481,0.9953236417823412,0.0,1.0,0.37532115171650055,0.011235955056179775,528,23.992833333349786,2,18192.916333333334
2023-06-06,8.0,A003,1|2|4|1,False,8,8,42,8,4,4,0.875,0.20626934984520123,33,646,646.0,2861.563999999994,3746,2384.6366666667245,57,37,20,105.16366666665765,1.8449766081869763,3.8245333333350757,5.080000000001746,0.04223779122314718,96.71817676767975,711.6266666666779,230.89394444444892,18655.598333333342,336,0.4671672943084766,0.9810513180478009,0.0,1.0,0.6571782879818594,0.03131991051454139,529,60.144333333326365,2,18655.598333333342
2023-06-07,0.0,A001,3|1|3|1,False,8,8,42,8,4,4,0.9056390622295665,0.063412852969815,47,1027,1027.0,3867.0992000000056,5030,3222.582666666849,143,109,34,260.6223333333491,1.8225337995339097,5.080000000001746,10.160000000003492,0.07482256523326485,119.80407801419048,598.3403333333554,259.4680141844076,20596.46500000002,277,0.6382513270845181,0.9821978755689529,0.0,1.0,0.46680419460202854,0.03787878787878788,562,110.64699999998594,4,20596.46500000002
2023-06-07,0.05,A001,3|1|3|1,True,8,8,42,8,4,4,0.9056390622295665,0.063412852969815,47,1027,1027.0,3867.0992000000056,5030,3222.582666666849,143,109,34,260.6223333333491,1.8225337995339097,5.080000000001746,10.160000000003492,0.07482256523326485,119.80407801419048,598.3403333333554,259.4680141844076,20596.46500000002,277,0.6382513270845181,0.9821978755689529,0.0,1.0,0.46680419460202854,0.03787878787878788,562,110.64699999998594,4,20596.46500000002
2023-06-07,0.1,A002,3|2|2|1,False,8,8,42,8,4,4,0.9528195311147832,0.06694255111976632,47,1027,1027.0,3867.099200000011,5030,3222.582666666849,132,99,33,246.96566666667803,1.8709520202021064,4.62368333332737,12.700000000004366,0.07118092700826983,107.78641134752252,426.0896666667031,247.15978014185288,20470.637000000046,253,0.7364860432436695,0.9806893102139389,0.0,1.0,0.3933418031244118,0.038636363636363635,560,103.24433333333617,5,20470.637000000046
2023-06-07,0.25,A002,3|2|2|1,True,8,8,42,8,4,4,0.9528195311147832,0.06694255111976632,47,1027,1027.0,3867.099200000011,5030,3222.582666666849,132,99,33,246.96566666667803,1.8709520202021064,4.62368333332737,12.700000000004366,0.07118092700826983,107.78641134752252,426.0896666667031,247.15978014185288,20470.637000000046,253,0.7364860432436695,0.9806893102139389,0.0,1.0,0.3933418031244118,0.038636363636363635,560,103.24433333333617,5,20470.637000000046
2023-06-07,0.5,A002,3|2|2|1,True,8,8,42,8,4,4,0.9528195311147832,0.06694255111976632,47,1027,1027.0,3867.099200000011,5030,3222.582666666849,132,99,33,246.96566666667803,1.8709520202021064,4.62368333332737,12.700000000004366,0.07118092700826983,107.78641134752252,426.0896666667031,247.15978014185288,20470.637000000046,253,0.7364860432436695,0.9806893102139389,0.0,1.0,0.3933418031244118,0.038636363636363635,560,103.24433333333617,5,20470.637000000046
2023-06-07,0.75,A002,3|2|2|1,True,8,8,42,8,4,4,0.9528195311147832,0.06694255111976632,47,1027,1027.0,3867.099200000011,5030,3222.582666666849,132,99,33,246.96566666667803,1.8709520202021064,4.62368333332737,12.700000000004366,0.07118092700826983,107.78641134752252,426.0896666667031,247.15978014185288,20470.637000000046,253,0.7364860432436695,0.9806893102139389,0.0,1.0,0.3933418031244118,0.038636363636363635,560,103.24433333333617,5,20470.637000000046
2023-06-07,1.0,A002,3|2|2|1,True,8,8,42,8,4,4,0.9528195311147832,0.06694255111976632,47,1027,1027.0,3867.099200000011,5030,3222.582666666849,132,99,33,246.96566666667803,1.8709520202021064,4.62368333332737,12.700000000004366,0.07118092700826983,107.78641134752252,426.0896666667031,247.15978014185288,20470.637000000046,253,0.7364860432436695,0.9806893102139389,0.0,1.0,0.3933418031244118,0.038636363636363635,560,103.24433333333617,5,20470.637000000046
2023-06-07,2.0,A002,3|2|2|1,True,8,8,42,8,4,4,0.9528195311147832,0.06694255111976632,47,1027,1027.0,3867.099200000011,5030,3222.582666666849,132,99,33,246.96566666667803,1.8709520202021064,4.62368333332737,12.700000000004366,0.07118092700826983,107.78641134752252,426.0896666667031,247.15978014185288,20470.637000000046,253,0.7364860432436695,0.9806893102139389,0.0,1.0,0.3933418031244118,0.038636363636363635,560,103.24433333333617,5,20470.637000000046
2023-06-07,4.0,A003,2|3|2|1,False,8,8,42,8,4,4,0.9528195311147832,0.19194255111976632,47,1027,1027.0,3867.099199999996,5030,3222.582666666848,120,91,29,208.016666666789,1.7334722222232417,3.500783333334674,12.700000000004366,0.06063566346719122,134.50234751773615,570.6010000000388,273.04701418440925,20596.33833333337,280,0.8447209781458733,0.9855078078368522,0.0,1.0,0.34551020408163263,0.03508771929824561,557,91.35966666665215,5,20596.33833333337
2023-06-07,8.0,A003,2|3|2|1,True,8,8,42,8,4,4,0.9528195311147832,0.19194255111976632,47,1027,1027.0,3867.099199999996,5030,3222.582666666848,120,91,29,208.016666666789,1.7334722222232417,3.500783333334674,12.700000000004366,0.06063566346719122,134.50234751773615,570.6010000000388,273.04701418440925,20596.33833333337,280,0.8447209781458733,0.9855078078368522,0.0,1.0,0.34551020408163263,0.03508771929824561,557,91.35966666665215,5,20596.33833333337
2023-06-09,0.0,A001,5|1|1|1,False,8,8,42,8,4,4,0.7743974703476992,0.061666666666666654,28,600,600.0,2519.629200000003,3488,2099.690999999976,124,51,73,372.7836666666879,3.0063198924732895,6.0,7.619999999999996,0.1507735030382603,97.45026785714238,373.95733333333186,250.03864880952324,14876.410666666658,154,0.843323474273367,0.9411001089717284,0.0,1.0,0.33731447124304265,0.12862108922363846,517,211.96850000002172,6,14876.410666666658
2023-06-09,0.05,A001,5|1|1|1,True,8,8,42,8,4,4,0.7743974703476992,0.061666666666666654,28,600,600.0,2519.629200000003,3488,2099.690999999976,124,51,73,372.7836666666879,3.0063198924732895,6.0,7.619999999999996,0.1507735030382603,97.45026785714238,373.95733333333186,250.03864880952324,14876.410666666658,154,0.843323474273367,0.9411001089717284,0.0,1.0,0.33731447124304265,0.12862108922363846,517,211.96850000002172,6,14876.410666666658
2023-06-09,0.1,A001,5|1|1|1,True,8,8,42,8,4,4,0.7743974703476992,0.061666666666666654,28,600,600.0,2519.629200000003,3488,2099.690999999976,124,51,73,372.7836666666879,3.0063198924732895,6.0,7.619999999999996,0.1507735030382603,97.45026785714238,373.95733333333186,250.03864880952324,14876.410666666658,154,0.843323474273367,0.9411001089717284,0.0,1.0,0.33731447124304265,0.12862108922363846,517,211.96850000002172,6,14876.410666666658
2023-06-09,0.25,A001,5|1|1|1,True,8,8,42,8,4,4,0.7743974703476992,0.061666666666666654,28,600,600.0,2519.629200000003,3488,2099.690999999976,124,51,73,372.7836666666879,3.0063198924732895,6.0,7.619999999999996,0.1507735030382603,97.45026785714238,373.95733333333186,250.03864880952324,14876.410666666658,154,0.843323474273367,0.9411001089717284,0.0,1.0,0.33731447124304265,0.12862108922363846,517,211.96850000002172,6,14876.410666666658
2023-06-09,0.5,A001,5|1|1|1,True,8,8,42,8,4,4,0.7743974703476992,0.061666666666666654,28,600,600.0,2519.629200000003,3488,2099.690999999976,124,51,73,372.7836666666879,3.0063198924732895,6.0,7.619999999999996,0.1507735030382603,97.45026785714238,373.95733333333186,250.03864880952324,14876.410666666658,154,0.843323474273367,0.9411001089717284,0.0,1.0,0.33731447124304265,0.12862108922363846,517,211.96850000002172,6,14876.410666666658
2023-06-09,0.75,A001,5|1|1|1,True,8,8,42,8,4,4,0.7743974703476992,0.061666666666666654,28,600,600.0,2519.629200000003,3488,2099.690999999976,124,51,73,372.7836666666879,3.0063198924732895,6.0,7.619999999999996,0.1507735030382603,97.45026785714238,373.95733333333186,250.03864880952324,14876.410666666658,154,0.843323474273367,0.9411001089717284,0.0,1.0,0.33731447124304265,0.12862108922363846,517,211.96850000002172,6,14876.410666666658
2023-06-09,1.0,A001,5|1|1|1,True,8,8,42,8,4,4,0.7743974703476992,0.061666666666666654,28,600,600.0,2519.629200000003,3488,2099.690999999976,124,51,73,372.7836666666879,3.0063198924732895,6.0,7.619999999999996,0.1507735030382603,97.45026785714238,373.95733333333186,250.03864880952324,14876.410666666658,154,0.843323474273367,0.9411001089717284,0.0,1.0,0.33731447124304265,0.12862108922363846,517,211.96850000002172,6,14876.410666666658
2023-06-09,2.0,A001,5|1|1|1,True,8,8,42,8,4,4,0.7743974703476992,0.061666666666666654,28,600,600.0,2519.629200000003,3488,2099.690999999976,124,51,73,372.7836666666879,3.0063198924732895,6.0,7.619999999999996,0.1507735030382603,97.45026785714238,373.95733333333186,250.03864880952324,14876.410666666658,154,0.843323474273367,0.9411001089717284,0.0,1.0,0.33731447124304265,0.12862108922363846,517,211.96850000002172,6,14876.410666666658
2023-06-09,4.0,A001,5|1|1|1,True,8,8,42,8,4,4,0.7743974703476992,0.061666666666666654,28,600,600.0,2519.629200000003,3488,2099.690999999976,124,51,73,372.7836666666879,3.0063198924732895,6.0,7.619999999999996,0.1507735030382603,97.45026785714238,373.95733333333186,250.03864880952324,14876.410666666658,154,0.843323474273367,0.9411001089717284,0.0,1.0,0.33731447124304265,0.12862108922363846,517,211.96850000002172,6,14876.410666666658
2023-06-09,8.0,A002,4|2|1|1,False,8,8,42,8,4,4,0.875,0.18666666666666665,28,600,600.0,2519.629200000006,3488,2099.6909999999743,102,44,58,216.98916666666997,2.1273447712418623,3.0,7.619999999999996,0.09366384267832917,119.0944285714279,433.6126666666656,266.1187202380938,14941.819833333335,169,0.8621995754166967,0.9649783327511374,0.0,1.0,0.3306001690617075,0.08674698795180723,517,167.74833333333396,5,14941.819833333335
2023-06-12,0.0,A001,3|1|2|1,False,7,7,42,7,4,4,0.9211854965885544,0.16108066777112276,49,1121,1121.0,4542.637599999982,6454,3785.5313333333365,102,85,17,140.15466666668357,1.3740653594772898,3.0,12.699999999999994,0.035701955445922785,381.13071428571175,1144.9603333333446,529.8794081632632,1547.251666666686,310,0.9369230641875878,0.991283788048301,0.0,1.0,0.2793548387096774,0.019835841313269494,587,40.73833333333975,5,1547.251666666686
2023-06-12,0.05,A001,3|1|2|1,True,7,7,42,7,4,4,0.9211854965885544,0.16108066777112276,49,1121,1121.0,4542.637599999982,6454,3785.5313333333365,102,85,17,140.15466666668357,1.3740653594772898,3.0,12.699999999999994,0.035701955445922785,381.13071428571175,1144.9603333333446,529.8794081632632,1547.251666666686,310,0.9369230641875878,0.991283788048301,0.0,1.0,0.2793548387096774,0.019835841313269494,587,40.73833333333975,5,1547.251666666686
2023-06-12,0.1,A001,3|1|2|1,True,7,7,42,7,4,4,0.9211854965885544,0.16108066777112276,49,1121,1121.0,4542.637599999982,6454,3785.5313333333365,102,85,17,140.15466666668357,1.3740653594772898,3.0,12.699999999999994,0.035701955445922785,381.13071428571175,1144.9603333333446,529.8794081632632,1547.251666666686,310,0.9369230641875878,0.991283788048301,0.0,1.0,0.2793548387096774,0.019835841313269494,587,40.73833333333975,5,1547.251666666686
2023-06-12,0.25,A001,3|1|2|1,True,7,7,42,7,4,4,0.9211854965885544,0.16108066777112276,49,1121,1121.0,4542.637599999982,6454,3785.5313333333365,102,85,17,140.15466666668357,1.3740653594772898,3.0,12.699999999999994,0.035701955445922785,381.13071428571175,1144.9603333333446,529.8794081632632,1547.251666666686,310,0.9369230641875878,0.991283788048301,0.0,1.0,0.2793548387096774,0.019835841313269494,587,40.73833333333975,5,1547.251666666686
2023-06-12,0.5,A001,3|1|2|1,True,7,7,42,7,4,4,0.9211854965885544,0.16108066777112276,49,1121,1121.0,4542.637599999982,6454,3785.5313333333365,102,85,17,140.15466666668357,1.3740653594772898,3.0,12.699999999999994,0.035701955445922785,381.13071428571175,1144.9603333333446,529.8794081632632,1547.251666666686,310,0.9369230641875878,0.991283788048301,0.0,1.0,0.2793548387096774,0.019835841313269494,587,40.73833333333975,5,1547.251666666686
2023-06-12,0.75,A001,3|1|2|1,True,7,7,42,7,4,4,0.9211854965885544,0.16108066777112276,49,1121,1121.0,4542.637599999982,6454,3785.5313333333365,102,85,17,140.15466666668357,1.3740653594772898,3.0,12.699999999999994,0.035701955445922785,381.13071428571175,1144.9603333333446,529.8794081632632,1547.251666666686,310,0.9369230641875878,0.991283788048301,0.0,1.0,0.2793548387096774,0.019835841313269494,587,40.73833333333975,5,1547.251666666686
2023-06-12,1.0,A001,3|1|2|1,True,7,7,42,7,4,4,0.9211854965885544,0.16108066777112276,49,1121,1121.0,4542.637599999982,6454,3785.5313333333365,102,85,17,140.15466666668357,1.3740653594772898,3.0,12.699999999999994,0.035701955445922785,381.13071428571175,1144.9603333333446,529.8794081632632,1547.251666666686,310,0.9369230641875878,0.991283788048301,0.0,1.0,0.2793548387096774,0.019835841313269494,587,40.73833333333975,5,1547.251666666686
2023-06-12,2.0,A001,3|1|2|1,True,7,7,42,7,4,4,0.9211854965885544,0.16108066777112276,49,1121,1121.0,4542.637599999982,6454,3785.5313333333365,102,85,17,140.15466666668357,1.3740653594772898,3.0,12.699999999999994,0.035701955445922785,381.13071428571175,1144.9603333333446,529.8794081632632,1547.251666666686,310,0.9369230641875878,0.991283788048301,0.0,1.0,0.2793548387096774,0.019835841313269494,587,40.73833333333975,5,1547.251666666686
2023-06-12,4.0,A001,3|1|2|1,True,7,7,42,7,4,4,0.9211854965885544,0.16108066777112276,49,1121,1121.0,4542.637599999982,6454,3785.5313333333365,102,85,17,140.15466666668357,1.3740653594772898,3.0,12.699999999999994,0.035701955445922785,381.13071428571175,1144.9603333333446,529.8794081632632,1547.251666666686,310,0.9369230641875878,0.991283788048301,0.0,1.0,0.2793548387096774,0.019835841313269494,587,40.73833333333975,5,1547.251666666686
2023-06-12,8.0,A001,3|1|2|1,True,7,7,42,7,4,4,0.9211854965885544,0.16108066777112276,49,1121,1121.0,4542.637599999982,6454,3785.5313333333365,102,85,17,140.15466666668357,1.3740653594772898,3.0,12.699999999999994,0.035701955445922785,381.13071428571175,1144.9603333333446,529.8794081632632,1547.251666666686,310,0.9369230641875878,0.991283788048301,0.0,1.0,0.2793548387096774,0.019835841313269494,587,40.73833333333975,5,1547.251666666686
2023-06-13,0.0,A001,4|0|2|1,False,7,7,42,7,4,3,0.6893917467430879,0.127046866177301,24,506,506.0,1876.3995999999995,2654,1563.6663333333136,66,43,23,106.38699999999976,1.6119242424242388,3.0,7.619999999999996,0.06370275599980901,129.8433333333327,323.8409999999974,262.67888888888746,601.8706666666623,121,0.9709289104453585,0.9790199846990698,0.0,1.0,0.24427390791027154,0.0405616224648986,466,57.606999999999076,4,601.8706666666623
2023-06-13,0.05,A001,4|0|2|1,True,7,7,42,7,4,3,0.6893917467430879,0.127046866177301,24,506,506.0,1876.3995999999995,2654,1563.6663333333136,66,43,23,106.38699999999976,1.6119242424242388,3.0,7.619999999999996,0.06370275599980901,129.8433333333327,323.8409999999974,262.67888888888746,601.8706666666623,121,0.9709289104453585,0.9790199846990698,0.0,1.0,0.24427390791027154,0.0405616224648986,466,57.606999999999076,4,601.8706666666623
2023-06-13,0.1,A001,4|0|2|1,True,7,7,42,7,4,3,0.6893917467430879,0.127046866177301,24,506,506.0,1876.3995999999995,2654,1563.6663333333136,66,43,23,106.38699999999976,1.6119242424242388,3.0,7.619999999999996,0.06370275599980901,129.8433333333327,323.8409999999974,262.67888888888746,601.8706666666623,121,0.9709289104453585,0.9790199846990698,0.0,1.0,0.24427390791027154,0.0405616224648986,466,57.606999999999076,4,601.8706666666623
2023-06-13,0.25,A001,4|0|2|1,True,7,7,42,7,4,3,0.6893917467430879,0.127046866177301,24,506,506.0,1876.3995999999995,2654,1563.6663333333136,66,43,23,106.38699999999976,1.6119242424242388,3.0,7.619999999999996,0.06370275599980901,129.8433333333327,323.8409999999974,262.67888888888746,601.8706666666623,121,0.9709289104453585,0.9790199846990698,0.0,1.0,0.24427390791027154,0.0405616224648986,466,57.606999999999076,4,601.8706666666623
2023-06-13,0.5,A001,4|0|2|1,True,7,7,42,7,4,3,0.6893917467430879,0.127046866177301,24,506,506.0,1876.3995999999995,2654,1563.6663333333136,66,43,23,106.38699999999976,1.6119242424242388,3.0,7.619999999999996,0.06370275599980901,129.8433333333327,323.8409999999974,262.67888888888746,601.8706666666623,121,0.9709289104453585,0.9790199846990698,0.0,1.0,0.24427390791027154,0.0405616224648986,466,57.606999999999076,4,601.8706666666623
2023-06-13,0.75,A001,4|0|2|1,True,7,7,42,7,4,3,0.6893917467430879,0.127046866177301,24,506,506.0,1876.3995999999995,2654,1563.6663333333136,66,43,23,106.38699999999976,1.6119242424242388,3.0,7.619999999999996,0.06370275599980901,129.8433333333327,323.8409999999974,262.67888888888746,601.8706666666623,121,0.9709289104453585,0.9790199846990698,0.0,1.0,0.24427390791027154,0.0405616224648986,466,57.606999999999076,4,601.8706666666623
2023-06-13,1.0,A001,4|0|2|1,True,7,7,42,7,4,3,0.6893917467430879,0.127046866177301,24,506,506.0,1876.3995999999995,2654,1563.6663333333136,66,43,23,106.38699999999976,1.6119242424242388,3.0,7.619999999999996,0.06370275599980901,129.8433333333327,323.8409999999974,262.67888888888746,601.8706666666623,121,0.9709289104453585,0.9790199846990698,0.0,1.0,0.24427390791027154,0.0405616224648986,466,57.606999999999076,4,601.8706666666623
2023-06-13,2.0,A001,4|0|2|1,True,7,7,42,7,4,3,0.6893917467430879,0.127046866177301,24,506,506.0,1876.3995999999995,2654,1563.6663333333136,66,43,23,106.38699999999976,1.6119242424242388,3.0,7.619999999999996,0.06370275599980901,129.8433333333327,323.8409999999974,262.67888888888746,601.8706666666623,121,0.9709289104453585,0.9790199846990698,0.0,1.0,0.24427390791027154,0.0405616224648986,466,57.606999999999076,4,601.8706666666623
2023-06-13,4.0,A002,3|0|3|1,False,7,7,42,7,4,3,0.7244078178625923,0.20186335403726707,24,506,506.0,1876.3996000000045,2654,1563.6663333333108,45,36,9,73.74566666666615,1.6387925925925813,4.686533333333282,5.079999999999997,0.045037941988129555,159.22874999999908,477.3943333333285,290.7042499999981,754.0919999999925,151,0.8810020718731425,0.9927709914391382,0.0,1.0,0.33459476505834124,0.01732283464566929,462,24.755999999999908,3,754.0919999999925
2023-06-13,8.0,A002,3|0|3|1,True,7,7,42,7,4,3,0.7244078178625923,0.20186335403726707,24,506,506.0,1876.3996000000045,2654,1563.6663333333108,45,36,9,73.74566666666615,1.6387925925925813,4.686533333333282,5.079999999999997,0.045037941988129555,159.22874999999908,477.3943333333285,290.7042499999981,754.0919999999925,151,0.8810020718731425,0.9927709914391382,0.0,1.0,0.33459476505834124,0.01732283464566929,462,24.755999999999908,3,754.0919999999925
2023-06-14,0.0,A001,2|1|4|1,False,8,8,42,8,4,4,0.875,0.12243589743589742,72,1560,1560.0,4261.002399999987,5700,3550.8353333332634,347,77,270,993.0223333334714,2.861735830932194,6.0,9.0,0.21854168994292655,409.45300925926426,1017.5166666666901,537.5621435185244,16487.532333333325,404,0.7166012698229399,0.9308903955256197,0.0,1.0,0.4474275106082037,0.18304535637149028,563,793.7191666667304,4,16487.532333333325
2023-06-14,0.05,A001,2|1|4|1,True,8,8,42,8,4,4,0.875,0.12243589743589742,72,1560,1560.0,4261.002399999987,5700,3550.8353333332634,347,77,270,993.0223333334714,2.861735830932194,6.0,9.0,0.21854168994292655,409.45300925926426,1017.5166666666901,537.5621435185244,16487.532333333325,404,0.7166012698229399,0.9308903955256197,0.0,1.0,0.4474275106082037,0.18304535637149028,563,793.7191666667304,4,16487.532333333325
2023-06-14,0.1,A001,2|1|4|1,True,8,8,42,8,4,4,0.875,0.12243589743589742,72,1560,1560.0,4261.002399999987,5700,3550.8353333332634,347,77,270,993.0223333334714,2.861735830932194,6.0,9.0,0.21854168994292655,409.45300925926426,1017.5166666666901,537.5621435185244,16487.532333333325,404,0.7166012698229399,0.9308903955256197,0.0,1.0,0.4474275106082037,0.18304535637149028,563,793.7191666667304,4,16487.532333333325
2023-06-14,0.25,A001,2|1|4|1,True,8,8,42,8,4,4,0.875,0.12243589743589742,72,1560,1560.0,4261.002399999987,5700,3550.8353333332634,347,77,270,993.0223333334714,2.861735830932194,6.0,9.0,0.21854168994292655,409.45300925926426,1017.5166666666901,537.5621435185244,16487.532333333325,404,0.7166012698229399,0.9308903955256197,0.0,1.0,0.4474275106082037,0.18304535637149028,563,793.7191666667304,4,16487.532333333325
2023-06-14,0.5,A001,2|1|4|1,True,8,8,42,8,4,4,0.875,0.12243589743589742,72,1560,1560.0,4261.002399999987,5700,3550.8353333332634,347,77,270,993.0223333334714,2.861735830932194,6.0,9.0,0.21854168994292655,409.45300925926426,1017.5166666666901,537.5621435185244,16487.532333333325,404,0.7166012698229399,0.9308903955256197,0.0,1.0,0.4474275106082037,0.18304535637149028,563,793.7191666667304,4,16487.532333333325
2023-06-14,0.75,A001,2|1|4|1,True,8,8,42,8,4,4,0.875,0.12243589743589742,72,1560,1560.0,4261.002399999987,5700,3550.8353333332634,347,77,270,993.0223333334714,2.861735830932194,6.0,9.0,0.21854168994292655,409.45300925926426,1017.5166666666901,537.5621435185244,16487.532333333325,404,0.7166012698229399,0.9308903955256197,0.0,1.0,0.4474275106082037,0.18304535637149028,563,793.7191666667304,4,16487.532333333325
2023-06-14,1.0,A001,2|1|4|1,True,8,8,42,8,4,4,0.875,0.12243589743589742,72,1560,1560.0,4261.002399999987,5700,3550.8353333332634,347,77,270,993.0223333334714,2.861735830932194,6.0,9.0,0.21854168994292655,409.45300925926426,1017.5166666666901,537.5621435185244,16487.532333333325,404,0.7166012698229399,0.9308903955256197,0.0,1.0,0.4474275106082037,0.18304535637149028,563,793.7191666667304,4,16487.532333333325
2023-06-14,2.0,A002,1|1|5|1,False,8,8,42,8,4,4,0.7743974703476992,0.18333333333333332,72,1560,1560.0,4261.00240000002,5700,3550.8353333333607,327,69,258,1107.5435000000298,3.386983180428226,9.0,12.0,0.23775299082052248,490.5447152777759,1924.3965000000462,620.2444212962952,17436.03683333339,594,0.476863329539284,0.9226606441248687,0.0,1.0,0.6549523007856342,0.1910352187833511,565,760.0545000000111,5,17436.03683333339
2023-06-14,4.0,A002,1|1|5|1,True,8,8,42,8,4,4,0.7743974703476992,0.18333333333333332,72,1560,1560.0,4261.00240000002,5700,3550.8353333333607,327,69,258,1107.5435000000298,3.386983180428226,9.0,12.0,0.23775299082052248,490.5447152777759,1924.3965000000462,620.2444212962952,17436.03683333339,594,0.476863329539284,0.9226606441248687,0.0,1.0,0.6549523007856342,0.1910352187833511,565,760.0545000000111,5,17436.03683333339
2023-06-14,8.0,A002,1|1|5|1,True,8,8,42,8,4,4,0.7743974703476992,0.18333333333333332,72,1560,1560.0,4261.00240000002,5700,3550.8353333333607,327,69,258,1107.5435000000298,3.386983180428226,9.0,12.0,0.23775299082052248,490.5447152777759,1924.3965000000462,620.2444212962952,17436.03683333339,594,0.476863329539284,0.9226606441248687,0.0,1.0,0.6549523007856342,0.1910352187833511,565,760.0545000000111,5,17436.03683333339
2023-06-15,0.0,A001,1|1|2|1,False,5,5,42,5,4,4,0.9609640474436811,0.17889447236180905,21,398,398.0,1868.1192000000042,2580,1556.7659999999605,29,24,5,33.72500000001074,1.162931034483129,3.0414999999999623,4.577333333334536,0.02120414387758959,100.08038095237957,322.5789999999971,232.67519047618774,10901.459666666657,198,0.6901790846138449,0.9974851003908123,0.0,1.0,0.5215488215488215,0.0071301247771836,476,11.054333333329225,2,10901.459666666657
2023-06-15,0.05,A001,1|1|2|1,True,5,5,42,5,4,4,0.9609640474436811,0.17889447236180905,21,398,398.0,1868.1192000000042,2580,1556.7659999999605,29,24,5,33.72500000001074,1.162931034483129,3.0414999999999623,4.577333333334536,0.02120414387758959,100.08038095237957,322.5789999999971,232.67519047618774,10901.459666666657,198,0.6901790846138449,0.9974851003908123,0.0,1.0,0.5215488215488215,0.0071301247771836,476,11.054333333329225,2,10901.459666666657
2023-06-15,0.1,A001,1|1|2|1,True,5,5,42,5,4,4,0.9609640474436811,0.17889447236180905,21,398,398.0,1868.1192000000042,2580,1556.7659999999605,29,24,5,33.72500000001074,1.162931034483129,3.0414999999999623,4.577333333334536,0.02120414387758959,100.08038095237957,322.5789999999971,232.67519047618774,10901.459666666657,198,0.6901790846138449,0.9974851003908123,0.0,1.0,0.5215488215488215,0.0071301247771836,476,11.054333333329225,2,10901.459666666657
2023-06-15,0.25,A001,1|1|2|1,True,5,5,42,5,4,4,0.9609640474436811,0.17889447236180905,21,398,398.0,1868.1192000000042,2580,1556.7659999999605,29,24,5,33.72500000001074,1.162931034483129,3.0414999999999623,4.577333333334536,0.02120414387758959,100.08038095237957,322.5789999999971,232.67519047618774,10901.459666666657,198,0.6901790846138449,0.9974851003908123,0.0,1.0,0.5215488215488215,0.0071301247771836,476,11.054333333329225,2,10901.459666666657
2023-06-15,0.5,A001,1|1|2|1,True,5,5,42,5,4,4,0.9609640474436811,0.17889447236180905,21,398,398.0,1868.1192000000042,2580,1556.7659999999605,29,24,5,33.72500000001074,1.162931034483129,3.0414999999999623,4.577333333334536,0.02120414387758959,100.08038095237957,322.5789999999971,232.67519047618774,10901.459666666657,198,0.6901790846138449,0.9974851003908123,0.0,1.0,0.5215488215488215,0.0071301247771836,476,11.054333333329225,2,10901.459666666657
2023-06-15,0.75,A001,1|1|2|1,True,5,5,42,5,4,4,0.9609640474436811,0.17889447236180905,21,398,398.0,1868.1192000000042,2580,1556.7659999999605,29,24,5,33.72500000001074,1.162931034483129,3.0414999999999623,4.577333333334536,0.02120414387758959,100.08038095237957,322.5789999999971,232.67519047618774,10901.459666666657,198,0.6901790846138449,0.9974851003908123,0.0,1.0,0.5215488215488215,0.0071301247771836,476,11.054333333329225,2,10901.459666666657
2023-06-15,1.0,A001,1|1|2|1,True,5,5,42,5,4,4,0.9609640474436811,0.17889447236180905,21,398,398.0,1868.1192000000042,2580,1556.7659999999605,29,24,5,33.72500000001074,1.162931034483129,3.0414999999999623,4.577333333334536,0.02120414387758959,100.08038095237957,322.5789999999971,232.67519047618774,10901.459666666657,198,0.6901790846138449,0.9974851003908123,0.0,1.0,0.5215488215488215,0.0071301247771836,476,11.054333333329225,2,10901.459666666657
2023-06-15,2.0,A001,1|1|2|1,True,5,5,42,5,4,4,0.9609640474436811,0.17889447236180905,21,398,398.0,1868.1192000000042,2580,1556.7659999999605,29,24,5,33.72500000001074,1.162931034483129,3.0414999999999623,4.577333333334536,0.02120414387758959,100.08038095237957,322.5789999999971,232.67519047618774,10901.459666666657,198,0.6901790846138449,0.9974851003908123,0.0,1.0,0.5215488215488215,0.0071301247771836,476,11.054333333329225,2,10901.459666666657
2023-06-15,4.0,A001,1|1|2|1,True,5,5,42,5,4,4,0.9609640474436811,0.17889447236180905,21,398,398.0,1868.1192000000042,2580,1556.7659999999605,29,24,5,33.72500000001074,1.162931034483129,3.0414999999999623,4.577333333334536,0.02120414387758959,100.08038095237957,322.5789999999971,232.67519047618774,10901.459666666657,198,0.6901790846138449,0.9974851003908123,0.0,1.0,0.5215488215488215,0.0071301247771836,476,11.054333333329225,2,10901.459666666657
2023-06-15,8.0,A001,1|1|2|1,True,5,5,42,5,4,4,0.9609640474436811,0.17889447236180905,21,398,398.0,1868.1192000000042,2580,1556.7659999999605,29,24,5,33.72500000001074,1.162931034483129,3.0414999999999623,4.577333333334536,0.02120414387758959,100.08038095237957,322.5789999999971,232.67519047618774,10901.459666666657,198,0.6901790846138449,0.9974851003908123,0.0,1.0,0.5215488215488215,0.0071301247771836,476,11.054333333329225,2,10901.459666666657
2023-06-19,0.0,A001,5|1|3|1,False,10,10,42,10,4,4,0.8427376486136672,0.15442594215600353,53,1141,1141.0,4648.352400000008,6704,3873.627000000142,153,125,28,213.64583333337177,1.3963779956429527,3.5458666666661776,7.620000000002619,0.05227099879190734,148.997481132076,534.4846666666629,290.7007421383687,20945.58633333337,263,0.8242023273824534,0.9897954890483344,0.0,1.0,0.33516657613615786,0.02976190476190476,578,82.0428333333116,5,20945.58633333337
2023-06-19,0.05,A001,5|1|3|1,True,10,10,42,10,4,4,0.8427376486136672,0.15442594215600353,53,1141,1141.0,4648.352400000008,6704,3873.627000000142,153,125,28,213.64583333337177,1.3963779956429527,3.5458666666661776,7.620000000002619,0.05227099879190734,148.997481132076,534.4846666666629,290.7007421383687,20945.58633333337,263,0.8242023273824534,0.9897954890483344,0.0,1.0,0.33516657613615786,0.02976190476190476,578,82.0428333333116,5,20945.58633333337
2023-06-19,0.1,A001,5|1|3|1,True,10,10,42,10,4,4,0.8427376486136672,0.15442594215600353,53,1141,1141.0,4648.352400000008,6704,3873.627000000142,153,125,28,213.64583333337177,1.3963779956429527,3.5458666666661776,7.620000000002619,0.05227099879190734,148.997481132076,534.4846666666629,290.7007421383687,20945.58633333337,263,0.8242023273824534,0.9897954890483344,0.0,1.0,0.33516657613615786,0.02976190476190476,578,82.0428333333116,5,20945.58633333337
2023-06-19,0.25,A001,5|1|3|1,True,10,10,42,10,4,4,0.8427376486136672,0.15442594215600353,53,1141,1141.0,4648.352400000008,6704,3873.627000000142,153,125,28,213.64583333337177,1.3963779956429527,3.5458666666661776,7.620000000002619,0.05227099879190734,148.997481132076,534.4846666666629,290.7007421383687,20945.58633333337,263,0.8242023273824534,0.9897954890483344,0.0,1.0,0.33516657613615786,0.02976190476190476,578,82.0428333333116,5,20945.58633333337
2023-06-19,0.5,A001,5|1|3|1,True,10,10,42,10,4,4,0.8427376486136672,0.15442594215600353,53,1141,1141.0,4648.352400000008,6704,3873.627000000142,153,125,28,213.64583333337177,1.3963779956429527,3.5458666666661776,7.620000000002619,0.05227099879190734,148.997481132076,534.4846666666629,290.7007421383687,20945.58633333337,263,0.8242023273824534,0.9897954890483344,0.0,1.0,0.33516657613615786,0.02976190476190476,578,82.0428333333116,5,20945.58633333337
2023-06-19,0.75,A001,5|1|3|1,True,10,10,42,10,4,4,0.8427376486136672,0.15442594215600353,53,1141,1141.0,4648.352400000008,6704,3873.627000000142,153,125,28,213.64583333337177,1.3963779956429527,3.5458666666661776,7.620000000002619,0.05227099879190734,148.997481132076,534.4846666666629,290.7007421383687,20945.58633333337,263,0.8242023273824534,0.9897954890483344,0.0,1.0,0.33516657613615786,0.02976190476190476,578,82.0428333333116,5,20945.58633333337
2023-06-19,1.0,A001,5|1|3|1,True,10,10,42,10,4,4,0.8427376486136672,0.15442594215600353,53,1141,1141.0,4648.352400000008,6704,3873.627000000142,153,125,28,213.64583333337177,1.3963779956429527,3.5458666666661776,7.620000000002619,0.05227099879190734,148.997481132076,534.4846666666629,290.7007421383687,20945.58633333337,263,0.8242023273824534,0.9897954890483344,0.0,1.0,0.33516657613615786,0.02976190476190476,578,82.0428333333116,5,20945.58633333337
2023-06-19,2.0,A002,4|1|4|1,False,10,10,42,10,4,4,0.8609640474436813,0.16967572304995618,53,1141,1141.0,4648.352399999993,6704,3873.6270000001414,152,119,33,224.34050000002722,1.4759243421054422,3.238125000000238,10.160000000003492,0.05474433362392893,153.3806257861643,572.5634999999938,295.2856729559788,20994.467000000048,268,0.9403980410132976,0.9883399019277009,0.0,1.0,0.27039208718313196,0.031043593130779392,577,95.04350000000106,5,20994.467000000048
2023-06-19,4.0,A002,4|1|4|1,True,10,10,42,10,4,4,0.8609640474436813,0.16967572304995618,53,1141,1141.0,4648.352399999993,6704,3873.6270000001414,152,119,33,224.34050000002722,1.4759243421054422,3.238125000000238,10.160000000003492,0.05474433362392893,153.3806257861643,572.5634999999938,295.2856729559788,20994.467000000048,268,0.9403980410132976,0.9883399019277009,0.0,1.0,0.27039208718313196,0.031043593130779392,577,95.04350000000106,5,20994.467000000048
2023-06-19,8.0,A002,4|1|4|1,True,10,10,42,10,4,4,0.8609640474436813,0.16967572304995618,53,1141,1141.0,4648.352399999993,6704,3873.6270000001414,152,119,33,224.34050000002722,1.4759243421054422,3.238125000000238,10.160000000003492,0.05474433362392893,153.3806257861643,572.5634999999938,295.2856729559788,20994.467000000048,268,0.9403980410132976,0.9883399019277009,0.0,1.0,0.27039208718313196,0.031043593130779392,577,95.04350000000106,5,20994.467000000048
2023-06-21,0.0,A001,3|1|1|2,False,7,7,42,7,4,4,0.9211854965885543,0.11379215793803124,25,521,521.0,2322.626800000005,3284,1935.52233333345,48,43,5,75.74533333328898,1.5780277777768539,4.35199999999995,10.159999999999854,0.037660493721763666,113.01536666666874,391.59833333334154,255.9860733333383,1459.1866666666824,190,0.6897138152468624,0.9927698855826049,0.0,1.0,0.475,0.018030513176144243,521,20.482666666655405,4,1459.1866666666824
2023-06-21,0.05,A001,3|1|1|2,True,7,7,42,7,4,4,0.9211854965885543,0.11379215793803124,25,521,521.0,2322.626800000005,3284,1935.52233333345,48,43,5,75.74533333328898,1.5780277777768539,4.35199999999995,10.159999999999854,0.037660493721763666,113.01536666666874,391.59833333334154,255.9860733333383,1459.1866666666824,190,0.6897138152468624,0.9927698855826049,0.0,1.0,0.475,0.018030513176144243,521,20.482666666655405,4,1459.1866666666824
2023-06-21,0.1,A002,3|1|2|1,False,7,7,42,7,4,4,0.9211854965885544,0.11763092953112148,25,521,521.0,2322.6268000000046,3284,1935.522333333449,62,48,14,101.65683333333095,1.639626344085983,3.952624999999955,10.159999999999854,0.0499007819227119,123.35873333333741,520.3650000000248,267.3659000000086,1662.8860000000404,206,0.6562728943703438,0.9868044981043126,0.0,1.0,0.5019070735090153,0.03708791208791209,522,45.002666666665846,4,1662.8860000000404
2023-06-21,0.25,A002,3|1|2|1,True,7,7,42,7,4,4,0.9211854965885544,0.11763092953112148,25,521,521.0,2322.6268000000046,3284,1935.522333333449,62,48,14,101.65683333333095,1.639626344085983,3.952624999999955,10.159999999999854,0.0499007819227119,123.35873333333741,520.3650000000248,267.3659000000086,1662.8860000000404,206,0.6562728943703438,0.9868044981043126,0.0,1.0,0.5019070735090153,0.03708791208791209,522,45.002666666665846,4,1662.8860000000404
2023-06-21,0.5,A002,3|1|2|1,True,7,7,42,7,4,4,0.9211854965885544,0.11763092953112148,25,521,521.0,2322.6268000000046,3284,1935.522333333449,62,48,14,101.65683333333095,1.639626344085983,3.952624999999955,10.159999999999854,0.0499007819227119,123.35873333333741,520.3650000000248,267.3659000000086,1662.8860000000404,206,0.6562728943703438,0.9868044981043126,0.0,1.0,0.5019070735090153,0.03708791208791209,522,45.002666666665846,4,1662.8860000000404
2023-06-21,0.75,A002,3|1|2|1,True,7,7,42,7,4,4,0.9211854965885544,0.11763092953112148,25,521,521.0,2322.6268000000046,3284,1935.522333333449,62,48,14,101.65683333333095,1.639626344085983,3.952624999999955,10.159999999999854,0.0499007819227119,123.35873333333741,520.3650000000248,267.3659000000086,1662.8860000000404,206,0.6562728943703438,0.9868044981043126,0.0,1.0,0.5019070735090153,0.03708791208791209,522,45.002666666665846,4,1662.8860000000404
2023-06-21,1.0,A002,3|1|2|1,True,7,7,42,7,4,4,0.9211854965885544,0.11763092953112148,25,521,521.0,2322.6268000000046,3284,1935.522333333449,62,48,14,101.65683333333095,1.639626344085983,3.952624999999955,10.159999999999854,0.0499007819227119,123.35873333333741,520.3650000000248,267.3659000000086,1662.8860000000404,206,0.6562728943703438,0.9868044981043126,0.0,1.0,0.5019070735090153,0.03708791208791209,522,45.002666666665846,4,1662.8860000000404
2023-06-21,2.0,A002,3|1|2|1,True,7,7,42,7,4,4,0.9211854965885544,0.11763092953112148,25,521,521.0,2322.6268000000046,3284,1935.522333333449,62,48,14,101.65683333333095,1.639626344085983,3.952624999999955,10.159999999999854,0.0499007819227119,123.35873333333741,520.3650000000248,267.3659000000086,1662.8860000000404,206,0.6562728943703438,0.9868044981043126,0.0,1.0,0.5019070735090153,0.03708791208791209,522,45.002666666665846,4,1662.8860000000404
2023-06-21,4.0,A002,3|1|2|1,True,7,7,42,7,4,4,0.9211854965885544,0.11763092953112148,25,521,521.0,2322.6268000000046,3284,1935.522333333449,62,48,14,101.65683333333095,1.639626344085983,3.952624999999955,10.159999999999854,0.0499007819227119,123.35873333333741,520.3650000000248,267.3659000000086,1662.8860000000404,206,0.6562728943703438,0.9868044981043126,0.0,1.0,0.5019070735090153,0.03708791208791209,522,45.002666666665846,4,1662.8860000000404
2023-06-21,8.0,A002,3|1|2|1,True,7,7,42,7,4,4,0.9211854965885544,0.11763092953112148,25,521,521.0,2322.6268000000046,3284,1935.522333333449,62,48,14,101.65683333333095,1.639626344085983,3.952624999999955,10.159999999999854,0.0499007819227119,123.35873333333741,520.3650000000248,267.3659000000086,1662.8860000000404,206,0.6562728943703438,0.9868044981043126,0.0,1.0,0.5019070735090153,0.03708791208791209,522,45.002666666665846,4,1662.8860000000404
2023-06-22,0.0,A001,2|1|3|1,False,7,7,42,7,4,4,0.9211854965885544,0.12317460317460316,22,450,450.0,1630.5783999999994,2158,1358.8153333333175,39,37,2,49.619666666666674,1.2722991452991455,3.253599999999982,5.079999999999998,0.03523035615180482,72.26530303030252,287.59833333333063,197.6487121212109,650.6099999999956,131,0.9179151317899169,0.9937758864832985,0.0,1.0,0.32495456197746275,0.014336917562724014,458,10.225666666666186,2,650.6099999999956
2023-06-22,0.05,A001,2|1|3|1,True,7,7,42,7,4,4,0.9211854965885544,0.12317460317460316,22,450,450.0,1630.5783999999994,2158,1358.8153333333175,39,37,2,49.619666666666674,1.2722991452991455,3.253599999999982,5.079999999999998,0.03523035615180482,72.26530303030252,287.59833333333063,197.6487121212109,650.6099999999956,131,0.9179151317899169,0.9937758864832985,0.0,1.0,0.32495456197746275,0.014336917562724014,458,10.225666666666186,2,650.6099999999956
2023-06-22,0.1,A001,2|1|3|1,True,7,7,42,7,4,4,0.9211854965885544,0.12317460317460316,22,450,450.0,1630.5783999999994,2158,1358.8153333333175,39,37,2,49.619666666666674,1.2722991452991455,3.253599999999982,5.079999999999998,0.03523035615180482,72.26530303030252,287.59833333333063,197.6487121212109,650.6099999999956,131,0.9179151317899169,0.9937758864832985,0.0,1.0,0.32495456197746275,0.014336917562724014,458,10.225666666666186,2,650.6099999999956
2023-06-22,0.25,A001,2|1|3|1,True,7,7,42,7,4,4,0.9211854965885544,0.12317460317460316,22,450,450.0,1630.5783999999994,2158,1358.8153333333175,39,37,2,49.619666666666674,1.2722991452991455,3.253599999999982,5.079999999999998,0.03523035615180482,72.26530303030252,287.59833333333063,197.6487121212109,650.6099999999956,131,0.9179151317899169,0.9937758864832985,0.0,1.0,0.32495456197746275,0.014336917562724014,458,10.225666666666186,2,650.6099999999956
2023-06-22,0.5,A001,2|1|3|1,True,7,7,42,7,4,4,0.9211854965885544,0.12317460317460316,22,450,450.0,1630.5783999999994,2158,1358.8153333333175,39,37,2,49.619666666666674,1.2722991452991455,3.253599999999982,5.079999999999998,0.03523035615180482,72.26530303030252,287.59833333333063,197.6487121212109,650.6099999999956,131,0.9179151317899169,0.9937758864832985,0.0,1.0,0.32495456197746275,0.014336917562724014,458,10.225666666666186,2,650.6099999999956
2023-06-22,0.75,A001,2|1|3|1,True,7,7,42,7,4,4,0.9211854965885544,0.12317460317460316,22,450,450.0,1630.5783999999994,2158,1358.8153333333175,39,37,2,49.619666666666674,1.2722991452991455,3.253599999999982,5.079999999999998,0.03523035615180482,72.26530303030252,287.59833333333063,197.6487121212109,650.6099999999956,131,0.9179151317899169,0.9937758864832985,0.0,1.0,0.32495456197746275,0.014336917562724014,458,10.225666666666186,2,650.6099999999956
2023-06-22,1.0,A001,2|1|3|1,True,7,7,42,7,4,4,0.9211854965885544,0.12317460317460316,22,450,450.0,1630.5783999999994,2158,1358.8153333333175,39,37,2,49.619666666666674,1.2722991452991455,3.253599999999982,5.079999999999998,0.03523035615180482,72.26530303030252,287.59833333333063,197.6487121212109,650.6099999999956,131,0.9179151317899169,0.9937758864832985,0.0,1.0,0.32495456197746275,0.014336917562724014,458,10.225666666666186,2,650.6099999999956
2023-06-22,2.0,A001,2|1|3|1,True,7,7,42,7,4,4,0.9211854965885544,0.12317460317460316,22,450,450.0,1630.5783999999994,2158,1358.8153333333175,39,37,2,49.619666666666674,1.2722991452991455,3.253599999999982,5.079999999999998,0.03523035615180482,72.26530303030252,287.59833333333063,197.6487121212109,650.6099999999956,131,0.9179151317899169,0.9937758864832985,0.0,1.0,0.32495456197746275,0.014336917562724014,458,10.225666666666186,2,650.6099999999956
2023-06-22,4.0,A001,2|1|3|1,True,7,7,42,7,4,4,0.9211854965885544,0.12317460317460316,22,450,450.0,1630.5783999999994,2158,1358.8153333333175,39,37,2,49.619666666666674,1.2722991452991455,3.253599999999982,5.079999999999998,0.03523035615180482,72.26530303030252,287.59833333333063,197.6487121212109,650.6099999999956,131,0.9179151317899169,0.9937758864832985,0.0,1.0,0.32495456197746275,0.014336917562724014,458,10.225666666666186,2,650.6099999999956
2023-06-22,8.0,A001,2|1|3|1,True,7,7,42,7,4,4,0.9211854965885544,0.12317460317460316,22,450,450.0,1630.5783999999994,2158,1358.8153333333175,39,37,2,49.619666666666674,1.2722991452991455,3.253599999999982,5.079999999999998,0.03523035615180482,72.26530303030252,287.59833333333063,197.6487121212109,650.6099999999956,131,0.9179151317899169,0.9937758864832985,0.0,1.0,0.32495456197746275,0.014336917562724014,458,10.225666666666186,2,650.6099999999956
2023-06-26,0.0,A001,4|1|3|1,False,9,9,42,9,4,4,0.8763576394898525,0.04171764842976171,91,1907,1907.0,8167.7763999999615,11352,6806.48033333403,198,175,23,259.3658333335139,1.309928451179363,3.049550000001911,12.700000000004366,0.03670697425554599,169.09304212455265,794.8393333337299,309.60783516485543,33028.8576666673,551,0.8196184707634182,0.9903723188391304,0.0,1.0,0.37343790510759656,0.018280824581874758,630,75.43833333338378,6,33028.8576666673
2023-06-26,0.05,A001,4|1|3|1,True,9,9,42,9,4,4,0.8763576394898525,0.04171764842976171,91,1907,1907.0,8167.7763999999615,11352,6806.48033333403,198,175,23,259.3658333335139,1.309928451179363,3.049550000001911,12.700000000004366,0.03670697425554599,169.09304212455265,794.8393333337299,309.60783516485543,33028.8576666673,551,0.8196184707634182,0.9903723188391304,0.0,1.0,0.37343790510759656,0.018280824581874758,630,75.43833333338378,6,33028.8576666673
2023-06-26,0.1,A001,4|1|3|1,True,9,9,42,9,4,4,0.8763576394898525,0.04171764842976171,91,1907,1907.0,8167.7763999999615,11352,6806.48033333403,198,175,23,259.3658333335139,1.309928451179363,3.049550000001911,12.700000000004366,0.03670697425554599,169.09304212455265,794.8393333337299,309.60783516485543,33028.8576666673,551,0.8196184707634182,0.9903723188391304,0.0,1.0,0.37343790510759656,0.018280824581874758,630,75.43833333338378,6,33028.8576666673
2023-06-26,0.25,A001,4|1|3|1,True,9,9,42,9,4,4,0.8763576394898525,0.04171764842976171,91,1907,1907.0,8167.7763999999615,11352,6806.48033333403,198,175,23,259.3658333335139,1.309928451179363,3.049550000001911,12.700000000004366,0.03670697425554599,169.09304212455265,794.8393333337299,309.60783516485543,33028.8576666673,551,0.8196184707634182,0.9903723188391304,0.0,1.0,0.37343790510759656,0.018280824581874758,630,75.43833333338378,6,33028.8576666673
2023-06-26,0.5,A001,4|1|3|1,True,9,9,42,9,4,4,0.8763576394898525,0.04171764842976171,91,1907,1907.0,8167.7763999999615,11352,6806.48033333403,198,175,23,259.3658333335139,1.309928451179363,3.049550000001911,12.700000000004366,0.03670697425554599,169.09304212455265,794.8393333337299,309.60783516485543,33028.8576666673,551,0.8196184707634182,0.9903723188391304,0.0,1.0,0.37343790510759656,0.018280824581874758,630,75.43833333338378,6,33028.8576666673
2023-06-26,0.75,A001,4|1|3|1,True,9,9,42,9,4,4,0.8763576394898525,0.04171764842976171,91,1907,1907.0,8167.7763999999615,11352,6806.48033333403,198,175,23,259.3658333335139,1.309928451179363,3.049550000001911,12.700000000004366,0.03670697425554599,169.09304212455265,794.8393333337299,309.60783516485543,33028.8576666673,551,0.8196184707634182,0.9903723188391304,0.0,1.0,0.37343790510759656,0.018280824581874758,630,75.43833333338378,6,33028.8576666673
2023-06-26,1.0,A001,4|1|3|1,True,9,9,42,9,4,4,0.8763576394898525,0.04171764842976171,91,1907,1907.0,8167.7763999999615,11352,6806.48033333403,198,175,23,259.3658333335139,1.309928451179363,3.049550000001911,12.700000000004366,0.03670697425554599,169.09304212455265,794.8393333337299,309.60783516485543,33028.8576666673,551,0.8196184707634182,0.9903723188391304,0.0,1.0,0.37343790510759656,0.018280824581874758,630,75.43833333338378,6,33028.8576666673
2023-06-26,2.0,A001,4|1|3|1,True,9,9,42,9,4,4,0.8763576394898525,0.04171764842976171,91,1907,1907.0,8167.7763999999615,11352,6806.48033333403,198,175,23,259.3658333335139,1.309928451179363,3.049550000001911,12.700000000004366,0.03670697425554599,169.09304212455265,794.8393333337299,309.60783516485543,33028.8576666673,551,0.8196184707634182,0.9903723188391304,0.0,1.0,0.37343790510759656,0.018280824581874758,630,75.43833333338378,6,33028.8576666673
2023-06-26,4.0,A001,4|1|3|1,True,9,9,42,9,4,4,0.8763576394898525,0.04171764842976171,91,1907,1907.0,8167.7763999999615,11352,6806.48033333403,198,175,23,259.3658333335139,1.309928451179363,3.049550000001911,12.700000000004366,0.03670697425554599,169.09304212455265,794.8393333337299,309.60783516485543,33028.8576666673,551,0.8196184707634182,0.9903723188391304,0.0,1.0,0.37343790510759656,0.018280824581874758,630,75.43833333338378,6,33028.8576666673
2023-06-26,8.0,A002,4|2|2|1,False,9,9,42,9,4,4,0.9182958340544896,0.11734545242673193,91,1907,1907.0,8167.776399999992,11352,6806.480333334037,202,166,36,290.8378333331057,1.4397912541242857,3.0,12.700000000004366,0.0409785536597525,193.02876923077199,862.4430000000048,333.8894084249165,33032.143333333945,615,0.847012881559737,0.9922150898271204,0.0,1.0,0.408040392308685,0.021722265321955005,629,102.71349999999632,5,33032.143333333945
2023-06-27,0.0,A001,4|1|3|1,False,9,9,42,9,4,4,0.8763576394898525,0.05784463338420174,71,1529,1529.0,4917.744800000009,6448,4098.1206666669,201,135,66,383.13433333322195,1.9061409618568255,3.9835000000093714,7.620000000002619,0.08549710590743252,249.10897183099297,795.5730000000221,376.8308732394454,19307.284000000025,351,0.8940221912854247,0.983704668154182,0.0,1.0,0.31851399629177407,0.04936917169500823,567,198.57766666668522,4,19307.284000000025
2023-06-27,0.05,A001,4|1|3|1,True,9,9,42,9,4,4,0.8763576394898525,0.05784463338420174,71,1529,1529.0,4917.744800000009,6448,4098.1206666669,201,135,66,383.13433333322195,1.9061409618568255,3.9835000000093714,7.620000000002619,0.08549710590743252,249.10897183099297,795.5730000000221,376.8308732394454,19307.284000000025,351,0.8940221912854247,0.983704668154182,0.0,1.0,0.31851399629177407,0.04936917169500823,567,198.57766666668522,4,19307.284000000025
2023-06-27,0.1,A001,4|1|3|1,True,9,9,42,9,4,4,0.8763576394898525,0.05784463338420174,71,1529,1529.0,4917.744800000009,6448,4098.1206666669,201,135,66,383.13433333322195,1.9061409618568255,3.9835000000093714,7.620000000002619,0.08549710590743252,249.10897183099297,795.5730000000221,376.8308732394454,19307.284000000025,351,0.8940221912854247,0.983704668154182,0.0,1.0,0.31851399629177407,0.04936917169500823,567,198.57766666668522,4,19307.284000000025
2023-06-27,0.25,A001,4|1|3|1,True,9,9,42,9,4,4,0.8763576394898525,0.05784463338420174,71,1529,1529.0,4917.744800000009,6448,4098.1206666669,201,135,66,383.13433333322195,1.9061409618568255,3.9835000000093714,7.620000000002619,0.08549710590743252,249.10897183099297,795.5730000000221,376.8308732394454,19307.284000000025,351,0.8940221912854247,0.983704668154182,0.0,1.0,0.31851399629177407,0.04936917169500823,567,198.57766666668522,4,19307.284000000025
2023-06-27,0.5,A001,4|1|3|1,True,9,9,42,9,4,4,0.8763576394898525,0.05784463338420174,71,1529,1529.0,4917.744800000009,6448,4098.1206666669,201,135,66,383.13433333322195,1.9061409618568255,3.9835000000093714,7.620000000002619,0.08549710590743252,249.10897183099297,795.5730000000221,376.8308732394454,19307.284000000025,351,0.8940221912854247,0.983704668154182,0.0,1.0,0.31851399629177407,0.04936917169500823,567,198.57766666668522,4,19307.284000000025
2023-06-27,0.75,A001,4|1|3|1,True,9,9,42,9,4,4,0.8763576394898525,0.05784463338420174,71,1529,1529.0,4917.744800000009,6448,4098.1206666669,201,135,66,383.13433333322195,1.9061409618568255,3.9835000000093714,7.620000000002619,0.08549710590743252,249.10897183099297,795.5730000000221,376.8308732394454,19307.284000000025,351,0.8940221912854247,0.983704668154182,0.0,1.0,0.31851399629177407,0.04936917169500823,567,198.57766666668522,4,19307.284000000025
2023-06-27,1.0,A001,4|1|3|1,True,9,9,42,9,4,4,0.8763576394898525,0.05784463338420174,71,1529,1529.0,4917.744800000009,6448,4098.1206666669,201,135,66,383.13433333322195,1.9061409618568255,3.9835000000093714,7.620000000002619,0.08549710590743252,249.10897183099297,795.5730000000221,376.8308732394454,19307.284000000025,351,0.8940221912854247,0.983704668154182,0.0,1.0,0.31851399629177407,0.04936917169500823,567,198.57766666668522,4,19307.284000000025
2023-06-27,2.0,A001,4|1|3|1,True,9,9,42,9,4,4,0.8763576394898525,0.05784463338420174,71,1529,1529.0,4917.744800000009,6448,4098.1206666669,201,135,66,383.13433333322195,1.9061409618568255,3.9835000000093714,7.620000000002619,0.08549710590743252,249.10897183099297,795.5730000000221,376.8308732394454,19307.284000000025,351,0.8940221912854247,0.983704668154182,0.0,1.0,0.31851399629177407,0.04936917169500823,567,198.57766666668522,4,19307.284000000025
2023-06-27,4.0,A001,4|1|3|1,True,9,9,42,9,4,4,0.8763576394898525,0.05784463338420174,71,1529,1529.0,4917.744800000009,6448,4098.1206666669,201,135,66,383.13433333322195,1.9061409618568255,3.9835000000093714,7.620000000002619,0.08549710590743252,249.10897183099297,795.5730000000221,376.8308732394454,19307.284000000025,351,0.8940221912854247,0.983704668154182,0.0,1.0,0.31851399629177407,0.04936917169500823,567,198.57766666668522,4,19307.284000000025
2023-06-27,8.0,A002,3|1|4|1,False,9,9,42,9,4,4,0.8763576394898525,0.16895574449531284,71,1529,1529.0,4917.744799999985,6448,4098.120666666901,260,110,150,593.2614999998839,2.2817749999995534,5.080000000001746,7.620000000002619,0.12645772161030203,306.644661971838,1134.827666666708,437.3261009389758,19619.39200000003,393,0.8936488411404933,0.9415656690836832,0.0,1.0,0.33674421422513023,0.09807073954983923,567,432.69516666668267,4,19619.39200000003
2023-06-28,0.0,A001,5|0|3|1,False,9,9,42,9,4,3,0.6758220575766962,0.09295929592959293,21,404,404.0,1740.0523999999978,2520,1450.0436666668322,61,47,14,129.84383333334802,2.1285874316942297,7.620000000002619,12.69999999999996,0.0821854931653888,12.771619047621284,103.37766666668176,145.71864285715367,20958.954666666694,121,0.8041297894127614,0.9828252981711527,0.0,1.0,0.40533254624163717,0.04946996466431095,494,48.33300000000605,5,20958.954666666694
2023-06-28,0.05,A001,5|0|3|1,True,9,9,42,9,4,3,0.6758220575766962,0.09295929592959293,21,404,404.0,1740.0523999999978,2520,1450.0436666668322,61,47,14,129.84383333334802,2.1285874316942297,7.620000000002619,12.69999999999996,0.0821854931653888,12.771619047621284,103.37766666668176,145.71864285715367,20958.954666666694,121,0.8041297894127614,0.9828252981711527,0.0,1.0,0.40533254624163717,0.04946996466431095,494,48.33300000000605,5,20958.954666666694
2023-06-28,0.1,A001,5|0|3|1,True,9,9,42,9,4,3,0.6758220575766962,0.09295929592959293,21,404,404.0,1740.0523999999978,2520,1450.0436666668322,61,47,14,129.84383333334802,2.1285874316942297,7.620000000002619,12.69999999999996,0.0821854931653888,12.771619047621284,103.37766666668176,145.71864285715367,20958.954666666694,121,0.8041297894127614,0.9828252981711527,0.0,1.0,0.40533254624163717,0.04946996466431095,494,48.33300000000605,5,20958.954666666694
2023-06-28,0.25,A001,5|0|3|1,True,9,9,42,9,4,3,0.6758220575766962,0.09295929592959293,21,404,404.0,1740.0523999999978,2520,1450.0436666668322,61,47,14,129.84383333334802,2.1285874316942297,7.620000000002619,12.69999999999996,0.0821854931653888,12.771619047621284,103.37766666668176,145.71864285715367,20958.954666666694,121,0.8041297894127614,0.9828252981711527,0.0,1.0,0.40533254624163717,0.04946996466431095,494,48.33300000000605,5,20958.954666666694
2023-06-28,0.5,A001,5|0|3|1,True,9,9,42,9,4,3,0.6758220575766962,0.09295929592959293,21,404,404.0,1740.0523999999978,2520,1450.0436666668322,61,47,14,129.84383333334802,2.1285874316942297,7.620000000002619,12.69999999999996,0.0821854931653888,12.771619047621284,103.37766666668176,145.71864285715367,20958.954666666694,121,0.8041297894127614,0.9828252981711527,0.0,1.0,0.40533254624163717,0.04946996466431095,494,48.33300000000605,5,20958.954666666694
2023-06-28,0.75,A001,5|0|3|1,True,9,9,42,9,4,3,0.6758220575766962,0.09295929592959293,21,404,404.0,1740.0523999999978,2520,1450.0436666668322,61,47,14,129.84383333334802,2.1285874316942297,7.620000000002619,12.69999999999996,0.0821854931653888,12.771619047621284,103.37766666668176,145.71864285715367,20958.954666666694,121,0.8041297894127614,0.9828252981711527,0.0,1.0,0.40533254624163717,0.04946996466431095,494,48.33300000000605,5,20958.954666666694
2023-06-28,1.0,A001,5|0|3|1,True,9,9,42,9,4,3,0.6758220575766962,0.09295929592959293,21,404,404.0,1740.0523999999978,2520,1450.0436666668322,61,47,14,129.84383333334802,2.1285874316942297,7.620000000002619,12.69999999999996,0.0821854931653888,12.771619047621284,103.37766666668176,145.71864285715367,20958.954666666694,121,0.8041297894127614,0.9828252981711527,0.0,1.0,0.40533254624163717,0.04946996466431095,494,48.33300000000605,5,20958.954666666694
2023-06-28,2.0,A001,5|0|3|1,True,9,9,42,9,4,3,0.6758220575766962,0.09295929592959293,21,404,404.0,1740.0523999999978,2520,1450.0436666668322,61,47,14,129.84383333334802,2.1285874316942297,7.620000000002619,12.69999999999996,0.0821854931653888,12.771619047621284,103.37766666668176,145.71864285715367,20958.954666666694,121,0.8041297894127614,0.9828252981711527,0.0,1.0,0.40533254624163717,0.04946996466431095,494,48.33300000000605,5,20958.954666666694
2023-06-28,4.0,A002,4|0|4|1,False,9,9,42,9,4,3,0.6960736118322672,0.20407040704070406,21,404,404.0,1740.0523999999975,2520,1450.0436666668322,56,44,12,112.37883333324963,2.0067648809508865,8.254999999999974,12.69999999999996,0.07192602086391085,20.38540476190809,160.97633333333943,152.50076190476915,21014.194000000018,132,0.799086247597248,0.9857886418956705,0.0,1.0,0.42088744588744587,0.04448398576512456,495,41.44966666666738,5,21014.194000000018
2023-06-28,8.0,A002,4|0|4|1,True,9,9,42,9,4,3,0.6960736118322672,0.20407040704070406,21,404,404.0,1740.0523999999975,2520,1450.0436666668322,56,44,12,112.37883333324963,2.0067648809508865,8.254999999999974,12.69999999999996,0.07192602086391085,20.38540476190809,160.97633333333943,152.50076190476915,21014.194000000018,132,0.799086247597248,0.9857886418956705,0.0,1.0,0.42088744588744587,0.04448398576512456,495,41.44966666666738,5,21014.194000000018
2023-07-03,0.0,A001,5|1|2|1,False,9,9,42,9,4,4,0.8288713632524445,0.14569599694277252,52,1163,1163.0,5162.702399999993,7224,4302.251999999933,171,139,32,247.98166666666768,1.450185185185191,3.0,7.619999999999996,0.054498666405484515,291.8923397435859,862.3476666666613,446.4929871794821,1222.6613333333312,245,0.9714191740000659,0.9834615604546122,0.0,1.0,0.21025591188856493,0.02045877247365158,581,85.56750000000153,3,1222.6613333333312
2023-07-03,0.05,A001,5|1|2|1,True,9,9,42,9,4,4,0.8288713632524445,0.14569599694277252,52,1163,1163.0,5162.702399999993,7224,4302.251999999933,171,139,32,247.98166666666768,1.450185185185191,3.0,7.619999999999996,0.054498666405484515,291.8923397435859,862.3476666666613,446.4929871794821,1222.6613333333312,245,0.9714191740000659,0.9834615604546122,0.0,1.0,0.21025591188856493,0.02045877247365158,581,85.56750000000153,3,1222.6613333333312
2023-07-03,0.1,A001,5|1|2|1,True,9,9,42,9,4,4,0.8288713632524445,0.14569599694277252,52,1163,1163.0,5162.702399999993,7224,4302.251999999933,171,139,32,247.98166666666768,1.450185185185191,3.0,7.619999999999996,0.054498666405484515,291.8923397435859,862.3476666666613,446.4929871794821,1222.6613333333312,245,0.9714191740000659,0.9834615604546122,0.0,1.0,0.21025591188856493,0.02045877247365158,581,85.56750000000153,3,1222.6613333333312
2023-07-03,0.25,A002,4|1|3|1,False,9,9,42,9,4,4,0.8763576394898525,0.15572752460112735,52,1163,1163.0,5162.70239999998,7224,4302.251999999986,177,144,33,264.0983333333304,1.4920809792843526,4.181999999999992,7.619999999999996,0.057835758112003095,294.8768910256377,974.6216666666649,449.78747435897066,1354.5893333333413,271,0.9787296823614748,0.9896856116416406,0.0,1.0,0.221897147542904,0.02844774273345702,582,90.62050000000156,3,1354.5893333333413
2023-07-03,0.5,A002,4|1|3|1,True,9,9,42,9,4,4,0.8763576394898525,0.15572752460112735,52,1163,1163.0,5162.70239999998,7224,4302.251999999986,177,144,33,264.0983333333304,1.4920809792843526,4.181999999999992,7.619999999999996,0.057835758112003095,294.8768910256377,974.6216666666649,449.78747435897066,1354.5893333333413,271,0.9787296823614748,0.9896856116416406,0.0,1.0,0.221897147542904,0.02844774273345702,582,90.62050000000156,3,1354.5893333333413
2023-07-03,0.75,A002,4|1|3|1,True,9,9,42,9,4,4,0.8763576394898525,0.15572752460112735,52,1163,1163.0,5162.70239999998,7224,4302.251999999986,177,144,33,264.0983333333304,1.4920809792843526,4.181999999999992,7.619999999999996,0.057835758112003095,294.8768910256377,974.6216666666649,449.78747435897066,1354.5893333333413,271,0.9787296823614748,0.9896856116416406,0.0,1.0,0.221897147542904,0.02844774273345702,582,90.62050000000156,3,1354.5893333333413
2023-07-03,1.0,A002,4|1|3|1,True,9,9,42,9,4,4,0.8763576394898525,0.15572752460112735,52,1163,1163.0,5162.70239999998,7224,4302.251999999986,177,144,33,264.0983333333304,1.4920809792843526,4.181999999999992,7.619999999999996,0.057835758112003095,294.8768910256377,974.6216666666649,449.78747435897066,1354.5893333333413,271,0.9787296823614748,0.9896856116416406,0.0,1.0,0.221897147542904,0.02844774273345702,582,90.62050000000156,3,1354.5893333333413
2023-07-03,2.0,A002,4|1|3|1,True,9,9,42,9,4,4,0.8763576394898525,0.15572752460112735,52,1163,1163.0,5162.70239999998,7224,4302.251999999986,177,144,33,264.0983333333304,1.4920809792843526,4.181999999999992,7.619999999999996,0.057835758112003095,294.8768910256377,974.6216666666649,449.78747435897066,1354.5893333333413,271,0.9787296823614748,0.9896856116416406,0.0,1.0,0.221897147542904,0.02844774273345702,582,90.62050000000156,3,1354.5893333333413
2023-07-03,4.0,A003,3|1|4|1,False,9,9,42,9,4,4,0.8763576394898525,0.2668386357122384,52,1163,1163.0,5162.702399999987,7224,4302.252000000066,151,105,46,316.031833333311,2.0929260485649737,6.324500000000356,12.0,0.06843057827071795,380.76966666666584,1308.827666666682,536.6789711538462,1708.4803333333593,342,0.9626804722789163,0.9857386871838005,0.0,1.0,0.28815673442866424,0.041180086047940996,581,125.354666666659,5,1708.4803333333593
2023-07-03,8.0,A003,3|1|4|1,True,9,9,42,9,4,4,0.8763576394898525,0.2668386357122384,52,1163,1163.0,5162.702399999987,7224,4302.252000000066,151,105,46,316.031833333311,2.0929260485649737,6.324500000000356,12.0,0.06843057827071795,380.76966666666584,1308.827666666682,536.6789711538462,1708.4803333333593,342,0.9626804722789163,0.9857386871838005,0.0,1.0,0.28815673442866424,0.041180086047940996,581,125.354666666659,5,1708.4803333333593
2023-07-04,0.0,A001,3|1|2|1,False,7,7,42,7,4,4,0.9211854965885544,0.1318681318681319,27,520,520.0,2204.8216000000043,3058,1837.35133333338,43,40,3,76.28899999998612,1.7741627906973516,5.080000000001564,10.159999999999854,0.039865903049345994,75.17870370370568,285.2523333333156,203.83204938271925,23274.11966666668,200,0.733724959398928,0.9915202154039567,0.0,1.0,0.46775,0.017094017094017096,506,16.345666666665238,5,23274.11966666668
2023-07-04,0.05,A001,3|1|2|1,True,7,7,42,7,4,4,0.9211854965885544,0.1318681318681319,27,520,520.0,2204.8216000000043,3058,1837.35133333338,43,40,3,76.28899999998612,1.7741627906973516,5.080000000001564,10.159999999999854,0.039865903049345994,75.17870370370568,285.2523333333156,203.83204938271925,23274.11966666668,200,0.733724959398928,0.9915202154039567,0.0,1.0,0.46775,0.017094017094017096,506,16.345666666665238,5,23274.11966666668
2023-07-04,0.1,A001,3|1|2|1,True,7,7,42,7,4,4,0.9211854965885544,0.1318681318681319,27,520,520.0,2204.8216000000043,3058,1837.35133333338,43,40,3,76.28899999998612,1.7741627906973516,5.080000000001564,10.159999999999854,0.039865903049345994,75.17870370370568,285.2523333333156,203.83204938271925,23274.11966666668,200,0.733724959398928,0.9915202154039567,0.0,1.0,0.46775,0.017094017094017096,506,16.345666666665238,5,23274.11966666668
2023-07-04,0.25,A001,3|1|2|1,True,7,7,42,7,4,4,0.9211854965885544,0.1318681318681319,27,520,520.0,2204.8216000000043,3058,1837.35133333338,43,40,3,76.28899999998612,1.7741627906973516,5.080000000001564,10.159999999999854,0.039865903049345994,75.17870370370568,285.2523333333156,203.83204938271925,23274.11966666668,200,0.733724959398928,0.9915202154039567,0.0,1.0,0.46775,0.017094017094017096,506,16.345666666665238,5,23274.11966666668
2023-07-04,0.5,A001,3|1|2|1,True,7,7,42,7,4,4,0.9211854965885544,0.1318681318681319,27,520,520.0,2204.8216000000043,3058,1837.35133333338,43,40,3,76.28899999998612,1.7741627906973516,5.080000000001564,10.159999999999854,0.039865903049345994,75.17870370370568,285.2523333333156,203.83204938271925,23274.11966666668,200,0.733724959398928,0.9915202154039567,0.0,1.0,0.46775,0.017094017094017096,506,16.345666666665238,5,23274.11966666668
2023-07-04,0.75,A001,3|1|2|1,True,7,7,42,7,4,4,0.9211854965885544,0.1318681318681319,27,520,520.0,2204.8216000000043,3058,1837.35133333338,43,40,3,76.28899999998612,1.7741627906973516,5.080000000001564,10.159999999999854,0.039865903049345994,75.17870370370568,285.2523333333156,203.83204938271925,23274.11966666668,200,0.733724959398928,0.9915202154039567,0.0,1.0,0.46775,0.017094017094017096,506,16.345666666665238,5,23274.11966666668
2023-07-04,1.0,A001,3|1|2|1,True,7,7,42,7,4,4,0.9211854965885544,0.1318681318681319,27,520,520.0,2204.8216000000043,3058,1837.35133333338,43,40,3,76.28899999998612,1.7741627906973516,5.080000000001564,10.159999999999854,0.039865903049345994,75.17870370370568,285.2523333333156,203.83204938271925,23274.11966666668,200,0.733724959398928,0.9915202154039567,0.0,1.0,0.46775,0.017094017094017096,506,16.345666666665238,5,23274.11966666668
2023-07-04,2.0,A001,3|1|2|1,True,7,7,42,7,4,4,0.9211854965885544,0.1318681318681319,27,520,520.0,2204.8216000000043,3058,1837.35133333338,43,40,3,76.28899999998612,1.7741627906973516,5.080000000001564,10.159999999999854,0.039865903049345994,75.17870370370568,285.2523333333156,203.83204938271925,23274.11966666668,200,0.733724959398928,0.9915202154039567,0.0,1.0,0.46775,0.017094017094017096,506,16.345666666665238,5,23274.11966666668
2023-07-04,4.0,A002,2|1|3|1,False,7,7,42,7,4,4,0.9211854965885544,0.2315934065934066,27,520,520.0,2204.8216000000007,3058,1837.35133333338,48,42,6,78.45966666666436,1.634576388888841,5.040450000002693,10.159999999999854,0.04095376144445488,122.51175308642905,450.39100000003964,251.24549382717143,23461.133333333382,223,0.8228548998533661,0.9918737441475711,0.0,1.0,0.45896860986547083,0.017118402282453638,507,19.44133333332502,5,23461.133333333382
2023-07-04,8.0,A002,2|1|3|1,True,7,7,42,7,4,4,0.9211854965885544,0.2315934065934066,27,520,520.0,2204.8216000000007,3058,1837.35133333338,48,42,6,78.45966666666436,1.634576388888841,5.040450000002693,10.159999999999854,0.04095376144445488,122.51175308642905,450.39100000003964,251.24549382717143,23461.133333333382,223,0.8228548998533661,0.9918737441475711,0.0,1.0,0.45896860986547083,0.017118402282453638,507,19.44133333332502,5,23461.133333333382
2023-07-06,0.0,A001,5|1|3|1,False,10,10,42,10,4,4,0.8427376486136672,0.055046774987690776,94,2031,2031.0,7044.994799999978,9680,5870.82900000018,307,180,127,637.6098333334058,2.0769049945713545,3.9784999999971657,17.77999999999999,0.09796663219262763,231.8031028368808,992.8489999999879,365.8609627659615,32208.44783333339,500,0.7153309021898815,0.9825973931179691,0.0,1.0,0.4636111111111111,0.06711409395973154,604,375.0938333333466,7,32208.44783333339
2023-07-06,0.05,A001,5|1|3|1,True,10,10,42,10,4,4,0.8427376486136672,0.055046774987690776,94,2031,2031.0,7044.994799999978,9680,5870.82900000018,307,180,127,637.6098333334058,2.0769049945713545,3.9784999999971657,17.77999999999999,0.09796663219262763,231.8031028368808,992.8489999999879,365.8609627659615,32208.44783333339,500,0.7153309021898815,0.9825973931179691,0.0,1.0,0.4636111111111111,0.06711409395973154,604,375.0938333333466,7,32208.44783333339
2023-07-06,0.1,A001,5|1|3|1,True,10,10,42,10,4,4,0.8427376486136672,0.055046774987690776,94,2031,2031.0,7044.994799999978,9680,5870.82900000018,307,180,127,637.6098333334058,2.0769049945713545,3.9784999999971657,17.77999999999999,0.09796663219262763,231.8031028368808,992.8489999999879,365.8609627659615,32208.44783333339,500,0.7153309021898815,0.9825973931179691,0.0,1.0,0.4636111111111111,0.06711409395973154,604,375.0938333333466,7,32208.44783333339
2023-07-06,0.25,A001,5|1|3|1,True,10,10,42,10,4,4,0.8427376486136672,0.055046774987690776,94,2031,2031.0,7044.994799999978,9680,5870.82900000018,307,180,127,637.6098333334058,2.0769049945713545,3.9784999999971657,17.77999999999999,0.09796663219262763,231.8031028368808,992.8489999999879,365.8609627659615,32208.44783333339,500,0.7153309021898815,0.9825973931179691,0.0,1.0,0.4636111111111111,0.06711409395973154,604,375.0938333333466,7,32208.44783333339
2023-07-06,0.5,A001,5|1|3|1,True,10,10,42,10,4,4,0.8427376486136672,0.055046774987690776,94,2031,2031.0,7044.994799999978,9680,5870.82900000018,307,180,127,637.6098333334058,2.0769049945713545,3.9784999999971657,17.77999999999999,0.09796663219262763,231.8031028368808,992.8489999999879,365.8609627659615,32208.44783333339,500,0.7153309021898815,0.9825973931179691,0.0,1.0,0.4636111111111111,0.06711409395973154,604,375.0938333333466,7,32208.44783333339
2023-07-06,0.75,A001,5|1|3|1,True,10,10,42,10,4,4,0.8427376486136672,0.055046774987690776,94,2031,2031.0,7044.994799999978,9680,5870.82900000018,307,180,127,637.6098333334058,2.0769049945713545,3.9784999999971657,17.77999999999999,0.09796663219262763,231.8031028368808,992.8489999999879,365.8609627659615,32208.44783333339,500,0.7153309021898815,0.9825973931179691,0.0,1.0,0.4636111111111111,0.06711409395973154,604,375.0938333333466,7,32208.44783333339
2023-07-06,1.0,A001,5|1|3|1,True,10,10,42,10,4,4,0.8427376486136672,0.055046774987690776,94,2031,2031.0,7044.994799999978,9680,5870.82900000018,307,180,127,637.6098333334058,2.0769049945713545,3.9784999999971657,17.77999999999999,0.09796663219262763,231.8031028368808,992.8489999999879,365.8609627659615,32208.44783333339,500,0.7153309021898815,0.9825973931179691,0.0,1.0,0.4636111111111111,0.06711409395973154,604,375.0938333333466,7,32208.44783333339
2023-07-06,2.0,A002,4|2|3|1,False,10,10,42,10,4,4,0.9232196723355078,0.08247168882323974,94,2031,2031.0,7044.994799999964,9680,5870.829000000176,305,168,137,638.4246666667018,2.093195628415416,3.5168666666676507,17.77999999999999,0.09807954941685547,230.44827482269528,716.4363333333223,364.51480319149186,32195.37966666672,472,0.7577324540551083,0.9798622419561948,0.0,1.0,0.41251345170836695,0.07303592577970786,610,408.2176666666912,7,32195.37966666672
2023-07-06,4.0,A002,4|2|3|1,True,10,10,42,10,4,4,0.9232196723355078,0.08247168882323974,94,2031,2031.0,7044.994799999964,9680,5870.829000000176,305,168,137,638.4246666667018,2.093195628415416,3.5168666666676507,17.77999999999999,0.09807954941685547,230.44827482269528,716.4363333333223,364.51480319149186,32195.37966666672,472,0.7577324540551083,0.9798622419561948,0.0,1.0,0.41251345170836695,0.07303592577970786,610,408.2176666666912,7,32195.37966666672
2023-07-06,8.0,A002,4|2|3|1,True,10,10,42,10,4,4,0.9232196723355078,0.08247168882323974,94,2031,2031.0,7044.994799999964,9680,5870.829000000176,305,168,137,638.4246666667018,2.093195628415416,3.5168666666676507,17.77999999999999,0.09807954941685547,230.44827482269528,716.4363333333223,364.51480319149186,32195.37966666672,472,0.7577324540551083,0.9798622419561948,0.0,1.0,0.41251345170836695,0.07303592577970786,610,408.2176666666912,7,32195.37966666672
2023-07-10,0.0,A001,3|0|2|1,False,6,6,42,6,4,3,0.7295739585136224,0.10931899641577059,38,837,837.0,3779.0627999999856,5290,3149.2189999999628,71,65,6,88.0140000000015,1.2396338028169227,2.603499999999979,7.619999999999996,0.027188033731276828,410.9514429824521,988.943333333325,562.2207324561354,1275.245000000003,256,0.9610417504940809,0.9960594660991284,0.0,1.0,0.2791015625,0.006071118820468344,571,16.927999999998946,3,1275.245000000003
2023-07-10,0.05,A001,3|0|2|1,True,6,6,42,6,4,3,0.7295739585136224,0.10931899641577059,38,837,837.0,3779.0627999999856,5290,3149.2189999999628,71,65,6,88.0140000000015,1.2396338028169227,2.603499999999979,7.619999999999996,0.027188033731276828,410.9514429824521,988.943333333325,562.2207324561354,1275.245000000003,256,0.9610417504940809,0.9960594660991284,0.0,1.0,0.2791015625,0.006071118820468344,571,16.927999999998946,3,1275.245000000003
2023-07-10,0.1,A001,3|0|2|1,True,6,6,42,6,4,3,0.7295739585136224,0.10931899641577059,38,837,837.0,3779.0627999999856,5290,3149.2189999999628,71,65,6,88.0140000000015,1.2396338028169227,2.603499999999979,7.619999999999996,0.027188033731276828,410.9514429824521,988.943333333325,562.2207324561354,1275.245000000003,256,0.9610417504940809,0.9960594660991284,0.0,1.0,0.2791015625,0.006071118820468344,571,16.927999999998946,3,1275.245000000003
2023-07-10,0.25,A001,3|0|2|1,True,6,6,42,6,4,3,0.7295739585136224,0.10931899641577059,38,837,837.0,3779.0627999999856,5290,3149.2189999999628,71,65,6,88.0140000000015,1.2396338028169227,2.603499999999979,7.619999999999996,0.027188033731276828,410.9514429824521,988.943333333325,562.2207324561354,1275.245000000003,256,0.9610417504940809,0.9960594660991284,0.0,1.0,0.2791015625,0.006071118820468344,571,16.927999999998946,3,1275.245000000003
2023-07-10,0.5,A001,3|0|2|1,True,6,6,42,6,4,3,0.7295739585136224,0.10931899641577059,38,837,837.0,3779.0627999999856,5290,3149.2189999999628,71,65,6,88.0140000000015,1.2396338028169227,2.603499999999979,7.619999999999996,0.027188033731276828,410.9514429824521,988.943333333325,562.2207324561354,1275.245000000003,256,0.9610417504940809,0.9960594660991284,0.0,1.0,0.2791015625,0.006071118820468344,571,16.927999999998946,3,1275.245000000003
2023-07-10,0.75,A001,3|0|2|1,True,6,6,42,6,4,3,0.7295739585136224,0.10931899641577059,38,837,837.0,3779.0627999999856,5290,3149.2189999999628,71,65,6,88.0140000000015,1.2396338028169227,2.603499999999979,7.619999999999996,0.027188033731276828,410.9514429824521,988.943333333325,562.2207324561354,1275.245000000003,256,0.9610417504940809,0.9960594660991284,0.0,1.0,0.2791015625,0.006071118820468344,571,16.927999999998946,3,1275.245000000003
2023-07-10,1.0,A001,3|0|2|1,True,6,6,42,6,4,3,0.7295739585136224,0.10931899641577059,38,837,837.0,3779.0627999999856,5290,3149.2189999999628,71,65,6,88.0140000000015,1.2396338028169227,2.603499999999979,7.619999999999996,0.027188033731276828,410.9514429824521,988.943333333325,562.2207324561354,1275.245000000003,256,0.9610417504940809,0.9960594660991284,0.0,1.0,0.2791015625,0.006071118820468344,571,16.927999999998946,3,1275.245000000003
2023-07-10,2.0,A001,3|0|2|1,True,6,6,42,6,4,3,0.7295739585136224,0.10931899641577059,38,837,837.0,3779.0627999999856,5290,3149.2189999999628,71,65,6,88.0140000000015,1.2396338028169227,2.603499999999979,7.619999999999996,0.027188033731276828,410.9514429824521,988.943333333325,562.2207324561354,1275.245000000003,256,0.9610417504940809,0.9960594660991284,0.0,1.0,0.2791015625,0.006071118820468344,571,16.927999999998946,3,1275.245000000003
2023-07-10,4.0,A002,2|0|3|1,False,6,6,42,6,4,3,0.7295739585136224,0.16845878136200715,38,837,837.0,3779.0627999999874,5290,3149.2190000000046,80,62,18,114.33349999999167,1.429168749999896,3.0372500000000207,10.159999999999995,0.035033448979292295,450.92613596490963,1285.3981666666753,602.8880438596464,1499.8181666666803,300,0.9549714600983125,0.9913198547733347,0.0,1.0,0.3462222222222222,0.019896193771626297,572,45.135000000000154,4,1499.8181666666803
2023-07-10,8.0,A002,2|0|3|1,True,6,6,42,6,4,3,0.7295739585136224,0.16845878136200715,38,837,837.0,3779.0627999999874,5290,3149.2190000000046,80,62,18,114.33349999999167,1.429168749999896,3.0372500000000207,10.159999999999995,0.035033448979292295,450.92613596490963,1285.3981666666753,602.8880438596464,1499.8181666666803,300,0.9549714600983125,0.9913198547733347,0.0,1.0,0.3462222222222222,0.019896193771626297,572,45.135000000000154,4,1499.8181666666803
2023-07-11,0.0,A001,2|1|2|1,False,6,6,42,6,4,4,0.9591479170272447,0.234301315462894,64,1343,1343.0,3889.806799999982,5560,3241.5056666700084,119,40,79,265.33949999995036,2.2297436974785745,3.0,5.080000000001746,0.0756633063021463,343.82035416675546,1335.5033333333536,461.56793489597356,33931.975333334354,552,0.7482557943710086,0.9538965323159279,0.0,1.0,0.5218599033816426,0.06200527704485488,553,225.64249999995425,2,33931.975333334354
2023-07-11,0.05,A001,2|1|2|1,True,6,6,42,6,4,4,0.9591479170272447,0.234301315462894,64,1343,1343.0,3889.806799999982,5560,3241.5056666700084,119,40,79,265.33949999995036,2.2297436974785745,3.0,5.080000000001746,0.0756633063021463,343.82035416675546,1335.5033333333536,461.56793489597356,33931.975333334354,552,0.7482557943710086,0.9538965323159279,0.0,1.0,0.5218599033816426,0.06200527704485488,553,225.64249999995425,2,33931.975333334354
2023-07-11,0.1,A001,2|1|2|1,True,6,6,42,6,4,4,0.9591479170272447,0.234301315462894,64,1343,1343.0,3889.806799999982,5560,3241.5056666700084,119,40,79,265.33949999995036,2.2297436974785745,3.0,5.080000000001746,0.0756633063021463,343.82035416675546,1335.5033333333536,461.56793489597356,33931.975333334354,552,0.7482557943710086,0.9538965323159279,0.0,1.0,0.5218599033816426,0.06200527704485488,553,225.64249999995425,2,33931.975333334354
2023-07-11,0.25,A001,2|1|2|1,True,6,6,42,6,4,4,0.9591479170272447,0.234301315462894,64,1343,1343.0,3889.806799999982,5560,3241.5056666700084,119,40,79,265.33949999995036,2.2297436974785745,3.0,5.080000000001746,0.0756633063021463,343.82035416675546,1335.5033333333536,461.56793489597356,33931.975333334354,552,0.7482557943710086,0.9538965323159279,0.0,1.0,0.5218599033816426,0.06200527704485488,553,225.64249999995425,2,33931.975333334354
2023-07-11,0.5,A001,2|1|2|1,True,6,6,42,6,4,4,0.9591479170272447,0.234301315462894,64,1343,1343.0,3889.806799999982,5560,3241.5056666700084,119,40,79,265.33949999995036,2.2297436974785745,3.0,5.080000000001746,0.0756633063021463,343.82035416675546,1335.5033333333536,461.56793489597356,33931.975333334354,552,0.7482557943710086,0.9538965323159279,0.0,1.0,0.5218599033816426,0.06200527704485488,553,225.64249999995425,2,33931.975333334354
2023-07-11,0.75,A001,2|1|2|1,True,6,6,42,6,4,4,0.9591479170272447,0.234301315462894,64,1343,1343.0,3889.806799999982,5560,3241.5056666700084,119,40,79,265.33949999995036,2.2297436974785745,3.0,5.080000000001746,0.0756633063021463,343.82035416675546,1335.5033333333536,461.56793489597356,33931.975333334354,552,0.7482557943710086,0.9538965323159279,0.0,1.0,0.5218599033816426,0.06200527704485488,553,225.64249999995425,2,33931.975333334354
2023-07-11,1.0,A001,2|1|2|1,True,6,6,42,6,4,4,0.9591479170272447,0.234301315462894,64,1343,1343.0,3889.806799999982,5560,3241.5056666700084,119,40,79,265.33949999995036,2.2297436974785745,3.0,5.080000000001746,0.0756633063021463,343.82035416675546,1335.5033333333536,461.56793489597356,33931.975333334354,552,0.7482557943710086,0.9538965323159279,0.0,1.0,0.5218599033816426,0.06200527704485488,553,225.64249999995425,2,33931.975333334354
2023-07-11,2.0,A001,2|1|2|1,True,6,6,42,6,4,4,0.9591479170272447,0.234301315462894,64,1343,1343.0,3889.806799999982,5560,3241.5056666700084,119,40,79,265.33949999995036,2.2297436974785745,3.0,5.080000000001746,0.0756633063021463,343.82035416675546,1335.5033333333536,461.56793489597356,33931.975333334354,552,0.7482557943710086,0.9538965323159279,0.0,1.0,0.5218599033816426,0.06200527704485488,553,225.64249999995425,2,33931.975333334354
2023-07-11,4.0,A001,2|1|2|1,True,6,6,42,6,4,4,0.9591479170272447,0.234301315462894,64,1343,1343.0,3889.806799999982,5560,3241.5056666700084,119,40,79,265.33949999995036,2.2297436974785745,3.0,5.080000000001746,0.0756633063021463,343.82035416675546,1335.5033333333536,461.56793489597356,33931.975333334354,552,0.7482557943710086,0.9538965323159279,0.0,1.0,0.5218599033816426,0.06200527704485488,553,225.64249999995425,2,33931.975333334354
2023-07-11,8.0,A001,2|1|2|1,True,6,6,42,6,4,4,0.9591479170272447,0.234301315462894,64,1343,1343.0,3889.806799999982,5560,3241.5056666700084,119,40,79,265.33949999995036,2.2297436974785745,3.0,5.080000000001746,0.0756633063021463,343.82035416675546,1335.5033333333536,461.56793489597356,33931.975333334354,552,0.7482557943710086,0.9538965323159279,0.0,1.0,0.5218599033816426,0.06200527704485488,553,225.64249999995425,2,33931.975333334354
2023-07-12,0.0,A001,1|1|2|1,False,5,5,42,5,4,4,0.9609640474436811,0.27188612099644127,29,562,562.0,1974.4944000000048,2638,1645.4120000000403,19,17,2,40.677000000003765,2.1408947368423035,5.334000000001573,7.619999999999976,0.02412506101398129,151.65542528736117,479.957333333361,267.9343563218454,22056.97633333336,291,0.5824227464828703,0.9911404633129548,0.0,1.0,0.611397479954181,0.013254786450662739,499,13.380000000001303,3,22056.97633333336
2023-07-12,0.05,A001,1|1|2|1,True,5,5,42,5,4,4,0.9609640474436811,0.27188612099644127,29,562,562.0,1974.4944000000048,2638,1645.4120000000403,19,17,2,40.677000000003765,2.1408947368423035,5.334000000001573,7.619999999999976,0.02412506101398129,151.65542528736117,479.957333333361,267.9343563218454,22056.97633333336,291,0.5824227464828703,0.9911404633129548,0.0,1.0,0.611397479954181,0.013254786450662739,499,13.380000000001303,3,22056.97633333336
2023-07-12,0.1,A001,1|1|2|1,True,5,5,42,5,4,4,0.9609640474436811,0.27188612099644127,29,562,562.0,1974.4944000000048,2638,1645.4120000000403,19,17,2,40.677000000003765,2.1408947368423035,5.334000000001573,7.619999999999976,0.02412506101398129,151.65542528736117,479.957333333361,267.9343563218454,22056.97633333336,291,0.5824227464828703,0.9911404633129548,0.0,1.0,0.611397479954181,0.013254786450662739,499,13.380000000001303,3,22056.97633333336
2023-07-12,0.25,A001,1|1|2|1,True,5,5,42,5,4,4,0.9609640474436811,0.27188612099644127,29,562,562.0,1974.4944000000048,2638,1645.4120000000403,19,17,2,40.677000000003765,2.1408947368423035,5.334000000001573,7.619999999999976,0.02412506101398129,151.65542528736117,479.957333333361,267.9343563218454,22056.97633333336,291,0.5824227464828703,0.9911404633129548,0.0,1.0,0.611397479954181,0.013254786450662739,499,13.380000000001303,3,22056.97633333336
2023-07-12,0.5,A001,1|1|2|1,True,5,5,42,5,4,4,0.9609640474436811,0.27188612099644127,29,562,562.0,1974.4944000000048,2638,1645.4120000000403,19,17,2,40.677000000003765,2.1408947368423035,5.334000000001573,7.619999999999976,0.02412506101398129,151.65542528736117,479.957333333361,267.9343563218454,22056.97633333336,291,0.5824227464828703,0.9911404633129548,0.0,1.0,0.611397479954181,0.013254786450662739,499,13.380000000001303,3,22056.97633333336
2023-07-12,0.75,A001,1|1|2|1,True,5,5,42,5,4,4,0.9609640474436811,0.27188612099644127,29,562,562.0,1974.4944000000048,2638,1645.4120000000403,19,17,2,40.677000000003765,2.1408947368423035,5.334000000001573,7.619999999999976,0.02412506101398129,151.65542528736117,479.957333333361,267.9343563218454,22056.97633333336,291,0.5824227464828703,0.9911404633129548,0.0,1.0,0.611397479954181,0.013254786450662739,499,13.380000000001303,3,22056.97633333336
2023-07-12,1.0,A001,1|1|2|1,True,5,5,42,5,4,4,0.9609640474436811,0.27188612099644127,29,562,562.0,1974.4944000000048,2638,1645.4120000000403,19,17,2,40.677000000003765,2.1408947368423035,5.334000000001573,7.619999999999976,0.02412506101398129,151.65542528736117,479.957333333361,267.9343563218454,22056.97633333336,291,0.5824227464828703,0.9911404633129548,0.0,1.0,0.611397479954181,0.013254786450662739,499,13.380000000001303,3,22056.97633333336
2023-07-12,2.0,A001,1|1|2|1,True,5,5,42,5,4,4,0.9609640474436811,0.27188612099644127,29,562,562.0,1974.4944000000048,2638,1645.4120000000403,19,17,2,40.677000000003765,2.1408947368423035,5.334000000001573,7.619999999999976,0.02412506101398129,151.65542528736117,479.957333333361,267.9343563218454,22056.97633333336,291,0.5824227464828703,0.9911404633129548,0.0,1.0,0.611397479954181,0.013254786450662739,499,13.380000000001303,3,22056.97633333336
2023-07-12,4.0,A001,1|1|2|1,True,5,5,42,5,4,4,0.9609640474436811,0.27188612099644127,29,562,562.0,1974.4944000000048,2638,1645.4120000000403,19,17,2,40.677000000003765,2.1408947368423035,5.334000000001573,7.619999999999976,0.02412506101398129,151.65542528736117,479.957333333361,267.9343563218454,22056.97633333336,291,0.5824227464828703,0.9911404633129548,0.0,1.0,0.611397479954181,0.013254786450662739,499,13.380000000001303,3,22056.97633333336
2023-07-12,8.0,A001,1|1|2|1,True,5,5,42,5,4,4,0.9609640474436811,0.27188612099644127,29,562,562.0,1974.4944000000048,2638,1645.4120000000403,19,17,2,40.677000000003765,2.1408947368423035,5.334000000001573,7.619999999999976,0.02412506101398129,151.65542528736117,479.957333333361,267.9343563218454,22056.97633333336,291,0.5824227464828703,0.9911404633129548,0.0,1.0,0.611397479954181,0.013254786450662739,499,13.380000000001303,3,22056.97633333336
2023-07-17,0.0,A001,2|1|2|1,False,6,6,42,6,4,4,0.9591479170272447,0.16981528127623846,70,1588,1588.0,6545.630800000077,9554,5454.6923333333625,153,103,50,222.64066666668572,1.45516775599141,3.0,7.619999999999996,0.039215713904166595,856.4582357142923,2391.357000000001,1005.620135714293,2761.438333333331,553,0.9455991738463773,0.9866346096925408,0.0,1.0,0.35714285714285715,0.026290630975143402,619,130.01033333332737,3,2761.438333333331
2023-07-17,0.05,A001,2|1|2|1,True,6,6,42,6,4,4,0.9591479170272447,0.16981528127623846,70,1588,1588.0,6545.630800000077,9554,5454.6923333333625,153,103,50,222.64066666668572,1.45516775599141,3.0,7.619999999999996,0.039215713904166595,856.4582357142923,2391.357000000001,1005.620135714293,2761.438333333331,553,0.9455991738463773,0.9866346096925408,0.0,1.0,0.35714285714285715,0.026290630975143402,619,130.01033333332737,3,2761.438333333331
2023-07-17,0.1,A001,2|1|2|1,True,6,6,42,6,4,4,0.9591479170272447,0.16981528127623846,70,1588,1588.0,6545.630800000077,9554,5454.6923333333625,153,103,50,222.64066666668572,1.45516775599141,3.0,7.619999999999996,0.039215713904166595,856.4582357142923,2391.357000000001,1005.620135714293,2761.438333333331,553,0.9455991738463773,0.9866346096925408,0.0,1.0,0.35714285714285715,0.026290630975143402,619,130.01033333332737,3,2761.438333333331
2023-07-17,0.25,A001,2|1|2|1,True,6,6,42,6,4,4,0.9591479170272447,0.16981528127623846,70,1588,1588.0,6545.630800000077,9554,5454.6923333333625,153,103,50,222.64066666668572,1.45516775599141,3.0,7.619999999999996,0.039215713904166595,856.4582357142923,2391.357000000001,1005.620135714293,2761.438333333331,553,0.9455991738463773,0.9866346096925408,0.0,1.0,0.35714285714285715,0.026290630975143402,619,130.01033333332737,3,2761.438333333331
2023-07-17,0.5,A001,2|1|2|1,True,6,6,42,6,4,4,0.9591479170272447,0.16981528127623846,70,1588,1588.0,6545.630800000077,9554,5454.6923333333625,153,103,50,222.64066666668572,1.45516775599141,3.0,7.619999999999996,0.039215713904166595,856.4582357142923,2391.357000000001,1005.620135714293,2761.438333333331,553,0.9455991738463773,0.9866346096925408,0.0,1.0,0.35714285714285715,0.026290630975143402,619,130.01033333332737,3,2761.438333333331
2023-07-17,0.75,A001,2|1|2|1,True,6,6,42,6,4,4,0.9591479170272447,0.16981528127623846,70,1588,1588.0,6545.630800000077,9554,5454.6923333333625,153,103,50,222.64066666668572,1.45516775599141,3.0,7.619999999999996,0.039215713904166595,856.4582357142923,2391.357000000001,1005.620135714293,2761.438333333331,553,0.9455991738463773,0.9866346096925408,0.0,1.0,0.35714285714285715,0.026290630975143402,619,130.01033333332737,3,2761.438333333331
2023-07-17,1.0,A001,2|1|2|1,True,6,6,42,6,4,4,0.9591479170272447,0.16981528127623846,70,1588,1588.0,6545.630800000077,9554,5454.6923333333625,153,103,50,222.64066666668572,1.45516775599141,3.0,7.619999999999996,0.039215713904166595,856.4582357142923,2391.357000000001,1005.620135714293,2761.438333333331,553,0.9455991738463773,0.9866346096925408,0.0,1.0,0.35714285714285715,0.026290630975143402,619,130.01033333332737,3,2761.438333333331
2023-07-17,2.0,A001,2|1|2|1,True,6,6,42,6,4,4,0.9591479170272447,0.16981528127623846,70,1588,1588.0,6545.630800000077,9554,5454.6923333333625,153,103,50,222.64066666668572,1.45516775599141,3.0,7.619999999999996,0.039215713904166595,856.4582357142923,2391.357000000001,1005.620135714293,2761.438333333331,553,0.9455991738463773,0.9866346096925408,0.0,1.0,0.35714285714285715,0.026290630975143402,619,130.01033333332737,3,2761.438333333331
2023-07-17,4.0,A001,2|1|2|1,True,6,6,42,6,4,4,0.9591479170272447,0.16981528127623846,70,1588,1588.0,6545.630800000077,9554,5454.6923333333625,153,103,50,222.64066666668572,1.45516775599141,3.0,7.619999999999996,0.039215713904166595,856.4582357142923,2391.357000000001,1005.620135714293,2761.438333333331,553,0.9455991738463773,0.9866346096925408,0.0,1.0,0.35714285714285715,0.026290630975143402,619,130.01033333332737,3,2761.438333333331
2023-07-17,8.0,A001,2|1|2|1,True,6,6,42,6,4,4,0.9591479170272447,0.16981528127623846,70,1588,1588.0,6545.630800000077,9554,5454.6923333333625,153,103,50,222.64066666668572,1.45516775599141,3.0,7.619999999999996,0.039215713904166595,856.4582357142923,2391.357000000001,1005.620135714293,2761.438333333331,553,0.9455991738463773,0.9866346096925408,0.0,1.0,0.35714285714285715,0.026290630975143402,619,130.01033333332737,3,2761.438333333331
2023-07-18,0.0,A001,2|1|1|1,False,5,5,42,5,4,4,0.9609640474436811,0.19384615384615383,70,1625,1625.0,5047.538800000014,6830,4206.282333333407,189,64,125,432.15166666665147,2.2865167548500076,3.0,7.619999999999996,0.09316757911541827,1058.225071428578,2610.6740000000145,1194.1312714285789,2696.2996666666795,540,0.9031513477169649,0.9065087876713032,0.0,1.0,0.3717283950617284,0.07607555089192025,576,360.8203333333343,3,2696.2996666666795
2023-07-18,0.05,A001,2|1|1|1,True,5,5,42,5,4,4,0.9609640474436811,0.19384615384615383,70,1625,1625.0,5047.538800000014,6830,4206.282333333407,189,64,125,432.15166666665147,2.2865167548500076,3.0,7.619999999999996,0.09316757911541827,1058.225071428578,2610.6740000000145,1194.1312714285789,2696.2996666666795,540,0.9031513477169649,0.9065087876713032,0.0,1.0,0.3717283950617284,0.07607555089192025,576,360.8203333333343,3,2696.2996666666795
2023-07-18,0.1,A001,2|1|1|1,True,5,5,42,5,4,4,0.9609640474436811,0.19384615384615383,70,1625,1625.0,5047.538800000014,6830,4206.282333333407,189,64,125,432.15166666665147,2.2865167548500076,3.0,7.619999999999996,0.09316757911541827,1058.225071428578,2610.6740000000145,1194.1312714285789,2696.2996666666795,540,0.9031513477169649,0.9065087876713032,0.0,1.0,0.3717283950617284,0.07607555089192025,576,360.8203333333343,3,2696.2996666666795
2023-07-18,0.25,A001,2|1|1|1,True,5,5,42,5,4,4,0.9609640474436811,0.19384615384615383,70,1625,1625.0,5047.538800000014,6830,4206.282333333407,189,64,125,432.15166666665147,2.2865167548500076,3.0,7.619999999999996,0.09316757911541827,1058.225071428578,2610.6740000000145,1194.1312714285789,2696.2996666666795,540,0.9031513477169649,0.9065087876713032,0.0,1.0,0.3717283950617284,0.07607555089192025,576,360.8203333333343,3,2696.2996666666795
2023-07-18,0.5,A001,2|1|1|1,True,5,5,42,5,4,4,0.9609640474436811,0.19384615384615383,70,1625,1625.0,5047.538800000014,6830,4206.282333333407,189,64,125,432.15166666665147,2.2865167548500076,3.0,7.619999999999996,0.09316757911541827,1058.225071428578,2610.6740000000145,1194.1312714285789,2696.2996666666795,540,0.9031513477169649,0.9065087876713032,0.0,1.0,0.3717283950617284,0.07607555089192025,576,360.8203333333343,3,2696.2996666666795
2023-07-18,0.75,A001,2|1|1|1,True,5,5,42,5,4,4,0.9609640474436811,0.19384615384615383,70,1625,1625.0,5047.538800000014,6830,4206.282333333407,189,64,125,432.15166666665147,2.2865167548500076,3.0,7.619999999999996,0.09316757911541827,1058.225071428578,2610.6740000000145,1194.1312714285789,2696.2996666666795,540,0.9031513477169649,0.9065087876713032,0.0,1.0,0.3717283950617284,0.07607555089192025,576,360.8203333333343,3,2696.2996666666795
2023-07-18,1.0,A001,2|1|1|1,True,5,5,42,5,4,4,0.9609640474436811,0.19384615384615383,70,1625,1625.0,5047.538800000014,6830,4206.282333333407,189,64,125,432.15166666665147,2.2865167548500076,3.0,7.619999999999996,0.09316757911541827,1058.225071428578,2610.6740000000145,1194.1312714285789,2696.2996666666795,540,0.9031513477169649,0.9065087876713032,0.0,1.0,0.3717283950617284,0.07607555089192025,576,360.8203333333343,3,2696.2996666666795
2023-07-18,2.0,A001,2|1|1|1,True,5,5,42,5,4,4,0.9609640474436811,0.19384615384615383,70,1625,1625.0,5047.538800000014,6830,4206.282333333407,189,64,125,432.15166666665147,2.2865167548500076,3.0,7.619999999999996,0.09316757911541827,1058.225071428578,2610.6740000000145,1194.1312714285789,2696.2996666666795,540,0.9031513477169649,0.9065087876713032,0.0,1.0,0.3717283950617284,0.07607555089192025,576,360.8203333333343,3,2696.2996666666795
2023-07-18,4.0,A001,2|1|1|1,True,5,5,42,5,4,4,0.9609640474436811,0.19384615384615383,70,1625,1625.0,5047.538800000014,6830,4206.282333333407,189,64,125,432.15166666665147,2.2865167548500076,3.0,7.619999999999996,0.09316757911541827,1058.225071428578,2610.6740000000145,1194.1312714285789,2696.2996666666795,540,0.9031513477169649,0.9065087876713032,0.0,1.0,0.3717283950617284,0.07607555089192025,576,360.8203333333343,3,2696.2996666666795
2023-07-18,8.0,A001,2|1|1|1,True,5,5,42,5,4,4,0.9609640474436811,0.19384615384615383,70,1625,1625.0,5047.538800000014,6830,4206.282333333407,189,64,125,432.15166666665147,2.2865167548500076,3.0,7.619999999999996,0.09316757911541827,1058.225071428578,2610.6740000000145,1194.1312714285789,2696.2996666666795,540,0.9031513477169649,0.9065087876713032,0.0,1.0,0.3717283950617284,0.07607555089192025,576,360.8203333333343,3,2696.2996666666795
