selected_date,entropy_weight,allocation_id,picking_lists,pick_tasks,picked_units,effective_workers,active_zones,D_demand_mismatch,R_congestion_risk,moved_workers_from_volume,observed_workers,mean_release_delay_seconds,workload_share_Z01,workload_share_Z02,workload_share_Z03,workload_share_Z04,microzone_concentration_Z01,microzone_concentration_Z02,microzone_concentration_Z03,microzone_concentration_Z04,workers_Z01,workers_Z02,workers_Z03,workers_Z04,worker_share_Z01,worker_share_Z02,worker_share_Z03,worker_share_Z04,tasks_per_worker,units_per_worker,max_workload_share,max_workers_zone,weighted_microzone_concentration,worker_concentration_pair,macro_workload_entropy_normalized,mean_flow_time_seconds,congestion_conflicts,congestion_wait_seconds,congestion_delay_ratio,makespan_seconds
2023-01-05,0.0,A001,85,1996,1996.0,8,4,0.0410821643286573,0.8089658983634359,0,8,351.94017254901854,0.4118236472945892,0.2089178356713426,0.127254509018036,0.252004008016032,0.0738625987248433,0.1754846369899226,0.0981577848490851,0.4118934651989832,3,2,1,2,0.375,0.25,0.125,0.25,249.5,249.5,0.4118236472945892,3,0.1833700601820516,0.8089658983634357,0.9393122844759753,507.3717490196056,313,512.7500000002256,0.0709817871324704,15476.23666666664
2023-01-05,0.05,A001,85,1996,1996.0,8,4,0.0410821643286573,0.8089658983634359,0,8,351.94017254901854,0.4118236472945892,0.2089178356713426,0.127254509018036,0.252004008016032,0.0738625987248433,0.1754846369899226,0.0981577848490851,0.4118934651989832,3,2,1,2,0.375,0.25,0.125,0.25,249.5,249.5,0.4118236472945892,3,0.1833700601820516,0.8089658983634357,0.9393122844759753,507.3717490196056,313,512.7500000002256,0.0709817871324704,15476.23666666664
2023-01-05,0.1,A001,85,1996,1996.0,8,4,0.0410821643286573,0.8089658983634359,0,8,351.94017254901854,0.4118236472945892,0.2089178356713426,0.127254509018036,0.252004008016032,0.0738625987248433,0.1754846369899226,0.0981577848490851,0.4118934651989832,3,2,1,2,0.375,0.25,0.125,0.25,249.5,249.5,0.4118236472945892,3,0.1833700601820516,0.8089658983634357,0.9393122844759753,507.3717490196056,313,512.7500000002256,0.0709817871324704,15476.23666666664
2023-01-05,0.25,A001,85,1996,1996.0,8,4,0.0410821643286573,0.8089658983634359,0,8,351.94017254901854,0.4118236472945892,0.2089178356713426,0.127254509018036,0.252004008016032,0.0738625987248433,0.1754846369899226,0.0981577848490851,0.4118934651989832,3,2,1,2,0.375,0.25,0.125,0.25,249.5,249.5,0.4118236472945892,3,0.1833700601820516,0.8089658983634357,0.9393122844759753,507.3717490196056,313,512.7500000002256,0.0709817871324704,15476.23666666664
2023-01-05,0.5,A002,85,1996,1996.0,8,4,0.1638276553106212,0.4952302180135378,1,8,421.04434901960207,0.4118236472945892,0.2089178356713426,0.127254509018036,0.252004008016032,0.0738625987248433,0.1754846369899226,0.0981577848490851,0.4118934651989832,3,2,2,1,0.375,0.25,0.25,0.125,249.5,249.5,0.4118236472945892,3,0.1833700601820516,0.4952302180135376,0.9393122844759753,574.314243137247,241,329.00700000010715,0.0467343405292907,15801.710333333302
2023-01-05,0.75,A002,85,1996,1996.0,8,4,0.1638276553106212,0.4952302180135378,1,8,421.04434901960207,0.4118236472945892,0.2089178356713426,0.127254509018036,0.252004008016032,0.0738625987248433,0.1754846369899226,0.0981577848490851,0.4118934651989832,3,2,2,1,0.375,0.25,0.25,0.125,249.5,249.5,0.4118236472945892,3,0.1833700601820516,0.4952302180135376,0.9393122844759753,574.314243137247,241,329.00700000010715,0.0467343405292907,15801.710333333302
2023-01-05,1.0,A002,85,1996,1996.0,8,4,0.1638276553106212,0.4952302180135378,1,8,421.04434901960207,0.4118236472945892,0.2089178356713426,0.127254509018036,0.252004008016032,0.0738625987248433,0.1754846369899226,0.0981577848490851,0.4118934651989832,3,2,2,1,0.375,0.25,0.25,0.125,249.5,249.5,0.4118236472945892,3,0.1833700601820516,0.4952302180135376,0.9393122844759753,574.314243137247,241,329.00700000010715,0.0467343405292907,15801.710333333302
2023-01-05,2.0,A002,85,1996,1996.0,8,4,0.1638276553106212,0.4952302180135378,1,8,421.04434901960207,0.4118236472945892,0.2089178356713426,0.127254509018036,0.252004008016032,0.0738625987248433,0.1754846369899226,0.0981577848490851,0.4118934651989832,3,2,2,1,0.375,0.25,0.25,0.125,249.5,249.5,0.4118236472945892,3,0.1833700601820516,0.4952302180135376,0.9393122844759753,574.314243137247,241,329.00700000010715,0.0467343405292907,15801.710333333302
2023-01-05,4.0,A002,85,1996,1996.0,8,4,0.1638276553106212,0.4952302180135378,1,8,421.04434901960207,0.4118236472945892,0.2089178356713426,0.127254509018036,0.252004008016032,0.0738625987248433,0.1754846369899226,0.0981577848490851,0.4118934651989832,3,2,2,1,0.375,0.25,0.25,0.125,249.5,249.5,0.4118236472945892,3,0.1833700601820516,0.4952302180135376,0.9393122844759753,574.314243137247,241,329.00700000010715,0.0467343405292907,15801.710333333302
2023-01-05,8.0,A002,85,1996,1996.0,8,4,0.1638276553106212,0.4952302180135378,1,8,421.04434901960207,0.4118236472945892,0.2089178356713426,0.127254509018036,0.252004008016032,0.0738625987248433,0.1754846369899226,0.0981577848490851,0.4118934651989832,3,2,2,1,0.375,0.25,0.25,0.125,249.5,249.5,0.4118236472945892,3,0.1833700601820516,0.4952302180135376,0.9393122844759753,574.314243137247,241,329.00700000010715,0.0467343405292907,15801.710333333302
2023-01-06,0.0,A001,65,1422,1422.0,8,4,0.0566104078762306,0.7261038471913306,0,8,492.6014307692269,0.5147679324894515,0.0942334739803094,0.0991561181434599,0.2918424753867792,0.0357053214975555,0.165688906655315,0.0438724085000823,0.5118719182059972,4,1,1,2,0.5,0.125,0.125,0.25,177.75,177.75,0.5147679324894515,4,0.18772958121098685,0.7261038471913301,0.8316958785998906,636.3536923076882,212,314.634999999977,0.061961674291538,1374.225666666669
2023-01-06,0.05,A001,65,1422,1422.0,8,4,0.0566104078762306,0.7261038471913306,0,8,492.6014307692269,0.5147679324894515,0.0942334739803094,0.0991561181434599,0.2918424753867792,0.0357053214975555,0.165688906655315,0.0438724085000823,0.5118719182059972,4,1,1,2,0.5,0.125,0.125,0.25,177.75,177.75,0.5147679324894515,4,0.18772958121098685,0.7261038471913301,0.8316958785998906,636.3536923076882,212,314.634999999977,0.061961674291538,1374.225666666669
2023-01-06,0.1,A001,65,1422,1422.0,8,4,0.0566104078762306,0.7261038471913306,0,8,492.6014307692269,0.5147679324894515,0.0942334739803094,0.0991561181434599,0.2918424753867792,0.0357053214975555,0.165688906655315,0.0438724085000823,0.5118719182059972,4,1,1,2,0.5,0.125,0.125,0.25,177.75,177.75,0.5147679324894515,4,0.18772958121098685,0.7261038471913301,0.8316958785998906,636.3536923076882,212,314.634999999977,0.061961674291538,1374.225666666669
2023-01-06,0.25,A001,65,1422,1422.0,8,4,0.0566104078762306,0.7261038471913306,0,8,492.6014307692269,0.5147679324894515,0.0942334739803094,0.0991561181434599,0.2918424753867792,0.0357053214975555,0.165688906655315,0.0438724085000823,0.5118719182059972,4,1,1,2,0.5,0.125,0.125,0.25,177.75,177.75,0.5147679324894515,4,0.18772958121098685,0.7261038471913301,0.8316958785998906,636.3536923076882,212,314.634999999977,0.061961674291538,1374.225666666669
2023-01-06,0.5,A002,65,1422,1422.0,8,4,0.1816104078762306,0.2581043374854157,1,8,654.9832589743583,0.5147679324894515,0.0942334739803094,0.0991561181434599,0.2918424753867792,0.0357053214975555,0.165688906655315,0.0438724085000823,0.5118719182059972,4,1,2,1,0.5,0.125,0.25,0.125,177.75,177.75,0.5147679324894515,4,0.18772958121098685,0.2581043374854153,0.8316958785998906,796.9574897435888,143,199.0630000000173,0.0401148655116337,2677.2373333333185
2023-01-06,0.75,A002,65,1422,1422.0,8,4,0.1816104078762306,0.2581043374854157,1,8,654.9832589743583,0.5147679324894515,0.0942334739803094,0.0991561181434599,0.2918424753867792,0.0357053214975555,0.165688906655315,0.0438724085000823,0.5118719182059972,4,1,2,1,0.5,0.125,0.25,0.125,177.75,177.75,0.5147679324894515,4,0.18772958121098685,0.2581043374854153,0.8316958785998906,796.9574897435888,143,199.0630000000173,0.0401148655116337,2677.2373333333185
2023-01-06,1.0,A002,65,1422,1422.0,8,4,0.1816104078762306,0.2581043374854157,1,8,654.9832589743583,0.5147679324894515,0.0942334739803094,0.0991561181434599,0.2918424753867792,0.0357053214975555,0.165688906655315,0.0438724085000823,0.5118719182059972,4,1,2,1,0.5,0.125,0.25,0.125,177.75,177.75,0.5147679324894515,4,0.18772958121098685,0.2581043374854153,0.8316958785998906,796.9574897435888,143,199.0630000000173,0.0401148655116337,2677.2373333333185
2023-01-06,2.0,A002,65,1422,1422.0,8,4,0.1816104078762306,0.2581043374854157,1,8,654.9832589743583,0.5147679324894515,0.0942334739803094,0.0991561181434599,0.2918424753867792,0.0357053214975555,0.165688906655315,0.0438724085000823,0.5118719182059972,4,1,2,1,0.5,0.125,0.25,0.125,177.75,177.75,0.5147679324894515,4,0.18772958121098685,0.2581043374854153,0.8316958785998906,796.9574897435888,143,199.0630000000173,0.0401148655116337,2677.2373333333185
2023-01-06,4.0,A002,65,1422,1422.0,8,4,0.1816104078762306,0.2581043374854157,1,8,654.9832589743583,0.5147679324894515,0.0942334739803094,0.0991561181434599,0.2918424753867792,0.0357053214975555,0.165688906655315,0.0438724085000823,0.5118719182059972,4,1,2,1,0.5,0.125,0.25,0.125,177.75,177.75,0.5147679324894515,4,0.18772958121098685,0.2581043374854153,0.8316958785998906,796.9574897435888,143,199.0630000000173,0.0401148655116337,2677.2373333333185
2023-01-06,8.0,A003,65,1422,1422.0,8,4,0.3066104078762307,0.2387331899929137,2,8,732.7154179487194,0.5147679324894515,0.0942334739803094,0.0991561181434599,0.2918424753867792,0.0357053214975555,0.165688906655315,0.0438724085000823,0.5118719182059972,3,1,3,1,0.375,0.125,0.375,0.125,177.75,177.75,0.5147679324894515,3,0.18772958121098685,0.2387331899929134,0.8316958785998906,873.8057564102586,109,141.60999999999714,0.028871293685135,2667.023999999995
2023-01-09,0.0,A001,55,1181,1181.0,7,4,0.1215676787226321,2.600343789674532,0,7,284.5001424242394,0.2252328535139712,0.0287891617273497,0.5639288738357324,0.1820491109229466,0.1335365801862783,0.1783929290303401,0.433390631612422,0.3168540428466669,1,1,4,1,0.1428571428571428,0.1428571428571428,0.5714285714285714,0.1428571428571428,168.71428571428572,168.71428571428572,0.5639288738357324,4,0.3372970954974496,2.6003437896745316,0.7725806553602964,424.3702939393893,148,296.3396666665566,0.0714095862709921,17051.38566666669
2023-01-09,0.05,A002,55,1181,1181.0,7,4,0.1745494133301076,1.4337084750235445,1,7,270.61002121211993,0.2252328535139712,0.0287891617273497,0.5639288738357324,0.1820491109229466,0.1335365801862783,0.1783929290303401,0.433390631612422,0.3168540428466669,2,1,3,1,0.2857142857142857,0.1428571428571428,0.4285714285714285,0.1428571428571428,168.71428571428572,168.71428571428572,0.5639288738357324,3,0.3372970954974496,1.433708475023544,0.7725806553602964,409.58764242424127,145,247.2504999999632,0.0602936888059324,17048.762500000037
2023-01-09,0.1,A002,55,1181,1181.0,7,4,0.1745494133301076,1.4337084750235445,1,7,270.61002121211993,0.2252328535139712,0.0287891617273497,0.5639288738357324,0.1820491109229466,0.1335365801862783,0.1783929290303401,0.433390631612422,0.3168540428466669,2,1,3,1,0.2857142857142857,0.1428571428571428,0.4285714285714285,0.1428571428571428,168.71428571428572,168.71428571428572,0.5639288738357324,3,0.3372970954974496,1.433708475023544,0.7725806553602964,409.58764242424127,145,247.2504999999632,0.0602936888059324,17048.762500000037
2023-01-09,0.25,A003,55,1181,1181.0,7,4,0.2782145881214467,0.8837812546453673,2,7,341.81558484848614,0.2252328535139712,0.0287891617273497,0.5639288738357324,0.1820491109229466,0.1335365801862783,0.1783929290303401,0.433390631612422,0.3168540428466669,2,1,2,2,0.2857142857142857,0.1428571428571428,0.2857142857142857,0.2857142857142857,168.71428571428572,168.71428571428572,0.5639288738357324,2,0.3372970954974496,0.8837812546453672,0.7725806553602964,480.2172727272765,114,215.5741666667364,0.0529784341366658,16936.28700000005
2023-01-09,0.5,A004,55,1181,1181.0,7,4,0.3174065561872505,0.7453201408290404,2,7,372.37174545454417,0.2252328535139712,0.0287891617273497,0.5639288738357324,0.1820491109229466,0.1335365801862783,0.1783929290303401,0.433390631612422,0.3168540428466669,2,2,2,1,0.2857142857142857,0.2857142857142857,0.2857142857142857,0.1428571428571428,168.71428571428572,168.71428571428572,0.5639288738357324,2,0.3372970954974496,0.7453201408290404,0.7725806553602964,510.3590363636361,122,192.78233333328973,0.0476440910681849,17046.76300000004
2023-01-09,0.75,A004,55,1181,1181.0,7,4,0.3174065561872505,0.7453201408290404,2,7,372.37174545454417,0.2252328535139712,0.0287891617273497,0.5639288738357324,0.1820491109229466,0.1335365801862783,0.1783929290303401,0.433390631612422,0.3168540428466669,2,2,2,1,0.2857142857142857,0.2857142857142857,0.2857142857142857,0.1428571428571428,168.71428571428572,168.71428571428572,0.5639288738357324,2,0.3372970954974496,0.7453201408290404,0.7725806553602964,510.3590363636361,122,192.78233333328973,0.0476440910681849,17046.76300000004
2023-01-09,1.0,A005,55,1181,1181.0,7,4,0.4602636990443933,0.5790026695891751,3,7,656.1622484848581,0.2252328535139712,0.0287891617273497,0.5639288738357324,0.1820491109229466,0.1335365801862783,0.1783929290303401,0.433390631612422,0.3168540428466669,3,2,1,1,0.4285714285714285,0.2857142857142857,0.1428571428571428,0.1428571428571428,168.71428571428572,168.71428571428572,0.5639288738357324,3,0.3372970954974496,0.579002669589175,0.7725806553602964,792.8426545454668,84,120.90366666666452,0.0304204376199896,17613.02300000008
2023-01-09,2.0,A005,55,1181,1181.0,7,4,0.4602636990443933,0.5790026695891751,3,7,656.1622484848581,0.2252328535139712,0.0287891617273497,0.5639288738357324,0.1820491109229466,0.1335365801862783,0.1783929290303401,0.433390631612422,0.3168540428466669,3,2,1,1,0.4285714285714285,0.2857142857142857,0.1428571428571428,0.1428571428571428,168.71428571428572,168.71428571428572,0.5639288738357324,3,0.3372970954974496,0.579002669589175,0.7725806553602964,792.8426545454668,84,120.90366666666452,0.0304204376199896,17613.02300000008
2023-01-09,4.0,A005,55,1181,1181.0,7,4,0.4602636990443933,0.5790026695891751,3,7,656.1622484848581,0.2252328535139712,0.0287891617273497,0.5639288738357324,0.1820491109229466,0.1335365801862783,0.1783929290303401,0.433390631612422,0.3168540428466669,3,2,1,1,0.4285714285714285,0.2857142857142857,0.1428571428571428,0.1428571428571428,168.71428571428572,168.71428571428572,0.5639288738357324,3,0.3372970954974496,0.579002669589175,0.7725806553602964,792.8426545454668,84,120.90366666666452,0.0304204376199896,17613.02300000008
2023-01-09,8.0,A005,55,1181,1181.0,7,4,0.4602636990443933,0.5790026695891751,3,7,656.1622484848581,0.2252328535139712,0.0287891617273497,0.5639288738357324,0.1820491109229466,0.1335365801862783,0.1783929290303401,0.433390631612422,0.3168540428466669,3,2,1,1,0.4285714285714285,0.2857142857142857,0.1428571428571428,0.1428571428571428,168.71428571428572,168.71428571428572,0.5639288738357324,3,0.3372970954974496,0.579002669589175,0.7725806553602964,792.8426545454668,84,120.90366666666452,0.0304204376199896,17613.02300000008
2023-01-10,0.0,A001,66,1324,1324.0,8,4,0.0675981873111782,4.008684701486038,0,8,335.4602626262612,0.513595166163142,0.216012084592145,0.1790030211480362,0.0913897280966767,0.60569458799883,0.3745171734930574,0.2461864360207546,0.2331856746365377,4,2,1,1,0.5,0.25,0.125,0.125,165.5,165.5,0.513595166163142,4,0.4573609391436244,4.008684701486038,0.8655084916999194,477.2631767676763,413,2224.607666666688,0.4129591298842874,22060.48800000001
2023-01-10,0.05,A002,66,1324,1324.0,8,4,0.138595166163142,2.437787373510302,1,8,349.2672777777773,0.513595166163142,0.216012084592145,0.1790030211480362,0.0913897280966767,0.60569458799883,0.3745171734930574,0.2461864360207546,0.2331856746365377,3,2,2,1,0.375,0.25,0.25,0.125,165.5,165.5,0.513595166163142,3,0.4573609391436244,2.437787373510302,0.8655084916999194,482.3637070707075,420,1649.9796666666718,0.3428625832084028,22060.48800000001
2023-01-10,0.1,A002,66,1324,1324.0,8,4,0.138595166163142,2.437787373510302,1,8,349.2672777777773,0.513595166163142,0.216012084592145,0.1790030211480362,0.0913897280966767,0.60569458799883,0.3745171734930574,0.2461864360207546,0.2331856746365377,3,2,2,1,0.375,0.25,0.25,0.125,165.5,165.5,0.513595166163142,3,0.4573609391436244,2.437787373510302,0.8655084916999194,482.3637070707075,420,1649.9796666666718,0.3428625832084028,22060.48800000001
2023-01-10,0.25,A003,66,1324,1324.0,8,4,0.263595166163142,1.4595838721491798,2,8,406.8682121212113,0.513595166163142,0.216012084592145,0.1790030211480362,0.0913897280966767,0.60569458799883,0.3745171734930574,0.2461864360207546,0.2331856746365377,2,2,2,2,0.25,0.25,0.25,0.25,165.5,165.5,0.513595166163142,2,0.4573609391436244,1.4595838721491798,0.8655084916999194,525.6042424242424,269,702.1933333333252,0.1816998733971249,21991.15466666668
2023-01-10,0.5,A003,66,1324,1324.0,8,4,0.263595166163142,1.4595838721491798,2,8,406.8682121212113,0.513595166163142,0.216012084592145,0.1790030211480362,0.0913897280966767,0.60569458799883,0.3745171734930574,0.2461864360207546,0.2331856746365377,2,2,2,2,0.25,0.25,0.25,0.25,165.5,165.5,0.513595166163142,2,0.4573609391436244,1.4595838721491798,0.8655084916999194,525.6042424242424,269,702.1933333333252,0.1816998733971249,21991.15466666668
2023-01-10,0.75,A003,66,1324,1324.0,8,4,0.263595166163142,1.4595838721491798,2,8,406.8682121212113,0.513595166163142,0.216012084592145,0.1790030211480362,0.0913897280966767,0.60569458799883,0.3745171734930574,0.2461864360207546,0.2331856746365377,2,2,2,2,0.25,0.25,0.25,0.25,165.5,165.5,0.513595166163142,2,0.4573609391436244,1.4595838721491798,0.8655084916999194,525.6042424242424,269,702.1933333333252,0.1816998733971249,21991.15466666668
2023-01-10,1.0,A004,66,1324,1324.0,8,4,0.388595166163142,1.3202606334234253,3,8,663.6011313131322,0.513595166163142,0.216012084592145,0.1790030211480362,0.0913897280966767,0.60569458799883,0.3745171734930574,0.2461864360207546,0.2331856746365377,1,2,2,3,0.125,0.25,0.25,0.375,165.5,165.5,0.513595166163142,3,0.4573609391436244,1.320260633423425,0.8655084916999194,774.1929343434354,74,164.67433333333864,0.0494954653143626,21991.15466666668
2023-01-10,2.0,A004,66,1324,1324.0,8,4,0.388595166163142,1.3202606334234253,3,8,663.6011313131322,0.513595166163142,0.216012084592145,0.1790030211480362,0.0913897280966767,0.60569458799883,0.3745171734930574,0.2461864360207546,0.2331856746365377,1,2,2,3,0.125,0.25,0.25,0.375,165.5,165.5,0.513595166163142,3,0.4573609391436244,1.320260633423425,0.8655084916999194,774.1929343434354,74,164.67433333333864,0.0494954653143626,21991.15466666668
2023-01-10,4.0,A004,66,1324,1324.0,8,4,0.388595166163142,1.3202606334234253,3,8,663.6011313131322,0.513595166163142,0.216012084592145,0.1790030211480362,0.0913897280966767,0.60569458799883,0.3745171734930574,0.2461864360207546,0.2331856746365377,1,2,2,3,0.125,0.25,0.25,0.375,165.5,165.5,0.513595166163142,3,0.4573609391436244,1.320260633423425,0.8655084916999194,774.1929343434354,74,164.67433333333864,0.0494954653143626,21991.15466666668
2023-01-10,8.0,A004,66,1324,1324.0,8,4,0.388595166163142,1.3202606334234253,3,8,663.6011313131322,0.513595166163142,0.216012084592145,0.1790030211480362,0.0913897280966767,0.60569458799883,0.3745171734930574,0.2461864360207546,0.2331856746365377,1,2,2,3,0.125,0.25,0.25,0.375,165.5,165.5,0.513595166163142,3,0.4573609391436244,1.320260633423425,0.8655084916999194,774.1929343434354,74,164.67433333333864,0.0494954653143626,21991.15466666668
2023-01-11,0.0,A001,22,396,396.0,8,4,0.1010101010101009,3.21960548545394,0,8,61.35775757575712,0.6590909090909091,0.0404040404040404,0.1919191919191919,0.1085858585858585,0.321960548545394,0.2168205552100043,0.1291556110613028,0.1394242627732304,5,1,1,1,0.625,0.125,0.125,0.125,49.5,49.5,0.6590909090909091,5,0.2608886408929692,3.21960548545394,0.6941538901172762,194.37445454545275,56,99.60166666664604,0.0572960989065876,19351.135
2023-01-11,0.05,A001,22,396,396.0,8,4,0.1010101010101009,3.21960548545394,0,8,61.35775757575712,0.6590909090909091,0.0404040404040404,0.1919191919191919,0.1085858585858585,0.321960548545394,0.2168205552100043,0.1291556110613028,0.1394242627732304,5,1,1,1,0.625,0.125,0.125,0.125,49.5,49.5,0.6590909090909091,5,0.2608886408929692,3.21960548545394,0.6941538901172762,194.37445454545275,56,99.60166666664604,0.0572960989065876,19351.135
2023-01-11,0.1,A002,22,396,396.0,8,4,0.159090909090909,2.060918902333667,1,8,49.79246969696936,0.6590909090909091,0.0404040404040404,0.1919191919191919,0.1085858585858585,0.321960548545394,0.2168205552100043,0.1291556110613028,0.1394242627732304,4,1,2,1,0.5,0.125,0.25,0.125,49.5,49.5,0.6590909090909091,4,0.2608886408929692,2.060918902333667,0.6941538901172762,183.52819696969544,70,115.42033333331528,0.0657970895522578,19351.135
2023-01-11,0.25,A003,22,396,396.0,8,4,0.284090909090909,1.2344615194707154,2,8,78.89107575757508,0.6590909090909091,0.0404040404040404,0.1919191919191919,0.1085858585858585,0.321960548545394,0.2168205552100043,0.1291556110613028,0.1394242627732304,3,1,2,2,0.375,0.125,0.25,0.25,49.5,49.5,0.6590909090909091,3,0.2608886408929692,1.2344615194707154,0.6941538901172762,212.2217878787858,56,106.5099999999802,0.0610276084370141,19351.135
2023-01-11,0.5,A004,22,396,396.0,8,4,0.409090909090909,0.8073609775899315,3,8,145.14715151514994,0.6590909090909091,0.0404040404040404,0.1919191919191919,0.1085858585858585,0.321960548545394,0.2168205552100043,0.1291556110613028,0.1394242627732304,2,2,2,2,0.25,0.25,0.25,0.25,49.5,49.5,0.6590909090909091,2,0.2608886408929692,0.8073609775899315,0.6941538901172762,275.5631515151484,25,42.38633333331318,0.0252126716283322,19351.135
2023-01-11,0.75,A004,22,396,396.0,8,4,0.409090909090909,0.8073609775899315,3,8,145.14715151514994,0.6590909090909091,0.0404040404040404,0.1919191919191919,0.1085858585858585,0.321960548545394,0.2168205552100043,0.1291556110613028,0.1394242627732304,2,2,2,2,0.25,0.25,0.25,0.25,49.5,49.5,0.6590909090909091,2,0.2608886408929692,0.8073609775899315,0.6941538901172762,275.5631515151484,25,42.38633333331318,0.0252126716283322,19351.135
2023-01-11,1.0,A004,22,396,396.0,8,4,0.409090909090909,0.8073609775899315,3,8,145.14715151514994,0.6590909090909091,0.0404040404040404,0.1919191919191919,0.1085858585858585,0.321960548545394,0.2168205552100043,0.1291556110613028,0.1394242627732304,2,2,2,2,0.25,0.25,0.25,0.25,49.5,49.5,0.6590909090909091,2,0.2608886408929692,0.8073609775899315,0.6941538901172762,275.5631515151484,25,42.38633333331318,0.0252126716283322,19351.135
2023-01-11,2.0,A005,22,396,396.0,8,4,0.5340909090909091,0.7437116511671431,4,8,352.88709090908986,0.6590909090909091,0.0404040404040404,0.1919191919191919,0.1085858585858585,0.321960548545394,0.2168205552100043,0.1291556110613028,0.1394242627732304,1,2,3,2,0.125,0.25,0.375,0.25,49.5,49.5,0.6590909090909091,3,0.2608886408929692,0.7437116511671431,0.6941538901172762,483.5296666666664,23,47.3709999999815,0.0280944012051105,19351.135
2023-01-11,4.0,A005,22,396,396.0,8,4,0.5340909090909091,0.7437116511671431,4,8,352.88709090908986,0.6590909090909091,0.0404040404040404,0.1919191919191919,0.1085858585858585,0.321960548545394,0.2168205552100043,0.1291556110613028,0.1394242627732304,1,2,3,2,0.125,0.25,0.375,0.25,49.5,49.5,0.6590909090909091,3,0.2608886408929692,0.7437116511671431,0.6941538901172762,483.5296666666664,23,47.3709999999815,0.0280944012051105,19351.135
2023-01-11,8.0,A005,22,396,396.0,8,4,0.5340909090909091,0.7437116511671431,4,8,352.88709090908986,0.6590909090909091,0.0404040404040404,0.1919191919191919,0.1085858585858585,0.321960548545394,0.2168205552100043,0.1291556110613028,0.1394242627732304,1,2,3,2,0.125,0.25,0.375,0.25,49.5,49.5,0.6590909090909091,3,0.2608886408929692,0.7437116511671431,0.6941538901172762,483.5296666666664,23,47.3709999999815,0.0280944012051105,19351.135
2023-01-12,0.0,A001,76,1565,1565.0,10,4,0.0568690095846645,2.9027074501171617,0,10,256.9255570175424,0.1431309904153354,0.1246006389776357,0.3060702875399361,0.4261980830670926,0.0338252682635491,0.2521385070474056,0.2973106468422358,0.3294917068878175,2,1,3,4,0.2,0.1,0.3,0.4,156.5,156.5,0.4261980830670926,4,0.2676847522663797,2.9027074501171617,0.9114924912710682,384.9756008771912,364,860.5353333333748,0.1708495004437428,14313.243666666667
2023-01-12,0.05,A001,76,1565,1565.0,10,4,0.0568690095846645,2.9027074501171617,0,10,256.9255570175424,0.1431309904153354,0.1246006389776357,0.3060702875399361,0.4261980830670926,0.0338252682635491,0.2521385070474056,0.2973106468422358,0.3294917068878175,2,1,3,4,0.2,0.1,0.3,0.4,156.5,156.5,0.4261980830670926,4,0.2676847522663797,2.9027074501171617,0.9114924912710682,384.9756008771912,364,860.5353333333748,0.1708495004437428,14313.243666666667
2023-01-12,0.1,A001,76,1565,1565.0,10,4,0.0568690095846645,2.9027074501171617,0,10,256.9255570175424,0.1431309904153354,0.1246006389776357,0.3060702875399361,0.4261980830670926,0.0338252682635491,0.2521385070474056,0.2973106468422358,0.3294917068878175,2,1,3,4,0.2,0.1,0.3,0.4,156.5,156.5,0.4261980830670926,4,0.2676847522663797,2.9027074501171617,0.9114924912710682,384.9756008771912,364,860.5353333333748,0.1708495004437428,14313.243666666667
2023-01-12,0.25,A002,76,1565,1565.0,10,4,0.3568690095846645,0.9650550363655448,3,10,422.4426469298214,0.1431309904153354,0.1246006389776357,0.3060702875399361,0.4261980830670926,0.0338252682635491,0.2521385070474056,0.2973106468422358,0.3294917068878175,5,1,2,2,0.5,0.1,0.2,0.2,156.5,156.5,0.4261980830670926,5,0.2676847522663797,0.9650550363655442,0.9114924912710682,544.1834166666639,188,381.0305000000111,0.0836088529202133,14281.529166666667
2023-01-12,0.5,A002,76,1565,1565.0,10,4,0.3568690095846645,0.9650550363655448,3,10,422.4426469298214,0.1431309904153354,0.1246006389776357,0.3060702875399361,0.4261980830670926,0.0338252682635491,0.2521385070474056,0.2973106468422358,0.3294917068878175,5,1,2,2,0.5,0.1,0.2,0.2,156.5,156.5,0.4261980830670926,5,0.2676847522663797,0.9650550363655442,0.9114924912710682,544.1834166666639,188,381.0305000000111,0.0836088529202133,14281.529166666667
2023-01-12,0.75,A003,76,1565,1565.0,10,4,0.4568690095846645,0.804689670795473,4,10,701.9208289473695,0.1431309904153354,0.1246006389776357,0.3060702875399361,0.4261980830670926,0.0338252682635491,0.2521385070474056,0.2973106468422358,0.3294917068878175,6,1,2,1,0.6,0.1,0.2,0.1,156.5,156.5,0.4261980830670926,6,0.2676847522663797,0.8046896707954723,0.9114924912710682,822.0191184210538,125,256.2020000000379,0.0578011808314636,14433.391000000014
2023-01-12,1.0,A003,76,1565,1565.0,10,4,0.4568690095846645,0.804689670795473,4,10,701.9208289473695,0.1431309904153354,0.1246006389776357,0.3060702875399361,0.4261980830670926,0.0338252682635491,0.2521385070474056,0.2973106468422358,0.3294917068878175,6,1,2,1,0.6,0.1,0.2,0.1,156.5,156.5,0.4261980830670926,6,0.2676847522663797,0.8046896707954723,0.9114924912710682,822.0191184210538,125,256.2020000000379,0.0578011808314636,14433.391000000014
2023-01-12,2.0,A004,76,1565,1565.0,10,4,0.5568690095846645,0.7103306335345321,5,10,832.5055789473677,0.1431309904153354,0.1246006389776357,0.3060702875399361,0.4261980830670926,0.0338252682635491,0.2521385070474056,0.2973106468422358,0.3294917068878175,7,1,1,1,0.7,0.1,0.1,0.1,156.5,156.5,0.4261980830670926,7,0.2676847522663797,0.7103306335345311,0.9114924912710682,951.3591688596478,98,161.60483333332294,0.0372543962311461,14500.66133333334
2023-01-12,4.0,A004,76,1565,1565.0,10,4,0.5568690095846645,0.7103306335345321,5,10,832.5055789473677,0.1431309904153354,0.1246006389776357,0.3060702875399361,0.4261980830670926,0.0338252682635491,0.2521385070474056,0.2973106468422358,0.3294917068878175,7,1,1,1,0.7,0.1,0.1,0.1,156.5,156.5,0.4261980830670926,7,0.2676847522663797,0.7103306335345311,0.9114924912710682,951.3591688596478,98,161.60483333332294,0.0372543962311461,14500.66133333334
2023-01-12,8.0,A004,76,1565,1565.0,10,4,0.5568690095846645,0.7103306335345321,5,10,832.5055789473677,0.1431309904153354,0.1246006389776357,0.3060702875399361,0.4261980830670926,0.0338252682635491,0.2521385070474056,0.2973106468422358,0.3294917068878175,7,1,1,1,0.7,0.1,0.1,0.1,156.5,156.5,0.4261980830670926,7,0.2676847522663797,0.7103306335345311,0.9114924912710682,951.3591688596478,98,161.60483333332294,0.0372543962311461,14500.66133333334
2023-01-13,0.0,A001,25,497,497.0,8,4,0.1016096579476861,0.6425905074765509,0,8,131.2882799999996,0.3682092555331992,0.2535211267605634,0.0301810865191146,0.3480885311871227,0.0592301583514583,0.1587212972349435,0.0874373007835066,0.3061787351872321,3,2,1,2,0.375,0.25,0.125,0.25,62.125,62.125,0.3682092555331992,3,0.1712645535796046,0.6425905074765506,0.8575204543000058,271.6406666666655,64,111.5396666666687,0.055277595557825,10096.778666666673
2023-01-13,0.05,A001,25,497,497.0,8,4,0.1016096579476861,0.6425905074765509,0,8,131.2882799999996,0.3682092555331992,0.2535211267605634,0.0301810865191146,0.3480885311871227,0.0592301583514583,0.1587212972349435,0.0874373007835066,0.3061787351872321,3,2,1,2,0.375,0.25,0.125,0.25,62.125,62.125,0.3682092555331992,3,0.1712645535796046,0.6425905074765506,0.8575204543000058,271.6406666666655,64,111.5396666666687,0.055277595557825,10096.778666666673
2023-01-13,0.1,A001,25,497,497.0,8,4,0.1016096579476861,0.6425905074765509,0,8,131.2882799999996,0.3682092555331992,0.2535211267605634,0.0301810865191146,0.3480885311871227,0.0592301583514583,0.1587212972349435,0.0874373007835066,0.3061787351872321,3,2,1,2,0.375,0.25,0.125,0.25,62.125,62.125,0.3682092555331992,3,0.1712645535796046,0.6425905074765506,0.8575204543000058,271.6406666666655,64,111.5396666666687,0.055277595557825,10096.778666666673
2023-01-13,0.25,A001,25,497,497.0,8,4,0.1016096579476861,0.6425905074765509,0,8,131.2882799999996,0.3682092555331992,0.2535211267605634,0.0301810865191146,0.3480885311871227,0.0592301583514583,0.1587212972349435,0.0874373007835066,0.3061787351872321,3,2,1,2,0.375,0.25,0.125,0.25,62.125,62.125,0.3682092555331992,3,0.1712645535796046,0.6425905074765506,0.8575204543000058,271.6406666666655,64,111.5396666666687,0.055277595557825,10096.778666666673
2023-01-13,0.5,A001,25,497,497.0,8,4,0.1016096579476861,0.6425905074765509,0,8,131.2882799999996,0.3682092555331992,0.2535211267605634,0.0301810865191146,0.3480885311871227,0.0592301583514583,0.1587212972349435,0.0874373007835066,0.3061787351872321,3,2,1,2,0.375,0.25,0.125,0.25,62.125,62.125,0.3682092555331992,3,0.1712645535796046,0.6425905074765506,0.8575204543000058,271.6406666666655,64,111.5396666666687,0.055277595557825,10096.778666666673
2023-01-13,0.75,A002,25,497,497.0,8,4,0.2266096579476861,0.4238490730728254,1,8,216.9839866666652,0.3682092555331992,0.2535211267605634,0.0301810865191146,0.3480885311871227,0.0592301583514583,0.1587212972349435,0.0874373007835066,0.3061787351872321,3,2,2,1,0.375,0.25,0.25,0.125,62.125,62.125,0.3682092555331992,3,0.1712645535796046,0.423849073072825,0.8575204543000058,356.2978533333315,58,85.57666666666931,0.0429634811247199,10077.649666666668
2023-01-13,1.0,A002,25,497,497.0,8,4,0.2266096579476861,0.4238490730728254,1,8,216.9839866666652,0.3682092555331992,0.2535211267605634,0.0301810865191146,0.3480885311871227,0.0592301583514583,0.1587212972349435,0.0874373007835066,0.3061787351872321,3,2,2,1,0.375,0.25,0.25,0.125,62.125,62.125,0.3682092555331992,3,0.1712645535796046,0.423849073072825,0.8575204543000058,356.2978533333315,58,85.57666666666931,0.0429634811247199,10077.649666666668
2023-01-13,2.0,A002,25,497,497.0,8,4,0.2266096579476861,0.4238490730728254,1,8,216.9839866666652,0.3682092555331992,0.2535211267605634,0.0301810865191146,0.3480885311871227,0.0592301583514583,0.1587212972349435,0.0874373007835066,0.3061787351872321,3,2,2,1,0.375,0.25,0.25,0.125,62.125,62.125,0.3682092555331992,3,0.1712645535796046,0.423849073072825,0.8575204543000058,356.2978533333315,58,85.57666666666931,0.0429634811247199,10077.649666666668
2023-01-13,4.0,A002,25,497,497.0,8,4,0.2266096579476861,0.4238490730728254,1,8,216.9839866666652,0.3682092555331992,0.2535211267605634,0.0301810865191146,0.3480885311871227,0.0592301583514583,0.1587212972349435,0.0874373007835066,0.3061787351872321,3,2,2,1,0.375,0.25,0.25,0.125,62.125,62.125,0.3682092555331992,3,0.1712645535796046,0.423849073072825,0.8575204543000058,356.2978533333315,58,85.57666666666931,0.0429634811247199,10077.649666666668
2023-01-13,8.0,A002,25,497,497.0,8,4,0.2266096579476861,0.4238490730728254,1,8,216.9839866666652,0.3682092555331992,0.2535211267605634,0.0301810865191146,0.3480885311871227,0.0592301583514583,0.1587212972349435,0.0874373007835066,0.3061787351872321,3,2,2,1,0.375,0.25,0.25,0.125,62.125,62.125,0.3682092555331992,3,0.1712645535796046,0.423849073072825,0.8575204543000058,356.2978533333315,58,85.57666666666931,0.0429634811247199,10077.649666666668
2023-01-16,0.0,A001,27,558,558.0,7,4,0.0970302099334357,0.6154830069197432,0,7,85.55690740740528,0.3118279569892473,0.0519713261648745,0.2795698924731182,0.3566308243727598,0.0364807791345578,0.3007494294115135,0.1756852609410807,0.4033169668441047,2,1,2,2,0.2857142857142857,0.1428571428571428,0.2857142857142857,0.2857142857142857,79.71428571428571,79.71428571428571,0.3566308243727598,2,0.2199576453962945,0.6154830069197432,0.8952464419656017,222.6492777777739,58,116.22866666670043,0.0573262691118706,14062.442833333316
2023-01-16,0.05,A001,27,558,558.0,7,4,0.0970302099334357,0.6154830069197432,0,7,85.55690740740528,0.3118279569892473,0.0519713261648745,0.2795698924731182,0.3566308243727598,0.0364807791345578,0.3007494294115135,0.1756852609410807,0.4033169668441047,2,1,2,2,0.2857142857142857,0.1428571428571428,0.2857142857142857,0.2857142857142857,79.71428571428571,79.71428571428571,0.3566308243727598,2,0.2199576453962945,0.6154830069197432,0.8952464419656017,222.6492777777739,58,116.22866666670043,0.0573262691118706,14062.442833333316
2023-01-16,0.1,A001,27,558,558.0,7,4,0.0970302099334357,0.6154830069197432,0,7,85.55690740740528,0.3118279569892473,0.0519713261648745,0.2795698924731182,0.3566308243727598,0.0364807791345578,0.3007494294115135,0.1756852609410807,0.4033169668441047,2,1,2,2,0.2857142857142857,0.1428571428571428,0.2857142857142857,0.2857142857142857,79.71428571428571,79.71428571428571,0.3566308243727598,2,0.2199576453962945,0.6154830069197432,0.8952464419656017,222.6492777777739,58,116.22866666670043,0.0573262691118706,14062.442833333316
2023-01-16,0.25,A001,27,558,558.0,7,4,0.0970302099334357,0.6154830069197432,0,7,85.55690740740528,0.3118279569892473,0.0519713261648745,0.2795698924731182,0.3566308243727598,0.0364807791345578,0.3007494294115135,0.1756852609410807,0.4033169668441047,2,1,2,2,0.2857142857142857,0.1428571428571428,0.2857142857142857,0.2857142857142857,79.71428571428571,79.71428571428571,0.3566308243727598,2,0.2199576453962945,0.6154830069197432,0.8952464419656017,222.6492777777739,58,116.22866666670043,0.0573262691118706,14062.442833333316
2023-01-16,0.5,A002,27,558,558.0,7,4,0.213773681515617,0.2851275983447542,1,7,144.12981481480722,0.3118279569892473,0.0519713261648745,0.2795698924731182,0.3566308243727598,0.0364807791345578,0.3007494294115135,0.1756852609410807,0.4033169668441047,3,1,2,1,0.4285714285714285,0.1428571428571428,0.2857142857142857,0.1428571428571428,79.71428571428571,79.71428571428571,0.3566308243727598,3,0.2199576453962945,0.2851275983447541,0.8952464419656017,280.9219259259148,54,108.12166666664989,0.0535418256464239,14516.637333333292
2023-01-16,0.75,A002,27,558,558.0,7,4,0.213773681515617,0.2851275983447542,1,7,144.12981481480722,0.3118279569892473,0.0519713261648745,0.2795698924731182,0.3566308243727598,0.0364807791345578,0.3007494294115135,0.1756852609410807,0.4033169668441047,3,1,2,1,0.4285714285714285,0.1428571428571428,0.2857142857142857,0.1428571428571428,79.71428571428571,79.71428571428571,0.3566308243727598,3,0.2199576453962945,0.2851275983447541,0.8952464419656017,280.9219259259148,54,108.12166666664989,0.0535418256464239,14516.637333333292
2023-01-16,1.0,A002,27,558,558.0,7,4,0.213773681515617,0.2851275983447542,1,7,144.12981481480722,0.3118279569892473,0.0519713261648745,0.2795698924731182,0.3566308243727598,0.0364807791345578,0.3007494294115135,0.1756852609410807,0.4033169668441047,3,1,2,1,0.4285714285714285,0.1428571428571428,0.2857142857142857,0.1428571428571428,79.71428571428571,79.71428571428571,0.3566308243727598,3,0.2199576453962945,0.2851275983447541,0.8952464419656017,280.9219259259148,54,108.12166666664989,0.0535418256464239,14516.637333333292
2023-01-16,2.0,A002,27,558,558.0,7,4,0.213773681515617,0.2851275983447542,1,7,144.12981481480722,0.3118279569892473,0.0519713261648745,0.2795698924731182,0.3566308243727598,0.0364807791345578,0.3007494294115135,0.1756852609410807,0.4033169668441047,3,1,2,1,0.4285714285714285,0.1428571428571428,0.2857142857142857,0.1428571428571428,79.71428571428571,79.71428571428571,0.3566308243727598,3,0.2199576453962945,0.2851275983447541,0.8952464419656017,280.9219259259148,54,108.12166666664989,0.0535418256464239,14516.637333333292
2023-01-16,4.0,A003,27,558,558.0,7,4,0.3504864311315924,0.2188846748073469,2,7,166.01703703702668,0.3118279569892473,0.0519713261648745,0.2795698924731182,0.3566308243727598,0.0364807791345578,0.3007494294115135,0.1756852609410807,0.4033169668441047,4,1,1,1,0.5714285714285714,0.1428571428571428,0.1428571428571428,0.1428571428571428,79.71428571428571,79.71428571428571,0.3566308243727598,4,0.2199576453962945,0.2188846748073468,0.8952464419656017,301.43571604936847,37,71.03899999997634,0.0358365760521366,14518.386999999948
2023-01-16,8.0,A003,27,558,558.0,7,4,0.3504864311315924,0.2188846748073469,2,7,166.01703703702668,0.3118279569892473,0.0519713261648745,0.2795698924731182,0.3566308243727598,0.0364807791345578,0.3007494294115135,0.1756852609410807,0.4033169668441047,4,1,1,1,0.5714285714285714,0.1428571428571428,0.1428571428571428,0.1428571428571428,79.71428571428571,79.71428571428571,0.3566308243727598,4,0.2199576453962945,0.2188846748073468,0.8952464419656017,301.43571604936847,37,71.03899999997634,0.0358365760521366,14518.386999999948
2023-01-17,0.0,A001,37,783,783.0,7,4,0.2256887429301222,0.8020585741727584,0,7,310.30581081080834,0.5568326947637292,0.0012771392081736,0.0587484035759897,0.3831417624521073,0.1524279405061243,0.1547137934643795,0.1785485672516128,0.3447747526543855,3,1,1,2,0.4285714285714285,0.1428571428571428,0.1428571428571428,0.2857142857142857,111.85714285714286,111.85714285714286,0.5568326947637292,3,0.22766150158879234,0.8020585741727584,0.62657612429678,442.6561531531492,77,104.69433333333136,0.0410894298817566,13064.359666666667
2023-01-17,0.05,A001,37,783,783.0,7,4,0.2256887429301222,0.8020585741727584,0,7,310.30581081080834,0.5568326947637292,0.0012771392081736,0.0587484035759897,0.3831417624521073,0.1524279405061243,0.1547137934643795,0.1785485672516128,0.3447747526543855,3,1,1,2,0.4285714285714285,0.1428571428571428,0.1428571428571428,0.2857142857142857,111.85714285714286,111.85714285714286,0.5568326947637292,3,0.22766150158879234,0.8020585741727584,0.62657612429678,442.6561531531492,77,104.69433333333136,0.0410894298817566,13064.359666666667
2023-01-17,0.1,A001,37,783,783.0,7,4,0.2256887429301222,0.8020585741727584,0,7,310.30581081080834,0.5568326947637292,0.0012771392081736,0.0587484035759897,0.3831417624521073,0.1524279405061243,0.1547137934643795,0.1785485672516128,0.3447747526543855,3,1,1,2,0.4285714285714285,0.1428571428571428,0.1428571428571428,0.2857142857142857,111.85714285714286,111.85714285714286,0.5568326947637292,3,0.22766150158879234,0.8020585741727584,0.62657612429678,442.6561531531492,77,104.69433333333136,0.0410894298817566,13064.359666666667
2023-01-17,0.25,A001,37,783,783.0,7,4,0.2256887429301222,0.8020585741727584,0,7,310.30581081080834,0.5568326947637292,0.0012771392081736,0.0587484035759897,0.3831417624521073,0.1524279405061243,0.1547137934643795,0.1785485672516128,0.3447747526543855,3,1,1,2,0.4285714285714285,0.1428571428571428,0.1428571428571428,0.2857142857142857,111.85714285714286,111.85714285714286,0.5568326947637292,3,0.22766150158879234,0.8020585741727584,0.62657612429678,442.6561531531492,77,104.69433333333136,0.0410894298817566,13064.359666666667
2023-01-17,0.5,A001,37,783,783.0,7,4,0.2256887429301222,0.8020585741727584,0,7,310.30581081080834,0.5568326947637292,0.0012771392081736,0.0587484035759897,0.3831417624521073,0.1524279405061243,0.1547137934643795,0.1785485672516128,0.3447747526543855,3,1,1,2,0.4285714285714285,0.1428571428571428,0.1428571428571428,0.2857142857142857,111.85714285714286,111.85714285714286,0.5568326947637292,3,0.22766150158879234,0.8020585741727584,0.62657612429678,442.6561531531492,77,104.69433333333136,0.0410894298817566,13064.359666666667
2023-01-17,0.75,A001,37,783,783.0,7,4,0.2256887429301222,0.8020585741727584,0,7,310.30581081080834,0.5568326947637292,0.0012771392081736,0.0587484035759897,0.3831417624521073,0.1524279405061243,0.1547137934643795,0.1785485672516128,0.3447747526543855,3,1,1,2,0.4285714285714285,0.1428571428571428,0.1428571428571428,0.2857142857142857,111.85714285714286,111.85714285714286,0.5568326947637292,3,0.22766150158879234,0.8020585741727584,0.62657612429678,442.6561531531492,77,104.69433333333136,0.0410894298817566,13064.359666666667
2023-01-17,1.0,A002,37,783,783.0,7,4,0.3685458857872651,0.6119976149827524,1,7,481.8116396396394,0.5568326947637292,0.0012771392081736,0.0587484035759897,0.3831417624521073,0.1524279405061243,0.1547137934643795,0.1785485672516128,0.3447747526543855,3,2,1,1,0.4285714285714285,0.2857142857142857,0.1428571428571428,0.1428571428571428,111.85714285714286,111.85714285714286,0.5568326947637292,3,0.22766150158879234,0.6119976149827524,0.62657612429678,613.7162252252251,56,88.2013333333333,0.0348419475432518,13064.359666666667
2023-01-17,2.0,A003,37,783,783.0,7,4,0.5114030286444079,0.4856903012221166,2,7,573.734585585586,0.5568326947637292,0.0012771392081736,0.0587484035759897,0.3831417624521073,0.1524279405061243,0.1547137934643795,0.1785485672516128,0.3447747526543855,2,2,2,1,0.2857142857142857,0.2857142857142857,0.2857142857142857,0.1428571428571428,111.85714285714286,111.85714285714286,0.5568326947637292,2,0.22766150158879234,0.48569030122211665,0.62657612429678,704.1217567567588,26,32.05700000000143,0.0129506209015491,13064.359666666667
2023-01-17,4.0,A003,37,783,783.0,7,4,0.5114030286444079,0.4856903012221166,2,7,573.734585585586,0.5568326947637292,0.0012771392081736,0.0587484035759897,0.3831417624521073,0.1524279405061243,0.1547137934643795,0.1785485672516128,0.3447747526543855,2,2,2,1,0.2857142857142857,0.2857142857142857,0.2857142857142857,0.1428571428571428,111.85714285714286,111.85714285714286,0.5568326947637292,2,0.22766150158879234,0.48569030122211665,0.62657612429678,704.1217567567588,26,32.05700000000143,0.0129506209015491,13064.359666666667
2023-01-17,8.0,A003,37,783,783.0,7,4,0.5114030286444079,0.4856903012221166,2,7,573.734585585586,0.5568326947637292,0.0012771392081736,0.0587484035759897,0.3831417624521073,0.1524279405061243,0.1547137934643795,0.1785485672516128,0.3447747526543855,2,2,2,1,0.2857142857142857,0.2857142857142857,0.2857142857142857,0.1428571428571428,111.85714285714286,111.85714285714286,0.5568326947637292,2,0.22766150158879234,0.48569030122211665,0.62657612429678,704.1217567567588,26,32.05700000000143,0.0129506209015491,13064.359666666667
2023-01-18,0.0,A001,75,1630,1630.0,7,4,0.0899211218229623,0.8596885186581349,0,7,360.2833688888993,0.3006134969325153,0.0797546012269938,0.3607361963190184,0.2588957055214724,0.0643927951348475,0.3943676260779458,0.4405559906005625,0.3547397329227248,2,1,2,2,0.2857142857142857,0.1428571428571428,0.2857142857142857,0.2857142857142857,232.85714285714286,232.85714285714286,0.3607361963190184,2,0.30157506182376,0.8596885186581349,0.9238030932085532,486.90530888890174,326,771.62649999996,0.1675029042282349,32605.63450000005
2023-01-18,0.05,A001,75,1630,1630.0,7,4,0.0899211218229623,0.8596885186581349,0,7,360.2833688888993,0.3006134969325153,0.0797546012269938,0.3607361963190184,0.2588957055214724,0.0643927951348475,0.3943676260779458,0.4405559906005625,0.3547397329227248,2,1,2,2,0.2857142857142857,0.1428571428571428,0.2857142857142857,0.2857142857142857,232.85714285714286,232.85714285714286,0.3607361963190184,2,0.30157506182376,0.8596885186581349,0.9238030932085532,486.90530888890174,326,771.62649999996,0.1675029042282349,32605.63450000005
2023-01-18,0.1,A001,75,1630,1630.0,7,4,0.0899211218229623,0.8596885186581349,0,7,360.2833688888993,0.3006134969325153,0.0797546012269938,0.3607361963190184,0.2588957055214724,0.0643927951348475,0.3943676260779458,0.4405559906005625,0.3547397329227248,2,1,2,2,0.2857142857142857,0.1428571428571428,0.2857142857142857,0.2857142857142857,232.85714285714286,232.85714285714286,0.3607361963190184,2,0.30157506182376,0.8596885186581349,0.9238030932085532,486.90530888890174,326,771.62649999996,0.1675029042282349,32605.63450000005
2023-01-18,0.25,A001,75,1630,1630.0,7,4,0.0899211218229623,0.8596885186581349,0,7,360.2833688888993,0.3006134969325153,0.0797546012269938,0.3607361963190184,0.2588957055214724,0.0643927951348475,0.3943676260779458,0.4405559906005625,0.3547397329227248,2,1,2,2,0.2857142857142857,0.1428571428571428,0.2857142857142857,0.2857142857142857,232.85714285714286,232.85714285714286,0.3607361963190184,2,0.30157506182376,0.8596885186581349,0.9238030932085532,486.90530888890174,326,771.62649999996,0.1675029042282349,32605.63450000005
2023-01-18,0.5,A002,75,1630,1630.0,7,4,0.2178790534618755,0.5479181183272674,1,7,502.7574933333509,0.3006134969325153,0.0797546012269938,0.3607361963190184,0.2588957055214724,0.0643927951348475,0.3943676260779458,0.4405559906005625,0.3547397329227248,3,1,1,2,0.4285714285714285,0.1428571428571428,0.1428571428571428,0.2857142857142857,232.85714285714286,232.85714285714286,0.3607361963190184,3,0.30157506182376,0.5479181183272673,0.9238030932085532,623.07018666669,163,298.4329999998713,0.0721994594348356,33438.535000000404
2023-01-18,0.75,A003,75,1630,1630.0,7,4,0.3339176161262051,0.3863567708090851,2,7,546.5240288889141,0.3006134969325153,0.0797546012269938,0.3607361963190184,0.2588957055214724,0.0643927951348475,0.3943676260779458,0.4405559906005625,0.3547397329227248,4,1,1,1,0.5714285714285714,0.1428571428571428,0.1428571428571428,0.1428571428571428,232.85714285714286,232.85714285714286,0.3607361963190184,4,0.30157506182376,0.386356770809085,0.9238030932085532,666.5239022222553,132,274.97150000000664,0.0669031960049463,33433.131833333755
2023-01-18,1.0,A003,75,1630,1630.0,7,4,0.3339176161262051,0.3863567708090851,2,7,546.5240288889141,0.3006134969325153,0.0797546012269938,0.3607361963190184,0.2588957055214724,0.0643927951348475,0.3943676260779458,0.4405559906005625,0.3547397329227248,4,1,1,1,0.5714285714285714,0.1428571428571428,0.1428571428571428,0.1428571428571428,232.85714285714286,232.85714285714286,0.3607361963190184,4,0.30157506182376,0.386356770809085,0.9238030932085532,666.5239022222553,132,274.97150000000664,0.0669031960049463,33433.131833333755
2023-01-18,2.0,A003,75,1630,1630.0,7,4,0.3339176161262051,0.3863567708090851,2,7,546.5240288889141,0.3006134969325153,0.0797546012269938,0.3607361963190184,0.2588957055214724,0.0643927951348475,0.3943676260779458,0.4405559906005625,0.3547397329227248,4,1,1,1,0.5714285714285714,0.1428571428571428,0.1428571428571428,0.1428571428571428,232.85714285714286,232.85714285714286,0.3607361963190184,4,0.30157506182376,0.386356770809085,0.9238030932085532,666.5239022222553,132,274.97150000000664,0.0669031960049463,33433.131833333755
2023-01-18,4.0,A003,75,1630,1630.0,7,4,0.3339176161262051,0.3863567708090851,2,7,546.5240288889141,0.3006134969325153,0.0797546012269938,0.3607361963190184,0.2588957055214724,0.0643927951348475,0.3943676260779458,0.4405559906005625,0.3547397329227248,4,1,1,1,0.5714285714285714,0.1428571428571428,0.1428571428571428,0.1428571428571428,232.85714285714286,232.85714285714286,0.3607361963190184,4,0.30157506182376,0.386356770809085,0.9238030932085532,666.5239022222553,132,274.97150000000664,0.0669031960049463,33433.131833333755
2023-01-18,8.0,A003,75,1630,1630.0,7,4,0.3339176161262051,0.3863567708090851,2,7,546.5240288889141,0.3006134969325153,0.0797546012269938,0.3607361963190184,0.2588957055214724,0.0643927951348475,0.3943676260779458,0.4405559906005625,0.3547397329227248,4,1,1,1,0.5714285714285714,0.1428571428571428,0.1428571428571428,0.1428571428571428,232.85714285714286,232.85714285714286,0.3607361963190184,4,0.30157506182376,0.386356770809085,0.9238030932085532,666.5239022222553,132,274.97150000000664,0.0669031960049463,33433.131833333755
2023-01-23,0.0,A001,22,445,445.0,6,4,0.2299625468164794,0.7940498341109185,0,6,152.7840909090991,0.3865168539325843,0.0067415730337078,0.096629213483146,0.5101123595505618,0.1606987632394334,0.3304666881600113,0.2674386149435145,0.633351070871485,2,1,1,2,0.3333333333333333,0.1666666666666666,0.1666666666666666,0.3333333333333333,74.16666666666667,74.16666666666667,0.5101123595505618,2,0.4132632379147433,0.7940498341109185,0.6999225422772706,289.73378787880256,73,117.31733333350806,0.0699194227683313,13595.167333333362
2023-01-23,0.05,A001,22,445,445.0,6,4,0.2299625468164794,0.7940498341109185,0,6,152.7840909090991,0.3865168539325843,0.0067415730337078,0.096629213483146,0.5101123595505618,0.1606987632394334,0.3304666881600113,0.2674386149435145,0.633351070871485,2,1,1,2,0.3333333333333333,0.1666666666666666,0.1666666666666666,0.3333333333333333,74.16666666666667,74.16666666666667,0.5101123595505618,2,0.4132632379147433,0.7940498341109185,0.6999225422772706,289.73378787880256,73,117.31733333350806,0.0699194227683313,13595.167333333362
2023-01-23,0.1,A001,22,445,445.0,6,4,0.2299625468164794,0.7940498341109185,0,6,152.7840909090991,0.3865168539325843,0.0067415730337078,0.096629213483146,0.5101123595505618,0.1606987632394334,0.3304666881600113,0.2674386149435145,0.633351070871485,2,1,1,2,0.3333333333333333,0.1666666666666666,0.1666666666666666,0.3333333333333333,74.16666666666667,74.16666666666667,0.5101123595505618,2,0.4132632379147433,0.7940498341109185,0.6999225422772706,289.73378787880256,73,117.31733333350806,0.0699194227683313,13595.167333333362
2023-01-23,0.25,A001,22,445,445.0,6,4,0.2299625468164794,0.7940498341109185,0,6,152.7840909090991,0.3865168539325843,0.0067415730337078,0.096629213483146,0.5101123595505618,0.1606987632394334,0.3304666881600113,0.2674386149435145,0.633351070871485,2,1,1,2,0.3333333333333333,0.1666666666666666,0.1666666666666666,0.3333333333333333,74.16666666666667,74.16666666666667,0.5101123595505618,2,0.4132632379147433,0.7940498341109185,0.6999225422772706,289.73378787880256,73,117.31733333350806,0.0699194227683313,13595.167333333362
2023-01-23,0.5,A002,22,445,445.0,6,4,0.3434456928838951,0.4820962897183003,1,6,217.19175757575388,0.3865168539325843,0.0067415730337078,0.096629213483146,0.5101123595505618,0.1606987632394334,0.3304666881600113,0.2674386149435145,0.633351070871485,3,1,1,1,0.5,0.1666666666666666,0.1666666666666666,0.1666666666666666,74.16666666666667,74.16666666666667,0.5101123595505618,3,0.4132632379147433,0.4820962897183002,0.6999225422772706,351.3371969696897,31,55.623666666620046,0.0344163334604219,14137.712333333326
2023-01-23,0.75,A002,22,445,445.0,6,4,0.3434456928838951,0.4820962897183003,1,6,217.19175757575388,0.3865168539325843,0.0067415730337078,0.096629213483146,0.5101123595505618,0.1606987632394334,0.3304666881600113,0.2674386149435145,0.633351070871485,3,1,1,1,0.5,0.1666666666666666,0.1666666666666666,0.1666666666666666,74.16666666666667,74.16666666666667,0.5101123595505618,3,0.4132632379147433,0.4820962897183002,0.6999225422772706,351.3371969696897,31,55.623666666620046,0.0344163334604219,14137.712333333326
2023-01-23,1.0,A003,22,445,445.0,6,4,0.396629213483146,0.4281373781829479,1,6,241.1000909090852,0.3865168539325843,0.0067415730337078,0.096629213483146,0.5101123595505618,0.1606987632394334,0.3304666881600113,0.2674386149435145,0.633351070871485,2,1,2,1,0.3333333333333333,0.1666666666666666,0.3333333333333333,0.1666666666666666,74.16666666666667,74.16666666666667,0.5101123595505618,2,0.4132632379147433,0.42813737818294795,0.6999225422772706,375.0683636363565,28,51.72599999998696,0.0320820789157294,14140.187333333326
2023-01-23,2.0,A003,22,445,445.0,6,4,0.396629213483146,0.4281373781829479,1,6,241.1000909090852,0.3865168539325843,0.0067415730337078,0.096629213483146,0.5101123595505618,0.1606987632394334,0.3304666881600113,0.2674386149435145,0.633351070871485,2,1,2,1,0.3333333333333333,0.1666666666666666,0.3333333333333333,0.1666666666666666,74.16666666666667,74.16666666666667,0.5101123595505618,2,0.4132632379147433,0.42813737818294795,0.6999225422772706,375.0683636363565,28,51.72599999998696,0.0320820789157294,14140.187333333326
2023-01-23,4.0,A003,22,445,445.0,6,4,0.396629213483146,0.4281373781829479,1,6,241.1000909090852,0.3865168539325843,0.0067415730337078,0.096629213483146,0.5101123595505618,0.1606987632394334,0.3304666881600113,0.2674386149435145,0.633351070871485,2,1,2,1,0.3333333333333333,0.1666666666666666,0.3333333333333333,0.1666666666666666,74.16666666666667,74.16666666666667,0.5101123595505618,2,0.4132632379147433,0.42813737818294795,0.6999225422772706,375.0683636363565,28,51.72599999998696,0.0320820789157294,14140.187333333326
2023-01-23,8.0,A003,22,445,445.0,6,4,0.396629213483146,0.4281373781829479,1,6,241.1000909090852,0.3865168539325843,0.0067415730337078,0.096629213483146,0.5101123595505618,0.1606987632394334,0.3304666881600113,0.2674386149435145,0.633351070871485,2,1,2,1,0.3333333333333333,0.1666666666666666,0.3333333333333333,0.1666666666666666,74.16666666666667,74.16666666666667,0.5101123595505618,2,0.4132632379147433,0.42813737818294795,0.6999225422772706,375.0683636363565,28,51.72599999998696,0.0320820789157294,14140.187333333326
2023-01-24,0.0,A001,25,451,451.0,6,4,0.0875831485587583,0.4267848249919244,0,6,78.47274666666586,0.29490022172949,0.1175166297117516,0.2483370288248337,0.3392461197339246,0.0448509743506344,0.3229125201106676,0.1838451569781848,0.3819338506412899,2,1,1,2,0.3333333333333333,0.1666666666666666,0.1666666666666666,0.3333333333333333,75.16666666666667,75.16666666666667,0.3392461197339246,2,0.22639929020881105,0.42678482499192427,0.9553472005235494,204.59277333332943,37,54.470333333293226,0.0302612850883919,13461.36799999998
2023-01-24,0.05,A001,25,451,451.0,6,4,0.0875831485587583,0.4267848249919244,0,6,78.47274666666586,0.29490022172949,0.1175166297117516,0.2483370288248337,0.3392461197339246,0.0448509743506344,0.3229125201106676,0.1838451569781848,0.3819338506412899,2,1,1,2,0.3333333333333333,0.1666666666666666,0.1666666666666666,0.3333333333333333,75.16666666666667,75.16666666666667,0.3392461197339246,2,0.22639929020881105,0.42678482499192427,0.9553472005235494,204.59277333332943,37,54.470333333293226,0.0302612850883919,13461.36799999998
2023-01-24,0.1,A001,25,451,451.0,6,4,0.0875831485587583,0.4267848249919244,0,6,78.47274666666586,0.29490022172949,0.1175166297117516,0.2483370288248337,0.3392461197339246,0.0448509743506344,0.3229125201106676,0.1838451569781848,0.3819338506412899,2,1,1,2,0.3333333333333333,0.1666666666666666,0.1666666666666666,0.3333333333333333,75.16666666666667,75.16666666666667,0.3392461197339246,2,0.22639929020881105,0.42678482499192427,0.9553472005235494,204.59277333332943,37,54.470333333293226,0.0302612850883919,13461.36799999998
2023-01-24,0.25,A001,25,451,451.0,6,4,0.0875831485587583,0.4267848249919244,0,6,78.47274666666586,0.29490022172949,0.1175166297117516,0.2483370288248337,0.3392461197339246,0.0448509743506344,0.3229125201106676,0.1838451569781848,0.3819338506412899,2,1,1,2,0.3333333333333333,0.1666666666666666,0.1666666666666666,0.3333333333333333,75.16666666666667,75.16666666666667,0.3392461197339246,2,0.22639929020881105,0.42678482499192427,0.9553472005235494,204.59277333332943,37,54.470333333293226,0.0302612850883919,13461.36799999998
2023-01-24,0.5,A002,25,451,451.0,6,4,0.1725794530672579,0.2286961313288192,1,6,100.02883999999833,0.29490022172949,0.1175166297117516,0.2483370288248337,0.3392461197339246,0.0448509743506344,0.3229125201106676,0.1838451569781848,0.3819338506412899,2,1,2,1,0.3333333333333333,0.1666666666666666,0.3333333333333333,0.1666666666666666,75.16666666666667,75.16666666666667,0.3392461197339246,2,0.22639929020881105,0.2286961313288192,0.9553472005235494,226.01434666666265,38,51.10733333331329,0.0284460992227416,13560.221666666665
2023-01-24,0.75,A002,25,451,451.0,6,4,0.1725794530672579,0.2286961313288192,1,6,100.02883999999833,0.29490022172949,0.1175166297117516,0.2483370288248337,0.3392461197339246,0.0448509743506344,0.3229125201106676,0.1838451569781848,0.3819338506412899,2,1,2,1,0.3333333333333333,0.1666666666666666,0.3333333333333333,0.1666666666666666,75.16666666666667,75.16666666666667,0.3392461197339246,2,0.22639929020881105,0.2286961313288192,0.9553472005235494,226.01434666666265,38,51.10733333331329,0.0284460992227416,13560.221666666665
2023-01-24,1.0,A003,25,451,451.0,6,4,0.254249815225425,0.1345529230519033,1,6,114.93474666666624,0.29490022172949,0.1175166297117516,0.2483370288248337,0.3392461197339246,0.0448509743506344,0.3229125201106676,0.1838451569781848,0.3819338506412899,3,1,1,1,0.5,0.1666666666666666,0.1666666666666666,0.1666666666666666,75.16666666666667,75.16666666666667,0.3392461197339246,3,0.22639929020881105,0.1345529230519032,0.9553472005235494,241.40270666666572,34,63.168666666693454,0.0349249193296916,13558.590333333344
2023-01-24,2.0,A003,25,451,451.0,6,4,0.254249815225425,0.1345529230519033,1,6,114.93474666666624,0.29490022172949,0.1175166297117516,0.2483370288248337,0.3392461197339246,0.0448509743506344,0.3229125201106676,0.1838451569781848,0.3819338506412899,3,1,1,1,0.5,0.1666666666666666,0.1666666666666666,0.1666666666666666,75.16666666666667,75.16666666666667,0.3392461197339246,3,0.22639929020881105,0.1345529230519032,0.9553472005235494,241.40270666666572,34,63.168666666693454,0.0349249193296916,13558.590333333344
2023-01-24,4.0,A003,25,451,451.0,6,4,0.254249815225425,0.1345529230519033,1,6,114.93474666666624,0.29490022172949,0.1175166297117516,0.2483370288248337,0.3392461197339246,0.0448509743506344,0.3229125201106676,0.1838451569781848,0.3819338506412899,3,1,1,1,0.5,0.1666666666666666,0.1666666666666666,0.1666666666666666,75.16666666666667,75.16666666666667,0.3392461197339246,3,0.22639929020881105,0.1345529230519032,0.9553472005235494,241.40270666666572,34,63.168666666693454,0.0349249193296916,13558.590333333344
2023-01-24,8.0,A003,25,451,451.0,6,4,0.254249815225425,0.1345529230519033,1,6,114.93474666666624,0.29490022172949,0.1175166297117516,0.2483370288248337,0.3392461197339246,0.0448509743506344,0.3229125201106676,0.1838451569781848,0.3819338506412899,3,1,1,1,0.5,0.1666666666666666,0.1666666666666666,0.1666666666666666,75.16666666666667,75.16666666666667,0.3392461197339246,3,0.22639929020881105,0.1345529230519032,0.9553472005235494,241.40270666666572,34,63.168666666693454,0.0349249193296916,13558.590333333344
2023-01-25,0.0,A001,36,700,700.0,5,4,0.2085714285714285,0.6285159420579929,0,5,209.62864814814412,0.3985714285714286,0.1614285714285714,0.03,0.41,0.1030134833885836,0.2865153911365719,0.0766633215635859,0.6285159420579929,1,1,1,2,0.2,0.2,0.2,0.4,140.0,140.0,0.41,2,0.3473014374104667,0.6285159420579929,0.8164076826393529,319.5504490740683,20,20.12983333333348,0.0108388960387989,15174.298333333329
2023-01-25,0.05,A002,36,700,700.0,5,4,0.21,0.1030134833885836,1,5,269.57180092592387,0.3985714285714286,0.1614285714285714,0.03,0.41,0.1030134833885836,0.2865153911365719,0.0766633215635859,0.6285159420579929,2,1,1,1,0.4,0.2,0.2,0.2,140.0,140.0,0.41,2,0.3473014374104667,0.1030134833885836,0.8164076826393529,379.4575416666635,13,18.83166666666857,0.0101469917344103,15174.158166666664
2023-01-25,0.1,A002,36,700,700.0,5,4,0.21,0.1030134833885836,1,5,269.57180092592387,0.3985714285714286,0.1614285714285714,0.03,0.41,0.1030134833885836,0.2865153911365719,0.0766633215635859,0.6285159420579929,2,1,1,1,0.4,0.2,0.2,0.2,140.0,140.0,0.41,2,0.3473014374104667,0.1030134833885836,0.8164076826393529,379.4575416666635,13,18.83166666666857,0.0101469917344103,15174.158166666664
2023-01-25,0.25,A002,36,700,700.0,5,4,0.21,0.1030134833885836,1,5,269.57180092592387,0.3985714285714286,0.1614285714285714,0.03,0.41,0.1030134833885836,0.2865153911365719,0.0766633215635859,0.6285159420579929,2,1,1,1,0.4,0.2,0.2,0.2,140.0,140.0,0.41,2,0.3473014374104667,0.1030134833885836,0.8164076826393529,379.4575416666635,13,18.83166666666857,0.0101469917344103,15174.158166666664
2023-01-25,0.5,A002,36,700,700.0,5,4,0.21,0.1030134833885836,1,5,269.57180092592387,0.3985714285714286,0.1614285714285714,0.03,0.41,0.1030134833885836,0.2865153911365719,0.0766633215635859,0.6285159420579929,2,1,1,1,0.4,0.2,0.2,0.2,140.0,140.0,0.41,2,0.3473014374104667,0.1030134833885836,0.8164076826393529,379.4575416666635,13,18.83166666666857,0.0101469917344103,15174.158166666664
2023-01-25,0.75,A002,36,700,700.0,5,4,0.21,0.1030134833885836,1,5,269.57180092592387,0.3985714285714286,0.1614285714285714,0.03,0.41,0.1030134833885836,0.2865153911365719,0.0766633215635859,0.6285159420579929,2,1,1,1,0.4,0.2,0.2,0.2,140.0,140.0,0.41,2,0.3473014374104667,0.1030134833885836,0.8164076826393529,379.4575416666635,13,18.83166666666857,0.0101469917344103,15174.158166666664
2023-01-25,1.0,A002,36,700,700.0,5,4,0.21,0.1030134833885836,1,5,269.57180092592387,0.3985714285714286,0.1614285714285714,0.03,0.41,0.1030134833885836,0.2865153911365719,0.0766633215635859,0.6285159420579929,2,1,1,1,0.4,0.2,0.2,0.2,140.0,140.0,0.41,2,0.3473014374104667,0.1030134833885836,0.8164076826393529,379.4575416666635,13,18.83166666666857,0.0101469917344103,15174.158166666664
2023-01-25,2.0,A002,36,700,700.0,5,4,0.21,0.1030134833885836,1,5,269.57180092592387,0.3985714285714286,0.1614285714285714,0.03,0.41,0.1030134833885836,0.2865153911365719,0.0766633215635859,0.6285159420579929,2,1,1,1,0.4,0.2,0.2,0.2,140.0,140.0,0.41,2,0.3473014374104667,0.1030134833885836,0.8164076826393529,379.4575416666635,13,18.83166666666857,0.0101469917344103,15174.158166666664
2023-01-25,4.0,A002,36,700,700.0,5,4,0.21,0.1030134833885836,1,5,269.57180092592387,0.3985714285714286,0.1614285714285714,0.03,0.41,0.1030134833885836,0.2865153911365719,0.0766633215635859,0.6285159420579929,2,1,1,1,0.4,0.2,0.2,0.2,140.0,140.0,0.41,2,0.3473014374104667,0.1030134833885836,0.8164076826393529,379.4575416666635,13,18.83166666666857,0.0101469917344103,15174.158166666664
2023-01-25,8.0,A003,36,700,700.0,5,4,0.4085714285714286,0.0766633215635859,1,5,333.9545740740697,0.3985714285714286,0.1614285714285714,0.03,0.41,0.1030134833885836,0.2865153911365719,0.0766633215635859,0.6285159420579929,1,1,2,1,0.2,0.2,0.4,0.2,140.0,140.0,0.41,2,0.3473014374104667,0.0766633215635859,0.8164076826393529,443.5943657407352,11,9.977500000000276,0.0054019081959849,15174.298333333329
2023-01-26,0.0,A001,34,706,706.0,5,4,0.1053824362606232,0.5679015387267359,0,5,301.1053235294092,0.1997167138810198,0.0949008498583569,0.2946175637393767,0.4107648725212464,0.0566382995479636,0.4667311661437073,0.1012669715456995,0.5679015387267359,1,1,1,2,0.2,0.2,0.2,0.4,141.2,141.2,0.4107648725212464,2,0.318713830991714,0.5679015387267359,0.9166277575091178,421.67601960783946,38,48.040333333334175,0.0242456063554953,1136.5636666666585
2023-01-26,0.05,A001,34,706,706.0,5,4,0.1053824362606232,0.5679015387267359,0,5,301.1053235294092,0.1997167138810198,0.0949008498583569,0.2946175637393767,0.4107648725212464,0.0566382995479636,0.4667311661437073,0.1012669715456995,0.5679015387267359,1,1,1,2,0.2,0.2,0.2,0.4,141.2,141.2,0.4107648725212464,2,0.318713830991714,0.5679015387267359,0.9166277575091178,421.67601960783946,38,48.040333333334175,0.0242456063554953,1136.5636666666585
2023-01-26,0.1,A001,34,706,706.0,5,4,0.1053824362606232,0.5679015387267359,0,5,301.1053235294092,0.1997167138810198,0.0949008498583569,0.2946175637393767,0.4107648725212464,0.0566382995479636,0.4667311661437073,0.1012669715456995,0.5679015387267359,1,1,1,2,0.2,0.2,0.2,0.4,141.2,141.2,0.4107648725212464,2,0.318713830991714,0.5679015387267359,0.9166277575091178,421.67601960783946,38,48.040333333334175,0.0242456063554953,1136.5636666666585
2023-01-26,0.25,A002,34,706,706.0,5,4,0.2107648725212464,0.1012669715456995,1,5,359.97049999999945,0.1997167138810198,0.0949008498583569,0.2946175637393767,0.4107648725212464,0.0566382995479636,0.4667311661437073,0.1012669715456995,0.5679015387267359,1,1,2,1,0.2,0.2,0.4,0.2,141.2,141.2,0.4107648725212464,2,0.318713830991714,0.1012669715456995,0.9166277575091178,481.7012156862741,42,87.4809999999985,0.0432893313735355,1620.556000000026
2023-01-26,0.5,A002,34,706,706.0,5,4,0.2107648725212464,0.1012669715456995,1,5,359.97049999999945,0.1997167138810198,0.0949008498583569,0.2946175637393767,0.4107648725212464,0.0566382995479636,0.4667311661437073,0.1012669715456995,0.5679015387267359,1,1,2,1,0.2,0.2,0.4,0.2,141.2,141.2,0.4107648725212464,2,0.318713830991714,0.1012669715456995,0.9166277575091178,481.7012156862741,42,87.4809999999985,0.0432893313735355,1620.556000000026
2023-01-26,0.75,A002,34,706,706.0,5,4,0.2107648725212464,0.1012669715456995,1,5,359.97049999999945,0.1997167138810198,0.0949008498583569,0.2946175637393767,0.4107648725212464,0.0566382995479636,0.4667311661437073,0.1012669715456995,0.5679015387267359,1,1,2,1,0.2,0.2,0.4,0.2,141.2,141.2,0.4107648725212464,2,0.318713830991714,0.1012669715456995,0.9166277575091178,481.7012156862741,42,87.4809999999985,0.0432893313735355,1620.556000000026
2023-01-26,1.0,A002,34,706,706.0,5,4,0.2107648725212464,0.1012669715456995,1,5,359.97049999999945,0.1997167138810198,0.0949008498583569,0.2946175637393767,0.4107648725212464,0.0566382995479636,0.4667311661437073,0.1012669715456995,0.5679015387267359,1,1,2,1,0.2,0.2,0.4,0.2,141.2,141.2,0.4107648725212464,2,0.318713830991714,0.1012669715456995,0.9166277575091178,481.7012156862741,42,87.4809999999985,0.0432893313735355,1620.556000000026
2023-01-26,2.0,A002,34,706,706.0,5,4,0.2107648725212464,0.1012669715456995,1,5,359.97049999999945,0.1997167138810198,0.0949008498583569,0.2946175637393767,0.4107648725212464,0.0566382995479636,0.4667311661437073,0.1012669715456995,0.5679015387267359,1,1,2,1,0.2,0.2,0.4,0.2,141.2,141.2,0.4107648725212464,2,0.318713830991714,0.1012669715456995,0.9166277575091178,481.7012156862741,42,87.4809999999985,0.0432893313735355,1620.556000000026
2023-01-26,4.0,A003,34,706,706.0,5,4,0.3053824362606232,0.0566382995479636,1,5,377.182387254901,0.1997167138810198,0.0949008498583569,0.2946175637393767,0.4107648725212464,0.0566382995479636,0.4667311661437073,0.1012669715456995,0.5679015387267359,2,1,1,1,0.4,0.2,0.2,0.2,141.2,141.2,0.4107648725212464,2,0.318713830991714,0.0566382995479636,0.9166277575091178,497.8416715686267,31,51.05233333333079,0.0257266328778214,1604.9198333333577
2023-01-26,8.0,A003,34,706,706.0,5,4,0.3053824362606232,0.0566382995479636,1,5,377.182387254901,0.1997167138810198,0.0949008498583569,0.2946175637393767,0.4107648725212464,0.0566382995479636,0.4667311661437073,0.1012669715456995,0.5679015387267359,2,1,1,1,0.4,0.2,0.2,0.2,141.2,141.2,0.4107648725212464,2,0.318713830991714,0.0566382995479636,0.9166277575091178,497.8416715686267,31,51.05233333333079,0.0257266328778214,1604.9198333333577
2023-01-30,0.0,A001,36,723,723.0,7,3,0.0602647698083382,2.3069323847250693,0,7,76.46049999999975,0.2946058091286307,0.0,0.2254495159059474,0.4799446749654218,0.048961810160038,0.3637541469530546,0.4148683891233241,0.6143673951472356,2,0,2,3,0.2857142857142857,0.0,0.2857142857142857,0.4285714285714285,103.28571428571429,103.28571428571429,0.4799446749654218,3,0.40281867096442686,2.306932384725069,0.9541178624346546,200.7833240740734,74,151.05066666666886,0.0654856706019572,14780.005666666648
2023-01-30,0.05,A001,36,723,723.0,7,3,0.0602647698083382,2.3069323847250693,0,7,76.46049999999975,0.2946058091286307,0.0,0.2254495159059474,0.4799446749654218,0.048961810160038,0.3637541469530546,0.4148683891233241,0.6143673951472356,2,0,2,3,0.2857142857142857,0.0,0.2857142857142857,0.4285714285714285,103.28571428571429,103.28571428571429,0.4799446749654218,3,0.40281867096442686,2.306932384725069,0.9541178624346546,200.7833240740734,74,151.05066666666886,0.0654856706019572,14780.005666666648
2023-01-30,0.1,A001,36,723,723.0,7,3,0.0602647698083382,2.3069323847250693,0,7,76.46049999999975,0.2946058091286307,0.0,0.2254495159059474,0.4799446749654218,0.048961810160038,0.3637541469530546,0.4148683891233241,0.6143673951472356,2,0,2,3,0.2857142857142857,0.0,0.2857142857142857,0.4285714285714285,103.28571428571429,103.28571428571429,0.4799446749654218,3,0.40281867096442686,2.306932384725069,0.9541178624346546,200.7833240740734,74,151.05066666666886,0.0654856706019572,14780.005666666648
2023-01-30,0.25,A002,36,723,723.0,7,3,0.1942303892511361,1.176121214750674,1,7,97.4606018518503,0.2946058091286307,0.0,0.2254495159059474,0.4799446749654218,0.048961810160038,0.3637541469530546,0.4148683891233241,0.6143673951472356,3,0,2,2,0.4285714285714285,0.0,0.2857142857142857,0.2857142857142857,103.28571428571429,103.28571428571429,0.4799446749654218,3,0.40281867096442686,1.1761212147506737,0.9541178624346546,221.3319722222196,73,134.79833333333056,0.0588544089250232,14955.186333333324
2023-01-30,0.5,A003,36,723,723.0,7,3,0.4196799051570836,0.4896181016003809,3,7,236.13462037036547,0.2946058091286307,0.0,0.2254495159059474,0.4799446749654218,0.048961810160038,0.3637541469530546,0.4148683891233241,0.6143673951472356,5,0,1,1,0.7142857142857143,0.0,0.1428571428571428,0.1428571428571428,103.28571428571429,103.28571428571429,0.4799446749654218,5,0.40281867096442686,0.48961810160038,0.9541178624346546,358.5280277777724,39,81.59166666669265,0.0364710478510994,15494.107666666638
2023-01-30,0.75,A003,36,723,723.0,7,3,0.4196799051570836,0.4896181016003809,3,7,236.13462037036547,0.2946058091286307,0.0,0.2254495159059474,0.4799446749654218,0.048961810160038,0.3637541469530546,0.4148683891233241,0.6143673951472356,5,0,1,1,0.7142857142857143,0.0,0.1428571428571428,0.1428571428571428,103.28571428571429,103.28571428571429,0.4799446749654218,5,0.40281867096442686,0.48961810160038,0.9541178624346546,358.5280277777724,39,81.59166666669265,0.0364710478510994,15494.107666666638
2023-01-30,1.0,A003,36,723,723.0,7,3,0.4196799051570836,0.4896181016003809,3,7,236.13462037036547,0.2946058091286307,0.0,0.2254495159059474,0.4799446749654218,0.048961810160038,0.3637541469530546,0.4148683891233241,0.6143673951472356,5,0,1,1,0.7142857142857143,0.0,0.1428571428571428,0.1428571428571428,103.28571428571429,103.28571428571429,0.4799446749654218,5,0.40281867096442686,0.48961810160038,0.9541178624346546,358.5280277777724,39,81.59166666669265,0.0364710478510994,15494.107666666638
2023-01-30,2.0,A003,36,723,723.0,7,3,0.4196799051570836,0.4896181016003809,3,7,236.13462037036547,0.2946058091286307,0.0,0.2254495159059474,0.4799446749654218,0.048961810160038,0.3637541469530546,0.4148683891233241,0.6143673951472356,5,0,1,1,0.7142857142857143,0.0,0.1428571428571428,0.1428571428571428,103.28571428571429,103.28571428571429,0.4799446749654218,5,0.40281867096442686,0.48961810160038,0.9541178624346546,358.5280277777724,39,81.59166666669265,0.0364710478510994,15494.107666666638
2023-01-30,4.0,A003,36,723,723.0,7,3,0.4196799051570836,0.4896181016003809,3,7,236.13462037036547,0.2946058091286307,0.0,0.2254495159059474,0.4799446749654218,0.048961810160038,0.3637541469530546,0.4148683891233241,0.6143673951472356,5,0,1,1,0.7142857142857143,0.0,0.1428571428571428,0.1428571428571428,103.28571428571429,103.28571428571429,0.4799446749654218,5,0.40281867096442686,0.48961810160038,0.9541178624346546,358.5280277777724,39,81.59166666669265,0.0364710478510994,15494.107666666638
2023-01-30,8.0,A003,36,723,723.0,7,3,0.4196799051570836,0.4896181016003809,3,7,236.13462037036547,0.2946058091286307,0.0,0.2254495159059474,0.4799446749654218,0.048961810160038,0.3637541469530546,0.4148683891233241,0.6143673951472356,5,0,1,1,0.7142857142857143,0.0,0.1428571428571428,0.1428571428571428,103.28571428571429,103.28571428571429,0.4799446749654218,5,0.40281867096442686,0.48961810160038,0.9541178624346546,358.5280277777724,39,81.59166666669265,0.0364710478510994,15494.107666666638
2023-01-31,0.0,A001,32,575,575.0,6,3,0.1852173913043477,0.9595916961603782,0,6,154.6832291666706,0.3113043478260869,0.0034782608695652,0.6852173913043478,0.0,0.163912557565386,0.2903584869729883,0.265226379531664,0.0755085152022361,2,1,3,0,0.3333333333333333,0.1666666666666666,0.5,0.0,95.83333333333333,95.83333333333333,0.6852173913043478,3,0.23377436228456638,0.959591696160378,0.5843770053424683,282.6560208333395,148,592.9759999999665,0.250187190909954,31534.75166666667
2023-01-31,0.05,A001,32,575,575.0,6,3,0.1852173913043477,0.9595916961603782,0,6,154.6832291666706,0.3113043478260869,0.0034782608695652,0.6852173913043478,0.0,0.163912557565386,0.2903584869729883,0.265226379531664,0.0755085152022361,2,1,3,0,0.3333333333333333,0.1666666666666666,0.5,0.0,95.83333333333333,95.83333333333333,0.6852173913043478,3,0.23377436228456638,0.959591696160378,0.5843770053424683,282.6560208333395,148,592.9759999999665,0.250187190909954,31534.75166666667
2023-01-31,0.1,A001,32,575,575.0,6,3,0.1852173913043477,0.9595916961603782,0,6,154.6832291666706,0.3113043478260869,0.0034782608695652,0.6852173913043478,0.0,0.163912557565386,0.2903584869729883,0.265226379531664,0.0755085152022361,2,1,3,0,0.3333333333333333,0.1666666666666666,0.5,0.0,95.83333333333333,95.83333333333333,0.6852173913043478,3,0.23377436228456638,0.959591696160378,0.5843770053424683,282.6560208333395,148,592.9759999999665,0.250187190909954,31534.75166666667
2023-01-31,0.25,A001,32,575,575.0,6,3,0.1852173913043477,0.9595916961603782,0,6,154.6832291666706,0.3113043478260869,0.0034782608695652,0.6852173913043478,0.0,0.163912557565386,0.2903584869729883,0.265226379531664,0.0755085152022361,2,1,3,0,0.3333333333333333,0.1666666666666666,0.5,0.0,95.83333333333333,95.83333333333333,0.6852173913043478,3,0.23377436228456638,0.959591696160378,0.5843770053424683,282.6560208333395,148,592.9759999999665,0.250187190909954,31534.75166666667
2023-01-31,0.5,A001,32,575,575.0,6,3,0.1852173913043477,0.9595916961603782,0,6,154.6832291666706,0.3113043478260869,0.0034782608695652,0.6852173913043478,0.0,0.163912557565386,0.2903584869729883,0.265226379531664,0.0755085152022361,2,1,3,0,0.3333333333333333,0.1666666666666666,0.5,0.0,95.83333333333333,95.83333333333333,0.6852173913043478,3,0.23377436228456638,0.959591696160378,0.5843770053424683,282.6560208333395,148,592.9759999999665,0.250187190909954,31534.75166666667
2023-01-31,0.75,A002,32,575,575.0,6,3,0.3518840579710144,0.7194974240700384,1,6,202.9412083333376,0.3113043478260869,0.0034782608695652,0.6852173913043478,0.0,0.163912557565386,0.2903584869729883,0.265226379531664,0.0755085152022361,2,2,2,0,0.3333333333333333,0.3333333333333333,0.3333333333333333,0.0,95.83333333333333,95.83333333333333,0.6852173913043478,2,0.23377436228456638,0.7194974240700382,0.5843770053424683,319.85290625000664,101,239.02099999997344,0.1185517522211444,31641.792666666675
2023-01-31,1.0,A002,32,575,575.0,6,3,0.3518840579710144,0.7194974240700384,1,6,202.9412083333376,0.3113043478260869,0.0034782608695652,0.6852173913043478,0.0,0.163912557565386,0.2903584869729883,0.265226379531664,0.0755085152022361,2,2,2,0,0.3333333333333333,0.3333333333333333,0.3333333333333333,0.0,95.83333333333333,95.83333333333333,0.6852173913043478,2,0.23377436228456638,0.7194974240700382,0.5843770053424683,319.85290625000664,101,239.02099999997344,0.1185517522211444,31641.792666666675
2023-01-31,2.0,A002,32,575,575.0,6,3,0.3518840579710144,0.7194974240700384,1,6,202.9412083333376,0.3113043478260869,0.0034782608695652,0.6852173913043478,0.0,0.163912557565386,0.2903584869729883,0.265226379531664,0.0755085152022361,2,2,2,0,0.3333333333333333,0.3333333333333333,0.3333333333333333,0.0,95.83333333333333,95.83333333333333,0.6852173913043478,2,0.23377436228456638,0.7194974240700382,0.5843770053424683,319.85290625000664,101,239.02099999997344,0.1185517522211444,31641.792666666675
2023-01-31,4.0,A002,32,575,575.0,6,3,0.3518840579710144,0.7194974240700384,1,6,202.9412083333376,0.3113043478260869,0.0034782608695652,0.6852173913043478,0.0,0.163912557565386,0.2903584869729883,0.265226379531664,0.0755085152022361,2,2,2,0,0.3333333333333333,0.3333333333333333,0.3333333333333333,0.0,95.83333333333333,95.83333333333333,0.6852173913043478,2,0.23377436228456638,0.7194974240700382,0.5843770053424683,319.85290625000664,101,239.02099999997344,0.1185517522211444,31641.792666666675
2023-01-31,8.0,A002,32,575,575.0,6,3,0.3518840579710144,0.7194974240700384,1,6,202.9412083333376,0.3113043478260869,0.0034782608695652,0.6852173913043478,0.0,0.163912557565386,0.2903584869729883,0.265226379531664,0.0755085152022361,2,2,2,0,0.3333333333333333,0.3333333333333333,0.3333333333333333,0.0,95.83333333333333,95.83333333333333,0.6852173913043478,2,0.23377436228456638,0.7194974240700382,0.5843770053424683,319.85290625000664,101,239.02099999997344,0.1185517522211444,31641.792666666675
2023-02-02,0.0,A001,35,726,726.0,4,4,0.1115702479338843,0.0,0,4,323.4222809523792,0.2823691460055096,0.2066115702479339,0.1818181818181818,0.3292011019283746,0.0714571714569889,0.4690512372664741,0.0495344980716402,0.3127333947058228,1,1,1,1,0.25,0.25,0.25,0.25,181.5,181.5,0.3292011019283746,1,0.22904716366226166,0.0,0.980023464841048,449.3421904761887,45,48.86083333333163,0.0219185818868537,12711.974666666689
2023-02-02,0.05,A001,35,726,726.0,4,4,0.1115702479338843,0.0,0,4,323.4222809523792,0.2823691460055096,0.2066115702479339,0.1818181818181818,0.3292011019283746,0.0714571714569889,0.4690512372664741,0.0495344980716402,0.3127333947058228,1,1,1,1,0.25,0.25,0.25,0.25,181.5,181.5,0.3292011019283746,1,0.22904716366226166,0.0,0.980023464841048,449.3421904761887,45,48.86083333333163,0.0219185818868537,12711.974666666689
2023-02-02,0.1,A001,35,726,726.0,4,4,0.1115702479338843,0.0,0,4,323.4222809523792,0.2823691460055096,0.2066115702479339,0.1818181818181818,0.3292011019283746,0.0714571714569889,0.4690512372664741,0.0495344980716402,0.3127333947058228,1,1,1,1,0.25,0.25,0.25,0.25,181.5,181.5,0.3292011019283746,1,0.22904716366226166,0.0,0.980023464841048,449.3421904761887,45,48.86083333333163,0.0219185818868537,12711.974666666689
2023-02-02,0.25,A001,35,726,726.0,4,4,0.1115702479338843,0.0,0,4,323.4222809523792,0.2823691460055096,0.2066115702479339,0.1818181818181818,0.3292011019283746,0.0714571714569889,0.4690512372664741,0.0495344980716402,0.3127333947058228,1,1,1,1,0.25,0.25,0.25,0.25,181.5,181.5,0.3292011019283746,1,0.22904716366226166,0.0,0.980023464841048,449.3421904761887,45,48.86083333333163,0.0219185818868537,12711.974666666689
2023-02-02,0.5,A001,35,726,726.0,4,4,0.1115702479338843,0.0,0,4,323.4222809523792,0.2823691460055096,0.2066115702479339,0.1818181818181818,0.3292011019283746,0.0714571714569889,0.4690512372664741,0.0495344980716402,0.3127333947058228,1,1,1,1,0.25,0.25,0.25,0.25,181.5,181.5,0.3292011019283746,1,0.22904716366226166,0.0,0.980023464841048,449.3421904761887,45,48.86083333333163,0.0219185818868537,12711.974666666689
2023-02-02,0.75,A001,35,726,726.0,4,4,0.1115702479338843,0.0,0,4,323.4222809523792,0.2823691460055096,0.2066115702479339,0.1818181818181818,0.3292011019283746,0.0714571714569889,0.4690512372664741,0.0495344980716402,0.3127333947058228,1,1,1,1,0.25,0.25,0.25,0.25,181.5,181.5,0.3292011019283746,1,0.22904716366226166,0.0,0.980023464841048,449.3421904761887,45,48.86083333333163,0.0219185818868537,12711.974666666689
2023-02-02,1.0,A001,35,726,726.0,4,4,0.1115702479338843,0.0,0,4,323.4222809523792,0.2823691460055096,0.2066115702479339,0.1818181818181818,0.3292011019283746,0.0714571714569889,0.4690512372664741,0.0495344980716402,0.3127333947058228,1,1,1,1,0.25,0.25,0.25,0.25,181.5,181.5,0.3292011019283746,1,0.22904716366226166,0.0,0.980023464841048,449.3421904761887,45,48.86083333333163,0.0219185818868537,12711.974666666689
2023-02-02,2.0,A001,35,726,726.0,4,4,0.1115702479338843,0.0,0,4,323.4222809523792,0.2823691460055096,0.2066115702479339,0.1818181818181818,0.3292011019283746,0.0714571714569889,0.4690512372664741,0.0495344980716402,0.3127333947058228,1,1,1,1,0.25,0.25,0.25,0.25,181.5,181.5,0.3292011019283746,1,0.22904716366226166,0.0,0.980023464841048,449.3421904761887,45,48.86083333333163,0.0219185818868537,12711.974666666689
2023-02-02,4.0,A001,35,726,726.0,4,4,0.1115702479338843,0.0,0,4,323.4222809523792,0.2823691460055096,0.2066115702479339,0.1818181818181818,0.3292011019283746,0.0714571714569889,0.4690512372664741,0.0495344980716402,0.3127333947058228,1,1,1,1,0.25,0.25,0.25,0.25,181.5,181.5,0.3292011019283746,1,0.22904716366226166,0.0,0.980023464841048,449.3421904761887,45,48.86083333333163,0.0219185818868537,12711.974666666689
2023-02-02,8.0,A001,35,726,726.0,4,4,0.1115702479338843,0.0,0,4,323.4222809523792,0.2823691460055096,0.2066115702479339,0.1818181818181818,0.3292011019283746,0.0714571714569889,0.4690512372664741,0.0495344980716402,0.3127333947058228,1,1,1,1,0.25,0.25,0.25,0.25,181.5,181.5,0.3292011019283746,1,0.22904716366226166,0.0,0.980023464841048,449.3421904761887,45,48.86083333333163,0.0219185818868537,12711.974666666689
2023-02-06,0.0,A001,46,995,995.0,5,4,0.2824120603015075,0.1356784036124564,0,5,408.5087536231854,0.6271356783919598,0.0482412060301507,0.2552763819095477,0.0693467336683417,0.1356784036124564,0.3457993937690466,0.2713918572678179,0.2523920964298302,2,1,1,1,0.4,0.2,0.2,0.2,199.0,199.0,0.6271356783919598,2,0.18855304638670456,0.1356784036124564,0.7014958137142582,539.5098550724612,38,47.5336666666733,0.0156306723816526,14557.970999999994
2023-02-06,0.05,A001,46,995,995.0,5,4,0.2824120603015075,0.1356784036124564,0,5,408.5087536231854,0.6271356783919598,0.0482412060301507,0.2552763819095477,0.0693467336683417,0.1356784036124564,0.3457993937690466,0.2713918572678179,0.2523920964298302,2,1,1,1,0.4,0.2,0.2,0.2,199.0,199.0,0.6271356783919598,2,0.18855304638670456,0.1356784036124564,0.7014958137142582,539.5098550724612,38,47.5336666666733,0.0156306723816526,14557.970999999994
2023-02-06,0.1,A001,46,995,995.0,5,4,0.2824120603015075,0.1356784036124564,0,5,408.5087536231854,0.6271356783919598,0.0482412060301507,0.2552763819095477,0.0693467336683417,0.1356784036124564,0.3457993937690466,0.2713918572678179,0.2523920964298302,2,1,1,1,0.4,0.2,0.2,0.2,199.0,199.0,0.6271356783919598,2,0.18855304638670456,0.1356784036124564,0.7014958137142582,539.5098550724612,38,47.5336666666733,0.0156306723816526,14557.970999999994
2023-02-06,0.25,A001,46,995,995.0,5,4,0.2824120603015075,0.1356784036124564,0,5,408.5087536231854,0.6271356783919598,0.0482412060301507,0.2552763819095477,0.0693467336683417,0.1356784036124564,0.3457993937690466,0.2713918572678179,0.2523920964298302,2,1,1,1,0.4,0.2,0.2,0.2,199.0,199.0,0.6271356783919598,2,0.18855304638670456,0.1356784036124564,0.7014958137142582,539.5098550724612,38,47.5336666666733,0.0156306723816526,14557.970999999994
2023-02-06,0.5,A001,46,995,995.0,5,4,0.2824120603015075,0.1356784036124564,0,5,408.5087536231854,0.6271356783919598,0.0482412060301507,0.2552763819095477,0.0693467336683417,0.1356784036124564,0.3457993937690466,0.2713918572678179,0.2523920964298302,2,1,1,1,0.4,0.2,0.2,0.2,199.0,199.0,0.6271356783919598,2,0.18855304638670456,0.1356784036124564,0.7014958137142582,539.5098550724612,38,47.5336666666733,0.0156306723816526,14557.970999999994
2023-02-06,0.75,A001,46,995,995.0,5,4,0.2824120603015075,0.1356784036124564,0,5,408.5087536231854,0.6271356783919598,0.0482412060301507,0.2552763819095477,0.0693467336683417,0.1356784036124564,0.3457993937690466,0.2713918572678179,0.2523920964298302,2,1,1,1,0.4,0.2,0.2,0.2,199.0,199.0,0.6271356783919598,2,0.18855304638670456,0.1356784036124564,0.7014958137142582,539.5098550724612,38,47.5336666666733,0.0156306723816526,14557.970999999994
2023-02-06,1.0,A001,46,995,995.0,5,4,0.2824120603015075,0.1356784036124564,0,5,408.5087536231854,0.6271356783919598,0.0482412060301507,0.2552763819095477,0.0693467336683417,0.1356784036124564,0.3457993937690466,0.2713918572678179,0.2523920964298302,2,1,1,1,0.4,0.2,0.2,0.2,199.0,199.0,0.6271356783919598,2,0.18855304638670456,0.1356784036124564,0.7014958137142582,539.5098550724612,38,47.5336666666733,0.0156306723816526,14557.970999999994
2023-02-06,2.0,A001,46,995,995.0,5,4,0.2824120603015075,0.1356784036124564,0,5,408.5087536231854,0.6271356783919598,0.0482412060301507,0.2552763819095477,0.0693467336683417,0.1356784036124564,0.3457993937690466,0.2713918572678179,0.2523920964298302,2,1,1,1,0.4,0.2,0.2,0.2,199.0,199.0,0.6271356783919598,2,0.18855304638670456,0.1356784036124564,0.7014958137142582,539.5098550724612,38,47.5336666666733,0.0156306723816526,14557.970999999994
2023-02-06,4.0,A001,46,995,995.0,5,4,0.2824120603015075,0.1356784036124564,0,5,408.5087536231854,0.6271356783919598,0.0482412060301507,0.2552763819095477,0.0693467336683417,0.1356784036124564,0.3457993937690466,0.2713918572678179,0.2523920964298302,2,1,1,1,0.4,0.2,0.2,0.2,199.0,199.0,0.6271356783919598,2,0.18855304638670456,0.1356784036124564,0.7014958137142582,539.5098550724612,38,47.5336666666733,0.0156306723816526,14557.970999999994
2023-02-06,8.0,A001,46,995,995.0,5,4,0.2824120603015075,0.1356784036124564,0,5,408.5087536231854,0.6271356783919598,0.0482412060301507,0.2552763819095477,0.0693467336683417,0.1356784036124564,0.3457993937690466,0.2713918572678179,0.2523920964298302,2,1,1,1,0.4,0.2,0.2,0.2,199.0,199.0,0.6271356783919598,2,0.18855304638670456,0.1356784036124564,0.7014958137142582,539.5098550724612,38,47.5336666666733,0.0156306723816526,14557.970999999994
2023-02-07,0.0,A001,34,632,632.0,8,4,0.0712025316455696,1.0036289606208242,0,8,102.0454901960781,0.2610759493670886,0.0917721518987341,0.435126582278481,0.2120253164556962,0.1469975895194187,0.815321169645902,0.2071270938399959,0.2352500895814174,2,1,3,2,0.25,0.125,0.375,0.25,79.0,79.0,0.435126582278481,3,0.25320679259505563,1.0036289606208237,0.9094329675200338,225.4879999999996,90,197.4173333333426,0.0857946301507067,12785.935666666672
2023-02-07,0.05,A001,34,632,632.0,8,4,0.0712025316455696,1.0036289606208242,0,8,102.0454901960781,0.2610759493670886,0.0917721518987341,0.435126582278481,0.2120253164556962,0.1469975895194187,0.815321169645902,0.2071270938399959,0.2352500895814174,2,1,3,2,0.25,0.125,0.375,0.25,79.0,79.0,0.435126582278481,3,0.25320679259505563,1.0036289606208237,0.9094329675200338,225.4879999999996,90,197.4173333333426,0.0857946301507067,12785.935666666672
2023-02-07,0.1,A001,34,632,632.0,8,4,0.0712025316455696,1.0036289606208242,0,8,102.0454901960781,0.2610759493670886,0.0917721518987341,0.435126582278481,0.2120253164556962,0.1469975895194187,0.815321169645902,0.2071270938399959,0.2352500895814174,2,1,3,2,0.25,0.125,0.375,0.25,79.0,79.0,0.435126582278481,3,0.25320679259505563,1.0036289606208237,0.9094329675200338,225.4879999999996,90,197.4173333333426,0.0857946301507067,12785.935666666672
2023-02-07,0.25,A001,34,632,632.0,8,4,0.0712025316455696,1.0036289606208242,0,8,102.0454901960781,0.2610759493670886,0.0917721518987341,0.435126582278481,0.2120253164556962,0.1469975895194187,0.815321169645902,0.2071270938399959,0.2352500895814174,2,1,3,2,0.25,0.125,0.375,0.25,79.0,79.0,0.435126582278481,3,0.25320679259505563,1.0036289606208237,0.9094329675200338,225.4879999999996,90,197.4173333333426,0.0857946301507067,12785.935666666672
2023-02-07,0.5,A001,34,632,632.0,8,4,0.0712025316455696,1.0036289606208242,0,8,102.0454901960781,0.2610759493670886,0.0917721518987341,0.435126582278481,0.2120253164556962,0.1469975895194187,0.815321169645902,0.2071270938399959,0.2352500895814174,2,1,3,2,0.25,0.125,0.375,0.25,79.0,79.0,0.435126582278481,3,0.25320679259505563,1.0036289606208237,0.9094329675200338,225.4879999999996,90,197.4173333333426,0.0857946301507067,12785.935666666672
2023-02-07,0.75,A001,34,632,632.0,8,4,0.0712025316455696,1.0036289606208242,0,8,102.0454901960781,0.2610759493670886,0.0917721518987341,0.435126582278481,0.2120253164556962,0.1469975895194187,0.815321169645902,0.2071270938399959,0.2352500895814174,2,1,3,2,0.25,0.125,0.375,0.25,79.0,79.0,0.435126582278481,3,0.25320679259505563,1.0036289606208237,0.9094329675200338,225.4879999999996,90,197.4173333333426,0.0857946301507067,12785.935666666672
2023-02-07,1.0,A002,34,632,632.0,8,4,0.185126582278481,0.8833699519796697,1,8,108.79375490196024,0.2610759493670886,0.0917721518987341,0.435126582278481,0.2120253164556962,0.1469975895194187,0.815321169645902,0.2071270938399959,0.2352500895814174,3,1,2,2,0.375,0.125,0.25,0.25,79.0,79.0,0.435126582278481,3,0.25320679259505563,0.8833699519796694,0.9094329675200338,231.57701960784232,92,175.00300000000428,0.0768018165293129,12785.935666666672
2023-02-07,2.0,A002,34,632,632.0,8,4,0.185126582278481,0.8833699519796697,1,8,108.79375490196024,0.2610759493670886,0.0917721518987341,0.435126582278481,0.2120253164556962,0.1469975895194187,0.815321169645902,0.2071270938399959,0.2352500895814174,3,1,2,2,0.375,0.125,0.25,0.25,79.0,79.0,0.435126582278481,3,0.25320679259505563,0.8833699519796694,0.9094329675200338,231.57701960784232,92,175.00300000000428,0.0768018165293129,12785.935666666672
2023-02-07,4.0,A002,34,632,632.0,8,4,0.185126582278481,0.8833699519796697,1,8,108.79375490196024,0.2610759493670886,0.0917721518987341,0.435126582278481,0.2120253164556962,0.1469975895194187,0.815321169645902,0.2071270938399959,0.2352500895814174,3,1,2,2,0.375,0.125,0.25,0.25,79.0,79.0,0.435126582278481,3,0.25320679259505563,0.8833699519796694,0.9094329675200338,231.57701960784232,92,175.00300000000428,0.0768018165293129,12785.935666666672
2023-02-07,8.0,A002,34,632,632.0,8,4,0.185126582278481,0.8833699519796697,1,8,108.79375490196024,0.2610759493670886,0.0917721518987341,0.435126582278481,0.2120253164556962,0.1469975895194187,0.815321169645902,0.2071270938399959,0.2352500895814174,3,1,2,2,0.375,0.125,0.25,0.25,79.0,79.0,0.435126582278481,3,0.25320679259505563,0.8833699519796694,0.9094329675200338,231.57701960784232,92,175.00300000000428,0.0768018165293129,12785.935666666672
2023-02-08,0.0,A001,36,700,700.0,7,4,0.1157142857142857,0.3355778671302842,0,7,135.014592592591,0.3242857142857143,0.1028571428571428,0.5057142857142857,0.0671428571428571,0.0415546865409519,0.2618211290004453,0.0980077268631107,0.1323752029157912,2,1,3,1,0.2857142857142857,0.1428571428571428,0.4285714285714285,0.1428571428571428,100.0,100.0,0.5057142857142857,3,0.09885772139915927,0.335577867130284,0.8117061648610827,264.1059814814769,70,115.74799999995612,0.0454396633284632,12820.05366666665
2023-02-08,0.05,A001,36,700,700.0,7,4,0.1157142857142857,0.3355778671302842,0,7,135.014592592591,0.3242857142857143,0.1028571428571428,0.5057142857142857,0.0671428571428571,0.0415546865409519,0.2618211290004453,0.0980077268631107,0.1323752029157912,2,1,3,1,0.2857142857142857,0.1428571428571428,0.4285714285714285,0.1428571428571428,100.0,100.0,0.5057142857142857,3,0.09885772139915927,0.335577867130284,0.8117061648610827,264.1059814814769,70,115.74799999995612,0.0454396633284632,12820.05366666665
2023-02-08,0.1,A001,36,700,700.0,7,4,0.1157142857142857,0.3355778671302842,0,7,135.014592592591,0.3242857142857143,0.1028571428571428,0.5057142857142857,0.0671428571428571,0.0415546865409519,0.2618211290004453,0.0980077268631107,0.1323752029157912,2,1,3,1,0.2857142857142857,0.1428571428571428,0.4285714285714285,0.1428571428571428,100.0,100.0,0.5057142857142857,3,0.09885772139915927,0.335577867130284,0.8117061648610827,264.1059814814769,70,115.74799999995612,0.0454396633284632,12820.05366666665
2023-02-08,0.25,A001,36,700,700.0,7,4,0.1157142857142857,0.3355778671302842,0,7,135.014592592591,0.3242857142857143,0.1028571428571428,0.5057142857142857,0.0671428571428571,0.0415546865409519,0.2618211290004453,0.0980077268631107,0.1323752029157912,2,1,3,1,0.2857142857142857,0.1428571428571428,0.4285714285714285,0.1428571428571428,100.0,100.0,0.5057142857142857,3,0.09885772139915927,0.335577867130284,0.8117061648610827,264.1059814814769,70,115.74799999995612,0.0454396633284632,12820.05366666665
2023-02-08,0.5,A001,36,700,700.0,7,4,0.1157142857142857,0.3355778671302842,0,7,135.014592592591,0.3242857142857143,0.1028571428571428,0.5057142857142857,0.0671428571428571,0.0415546865409519,0.2618211290004453,0.0980077268631107,0.1323752029157912,2,1,3,1,0.2857142857142857,0.1428571428571428,0.4285714285714285,0.1428571428571428,100.0,100.0,0.5057142857142857,3,0.09885772139915927,0.335577867130284,0.8117061648610827,264.1059814814769,70,115.74799999995612,0.0454396633284632,12820.05366666665
2023-02-08,0.75,A001,36,700,700.0,7,4,0.1157142857142857,0.3355778671302842,0,7,135.014592592591,0.3242857142857143,0.1028571428571428,0.5057142857142857,0.0671428571428571,0.0415546865409519,0.2618211290004453,0.0980077268631107,0.1323752029157912,2,1,3,1,0.2857142857142857,0.1428571428571428,0.4285714285714285,0.1428571428571428,100.0,100.0,0.5057142857142857,3,0.09885772139915927,0.335577867130284,0.8117061648610827,264.1059814814769,70,115.74799999995612,0.0454396633284632,12820.05366666665
2023-02-08,1.0,A002,36,700,700.0,7,4,0.2199999999999999,0.2226717864859666,1,7,177.5459027777764,0.3242857142857143,0.1028571428571428,0.5057142857142857,0.0671428571428571,0.0415546865409519,0.2618211290004453,0.0980077268631107,0.1323752029157912,3,1,2,1,0.4285714285714285,0.1428571428571428,0.2857142857142857,0.1428571428571428,100.0,100.0,0.5057142857142857,3,0.09885772139915927,0.22267178648596642,0.8117061648610827,305.8742731481446,51,88.27933333332463,0.0350339653710874,12871.914333333312
2023-02-08,2.0,A002,36,700,700.0,7,4,0.2199999999999999,0.2226717864859666,1,7,177.5459027777764,0.3242857142857143,0.1028571428571428,0.5057142857142857,0.0671428571428571,0.0415546865409519,0.2618211290004453,0.0980077268631107,0.1323752029157912,3,1,2,1,0.4285714285714285,0.1428571428571428,0.2857142857142857,0.1428571428571428,100.0,100.0,0.5057142857142857,3,0.09885772139915927,0.22267178648596642,0.8117061648610827,305.8742731481446,51,88.27933333332463,0.0350339653710874,12871.914333333312
2023-02-08,4.0,A002,36,700,700.0,7,4,0.2199999999999999,0.2226717864859666,1,7,177.5459027777764,0.3242857142857143,0.1028571428571428,0.5057142857142857,0.0671428571428571,0.0415546865409519,0.2618211290004453,0.0980077268631107,0.1323752029157912,3,1,2,1,0.4285714285714285,0.1428571428571428,0.2857142857142857,0.1428571428571428,100.0,100.0,0.5057142857142857,3,0.09885772139915927,0.22267178648596642,0.8117061648610827,305.8742731481446,51,88.27933333332463,0.0350339653710874,12871.914333333312
2023-02-08,8.0,A002,36,700,700.0,7,4,0.2199999999999999,0.2226717864859666,1,7,177.5459027777764,0.3242857142857143,0.1028571428571428,0.5057142857142857,0.0671428571428571,0.0415546865409519,0.2618211290004453,0.0980077268631107,0.1323752029157912,3,1,2,1,0.4285714285714285,0.1428571428571428,0.2857142857142857,0.1428571428571428,100.0,100.0,0.5057142857142857,3,0.09885772139915927,0.22267178648596642,0.8117061648610827,305.8742731481446,51,88.27933333332463,0.0350339653710874,12871.914333333312
2023-02-09,0.0,A001,54,1120,1120.0,5,4,0.1133928571428571,0.2422491077385,0,5,427.675320987652,0.2589285714285714,0.0866071428571428,0.4142857142857143,0.2401785714285714,0.0655396593871404,0.5849457309573651,0.2422491077385,0.3607056839000763,1,1,2,1,0.2,0.2,0.4,0.2,224.0,224.0,0.4142857142857143,2,0.2546246893615354,0.2422491077385,0.9156719821048904,542.2890493827138,63,142.6256666666731,0.0504130581905674,16457.47533333335
2023-02-09,0.05,A001,54,1120,1120.0,5,4,0.1133928571428571,0.2422491077385,0,5,427.675320987652,0.2589285714285714,0.0866071428571428,0.4142857142857143,0.2401785714285714,0.0655396593871404,0.5849457309573651,0.2422491077385,0.3607056839000763,1,1,2,1,0.2,0.2,0.4,0.2,224.0,224.0,0.4142857142857143,2,0.2546246893615354,0.2422491077385,0.9156719821048904,542.2890493827138,63,142.6256666666731,0.0504130581905674,16457.47533333335
2023-02-09,0.1,A001,54,1120,1120.0,5,4,0.1133928571428571,0.2422491077385,0,5,427.675320987652,0.2589285714285714,0.0866071428571428,0.4142857142857143,0.2401785714285714,0.0655396593871404,0.5849457309573651,0.2422491077385,0.3607056839000763,1,1,2,1,0.2,0.2,0.4,0.2,224.0,224.0,0.4142857142857143,2,0.2546246893615354,0.2422491077385,0.9156719821048904,542.2890493827138,63,142.6256666666731,0.0504130581905674,16457.47533333335
2023-02-09,0.25,A001,54,1120,1120.0,5,4,0.1133928571428571,0.2422491077385,0,5,427.675320987652,0.2589285714285714,0.0866071428571428,0.4142857142857143,0.2401785714285714,0.0655396593871404,0.5849457309573651,0.2422491077385,0.3607056839000763,1,1,2,1,0.2,0.2,0.4,0.2,224.0,224.0,0.4142857142857143,2,0.2546246893615354,0.2422491077385,0.9156719821048904,542.2890493827138,63,142.6256666666731,0.0504130581905674,16457.47533333335
2023-02-09,0.5,A001,54,1120,1120.0,5,4,0.1133928571428571,0.2422491077385,0,5,427.675320987652,0.2589285714285714,0.0866071428571428,0.4142857142857143,0.2401785714285714,0.0655396593871404,0.5849457309573651,0.2422491077385,0.3607056839000763,1,1,2,1,0.2,0.2,0.4,0.2,224.0,224.0,0.4142857142857143,2,0.2546246893615354,0.2422491077385,0.9156719821048904,542.2890493827138,63,142.6256666666731,0.0504130581905674,16457.47533333335
2023-02-09,0.75,A001,54,1120,1120.0,5,4,0.1133928571428571,0.2422491077385,0,5,427.675320987652,0.2589285714285714,0.0866071428571428,0.4142857142857143,0.2401785714285714,0.0655396593871404,0.5849457309573651,0.2422491077385,0.3607056839000763,1,1,2,1,0.2,0.2,0.4,0.2,224.0,224.0,0.4142857142857143,2,0.2546246893615354,0.2422491077385,0.9156719821048904,542.2890493827138,63,142.6256666666731,0.0504130581905674,16457.47533333335
2023-02-09,1.0,A002,54,1120,1120.0,5,4,0.2544642857142857,0.0655396593871404,1,5,555.1013765432111,0.2589285714285714,0.0866071428571428,0.4142857142857143,0.2401785714285714,0.0655396593871404,0.5849457309573651,0.2422491077385,0.3607056839000763,2,1,1,1,0.4,0.2,0.2,0.2,224.0,224.0,0.4142857142857143,2,0.2546246893615354,0.0655396593871404,0.9156719821048904,668.2505246913593,39,63.5383333333386,0.0231043947985525,16109.290333333329
2023-02-09,2.0,A002,54,1120,1120.0,5,4,0.2544642857142857,0.0655396593871404,1,5,555.1013765432111,0.2589285714285714,0.0866071428571428,0.4142857142857143,0.2401785714285714,0.0655396593871404,0.5849457309573651,0.2422491077385,0.3607056839000763,2,1,1,1,0.4,0.2,0.2,0.2,224.0,224.0,0.4142857142857143,2,0.2546246893615354,0.0655396593871404,0.9156719821048904,668.2505246913593,39,63.5383333333386,0.0231043947985525,16109.290333333329
2023-02-09,4.0,A002,54,1120,1120.0,5,4,0.2544642857142857,0.0655396593871404,1,5,555.1013765432111,0.2589285714285714,0.0866071428571428,0.4142857142857143,0.2401785714285714,0.0655396593871404,0.5849457309573651,0.2422491077385,0.3607056839000763,2,1,1,1,0.4,0.2,0.2,0.2,224.0,224.0,0.4142857142857143,2,0.2546246893615354,0.0655396593871404,0.9156719821048904,668.2505246913593,39,63.5383333333386,0.0231043947985525,16109.290333333329
2023-02-09,8.0,A002,54,1120,1120.0,5,4,0.2544642857142857,0.0655396593871404,1,5,555.1013765432111,0.2589285714285714,0.0866071428571428,0.4142857142857143,0.2401785714285714,0.0655396593871404,0.5849457309573651,0.2422491077385,0.3607056839000763,2,1,1,1,0.4,0.2,0.2,0.2,224.0,224.0,0.4142857142857143,2,0.2546246893615354,0.0655396593871404,0.9156719821048904,668.2505246913593,39,63.5383333333386,0.0231043947985525,16109.290333333329
2023-02-13,0.0,A001,35,643,643.0,8,4,0.1164463452566096,0.454050453835213,0,8,36.68193333333551,0.4914463452566096,0.0451010886469673,0.3701399688958009,0.093312597200622,0.0399876363052554,0.2036680301534713,0.1113625149731488,0.1867940086256059,3,1,3,1,0.375,0.125,0.375,0.125,80.375,80.375,0.4914463452566096,3,0.08748737951486334,0.4540504538352126,0.7776685455563018,171.44628571429263,72,170.15533333331084,0.0610367468080799,32182.246333333336
2023-02-13,0.05,A002,35,643,643.0,8,4,0.1201399688958009,0.3512883328046817,1,8,45.11578571428891,0.4914463452566096,0.0451010886469673,0.3701399688958009,0.093312597200622,0.0399876363052554,0.2036680301534713,0.1113625149731488,0.1867940086256059,4,1,2,1,0.5,0.125,0.25,0.125,80.375,80.375,0.4914463452566096,4,0.08748737951486334,0.3512883328046812,0.7776685455563018,179.32029523810448,58,150.56083333335798,0.0543902632719629,32211.8766666667
2023-02-13,0.1,A002,35,643,643.0,8,4,0.1201399688958009,0.3512883328046817,1,8,45.11578571428891,0.4914463452566096,0.0451010886469673,0.3701399688958009,0.093312597200622,0.0399876363052554,0.2036680301534713,0.1113625149731488,0.1867940086256059,4,1,2,1,0.5,0.125,0.25,0.125,80.375,80.375,0.4914463452566096,4,0.08748737951486334,0.3512883328046812,0.7776685455563018,179.32029523810448,58,150.56083333335798,0.0543902632719629,32211.8766666667
2023-02-13,0.25,A002,35,643,643.0,8,4,0.1201399688958009,0.3512883328046817,1,8,45.11578571428891,0.4914463452566096,0.0451010886469673,0.3701399688958009,0.093312597200622,0.0399876363052554,0.2036680301534713,0.1113625149731488,0.1867940086256059,4,1,2,1,0.5,0.125,0.25,0.125,80.375,80.375,0.4914463452566096,4,0.08748737951486334,0.3512883328046812,0.7776685455563018,179.32029523810448,58,150.56083333335798,0.0543902632719629,32211.8766666667
2023-02-13,0.5,A002,35,643,643.0,8,4,0.1201399688958009,0.3512883328046817,1,8,45.11578571428891,0.4914463452566096,0.0451010886469673,0.3701399688958009,0.093312597200622,0.0399876363052554,0.2036680301534713,0.1113625149731488,0.1867940086256059,4,1,2,1,0.5,0.125,0.25,0.125,80.375,80.375,0.4914463452566096,4,0.08748737951486334,0.3512883328046812,0.7776685455563018,179.32029523810448,58,150.56083333335798,0.0543902632719629,32211.8766666667
2023-02-13,0.75,A002,35,643,643.0,8,4,0.1201399688958009,0.3512883328046817,1,8,45.11578571428891,0.4914463452566096,0.0451010886469673,0.3701399688958009,0.093312597200622,0.0399876363052554,0.2036680301534713,0.1113625149731488,0.1867940086256059,4,1,2,1,0.5,0.125,0.25,0.125,80.375,80.375,0.4914463452566096,4,0.08748737951486334,0.3512883328046812,0.7776685455563018,179.32029523810448,58,150.56083333335798,0.0543902632719629,32211.8766666667
2023-02-13,1.0,A002,35,643,643.0,8,4,0.1201399688958009,0.3512883328046817,1,8,45.11578571428891,0.4914463452566096,0.0451010886469673,0.3701399688958009,0.093312597200622,0.0399876363052554,0.2036680301534713,0.1113625149731488,0.1867940086256059,4,1,2,1,0.5,0.125,0.25,0.125,80.375,80.375,0.4914463452566096,4,0.08748737951486334,0.3512883328046812,0.7776685455563018,179.32029523810448,58,150.56083333335798,0.0543902632719629,32211.8766666667
2023-02-13,2.0,A002,35,643,643.0,8,4,0.1201399688958009,0.3512883328046817,1,8,45.11578571428891,0.4914463452566096,0.0451010886469673,0.3701399688958009,0.093312597200622,0.0399876363052554,0.2036680301534713,0.1113625149731488,0.1867940086256059,4,1,2,1,0.5,0.125,0.25,0.125,80.375,80.375,0.4914463452566096,4,0.08748737951486334,0.3512883328046812,0.7776685455563018,179.32029523810448,58,150.56083333335798,0.0543902632719629,32211.8766666667
2023-02-13,4.0,A002,35,643,643.0,8,4,0.1201399688958009,0.3512883328046817,1,8,45.11578571428891,0.4914463452566096,0.0451010886469673,0.3701399688958009,0.093312597200622,0.0399876363052554,0.2036680301534713,0.1113625149731488,0.1867940086256059,4,1,2,1,0.5,0.125,0.25,0.125,80.375,80.375,0.4914463452566096,4,0.08748737951486334,0.3512883328046812,0.7776685455563018,179.32029523810448,58,150.56083333335798,0.0543902632719629,32211.8766666667
2023-02-13,8.0,A002,35,643,643.0,8,4,0.1201399688958009,0.3512883328046817,1,8,45.11578571428891,0.4914463452566096,0.0451010886469673,0.3701399688958009,0.093312597200622,0.0399876363052554,0.2036680301534713,0.1113625149731488,0.1867940086256059,4,1,2,1,0.5,0.125,0.25,0.125,80.375,80.375,0.4914463452566096,4,0.08748737951486334,0.3512883328046812,0.7776685455563018,179.32029523810448,58,150.56083333335798,0.0543902632719629,32211.8766666667
2023-02-14,0.0,A001,27,471,471.0,5,4,0.1554140127388535,0.1652494886773307,0,5,134.62709876543573,0.2101910828025477,0.0445859872611464,0.5159235668789809,0.2292993630573248,0.2489075067580312,0.3794520248233677,0.1652494886773307,0.2979332563598376,1,1,2,1,0.2,0.2,0.4,0.2,94.2,94.2,0.5159235668789809,2,0.22280839304838554,0.1652494886773307,0.8264134296088387,243.2298580246959,28,51.23916666659175,0.0337260756147693,20756.91166666665
2023-02-14,0.05,A001,27,471,471.0,5,4,0.1554140127388535,0.1652494886773307,0,5,134.62709876543573,0.2101910828025477,0.0445859872611464,0.5159235668789809,0.2292993630573248,0.2489075067580312,0.3794520248233677,0.1652494886773307,0.2979332563598376,1,1,2,1,0.2,0.2,0.4,0.2,94.2,94.2,0.5159235668789809,2,0.22280839304838554,0.1652494886773307,0.8264134296088387,243.2298580246959,28,51.23916666659175,0.0337260756147693,20756.91166666665
2023-02-14,0.1,A001,27,471,471.0,5,4,0.1554140127388535,0.1652494886773307,0,5,134.62709876543573,0.2101910828025477,0.0445859872611464,0.5159235668789809,0.2292993630573248,0.2489075067580312,0.3794520248233677,0.1652494886773307,0.2979332563598376,1,1,2,1,0.2,0.2,0.4,0.2,94.2,94.2,0.5159235668789809,2,0.22280839304838554,0.1652494886773307,0.8264134296088387,243.2298580246959,28,51.23916666659175,0.0337260756147693,20756.91166666665
2023-02-14,0.25,A001,27,471,471.0,5,4,0.1554140127388535,0.1652494886773307,0,5,134.62709876543573,0.2101910828025477,0.0445859872611464,0.5159235668789809,0.2292993630573248,0.2489075067580312,0.3794520248233677,0.1652494886773307,0.2979332563598376,1,1,2,1,0.2,0.2,0.4,0.2,94.2,94.2,0.5159235668789809,2,0.22280839304838554,0.1652494886773307,0.8264134296088387,243.2298580246959,28,51.23916666659175,0.0337260756147693,20756.91166666665
2023-02-14,0.5,A001,27,471,471.0,5,4,0.1554140127388535,0.1652494886773307,0,5,134.62709876543573,0.2101910828025477,0.0445859872611464,0.5159235668789809,0.2292993630573248,0.2489075067580312,0.3794520248233677,0.1652494886773307,0.2979332563598376,1,1,2,1,0.2,0.2,0.4,0.2,94.2,94.2,0.5159235668789809,2,0.22280839304838554,0.1652494886773307,0.8264134296088387,243.2298580246959,28,51.23916666659175,0.0337260756147693,20756.91166666665
2023-02-14,0.75,A001,27,471,471.0,5,4,0.1554140127388535,0.1652494886773307,0,5,134.62709876543573,0.2101910828025477,0.0445859872611464,0.5159235668789809,0.2292993630573248,0.2489075067580312,0.3794520248233677,0.1652494886773307,0.2979332563598376,1,1,2,1,0.2,0.2,0.4,0.2,94.2,94.2,0.5159235668789809,2,0.22280839304838554,0.1652494886773307,0.8264134296088387,243.2298580246959,28,51.23916666659175,0.0337260756147693,20756.91166666665
2023-02-14,1.0,A001,27,471,471.0,5,4,0.1554140127388535,0.1652494886773307,0,5,134.62709876543573,0.2101910828025477,0.0445859872611464,0.5159235668789809,0.2292993630573248,0.2489075067580312,0.3794520248233677,0.1652494886773307,0.2979332563598376,1,1,2,1,0.2,0.2,0.4,0.2,94.2,94.2,0.5159235668789809,2,0.22280839304838554,0.1652494886773307,0.8264134296088387,243.2298580246959,28,51.23916666659175,0.0337260756147693,20756.91166666665
2023-02-14,2.0,A001,27,471,471.0,5,4,0.1554140127388535,0.1652494886773307,0,5,134.62709876543573,0.2101910828025477,0.0445859872611464,0.5159235668789809,0.2292993630573248,0.2489075067580312,0.3794520248233677,0.1652494886773307,0.2979332563598376,1,1,2,1,0.2,0.2,0.4,0.2,94.2,94.2,0.5159235668789809,2,0.22280839304838554,0.1652494886773307,0.8264134296088387,243.2298580246959,28,51.23916666659175,0.0337260756147693,20756.91166666665
2023-02-14,4.0,A001,27,471,471.0,5,4,0.1554140127388535,0.1652494886773307,0,5,134.62709876543573,0.2101910828025477,0.0445859872611464,0.5159235668789809,0.2292993630573248,0.2489075067580312,0.3794520248233677,0.1652494886773307,0.2979332563598376,1,1,2,1,0.2,0.2,0.4,0.2,94.2,94.2,0.5159235668789809,2,0.22280839304838554,0.1652494886773307,0.8264134296088387,243.2298580246959,28,51.23916666659175,0.0337260756147693,20756.91166666665
2023-02-14,8.0,A001,27,471,471.0,5,4,0.1554140127388535,0.1652494886773307,0,5,134.62709876543573,0.2101910828025477,0.0445859872611464,0.5159235668789809,0.2292993630573248,0.2489075067580312,0.3794520248233677,0.1652494886773307,0.2979332563598376,1,1,2,1,0.2,0.2,0.4,0.2,94.2,94.2,0.5159235668789809,2,0.22280839304838554,0.1652494886773307,0.8264134296088387,243.2298580246959,28,51.23916666659175,0.0337260756147693,20756.91166666665
2023-02-16,0.0,A001,38,742,742.0,9,4,0.0509134471398622,1.488382038710562,0,9,154.3338771929821,0.1765498652291105,0.2169811320754717,0.3504043126684636,0.2560646900269542,0.300384122363057,0.4292881418126399,0.1505509853636166,0.307056818444015,2,2,3,2,0.2222222222222222,0.2222222222222222,0.3333333333333333,0.2222222222222222,82.44444444444444,82.44444444444444,0.3504043126684636,3,0.27756032690067206,1.4883820387105617,0.976704920420821,266.1262105263148,97,248.1726666666661,0.122729638994015,25569.392333333337
2023-02-16,0.05,A001,38,742,742.0,9,4,0.0509134471398622,1.488382038710562,0,9,154.3338771929821,0.1765498652291105,0.2169811320754717,0.3504043126684636,0.2560646900269542,0.300384122363057,0.4292881418126399,0.1505509853636166,0.307056818444015,2,2,3,2,0.2222222222222222,0.2222222222222222,0.3333333333333333,0.2222222222222222,82.44444444444444,82.44444444444444,0.3504043126684636,3,0.27756032690067206,1.4883820387105617,0.976704920420821,266.1262105263148,97,248.1726666666661,0.122729638994015,25569.392333333337
2023-02-16,0.1,A001,38,742,742.0,9,4,0.0509134471398622,1.488382038710562,0,9,154.3338771929821,0.1765498652291105,0.2169811320754717,0.3504043126684636,0.2560646900269542,0.300384122363057,0.4292881418126399,0.1505509853636166,0.307056818444015,2,2,3,2,0.2222222222222222,0.2222222222222222,0.3333333333333333,0.2222222222222222,82.44444444444444,82.44444444444444,0.3504043126684636,3,0.27756032690067206,1.4883820387105617,0.976704920420821,266.1262105263148,97,248.1726666666661,0.122729638994015,25569.392333333337
2023-02-16,0.25,A001,38,742,742.0,9,4,0.0509134471398622,1.488382038710562,0,9,154.3338771929821,0.1765498652291105,0.2169811320754717,0.3504043126684636,0.2560646900269542,0.300384122363057,0.4292881418126399,0.1505509853636166,0.307056818444015,2,2,3,2,0.2222222222222222,0.2222222222222222,0.3333333333333333,0.2222222222222222,82.44444444444444,82.44444444444444,0.3504043126684636,3,0.27756032690067206,1.4883820387105617,0.976704920420821,266.1262105263148,97,248.1726666666661,0.122729638994015,25569.392333333337
2023-02-16,0.5,A001,38,742,742.0,9,4,0.0509134471398622,1.488382038710562,0,9,154.3338771929821,0.1765498652291105,0.2169811320754717,0.3504043126684636,0.2560646900269542,0.300384122363057,0.4292881418126399,0.1505509853636166,0.307056818444015,2,2,3,2,0.2222222222222222,0.2222222222222222,0.3333333333333333,0.2222222222222222,82.44444444444444,82.44444444444444,0.3504043126684636,3,0.27756032690067206,1.4883820387105617,0.976704920420821,266.1262105263148,97,248.1726666666661,0.122729638994015,25569.392333333337
2023-02-16,0.75,A001,38,742,742.0,9,4,0.0509134471398622,1.488382038710562,0,9,154.3338771929821,0.1765498652291105,0.2169811320754717,0.3504043126684636,0.2560646900269542,0.300384122363057,0.4292881418126399,0.1505509853636166,0.307056818444015,2,2,3,2,0.2222222222222222,0.2222222222222222,0.3333333333333333,0.2222222222222222,82.44444444444444,82.44444444444444,0.3504043126684636,3,0.27756032690067206,1.4883820387105617,0.976704920420821,266.1262105263148,97,248.1726666666661,0.122729638994015,25569.392333333337
2023-02-16,1.0,A001,38,742,742.0,9,4,0.0509134471398622,1.488382038710562,0,9,154.3338771929821,0.1765498652291105,0.2169811320754717,0.3504043126684636,0.2560646900269542,0.300384122363057,0.4292881418126399,0.1505509853636166,0.307056818444015,2,2,3,2,0.2222222222222222,0.2222222222222222,0.3333333333333333,0.2222222222222222,82.44444444444444,82.44444444444444,0.3504043126684636,3,0.27756032690067206,1.4883820387105617,0.976704920420821,266.1262105263148,97,248.1726666666661,0.122729638994015,25569.392333333337
2023-02-16,2.0,A001,38,742,742.0,9,4,0.0509134471398622,1.488382038710562,0,9,154.3338771929821,0.1765498652291105,0.2169811320754717,0.3504043126684636,0.2560646900269542,0.300384122363057,0.4292881418126399,0.1505509853636166,0.307056818444015,2,2,3,2,0.2222222222222222,0.2222222222222222,0.3333333333333333,0.2222222222222222,82.44444444444444,82.44444444444444,0.3504043126684636,3,0.27756032690067206,1.4883820387105617,0.976704920420821,266.1262105263148,97,248.1726666666661,0.122729638994015,25569.392333333337
2023-02-16,4.0,A001,38,742,742.0,9,4,0.0509134471398622,1.488382038710562,0,9,154.3338771929821,0.1765498652291105,0.2169811320754717,0.3504043126684636,0.2560646900269542,0.300384122363057,0.4292881418126399,0.1505509853636166,0.307056818444015,2,2,3,2,0.2222222222222222,0.2222222222222222,0.3333333333333333,0.2222222222222222,82.44444444444444,82.44444444444444,0.3504043126684636,3,0.27756032690067206,1.4883820387105617,0.976704920420821,266.1262105263148,97,248.1726666666661,0.122729638994015,25569.392333333337
2023-02-16,8.0,A001,38,742,742.0,9,4,0.0509134471398622,1.488382038710562,0,9,154.3338771929821,0.1765498652291105,0.2169811320754717,0.3504043126684636,0.2560646900269542,0.300384122363057,0.4292881418126399,0.1505509853636166,0.307056818444015,2,2,3,2,0.2222222222222222,0.2222222222222222,0.3333333333333333,0.2222222222222222,82.44444444444444,82.44444444444444,0.3504043126684636,3,0.27756032690067206,1.4883820387105617,0.976704920420821,266.1262105263148,97,248.1726666666661,0.122729638994015,25569.392333333337
2023-02-21,0.0,A001,74,1609,1609.0,7,4,0.1279410459025126,0.7636412862558393,0,7,753.523436936938,0.5742697327532629,0.0149160969546302,0.2007458048477315,0.2100683654443753,0.1272735477093065,0.3632032933517065,0.0418680131898112,0.1991948020222724,4,1,1,1,0.5714285714285714,0.1428571428571428,0.1428571428571428,0.1428571428571428,229.85714285714286,229.85714285714286,0.5742697327532629,4,0.12875627623845692,0.7636412862558389,0.7439719597075091,894.1632702702728,164,276.8276666666645,0.049607602106988,2259.356333333372
2023-02-21,0.05,A001,74,1609,1609.0,7,4,0.1279410459025126,0.7636412862558393,0,7,753.523436936938,0.5742697327532629,0.0149160969546302,0.2007458048477315,0.2100683654443753,0.1272735477093065,0.3632032933517065,0.0418680131898112,0.1991948020222724,4,1,1,1,0.5714285714285714,0.1428571428571428,0.1428571428571428,0.1428571428571428,229.85714285714286,229.85714285714286,0.5742697327532629,4,0.12875627623845692,0.7636412862558389,0.7439719597075091,894.1632702702728,164,276.8276666666645,0.049607602106988,2259.356333333372
2023-02-21,0.1,A001,74,1609,1609.0,7,4,0.1279410459025126,0.7636412862558393,0,7,753.523436936938,0.5742697327532629,0.0149160969546302,0.2007458048477315,0.2100683654443753,0.1272735477093065,0.3632032933517065,0.0418680131898112,0.1991948020222724,4,1,1,1,0.5714285714285714,0.1428571428571428,0.1428571428571428,0.1428571428571428,229.85714285714286,229.85714285714286,0.5742697327532629,4,0.12875627623845692,0.7636412862558389,0.7439719597075091,894.1632702702728,164,276.8276666666645,0.049607602106988,2259.356333333372
2023-02-21,0.25,A002,74,1609,1609.0,7,4,0.2129095267690668,0.4236886563177309,1,7,766.9345247747766,0.5742697327532629,0.0149160969546302,0.2007458048477315,0.2100683654443753,0.1272735477093065,0.3632032933517065,0.0418680131898112,0.1991948020222724,3,1,2,1,0.4285714285714285,0.1428571428571428,0.2857142857142857,0.1428571428571428,229.85714285714286,229.85714285714286,0.5742697327532629,3,0.12875627623845692,0.42368865631773067,0.7439719597075091,907.5534977477516,159,275.28400000001443,0.0493446265543666,2160.306833333372
2023-02-21,0.5,A002,74,1609,1609.0,7,4,0.2129095267690668,0.4236886563177309,1,7,766.9345247747766,0.5742697327532629,0.0149160969546302,0.2007458048477315,0.2100683654443753,0.1272735477093065,0.3632032933517065,0.0418680131898112,0.1991948020222724,3,1,2,1,0.4285714285714285,0.1428571428571428,0.2857142857142857,0.1428571428571428,229.85714285714286,229.85714285714286,0.5742697327532629,3,0.12875627623845692,0.42368865631773067,0.7439719597075091,907.5534977477516,159,275.28400000001443,0.0493446265543666,2160.306833333372
2023-02-21,0.75,A002,74,1609,1609.0,7,4,0.2129095267690668,0.4236886563177309,1,7,766.9345247747766,0.5742697327532629,0.0149160969546302,0.2007458048477315,0.2100683654443753,0.1272735477093065,0.3632032933517065,0.0418680131898112,0.1991948020222724,3,1,2,1,0.4285714285714285,0.1428571428571428,0.2857142857142857,0.1428571428571428,229.85714285714286,229.85714285714286,0.5742697327532629,3,0.12875627623845692,0.42368865631773067,0.7439719597075091,907.5534977477516,159,275.28400000001443,0.0493446265543666,2160.306833333372
2023-02-21,1.0,A003,74,1609,1609.0,7,4,0.3557666696262097,0.2528775872787403,2,7,972.6913693693732,0.5742697327532629,0.0149160969546302,0.2007458048477315,0.2100683654443753,0.1272735477093065,0.3632032933517065,0.0418680131898112,0.1991948020222724,2,1,3,1,0.2857142857142857,0.1428571428571428,0.4285714285714285,0.1428571428571428,229.85714285714286,229.85714285714286,0.5742697327532629,3,0.12875627623845692,0.2528775872787401,0.7439719597075091,1112.101049549553,112,185.7963333333214,0.0338468986028538,2878.464666666643
2023-02-21,2.0,A003,74,1609,1609.0,7,4,0.3557666696262097,0.2528775872787403,2,7,972.6913693693732,0.5742697327532629,0.0149160969546302,0.2007458048477315,0.2100683654443753,0.1272735477093065,0.3632032933517065,0.0418680131898112,0.1991948020222724,2,1,3,1,0.2857142857142857,0.1428571428571428,0.4285714285714285,0.1428571428571428,229.85714285714286,229.85714285714286,0.5742697327532629,3,0.12875627623845692,0.2528775872787401,0.7439719597075091,1112.101049549553,112,185.7963333333214,0.0338468986028538,2878.464666666643
2023-02-21,4.0,A003,74,1609,1609.0,7,4,0.3557666696262097,0.2528775872787403,2,7,972.6913693693732,0.5742697327532629,0.0149160969546302,0.2007458048477315,0.2100683654443753,0.1272735477093065,0.3632032933517065,0.0418680131898112,0.1991948020222724,2,1,3,1,0.2857142857142857,0.1428571428571428,0.4285714285714285,0.1428571428571428,229.85714285714286,229.85714285714286,0.5742697327532629,3,0.12875627623845692,0.2528775872787401,0.7439719597075091,1112.101049549553,112,185.7963333333214,0.0338468986028538,2878.464666666643
2023-02-21,8.0,A003,74,1609,1609.0,7,4,0.3557666696262097,0.2528775872787403,2,7,972.6913693693732,0.5742697327532629,0.0149160969546302,0.2007458048477315,0.2100683654443753,0.1272735477093065,0.3632032933517065,0.0418680131898112,0.1991948020222724,2,1,3,1,0.2857142857142857,0.1428571428571428,0.4285714285714285,0.1428571428571428,229.85714285714286,229.85714285714286,0.5742697327532629,3,0.12875627623845692,0.2528775872787401,0.7439719597075091,1112.101049549553,112,185.7963333333214,0.0338468986028538,2878.464666666643
2023-02-22,0.0,A001,44,897,897.0,8,4,0.100613154960981,1.1137495045727956,0,8,241.71280303030207,0.3957636566332218,0.0356744704570791,0.4548494983277591,0.1137123745819397,0.0915971270305142,0.3370087762224529,0.2796527078270843,0.0597872438479976,3,1,3,1,0.375,0.125,0.375,0.125,112.125,112.125,0.4548494983277591,3,0.18227186689063227,1.1137495045727954,0.7872125080200326,362.4227348484831,105,193.98666666667432,0.0740340154980931,828.6376666666608
2023-02-22,0.05,A001,44,897,897.0,8,4,0.100613154960981,1.1137495045727956,0,8,241.71280303030207,0.3957636566332218,0.0356744704570791,0.4548494983277591,0.1137123745819397,0.0915971270305142,0.3370087762224529,0.2796527078270843,0.0597872438479976,3,1,3,1,0.375,0.125,0.375,0.125,112.125,112.125,0.4548494983277591,3,0.18227186689063227,1.1137495045727954,0.7872125080200326,362.4227348484831,105,193.98666666667432,0.0740340154980931,828.6376666666608
2023-02-22,0.1,A001,44,897,897.0,8,4,0.100613154960981,1.1137495045727956,0,8,241.71280303030207,0.3957636566332218,0.0356744704570791,0.4548494983277591,0.1137123745819397,0.0915971270305142,0.3370087762224529,0.2796527078270843,0.0597872438479976,3,1,3,1,0.375,0.125,0.375,0.125,112.125,112.125,0.4548494983277591,3,0.18227186689063227,1.1137495045727954,0.7872125080200326,362.4227348484831,105,193.98666666667432,0.0740340154980931,828.6376666666608
2023-02-22,0.25,A001,44,897,897.0,8,4,0.100613154960981,1.1137495045727956,0,8,241.71280303030207,0.3957636566332218,0.0356744704570791,0.4548494983277591,0.1137123745819397,0.0915971270305142,0.3370087762224529,0.2796527078270843,0.0597872438479976,3,1,3,1,0.375,0.125,0.375,0.125,112.125,112.125,0.4548494983277591,3,0.18227186689063227,1.1137495045727954,0.7872125080200326,362.4227348484831,105,193.98666666667432,0.0740340154980931,828.6376666666608
2023-02-22,0.5,A002,44,897,897.0,8,4,0.225613154960981,0.6142313327666247,1,8,281.89687121211927,0.3957636566332218,0.0356744704570791,0.4548494983277591,0.1137123745819397,0.0915971270305142,0.3370087762224529,0.2796527078270843,0.0597872438479976,3,1,2,2,0.375,0.125,0.25,0.25,112.125,112.125,0.4548494983277591,3,0.18227186689063227,0.6142313327666244,0.7872125080200326,400.45761363636086,74,99.42233333333762,0.0393646946595636,1040.1509999999926
2023-02-22,0.75,A002,44,897,897.0,8,4,0.225613154960981,0.6142313327666247,1,8,281.89687121211927,0.3957636566332218,0.0356744704570791,0.4548494983277591,0.1137123745819397,0.0915971270305142,0.3370087762224529,0.2796527078270843,0.0597872438479976,3,1,2,2,0.375,0.125,0.25,0.25,112.125,112.125,0.4548494983277591,3,0.18227186689063227,0.6142313327666244,0.7872125080200326,400.45761363636086,74,99.42233333333762,0.0393646946595636,1040.1509999999926
2023-02-22,1.0,A003,44,897,897.0,8,4,0.350613154960981,0.4541531126355356,2,8,497.2935075757566,0.3957636566332218,0.0356744704570791,0.4548494983277591,0.1137123745819397,0.0915971270305142,0.3370087762224529,0.2796527078270843,0.0597872438479976,3,1,1,3,0.375,0.125,0.125,0.375,112.125,112.125,0.4548494983277591,3,0.18227186689063227,0.45415311263553537,0.7872125080200326,615.3415378787869,53,76.86300000000226,0.0307069595996461,2012.1846666666888
2023-02-22,2.0,A003,44,897,897.0,8,4,0.350613154960981,0.4541531126355356,2,8,497.2935075757566,0.3957636566332218,0.0356744704570791,0.4548494983277591,0.1137123745819397,0.0915971270305142,0.3370087762224529,0.2796527078270843,0.0597872438479976,3,1,1,3,0.375,0.125,0.125,0.375,112.125,112.125,0.4548494983277591,3,0.18227186689063227,0.45415311263553537,0.7872125080200326,615.3415378787869,53,76.86300000000226,0.0307069595996461,2012.1846666666888
2023-02-22,4.0,A003,44,897,897.0,8,4,0.350613154960981,0.4541531126355356,2,8,497.2935075757566,0.3957636566332218,0.0356744704570791,0.4548494983277591,0.1137123745819397,0.0915971270305142,0.3370087762224529,0.2796527078270843,0.0597872438479976,3,1,1,3,0.375,0.125,0.125,0.375,112.125,112.125,0.4548494983277591,3,0.18227186689063227,0.45415311263553537,0.7872125080200326,615.3415378787869,53,76.86300000000226,0.0307069595996461,2012.1846666666888
2023-02-22,8.0,A003,44,897,897.0,8,4,0.350613154960981,0.4541531126355356,2,8,497.2935075757566,0.3957636566332218,0.0356744704570791,0.4548494983277591,0.1137123745819397,0.0915971270305142,0.3370087762224529,0.2796527078270843,0.0597872438479976,3,1,1,3,0.375,0.125,0.125,0.375,112.125,112.125,0.4548494983277591,3,0.18227186689063227,0.45415311263553537,0.7872125080200326,615.3415378787869,53,76.86300000000226,0.0307069595996461,2012.1846666666888
2023-02-23,0.0,A001,57,1232,1232.0,7,4,0.1071428571428571,0.7297261943154302,0,7,367.54596491227846,0.3863636363636363,0.224025974025974,0.3116883116883117,0.0779220779220779,0.142398338200493,0.3945502283806323,0.3025311797139509,0.1421074978320796,3,1,2,1,0.4285714285714285,0.1428571428571428,0.2857142857142857,0.1428571428571428,176.0,176.0,0.3863636363636363,3,0.24877578313192042,0.7297261943154298,0.912342943337909,492.79779532163445,155,314.370666666673,0.0912977975061749,17992.377999999997
2023-02-23,0.05,A001,57,1232,1232.0,7,4,0.1071428571428571,0.7297261943154302,0,7,367.54596491227846,0.3863636363636363,0.224025974025974,0.3116883116883117,0.0779220779220779,0.142398338200493,0.3945502283806323,0.3025311797139509,0.1421074978320796,3,1,2,1,0.4285714285714285,0.1428571428571428,0.2857142857142857,0.1428571428571428,176.0,176.0,0.3863636363636363,3,0.24877578313192042,0.7297261943154298,0.912342943337909,492.79779532163445,155,314.370666666673,0.0912977975061749,17992.377999999997
2023-02-23,0.1,A001,57,1232,1232.0,7,4,0.1071428571428571,0.7297261943154302,0,7,367.54596491227846,0.3863636363636363,0.224025974025974,0.3116883116883117,0.0779220779220779,0.142398338200493,0.3945502283806323,0.3025311797139509,0.1421074978320796,3,1,2,1,0.4285714285714285,0.1428571428571428,0.2857142857142857,0.1428571428571428,176.0,176.0,0.3863636363636363,3,0.24877578313192042,0.7297261943154298,0.912342943337909,492.79779532163445,155,314.370666666673,0.0912977975061749,17992.377999999997
2023-02-23,0.25,A001,57,1232,1232.0,7,4,0.1071428571428571,0.7297261943154302,0,7,367.54596491227846,0.3863636363636363,0.224025974025974,0.3116883116883117,0.0779220779220779,0.142398338200493,0.3945502283806323,0.3025311797139509,0.1421074978320796,3,1,2,1,0.4285714285714285,0.1428571428571428,0.2857142857142857,0.1428571428571428,176.0,176.0,0.3863636363636363,3,0.24877578313192042,0.7297261943154298,0.912342943337909,492.79779532163445,155,314.370666666673,0.0912977975061749,17992.377999999997
2023-02-23,0.5,A001,57,1232,1232.0,7,4,0.1071428571428571,0.7297261943154302,0,7,367.54596491227846,0.3863636363636363,0.224025974025974,0.3116883116883117,0.0779220779220779,0.142398338200493,0.3945502283806323,0.3025311797139509,0.1421074978320796,3,1,2,1,0.4285714285714285,0.1428571428571428,0.2857142857142857,0.1428571428571428,176.0,176.0,0.3863636363636363,3,0.24877578313192042,0.7297261943154298,0.912342943337909,492.79779532163445,155,314.370666666673,0.0912977975061749,17992.377999999997
2023-02-23,0.75,A002,57,1232,1232.0,7,4,0.2077922077922078,0.5870370157465237,1,7,434.6998011695866,0.3863636363636363,0.224025974025974,0.3116883116883117,0.0779220779220779,0.142398338200493,0.3945502283806323,0.3025311797139509,0.1421074978320796,2,1,2,2,0.2857142857142857,0.1428571428571428,0.2857142857142857,0.2857142857142857,176.0,176.0,0.3863636363636363,2,0.24877578313192042,0.5870370157465234,0.912342943337909,558.4743391812821,120,230.16499999998575,0.06851884892263,17992.377999999997
2023-02-23,1.0,A002,57,1232,1232.0,7,4,0.2077922077922078,0.5870370157465237,1,7,434.6998011695866,0.3863636363636363,0.224025974025974,0.3116883116883117,0.0779220779220779,0.142398338200493,0.3945502283806323,0.3025311797139509,0.1421074978320796,2,1,2,2,0.2857142857142857,0.1428571428571428,0.2857142857142857,0.2857142857142857,176.0,176.0,0.3863636363636363,2,0.24877578313192042,0.5870370157465234,0.912342943337909,558.4743391812821,120,230.16499999998575,0.06851884892263,17992.377999999997
2023-02-23,2.0,A002,57,1232,1232.0,7,4,0.2077922077922078,0.5870370157465237,1,7,434.6998011695866,0.3863636363636363,0.224025974025974,0.3116883116883117,0.0779220779220779,0.142398338200493,0.3945502283806323,0.3025311797139509,0.1421074978320796,2,1,2,2,0.2857142857142857,0.1428571428571428,0.2857142857142857,0.2857142857142857,176.0,176.0,0.3863636363636363,2,0.24877578313192042,0.5870370157465234,0.912342943337909,558.4743391812821,120,230.16499999998575,0.06851884892263,17992.377999999997
2023-02-23,4.0,A003,57,1232,1232.0,7,4,0.25,0.5693025124335589,1,7,487.5643976608175,0.3863636363636363,0.224025974025974,0.3116883116883117,0.0779220779220779,0.142398338200493,0.3945502283806323,0.3025311797139509,0.1421074978320796,3,1,1,2,0.4285714285714285,0.1428571428571428,0.1428571428571428,0.2857142857142857,176.0,176.0,0.3863636363636363,3,0.24877578313192042,0.5693025124335587,0.912342943337909,611.8911228070164,116,261.6396666666713,0.0771656539063135,17992.377999999997
2023-02-23,8.0,A003,57,1232,1232.0,7,4,0.25,0.5693025124335589,1,7,487.5643976608175,0.3863636363636363,0.224025974025974,0.3116883116883117,0.0779220779220779,0.142398338200493,0.3945502283806323,0.3025311797139509,0.1421074978320796,3,1,1,2,0.4285714285714285,0.1428571428571428,0.1428571428571428,0.2857142857142857,176.0,176.0,0.3863636363636363,3,0.24877578313192042,0.5693025124335587,0.912342943337909,611.8911228070164,116,261.6396666666713,0.0771656539063135,17992.377999999997
2023-02-27,0.0,A001,30,610,610.0,7,3,0.0611241217798594,0.6532885667918298,0,7,42.02989444454128,0.7754098360655738,0.0,0.1180327868852459,0.1065573770491803,0.0653288566791829,0.3007494294115135,0.1226375719380644,0.1190426023803677,5,0,1,1,0.7142857142857143,0.0,0.1428571428571428,0.1428571428571428,87.14285714285714,87.14285714285714,0.7754098360655738,5,0.07781675990740664,0.6532885667918289,0.6262784786669267,181.72477777807129,73,138.5581666673151,0.0586900362505435,34084.060333334324
2023-02-27,0.05,A001,30,610,610.0,7,3,0.0611241217798594,0.6532885667918298,0,7,42.02989444454128,0.7754098360655738,0.0,0.1180327868852459,0.1065573770491803,0.0653288566791829,0.3007494294115135,0.1226375719380644,0.1190426023803677,5,0,1,1,0.7142857142857143,0.0,0.1428571428571428,0.1428571428571428,87.14285714285714,87.14285714285714,0.7754098360655738,5,0.07781675990740664,0.6532885667918289,0.6262784786669267,181.72477777807129,73,138.5581666673151,0.0586900362505435,34084.060333334324
2023-02-27,0.1,A001,30,610,610.0,7,3,0.0611241217798594,0.6532885667918298,0,7,42.02989444454128,0.7754098360655738,0.0,0.1180327868852459,0.1065573770491803,0.0653288566791829,0.3007494294115135,0.1226375719380644,0.1190426023803677,5,0,1,1,0.7142857142857143,0.0,0.1428571428571428,0.1428571428571428,87.14285714285714,87.14285714285714,0.7754098360655738,5,0.07781675990740664,0.6532885667918289,0.6262784786669267,181.72477777807129,73,138.5581666673151,0.0586900362505435,34084.060333334324
2023-02-27,0.25,A001,30,610,610.0,7,3,0.0611241217798594,0.6532885667918298,0,7,42.02989444454128,0.7754098360655738,0.0,0.1180327868852459,0.1065573770491803,0.0653288566791829,0.3007494294115135,0.1226375719380644,0.1190426023803677,5,0,1,1,0.7142857142857143,0.0,0.1428571428571428,0.1428571428571428,87.14285714285714,87.14285714285714,0.7754098360655738,5,0.07781675990740664,0.6532885667918289,0.6262784786669267,181.72477777807129,73,138.5581666673151,0.0586900362505435,34084.060333334324
2023-02-27,0.5,A001,30,610,610.0,7,3,0.0611241217798594,0.6532885667918298,0,7,42.02989444454128,0.7754098360655738,0.0,0.1180327868852459,0.1065573770491803,0.0653288566791829,0.3007494294115135,0.1226375719380644,0.1190426023803677,5,0,1,1,0.7142857142857143,0.0,0.1428571428571428,0.1428571428571428,87.14285714285714,87.14285714285714,0.7754098360655738,5,0.07781675990740664,0.6532885667918289,0.6262784786669267,181.72477777807129,73,138.5581666673151,0.0586900362505435,34084.060333334324
2023-02-27,0.75,A001,30,610,610.0,7,3,0.0611241217798594,0.6532885667918298,0,7,42.02989444454128,0.7754098360655738,0.0,0.1180327868852459,0.1065573770491803,0.0653288566791829,0.3007494294115135,0.1226375719380644,0.1190426023803677,5,0,1,1,0.7142857142857143,0.0,0.1428571428571428,0.1428571428571428,87.14285714285714,87.14285714285714,0.7754098360655738,5,0.07781675990740664,0.6532885667918289,0.6262784786669267,181.72477777807129,73,138.5581666673151,0.0586900362505435,34084.060333334324
2023-02-27,1.0,A001,30,610,610.0,7,3,0.0611241217798594,0.6532885667918298,0,7,42.02989444454128,0.7754098360655738,0.0,0.1180327868852459,0.1065573770491803,0.0653288566791829,0.3007494294115135,0.1226375719380644,0.1190426023803677,5,0,1,1,0.7142857142857143,0.0,0.1428571428571428,0.1428571428571428,87.14285714285714,87.14285714285714,0.7754098360655738,5,0.07781675990740664,0.6532885667918289,0.6262784786669267,181.72477777807129,73,138.5581666673151,0.0586900362505435,34084.060333334324
2023-02-27,2.0,A002,30,610,610.0,7,3,0.3468384074941452,0.4376667443559812,2,7,102.35925555574887,0.7754098360655738,0.0,0.1180327868852459,0.1065573770491803,0.0653288566791829,0.3007494294115135,0.1226375719380644,0.1190426023803677,3,0,2,2,0.4285714285714285,0.0,0.2857142857142857,0.2857142857142857,87.14285714285714,87.14285714285714,0.7754098360655738,3,0.07781675990740664,0.43766674435598074,0.6262784786669267,239.98818888920744,42,76.57966666517304,0.0333119024950749,34333.67600000109
2023-02-27,4.0,A002,30,610,610.0,7,3,0.3468384074941452,0.4376667443559812,2,7,102.35925555574887,0.7754098360655738,0.0,0.1180327868852459,0.1065573770491803,0.0653288566791829,0.3007494294115135,0.1226375719380644,0.1190426023803677,3,0,2,2,0.4285714285714285,0.0,0.2857142857142857,0.2857142857142857,87.14285714285714,87.14285714285714,0.7754098360655738,3,0.07781675990740664,0.43766674435598074,0.6262784786669267,239.98818888920744,42,76.57966666517304,0.0333119024950749,34333.67600000109
2023-02-27,8.0,A002,30,610,610.0,7,3,0.3468384074941452,0.4376667443559812,2,7,102.35925555574887,0.7754098360655738,0.0,0.1180327868852459,0.1065573770491803,0.0653288566791829,0.3007494294115135,0.1226375719380644,0.1190426023803677,3,0,2,2,0.4285714285714285,0.0,0.2857142857142857,0.2857142857142857,87.14285714285714,87.14285714285714,0.7754098360655738,3,0.07781675990740664,0.43766674435598074,0.6262784786669267,239.98818888920744,42,76.57966666517304,0.0333119024950749,34333.67600000109
2023-02-28,0.0,A001,31,598,598.0,8,4,0.0606187290969899,0.8416686476715207,0,8,43.67526881720816,0.6153846153846154,0.0785953177257525,0.1856187290969899,0.1204013377926421,0.084166864767152,0.3010707277673704,0.3263514870583229,0.0819100910430919,5,1,1,1,0.625,0.125,0.125,0.125,74.75,74.75,0.6153846153846154,5,0.1458967760166468,0.84166864767152,0.7690650201036193,181.54176344086997,80,204.65633333333903,0.0825273294850857,19316.05600000001
2023-02-28,0.05,A001,31,598,598.0,8,4,0.0606187290969899,0.8416686476715207,0,8,43.67526881720816,0.6153846153846154,0.0785953177257525,0.1856187290969899,0.1204013377926421,0.084166864767152,0.3010707277673704,0.3263514870583229,0.0819100910430919,5,1,1,1,0.625,0.125,0.125,0.125,74.75,74.75,0.6153846153846154,5,0.1458967760166468,0.84166864767152,0.7690650201036193,181.54176344086997,80,204.65633333333903,0.0825273294850857,19316.05600000001
2023-02-28,0.1,A001,31,598,598.0,8,4,0.0606187290969899,0.8416686476715207,0,8,43.67526881720816,0.6153846153846154,0.0785953177257525,0.1856187290969899,0.1204013377926421,0.084166864767152,0.3010707277673704,0.3263514870583229,0.0819100910430919,5,1,1,1,0.625,0.125,0.125,0.125,74.75,74.75,0.6153846153846154,5,0.1458967760166468,0.84166864767152,0.7690650201036193,181.54176344086997,80,204.65633333333903,0.0825273294850857,19316.05600000001
2023-02-28,0.25,A001,31,598,598.0,8,4,0.0606187290969899,0.8416686476715207,0,8,43.67526881720816,0.6153846153846154,0.0785953177257525,0.1856187290969899,0.1204013377926421,0.084166864767152,0.3010707277673704,0.3263514870583229,0.0819100910430919,5,1,1,1,0.625,0.125,0.125,0.125,74.75,74.75,0.6153846153846154,5,0.1458967760166468,0.84166864767152,0.7690650201036193,181.54176344086997,80,204.65633333333903,0.0825273294850857,19316.05600000001
2023-02-28,0.5,A002,31,598,598.0,8,4,0.1760033444816053,0.5869112796460044,1,8,51.50472043010952,0.6153846153846154,0.0785953177257525,0.1856187290969899,0.1204013377926421,0.084166864767152,0.3010707277673704,0.3263514870583229,0.0819100910430919,4,1,1,2,0.5,0.125,0.125,0.25,74.75,74.75,0.6153846153846154,4,0.1458967760166468,0.5869112796460039,0.7690650201036193,186.390827956995,53,112.26433333327296,0.0470223142831017,19358.3866666667
2023-02-28,0.75,A002,31,598,598.0,8,4,0.1760033444816053,0.5869112796460044,1,8,51.50472043010952,0.6153846153846154,0.0785953177257525,0.1856187290969899,0.1204013377926421,0.084166864767152,0.3010707277673704,0.3263514870583229,0.0819100910430919,4,1,1,2,0.5,0.125,0.125,0.25,74.75,74.75,0.6153846153846154,4,0.1458967760166468,0.5869112796460039,0.7690650201036193,186.390827956995,53,112.26433333327296,0.0470223142831017,19358.3866666667
2023-02-28,1.0,A002,31,598,598.0,8,4,0.1760033444816053,0.5869112796460044,1,8,51.50472043010952,0.6153846153846154,0.0785953177257525,0.1856187290969899,0.1204013377926421,0.084166864767152,0.3010707277673704,0.3263514870583229,0.0819100910430919,4,1,1,2,0.5,0.125,0.125,0.25,74.75,74.75,0.6153846153846154,4,0.1458967760166468,0.5869112796460039,0.7690650201036193,186.390827956995,53,112.26433333327296,0.0470223142831017,19358.3866666667
2023-02-28,2.0,A003,31,598,598.0,8,4,0.3010033444816054,0.4982308674307322,2,8,81.71507526882118,0.6153846153846154,0.0785953177257525,0.1856187290969899,0.1204013377926421,0.084166864767152,0.3010707277673704,0.3263514870583229,0.0819100910430919,3,1,1,3,0.375,0.125,0.125,0.375,74.75,74.75,0.6153846153846154,3,0.1458967760166468,0.4982308674307317,0.7690650201036193,215.17414516130137,41,68.02616666671128,0.0290309243212545,19516.266333333377
2023-02-28,4.0,A003,31,598,598.0,8,4,0.3010033444816054,0.4982308674307322,2,8,81.71507526882118,0.6153846153846154,0.0785953177257525,0.1856187290969899,0.1204013377926421,0.084166864767152,0.3010707277673704,0.3263514870583229,0.0819100910430919,3,1,1,3,0.375,0.125,0.125,0.375,74.75,74.75,0.6153846153846154,3,0.1458967760166468,0.4982308674307317,0.7690650201036193,215.17414516130137,41,68.02616666671128,0.0290309243212545,19516.266333333377
2023-02-28,8.0,A003,31,598,598.0,8,4,0.3010033444816054,0.4982308674307322,2,8,81.71507526882118,0.6153846153846154,0.0785953177257525,0.1856187290969899,0.1204013377926421,0.084166864767152,0.3010707277673704,0.3263514870583229,0.0819100910430919,3,1,1,3,0.375,0.125,0.125,0.375,74.75,74.75,0.6153846153846154,3,0.1458967760166468,0.4982308674307317,0.7690650201036193,215.17414516130137,41,68.02616666671128,0.0290309243212545,19516.266333333377
2023-03-02,0.0,A001,100,2273,2273.0,6,4,0.1176125531602874,0.4344720111160043,0,6,789.6670933333456,0.4518257809062912,0.203695556533216,0.2472503299604047,0.097228332600088,0.1448240037053347,0.4162941677837286,0.193905994291461,0.1783613782502422,3,1,1,1,0.5,0.1666666666666666,0.1666666666666666,0.1666666666666666,378.8333333333333,378.8333333333333,0.4518257809062912,3,0.21551759123376577,0.4344720111160041,0.9054125994665696,921.987723333349,136,231.25333333343855,0.036059732039655,25536.836333333427
2023-03-02,0.05,A001,100,2273,2273.0,6,4,0.1176125531602874,0.4344720111160043,0,6,789.6670933333456,0.4518257809062912,0.203695556533216,0.2472503299604047,0.097228332600088,0.1448240037053347,0.4162941677837286,0.193905994291461,0.1783613782502422,3,1,1,1,0.5,0.1666666666666666,0.1666666666666666,0.1666666666666666,378.8333333333333,378.8333333333333,0.4518257809062912,3,0.21551759123376577,0.4344720111160041,0.9054125994665696,921.987723333349,136,231.25333333343855,0.036059732039655,25536.836333333427
2023-03-02,0.1,A001,100,2273,2273.0,6,4,0.1176125531602874,0.4344720111160043,0,6,789.6670933333456,0.4518257809062912,0.203695556533216,0.2472503299604047,0.097228332600088,0.1448240037053347,0.4162941677837286,0.193905994291461,0.1783613782502422,3,1,1,1,0.5,0.1666666666666666,0.1666666666666666,0.1666666666666666,378.8333333333333,378.8333333333333,0.4518257809062912,3,0.21551759123376577,0.4344720111160041,0.9054125994665696,921.987723333349,136,231.25333333343855,0.036059732039655,25536.836333333427
2023-03-02,0.25,A001,100,2273,2273.0,6,4,0.1176125531602874,0.4344720111160043,0,6,789.6670933333456,0.4518257809062912,0.203695556533216,0.2472503299604047,0.097228332600088,0.1448240037053347,0.4162941677837286,0.193905994291461,0.1783613782502422,3,1,1,1,0.5,0.1666666666666666,0.1666666666666666,0.1666666666666666,378.8333333333333,378.8333333333333,0.4518257809062912,3,0.21551759123376577,0.4344720111160041,0.9054125994665696,921.987723333349,136,231.25333333343855,0.036059732039655,25536.836333333427
2023-03-02,0.5,A002,100,2273,2273.0,6,4,0.1555213374395072,0.3387299979967958,1,6,761.4804483333494,0.4518257809062912,0.203695556533216,0.2472503299604047,0.097228332600088,0.1448240037053347,0.4162941677837286,0.193905994291461,0.1783613782502422,2,1,2,1,0.3333333333333333,0.1666666666666666,0.3333333333333333,0.1666666666666666,378.8333333333333,378.8333333333333,0.4518257809062912,2,0.21551759123376577,0.3387299979967957,0.9054125994665696,894.4198216666867,174,293.12766666673656,0.0452711202558951,25962.34400000012
2023-03-02,0.75,A002,100,2273,2273.0,6,4,0.1555213374395072,0.3387299979967958,1,6,761.4804483333494,0.4518257809062912,0.203695556533216,0.2472503299604047,0.097228332600088,0.1448240037053347,0.4162941677837286,0.193905994291461,0.1783613782502422,2,1,2,1,0.3333333333333333,0.1666666666666666,0.3333333333333333,0.1666666666666666,378.8333333333333,378.8333333333333,0.4518257809062912,2,0.21551759123376577,0.3387299979967957,0.9054125994665696,894.4198216666867,174,293.12766666673656,0.0452711202558951,25962.34400000012
2023-03-02,1.0,A002,100,2273,2273.0,6,4,0.1555213374395072,0.3387299979967958,1,6,761.4804483333494,0.4518257809062912,0.203695556533216,0.2472503299604047,0.097228332600088,0.1448240037053347,0.4162941677837286,0.193905994291461,0.1783613782502422,2,1,2,1,0.3333333333333333,0.1666666666666666,0.3333333333333333,0.1666666666666666,378.8333333333333,378.8333333333333,0.4518257809062912,2,0.21551759123376577,0.3387299979967957,0.9054125994665696,894.4198216666867,174,293.12766666673656,0.0452711202558951,25962.34400000012
2023-03-02,2.0,A002,100,2273,2273.0,6,4,0.1555213374395072,0.3387299979967958,1,6,761.4804483333494,0.4518257809062912,0.203695556533216,0.2472503299604047,0.097228332600088,0.1448240037053347,0.4162941677837286,0.193905994291461,0.1783613782502422,2,1,2,1,0.3333333333333333,0.1666666666666666,0.3333333333333333,0.1666666666666666,378.8333333333333,378.8333333333333,0.4518257809062912,2,0.21551759123376577,0.3387299979967957,0.9054125994665696,894.4198216666867,174,293.12766666673656,0.0452711202558951,25962.34400000012
2023-03-02,4.0,A002,100,2273,2273.0,6,4,0.1555213374395072,0.3387299979967958,1,6,761.4804483333494,0.4518257809062912,0.203695556533216,0.2472503299604047,0.097228332600088,0.1448240037053347,0.4162941677837286,0.193905994291461,0.1783613782502422,2,1,2,1,0.3333333333333333,0.1666666666666666,0.3333333333333333,0.1666666666666666,378.8333333333333,378.8333333333333,0.4518257809062912,2,0.21551759123376577,0.3387299979967957,0.9054125994665696,894.4198216666867,174,293.12766666673656,0.0452711202558951,25962.34400000012
2023-03-02,8.0,A003,100,2273,2273.0,6,4,0.2361050007332453,0.323185381955577,1,6,897.2998083333453,0.4518257809062912,0.203695556533216,0.2472503299604047,0.097228332600088,0.1448240037053347,0.4162941677837286,0.193905994291461,0.1783613782502422,2,1,1,2,0.3333333333333333,0.1666666666666666,0.1666666666666666,0.3333333333333333,378.8333333333333,378.8333333333333,0.4518257809062912,2,0.21551759123376577,0.3231853819555769,0.9054125994665696,1029.8406733333477,158,253.276833333267,0.0393587301947314,25965.73900000008
2023-03-03,0.0,A001,31,676,676.0,6,4,0.1267258382642997,0.3816893587484663,0,6,273.210215053761,0.4600591715976331,0.1183431952662721,0.2840236686390532,0.1375739644970414,0.1233642737007854,0.1578115497659096,0.2583250850476809,0.1066393952449556,2,1,2,1,0.3333333333333333,0.1666666666666666,0.3333333333333333,0.1666666666666666,112.66666666666667,112.66666666666667,0.4600591715976331,2,0.16347203134490032,0.3816893587484663,0.8945754232645274,416.2665483870934,52,81.20700000000124,0.0337414038510368,1156.991333333331
2023-03-03,0.05,A002,31,676,676.0,6,4,0.1173570019723865,0.3700928211023562,1,6,276.0197204301052,0.4600591715976331,0.1183431952662721,0.2840236686390532,0.1375739644970414,0.1233642737007854,0.1578115497659096,0.2583250850476809,0.1066393952449556,3,1,1,1,0.5,0.1666666666666666,0.1666666666666666,0.1666666666666666,112.66666666666667,112.66666666666667,0.4600591715976331,3,0.16347203134490032,0.3700928211023562,0.8945754232645274,419.055698924728,53,80.5760000000021,0.0334880040385996,1239.0183333333357
2023-03-03,0.1,A002,31,676,676.0,6,4,0.1173570019723865,0.3700928211023562,1,6,276.0197204301052,0.4600591715976331,0.1183431952662721,0.2840236686390532,0.1375739644970414,0.1233642737007854,0.1578115497659096,0.2583250850476809,0.1066393952449556,3,1,1,1,0.5,0.1666666666666666,0.1666666666666666,0.1666666666666666,112.66666666666667,112.66666666666667,0.4600591715976331,3,0.16347203134490032,0.3700928211023562,0.8945754232645274,419.055698924728,53,80.5760000000021,0.0334880040385996,1239.0183333333357
2023-03-03,0.25,A002,31,676,676.0,6,4,0.1173570019723865,0.3700928211023562,1,6,276.0197204301052,0.4600591715976331,0.1183431952662721,0.2840236686390532,0.1375739644970414,0.1233642737007854,0.1578115497659096,0.2583250850476809,0.1066393952449556,3,1,1,1,0.5,0.1666666666666666,0.1666666666666666,0.1666666666666666,112.66666666666667,112.66666666666667,0.4600591715976331,3,0.16347203134490032,0.3700928211023562,0.8945754232645274,419.055698924728,53,80.5760000000021,0.0334880040385996,1239.0183333333357
2023-03-03,0.5,A002,31,676,676.0,6,4,0.1173570019723865,0.3700928211023562,1,6,276.0197204301052,0.4600591715976331,0.1183431952662721,0.2840236686390532,0.1375739644970414,0.1233642737007854,0.1578115497659096,0.2583250850476809,0.1066393952449556,3,1,1,1,0.5,0.1666666666666666,0.1666666666666666,0.1666666666666666,112.66666666666667,112.66666666666667,0.4600591715976331,3,0.16347203134490032,0.3700928211023562,0.8945754232645274,419.055698924728,53,80.5760000000021,0.0334880040385996,1239.0183333333357
2023-03-03,0.75,A002,31,676,676.0,6,4,0.1173570019723865,0.3700928211023562,1,6,276.0197204301052,0.4600591715976331,0.1183431952662721,0.2840236686390532,0.1375739644970414,0.1233642737007854,0.1578115497659096,0.2583250850476809,0.1066393952449556,3,1,1,1,0.5,0.1666666666666666,0.1666666666666666,0.1666666666666666,112.66666666666667,112.66666666666667,0.4600591715976331,3,0.16347203134490032,0.3700928211023562,0.8945754232645274,419.055698924728,53,80.5760000000021,0.0334880040385996,1239.0183333333357
2023-03-03,1.0,A003,31,676,676.0,6,4,0.2440828402366864,0.2300036689457411,1,6,331.5276344085989,0.4600591715976331,0.1183431952662721,0.2840236686390532,0.1375739644970414,0.1233642737007854,0.1578115497659096,0.2583250850476809,0.1066393952449556,2,1,1,2,0.3333333333333333,0.1666666666666666,0.1666666666666666,0.3333333333333333,112.66666666666667,112.66666666666667,0.4600591715976331,2,0.16347203134490032,0.23000366894574098,0.8945754232645274,473.8419354838673,42,58.20400000000243,0.0244170583242334,1228.3423333333344
2023-03-03,2.0,A003,31,676,676.0,6,4,0.2440828402366864,0.2300036689457411,1,6,331.5276344085989,0.4600591715976331,0.1183431952662721,0.2840236686390532,0.1375739644970414,0.1233642737007854,0.1578115497659096,0.2583250850476809,0.1066393952449556,2,1,1,2,0.3333333333333333,0.1666666666666666,0.1666666666666666,0.3333333333333333,112.66666666666667,112.66666666666667,0.4600591715976331,2,0.16347203134490032,0.23000366894574098,0.8945754232645274,473.8419354838673,42,58.20400000000243,0.0244170583242334,1228.3423333333344
2023-03-03,4.0,A003,31,676,676.0,6,4,0.2440828402366864,0.2300036689457411,1,6,331.5276344085989,0.4600591715976331,0.1183431952662721,0.2840236686390532,0.1375739644970414,0.1233642737007854,0.1578115497659096,0.2583250850476809,0.1066393952449556,2,1,1,2,0.3333333333333333,0.1666666666666666,0.1666666666666666,0.3333333333333333,112.66666666666667,112.66666666666667,0.4600591715976331,2,0.16347203134490032,0.23000366894574098,0.8945754232645274,473.8419354838673,42,58.20400000000243,0.0244170583242334,1228.3423333333344
2023-03-03,8.0,A003,31,676,676.0,6,4,0.2440828402366864,0.2300036689457411,1,6,331.5276344085989,0.4600591715976331,0.1183431952662721,0.2840236686390532,0.1375739644970414,0.1233642737007854,0.1578115497659096,0.2583250850476809,0.1066393952449556,2,1,1,2,0.3333333333333333,0.1666666666666666,0.1666666666666666,0.3333333333333333,112.66666666666667,112.66666666666667,0.4600591715976331,2,0.16347203134490032,0.23000366894574098,0.8945754232645274,473.8419354838673,42,58.20400000000243,0.0244170583242334,1228.3423333333344
2023-03-06,0.0,A001,51,1132,1132.0,5,4,0.1674911660777385,0.0539117829942397,0,5,566.6073333333374,0.377208480565371,0.3674911660777385,0.0653710247349823,0.1899293286219081,0.0539117829942397,0.5814015141180704,0.2345693174667046,0.3161881828644807,2,1,1,1,0.4,0.2,0.2,0.2,226.4,226.4,0.377208480565371,2,0.3093833480742554,0.0539117829942397,0.886856802810411,702.9233790849757,45,62.941000000007314,0.0176993547740031,18059.448000000128
2023-03-06,0.05,A001,51,1132,1132.0,5,4,0.1674911660777385,0.0539117829942397,0,5,566.6073333333374,0.377208480565371,0.3674911660777385,0.0653710247349823,0.1899293286219081,0.0539117829942397,0.5814015141180704,0.2345693174667046,0.3161881828644807,2,1,1,1,0.4,0.2,0.2,0.2,226.4,226.4,0.377208480565371,2,0.3093833480742554,0.0539117829942397,0.886856802810411,702.9233790849757,45,62.941000000007314,0.0176993547740031,18059.448000000128
2023-03-06,0.1,A001,51,1132,1132.0,5,4,0.1674911660777385,0.0539117829942397,0,5,566.6073333333374,0.377208480565371,0.3674911660777385,0.0653710247349823,0.1899293286219081,0.0539117829942397,0.5814015141180704,0.2345693174667046,0.3161881828644807,2,1,1,1,0.4,0.2,0.2,0.2,226.4,226.4,0.377208480565371,2,0.3093833480742554,0.0539117829942397,0.886856802810411,702.9233790849757,45,62.941000000007314,0.0176993547740031,18059.448000000128
2023-03-06,0.25,A001,51,1132,1132.0,5,4,0.1674911660777385,0.0539117829942397,0,5,566.6073333333374,0.377208480565371,0.3674911660777385,0.0653710247349823,0.1899293286219081,0.0539117829942397,0.5814015141180704,0.2345693174667046,0.3161881828644807,2,1,1,1,0.4,0.2,0.2,0.2,226.4,226.4,0.377208480565371,2,0.3093833480742554,0.0539117829942397,0.886856802810411,702.9233790849757,45,62.941000000007314,0.0176993547740031,18059.448000000128
2023-03-06,0.5,A001,51,1132,1132.0,5,4,0.1674911660777385,0.0539117829942397,0,5,566.6073333333374,0.377208480565371,0.3674911660777385,0.0653710247349823,0.1899293286219081,0.0539117829942397,0.5814015141180704,0.2345693174667046,0.3161881828644807,2,1,1,1,0.4,0.2,0.2,0.2,226.4,226.4,0.377208480565371,2,0.3093833480742554,0.0539117829942397,0.886856802810411,702.9233790849757,45,62.941000000007314,0.0176993547740031,18059.448000000128
2023-03-06,0.75,A001,51,1132,1132.0,5,4,0.1674911660777385,0.0539117829942397,0,5,566.6073333333374,0.377208480565371,0.3674911660777385,0.0653710247349823,0.1899293286219081,0.0539117829942397,0.5814015141180704,0.2345693174667046,0.3161881828644807,2,1,1,1,0.4,0.2,0.2,0.2,226.4,226.4,0.377208480565371,2,0.3093833480742554,0.0539117829942397,0.886856802810411,702.9233790849757,45,62.941000000007314,0.0176993547740031,18059.448000000128
2023-03-06,1.0,A001,51,1132,1132.0,5,4,0.1674911660777385,0.0539117829942397,0,5,566.6073333333374,0.377208480565371,0.3674911660777385,0.0653710247349823,0.1899293286219081,0.0539117829942397,0.5814015141180704,0.2345693174667046,0.3161881828644807,2,1,1,1,0.4,0.2,0.2,0.2,226.4,226.4,0.377208480565371,2,0.3093833480742554,0.0539117829942397,0.886856802810411,702.9233790849757,45,62.941000000007314,0.0176993547740031,18059.448000000128
2023-03-06,2.0,A001,51,1132,1132.0,5,4,0.1674911660777385,0.0539117829942397,0,5,566.6073333333374,0.377208480565371,0.3674911660777385,0.0653710247349823,0.1899293286219081,0.0539117829942397,0.5814015141180704,0.2345693174667046,0.3161881828644807,2,1,1,1,0.4,0.2,0.2,0.2,226.4,226.4,0.377208480565371,2,0.3093833480742554,0.0539117829942397,0.886856802810411,702.9233790849757,45,62.941000000007314,0.0176993547740031,18059.448000000128
2023-03-06,4.0,A001,51,1132,1132.0,5,4,0.1674911660777385,0.0539117829942397,0,5,566.6073333333374,0.377208480565371,0.3674911660777385,0.0653710247349823,0.1899293286219081,0.0539117829942397,0.5814015141180704,0.2345693174667046,0.3161881828644807,2,1,1,1,0.4,0.2,0.2,0.2,226.4,226.4,0.377208480565371,2,0.3093833480742554,0.0539117829942397,0.886856802810411,702.9233790849757,45,62.941000000007314,0.0176993547740031,18059.448000000128
2023-03-06,8.0,A001,51,1132,1132.0,5,4,0.1674911660777385,0.0539117829942397,0,5,566.6073333333374,0.377208480565371,0.3674911660777385,0.0653710247349823,0.1899293286219081,0.0539117829942397,0.5814015141180704,0.2345693174667046,0.3161881828644807,2,1,1,1,0.4,0.2,0.2,0.2,226.4,226.4,0.377208480565371,2,0.3093833480742554,0.0539117829942397,0.886856802810411,702.9233790849757,45,62.941000000007314,0.0176993547740031,18059.448000000128
2023-03-08,0.0,A001,21,450,450.0,6,4,0.1933333333333333,0.3585824717943389,0,6,109.33084126984048,0.6933333333333334,0.0355555555555555,0.1644444444444444,0.1066666666666666,0.1195274905981129,0.4289425824496138,0.1455302947491242,0.1241636767857093,3,1,1,1,0.5,0.1666666666666666,0.1666666666666666,0.1666666666666666,75.0,75.0,0.6933333333333334,3,0.13529945929545392,0.3585824717943387,0.6550869940794303,242.30774603174427,46,60.839666666666446,0.0421761067764753,20162.896
2023-03-08,0.05,A001,21,450,450.0,6,4,0.1933333333333333,0.3585824717943389,0,6,109.33084126984048,0.6933333333333334,0.0355555555555555,0.1644444444444444,0.1066666666666666,0.1195274905981129,0.4289425824496138,0.1455302947491242,0.1241636767857093,3,1,1,1,0.5,0.1666666666666666,0.1666666666666666,0.1666666666666666,75.0,75.0,0.6933333333333334,3,0.13529945929545392,0.3585824717943387,0.6550869940794303,242.30774603174427,46,60.839666666666446,0.0421761067764753,20162.896
2023-03-08,0.1,A001,21,450,450.0,6,4,0.1933333333333333,0.3585824717943389,0,6,109.33084126984048,0.6933333333333334,0.0355555555555555,0.1644444444444444,0.1066666666666666,0.1195274905981129,0.4289425824496138,0.1455302947491242,0.1241636767857093,3,1,1,1,0.5,0.1666666666666666,0.1666666666666666,0.1666666666666666,75.0,75.0,0.6933333333333334,3,0.13529945929545392,0.3585824717943387,0.6550869940794303,242.30774603174427,46,60.839666666666446,0.0421761067764753,20162.896
2023-03-08,0.25,A001,21,450,450.0,6,4,0.1933333333333333,0.3585824717943389,0,6,109.33084126984048,0.6933333333333334,0.0355555555555555,0.1644444444444444,0.1066666666666666,0.1195274905981129,0.4289425824496138,0.1455302947491242,0.1241636767857093,3,1,1,1,0.5,0.1666666666666666,0.1666666666666666,0.1666666666666666,75.0,75.0,0.6933333333333334,3,0.13529945929545392,0.3585824717943387,0.6550869940794303,242.30774603174427,46,60.839666666666446,0.0421761067764753,20162.896
2023-03-08,0.5,A001,21,450,450.0,6,4,0.1933333333333333,0.3585824717943389,0,6,109.33084126984048,0.6933333333333334,0.0355555555555555,0.1644444444444444,0.1066666666666666,0.1195274905981129,0.4289425824496138,0.1455302947491242,0.1241636767857093,3,1,1,1,0.5,0.1666666666666666,0.1666666666666666,0.1666666666666666,75.0,75.0,0.6933333333333334,3,0.13529945929545392,0.3585824717943387,0.6550869940794303,242.30774603174427,46,60.839666666666446,0.0421761067764753,20162.896
2023-03-08,0.75,A001,21,450,450.0,6,4,0.1933333333333333,0.3585824717943389,0,6,109.33084126984048,0.6933333333333334,0.0355555555555555,0.1644444444444444,0.1066666666666666,0.1195274905981129,0.4289425824496138,0.1455302947491242,0.1241636767857093,3,1,1,1,0.5,0.1666666666666666,0.1666666666666666,0.1666666666666666,75.0,75.0,0.6933333333333334,3,0.13529945929545392,0.3585824717943387,0.6550869940794303,242.30774603174427,46,60.839666666666446,0.0421761067764753,20162.896
2023-03-08,1.0,A001,21,450,450.0,6,4,0.1933333333333333,0.3585824717943389,0,6,109.33084126984048,0.6933333333333334,0.0355555555555555,0.1644444444444444,0.1066666666666666,0.1195274905981129,0.4289425824496138,0.1455302947491242,0.1241636767857093,3,1,1,1,0.5,0.1666666666666666,0.1666666666666666,0.1666666666666666,75.0,75.0,0.6933333333333334,3,0.13529945929545392,0.3585824717943387,0.6550869940794303,242.30774603174427,46,60.839666666666446,0.0421761067764753,20162.896
2023-03-08,2.0,A002,21,450,450.0,6,4,0.36,0.2436911673838223,1,6,190.62355555555385,0.6933333333333334,0.0355555555555555,0.1644444444444444,0.1066666666666666,0.1195274905981129,0.4289425824496138,0.1455302947491242,0.1241636767857093,2,1,1,2,0.3333333333333333,0.1666666666666666,0.1666666666666666,0.3333333333333333,75.0,75.0,0.6933333333333334,2,0.13529945929545392,0.2436911673838222,0.6550869940794303,322.0866269841241,24,29.04916666666722,0.0205916652519097,20162.896
2023-03-08,4.0,A002,21,450,450.0,6,4,0.36,0.2436911673838223,1,6,190.62355555555385,0.6933333333333334,0.0355555555555555,0.1644444444444444,0.1066666666666666,0.1195274905981129,0.4289425824496138,0.1455302947491242,0.1241636767857093,2,1,1,2,0.3333333333333333,0.1666666666666666,0.1666666666666666,0.3333333333333333,75.0,75.0,0.6933333333333334,2,0.13529945929545392,0.2436911673838222,0.6550869940794303,322.0866269841241,24,29.04916666666722,0.0205916652519097,20162.896
2023-03-08,8.0,A002,21,450,450.0,6,4,0.36,0.2436911673838223,1,6,190.62355555555385,0.6933333333333334,0.0355555555555555,0.1644444444444444,0.1066666666666666,0.1195274905981129,0.4289425824496138,0.1455302947491242,0.1241636767857093,2,1,1,2,0.3333333333333333,0.1666666666666666,0.1666666666666666,0.3333333333333333,75.0,75.0,0.6933333333333334,2,0.13529945929545392,0.2436911673838222,0.6550869940794303,322.0866269841241,24,29.04916666666722,0.0205916652519097,20162.896
2023-03-09,0.0,A001,32,696,696.0,6,4,0.0876436781609195,1.2942773203012004,0,6,208.59809374999887,0.1666666666666666,0.1264367816091954,0.5876436781609196,0.1192528735632183,0.1949257823404532,0.5693234419266069,0.4314257734337334,0.0626368019517861,1,1,3,1,0.1666666666666666,0.1666666666666666,0.5,0.1666666666666666,116.0,116.0,0.5876436781609196,3,0.3654653010595247,1.2942773203012001,0.8123119223856783,329.52552083333126,128,343.8260000000038,0.192978789840966,13138.471333333324
2023-03-09,0.05,A001,32,696,696.0,6,4,0.0876436781609195,1.2942773203012004,0,6,208.59809374999887,0.1666666666666666,0.1264367816091954,0.5876436781609196,0.1192528735632183,0.1949257823404532,0.5693234419266069,0.4314257734337334,0.0626368019517861,1,1,3,1,0.1666666666666666,0.1666666666666666,0.5,0.1666666666666666,116.0,116.0,0.5876436781609196,3,0.3654653010595247,1.2942773203012001,0.8123119223856783,329.52552083333126,128,343.8260000000038,0.192978789840966,13138.471333333324
2023-03-09,0.1,A001,32,696,696.0,6,4,0.0876436781609195,1.2942773203012004,0,6,208.59809374999887,0.1666666666666666,0.1264367816091954,0.5876436781609196,0.1192528735632183,0.1949257823404532,0.5693234419266069,0.4314257734337334,0.0626368019517861,1,1,3,1,0.1666666666666666,0.1666666666666666,0.5,0.1666666666666666,116.0,116.0,0.5876436781609196,3,0.3654653010595247,1.2942773203012001,0.8123119223856783,329.52552083333126,128,343.8260000000038,0.192978789840966,13138.471333333324
2023-03-09,0.25,A002,32,696,696.0,6,4,0.2543103448275862,0.4940625753855195,1,6,275.4998854166653,0.1666666666666666,0.1264367816091954,0.5876436781609196,0.1192528735632183,0.1949257823404532,0.5693234419266069,0.4314257734337334,0.0626368019517861,1,1,2,2,0.1666666666666666,0.1666666666666666,0.3333333333333333,0.3333333333333333,116.0,116.0,0.5876436781609196,2,0.3654653010595247,0.4940625753855195,0.8123119223856783,392.6125729166643,83,221.75433333333328,0.1336186621001233,13138.471333333324
2023-03-09,0.5,A002,32,696,696.0,6,4,0.2543103448275862,0.4940625753855195,1,6,275.4998854166653,0.1666666666666666,0.1264367816091954,0.5876436781609196,0.1192528735632183,0.1949257823404532,0.5693234419266069,0.4314257734337334,0.0626368019517861,1,1,2,2,0.1666666666666666,0.1666666666666666,0.3333333333333333,0.3333333333333333,116.0,116.0,0.5876436781609196,2,0.3654653010595247,0.4940625753855195,0.8123119223856783,392.6125729166643,83,221.75433333333328,0.1336186621001233,13138.471333333324
2023-03-09,0.75,A003,32,696,696.0,6,4,0.4209770114942529,0.1879104058553583,2,6,466.07428124999865,0.1666666666666666,0.1264367816091954,0.5876436781609196,0.1192528735632183,0.1949257823404532,0.5693234419266069,0.4314257734337334,0.0626368019517861,1,1,1,3,0.1666666666666666,0.1666666666666666,0.1666666666666666,0.5,116.0,116.0,0.5876436781609196,3,0.3654653010595247,0.1879104058553583,0.8123119223856783,577.4479062499984,23,38.10433333333314,0.0258167135967016,13138.471333333324
2023-03-09,1.0,A003,32,696,696.0,6,4,0.4209770114942529,0.1879104058553583,2,6,466.07428124999865,0.1666666666666666,0.1264367816091954,0.5876436781609196,0.1192528735632183,0.1949257823404532,0.5693234419266069,0.4314257734337334,0.0626368019517861,1,1,1,3,0.1666666666666666,0.1666666666666666,0.1666666666666666,0.5,116.0,116.0,0.5876436781609196,3,0.3654653010595247,0.1879104058553583,0.8123119223856783,577.4479062499984,23,38.10433333333314,0.0258167135967016,13138.471333333324
2023-03-09,2.0,A003,32,696,696.0,6,4,0.4209770114942529,0.1879104058553583,2,6,466.07428124999865,0.1666666666666666,0.1264367816091954,0.5876436781609196,0.1192528735632183,0.1949257823404532,0.5693234419266069,0.4314257734337334,0.0626368019517861,1,1,1,3,0.1666666666666666,0.1666666666666666,0.1666666666666666,0.5,116.0,116.0,0.5876436781609196,3,0.3654653010595247,0.1879104058553583,0.8123119223856783,577.4479062499984,23,38.10433333333314,0.0258167135967016,13138.471333333324
2023-03-09,4.0,A003,32,696,696.0,6,4,0.4209770114942529,0.1879104058553583,2,6,466.07428124999865,0.1666666666666666,0.1264367816091954,0.5876436781609196,0.1192528735632183,0.1949257823404532,0.5693234419266069,0.4314257734337334,0.0626368019517861,1,1,1,3,0.1666666666666666,0.1666666666666666,0.1666666666666666,0.5,116.0,116.0,0.5876436781609196,3,0.3654653010595247,0.1879104058553583,0.8123119223856783,577.4479062499984,23,38.10433333333314,0.0258167135967016,13138.471333333324
2023-03-09,8.0,A003,32,696,696.0,6,4,0.4209770114942529,0.1879104058553583,2,6,466.07428124999865,0.1666666666666666,0.1264367816091954,0.5876436781609196,0.1192528735632183,0.1949257823404532,0.5693234419266069,0.4314257734337334,0.0626368019517861,1,1,1,3,0.1666666666666666,0.1666666666666666,0.1666666666666666,0.5,116.0,116.0,0.5876436781609196,3,0.3654653010595247,0.1879104058553583,0.8123119223856783,577.4479062499984,23,38.10433333333314,0.0258167135967016,13138.471333333324
2023-03-14,0.0,A001,67,1557,1557.0,6,4,0.0719332048811818,0.3001685264319085,0,6,689.4793208955205,0.4868336544637122,0.1772639691714836,0.2280025690430314,0.1078998073217726,0.1000561754773028,0.207894175074258,0.2849067940481364,0.0882153777881373,3,1,1,1,0.5,0.1666666666666666,0.1666666666666666,0.1666666666666666,259.5,259.5,0.4868336544637122,3,0.16004076344751844,0.3001685264319084,0.8904668074937672,833.738271144278,142,204.8833333333086,0.0410230254202542,2140.2243333333618
2023-03-14,0.05,A001,67,1557,1557.0,6,4,0.0719332048811818,0.3001685264319085,0,6,689.4793208955205,0.4868336544637122,0.1772639691714836,0.2280025690430314,0.1078998073217726,0.1000561754773028,0.207894175074258,0.2849067940481364,0.0882153777881373,3,1,1,1,0.5,0.1666666666666666,0.1666666666666666,0.1666666666666666,259.5,259.5,0.4868336544637122,3,0.16004076344751844,0.3001685264319084,0.8904668074937672,833.738271144278,142,204.8833333333086,0.0410230254202542,2140.2243333333618
2023-03-14,0.1,A001,67,1557,1557.0,6,4,0.0719332048811818,0.3001685264319085,0,6,689.4793208955205,0.4868336544637122,0.1772639691714836,0.2280025690430314,0.1078998073217726,0.1000561754773028,0.207894175074258,0.2849067940481364,0.0882153777881373,3,1,1,1,0.5,0.1666666666666666,0.1666666666666666,0.1666666666666666,259.5,259.5,0.4868336544637122,3,0.16004076344751844,0.3001685264319084,0.8904668074937672,833.738271144278,142,204.8833333333086,0.0410230254202542,2140.2243333333618
2023-03-14,0.25,A001,67,1557,1557.0,6,4,0.0719332048811818,0.3001685264319085,0,6,689.4793208955205,0.4868336544637122,0.1772639691714836,0.2280025690430314,0.1078998073217726,0.1000561754773028,0.207894175074258,0.2849067940481364,0.0882153777881373,3,1,1,1,0.5,0.1666666666666666,0.1666666666666666,0.1666666666666666,259.5,259.5,0.4868336544637122,3,0.16004076344751844,0.3001685264319084,0.8904668074937672,833.738271144278,142,204.8833333333086,0.0410230254202542,2140.2243333333618
2023-03-14,0.5,A001,67,1557,1557.0,6,4,0.0719332048811818,0.3001685264319085,0,6,689.4793208955205,0.4868336544637122,0.1772639691714836,0.2280025690430314,0.1078998073217726,0.1000561754773028,0.207894175074258,0.2849067940481364,0.0882153777881373,3,1,1,1,0.5,0.1666666666666666,0.1666666666666666,0.1666666666666666,259.5,259.5,0.4868336544637122,3,0.16004076344751844,0.3001685264319084,0.8904668074937672,833.738271144278,142,204.8833333333086,0.0410230254202542,2140.2243333333618
2023-03-14,0.75,A001,67,1557,1557.0,6,4,0.0719332048811818,0.3001685264319085,0,6,689.4793208955205,0.4868336544637122,0.1772639691714836,0.2280025690430314,0.1078998073217726,0.1000561754773028,0.207894175074258,0.2849067940481364,0.0882153777881373,3,1,1,1,0.5,0.1666666666666666,0.1666666666666666,0.1666666666666666,259.5,259.5,0.4868336544637122,3,0.16004076344751844,0.3001685264319084,0.8904668074937672,833.738271144278,142,204.8833333333086,0.0410230254202542,2140.2243333333618
2023-03-14,1.0,A001,67,1557,1557.0,6,4,0.0719332048811818,0.3001685264319085,0,6,689.4793208955205,0.4868336544637122,0.1772639691714836,0.2280025690430314,0.1078998073217726,0.1000561754773028,0.207894175074258,0.2849067940481364,0.0882153777881373,3,1,1,1,0.5,0.1666666666666666,0.1666666666666666,0.1666666666666666,259.5,259.5,0.4868336544637122,3,0.16004076344751844,0.3001685264319084,0.8904668074937672,833.738271144278,142,204.8833333333086,0.0410230254202542,2140.2243333333618
2023-03-14,2.0,A002,67,1557,1557.0,6,4,0.2254335260115607,0.1882715532654402,1,6,829.7810447761254,0.4868336544637122,0.1772639691714836,0.2280025690430314,0.1078998073217726,0.1000561754773028,0.207894175074258,0.2849067940481364,0.0882153777881373,2,1,1,2,0.3333333333333333,0.1666666666666666,0.1666666666666666,0.3333333333333333,259.5,259.5,0.4868336544637122,2,0.16004076344751844,0.1882715532654401,0.8904668074937672,973.0873258706548,112,141.05450000003907,0.0286084380875993,2316.593333333363
2023-03-14,4.0,A002,67,1557,1557.0,6,4,0.2254335260115607,0.1882715532654402,1,6,829.7810447761254,0.4868336544637122,0.1772639691714836,0.2280025690430314,0.1078998073217726,0.1000561754773028,0.207894175074258,0.2849067940481364,0.0882153777881373,2,1,1,2,0.3333333333333333,0.1666666666666666,0.1666666666666666,0.3333333333333333,259.5,259.5,0.4868336544637122,2,0.16004076344751844,0.1882715532654401,0.8904668074937672,973.0873258706548,112,141.05450000003907,0.0286084380875993,2316.593333333363
2023-03-14,8.0,A002,67,1557,1557.0,6,4,0.2254335260115607,0.1882715532654402,1,6,829.7810447761254,0.4868336544637122,0.1772639691714836,0.2280025690430314,0.1078998073217726,0.1000561754773028,0.207894175074258,0.2849067940481364,0.0882153777881373,2,1,1,2,0.3333333333333333,0.1666666666666666,0.1666666666666666,0.3333333333333333,259.5,259.5,0.4868336544637122,2,0.16004076344751844,0.1882715532654401,0.8904668074937672,973.0873258706548,112,141.05450000003907,0.0286084380875993,2316.593333333363
2023-03-16,0.0,A001,62,1427,1427.0,5,4,0.1883672039243167,0.1482177424951845,0,5,737.5793602150604,0.5227750525578136,0.0252277505255781,0.2655921513665031,0.1864050455501051,0.1482177424951845,0.3572401643187298,0.0453498359923972,0.2093163327742421,2,1,1,1,0.4,0.2,0.2,0.2,285.4,285.4,0.5227750525578136,2,0.1375590849165724,0.1482177424951845,0.7914315349402324,866.4249462365901,74,166.70866666669966,0.0449661440789154,41688.34566666732
2023-03-16,0.05,A001,62,1427,1427.0,5,4,0.1883672039243167,0.1482177424951845,0,5,737.5793602150604,0.5227750525578136,0.0252277505255781,0.2655921513665031,0.1864050455501051,0.1482177424951845,0.3572401643187298,0.0453498359923972,0.2093163327742421,2,1,1,1,0.4,0.2,0.2,0.2,285.4,285.4,0.5227750525578136,2,0.1375590849165724,0.1482177424951845,0.7914315349402324,866.4249462365901,74,166.70866666669966,0.0449661440789154,41688.34566666732
2023-03-16,0.1,A001,62,1427,1427.0,5,4,0.1883672039243167,0.1482177424951845,0,5,737.5793602150604,0.5227750525578136,0.0252277505255781,0.2655921513665031,0.1864050455501051,0.1482177424951845,0.3572401643187298,0.0453498359923972,0.2093163327742421,2,1,1,1,0.4,0.2,0.2,0.2,285.4,285.4,0.5227750525578136,2,0.1375590849165724,0.1482177424951845,0.7914315349402324,866.4249462365901,74,166.70866666669966,0.0449661440789154,41688.34566666732
2023-03-16,0.25,A001,62,1427,1427.0,5,4,0.1883672039243167,0.1482177424951845,0,5,737.5793602150604,0.5227750525578136,0.0252277505255781,0.2655921513665031,0.1864050455501051,0.1482177424951845,0.3572401643187298,0.0453498359923972,0.2093163327742421,2,1,1,1,0.4,0.2,0.2,0.2,285.4,285.4,0.5227750525578136,2,0.1375590849165724,0.1482177424951845,0.7914315349402324,866.4249462365901,74,166.70866666669966,0.0449661440789154,41688.34566666732
2023-03-16,0.5,A001,62,1427,1427.0,5,4,0.1883672039243167,0.1482177424951845,0,5,737.5793602150604,0.5227750525578136,0.0252277505255781,0.2655921513665031,0.1864050455501051,0.1482177424951845,0.3572401643187298,0.0453498359923972,0.2093163327742421,2,1,1,1,0.4,0.2,0.2,0.2,285.4,285.4,0.5227750525578136,2,0.1375590849165724,0.1482177424951845,0.7914315349402324,866.4249462365901,74,166.70866666669966,0.0449661440789154,41688.34566666732
2023-03-16,0.75,A001,62,1427,1427.0,5,4,0.1883672039243167,0.1482177424951845,0,5,737.5793602150604,0.5227750525578136,0.0252277505255781,0.2655921513665031,0.1864050455501051,0.1482177424951845,0.3572401643187298,0.0453498359923972,0.2093163327742421,2,1,1,1,0.4,0.2,0.2,0.2,285.4,285.4,0.5227750525578136,2,0.1375590849165724,0.1482177424951845,0.7914315349402324,866.4249462365901,74,166.70866666669966,0.0449661440789154,41688.34566666732
2023-03-16,1.0,A001,62,1427,1427.0,5,4,0.1883672039243167,0.1482177424951845,0,5,737.5793602150604,0.5227750525578136,0.0252277505255781,0.2655921513665031,0.1864050455501051,0.1482177424951845,0.3572401643187298,0.0453498359923972,0.2093163327742421,2,1,1,1,0.4,0.2,0.2,0.2,285.4,285.4,0.5227750525578136,2,0.1375590849165724,0.1482177424951845,0.7914315349402324,866.4249462365901,74,166.70866666669966,0.0449661440789154,41688.34566666732
2023-03-16,2.0,A002,62,1427,1427.0,5,4,0.3227750525578136,0.0453498359923972,1,5,1032.1624623656126,0.5227750525578136,0.0252277505255781,0.2655921513665031,0.1864050455501051,0.1482177424951845,0.3572401643187298,0.0453498359923972,0.2093163327742421,1,1,2,1,0.2,0.2,0.4,0.2,285.4,285.4,0.5227750525578136,2,0.1375590849165724,0.0453498359923972,0.7914315349402324,1161.244153225849,79,181.34716666666824,0.0487221944772509,41874.91100000108
2023-03-16,4.0,A002,62,1427,1427.0,5,4,0.3227750525578136,0.0453498359923972,1,5,1032.1624623656126,0.5227750525578136,0.0252277505255781,0.2655921513665031,0.1864050455501051,0.1482177424951845,0.3572401643187298,0.0453498359923972,0.2093163327742421,1,1,2,1,0.2,0.2,0.4,0.2,285.4,285.4,0.5227750525578136,2,0.1375590849165724,0.0453498359923972,0.7914315349402324,1161.244153225849,79,181.34716666666824,0.0487221944772509,41874.91100000108
2023-03-16,8.0,A002,62,1427,1427.0,5,4,0.3227750525578136,0.0453498359923972,1,5,1032.1624623656126,0.5227750525578136,0.0252277505255781,0.2655921513665031,0.1864050455501051,0.1482177424951845,0.3572401643187298,0.0453498359923972,0.2093163327742421,1,1,2,1,0.2,0.2,0.4,0.2,285.4,285.4,0.5227750525578136,2,0.1375590849165724,0.0453498359923972,0.7914315349402324,1161.244153225849,79,181.34716666666824,0.0487221944772509,41874.91100000108
2023-03-17,0.0,A001,87,2088,2088.0,7,3,0.2167487684729063,9.173714843376274,0,7,1018.2061570881256,0.0459770114942528,0.9310344827586208,0.0,0.0229885057471264,0.8145714038438707,0.9173714843376276,1.0,0.4232947700815147,1,5,0,1,0.1428571428571428,0.7142857142857143,0.0,0.1428571428571428,298.2857142857143,298.2857142857143,0.9310344827586208,5,0.901286958469958,9.173714843376276,0.268386159746127,1156.350555555559,836,2796.6056666666805,0.485980573791648,2342.4923333333386
2023-03-17,0.05,A002,87,2088,2088.0,7,3,0.3596059113300492,5.927523676107279,1,7,1227.931659003831,0.0459770114942528,0.9310344827586208,0.0,0.0229885057471264,0.8145714038438707,0.9173714843376276,1.0,0.4232947700815147,1,4,0,2,0.1428571428571428,0.5714285714285714,0.0,0.2857142857142857,298.2857142857143,298.2857142857143,0.9310344827586208,4,0.901286958469958,5.92752367610728,0.268386159746127,1361.5923065134095,770,2406.519333333293,0.4486028428124262,2763.6063333333195
2023-03-17,0.1,A003,87,2088,2088.0,7,3,0.5024630541871922,3.989980626938268,2,7,1456.0715440613071,0.0459770114942528,0.9310344827586208,0.0,0.0229885057471264,0.8145714038438707,0.9173714843376276,1.0,0.4232947700815147,2,3,0,2,0.2857142857142857,0.4285714285714285,0.0,0.2857142857142857,298.2857142857143,298.2857142857143,0.9310344827586208,3,0.901286958469958,3.9899806269382685,0.268386159746127,1577.3446015325717,445,1328.799000000021,0.3099777547404206,3308.887999999993
2023-03-17,0.25,A004,87,2088,2088.0,7,3,0.645320197044335,3.0018271984260423,3,7,2073.880553639844,0.0459770114942528,0.9310344827586208,0.0,0.0229885057471264,0.8145714038438707,0.9173714843376276,1.0,0.4232947700815147,2,2,0,3,0.2857142857142857,0.2857142857142857,0.0,0.4285714285714285,298.2857142857143,298.2857142857143,0.9310344827586208,3,0.901286958469958,3.0018271984260423,0.268386159746127,2187.664419540226,242,677.2393333333497,0.1863006207184299,4588.420333333305
2023-03-17,0.5,A004,87,2088,2088.0,7,3,0.645320197044335,3.0018271984260423,3,7,2073.880553639844,0.0459770114942528,0.9310344827586208,0.0,0.0229885057471264,0.8145714038438707,0.9173714843376276,1.0,0.4232947700815147,2,2,0,3,0.2857142857142857,0.2857142857142857,0.0,0.4285714285714285,298.2857142857143,298.2857142857143,0.9310344827586208,3,0.901286958469958,3.0018271984260423,0.268386159746127,2187.664419540226,242,677.2393333333497,0.1863006207184299,4588.420333333305
2023-03-17,0.75,A004,87,2088,2088.0,7,3,0.645320197044335,3.0018271984260423,3,7,2073.880553639844,0.0459770114942528,0.9310344827586208,0.0,0.0229885057471264,0.8145714038438707,0.9173714843376276,1.0,0.4232947700815147,2,2,0,3,0.2857142857142857,0.2857142857142857,0.0,0.4285714285714285,298.2857142857143,298.2857142857143,0.9310344827586208,3,0.901286958469958,3.0018271984260423,0.268386159746127,2187.664419540226,242,677.2393333333497,0.1863006207184299,4588.420333333305
2023-03-17,1.0,A004,87,2088,2088.0,7,3,0.645320197044335,3.0018271984260423,3,7,2073.880553639844,0.0459770114942528,0.9310344827586208,0.0,0.0229885057471264,0.8145714038438707,0.9173714843376276,1.0,0.4232947700815147,2,2,0,3,0.2857142857142857,0.2857142857142857,0.0,0.4285714285714285,298.2857142857143,298.2857142857143,0.9310344827586208,3,0.901286958469958,3.0018271984260423,0.268386159746127,2187.664419540226,242,677.2393333333497,0.1863006207184299,4588.420333333305
2023-03-17,2.0,A004,87,2088,2088.0,7,3,0.645320197044335,3.0018271984260423,3,7,2073.880553639844,0.0459770114942528,0.9310344827586208,0.0,0.0229885057471264,0.8145714038438707,0.9173714843376276,1.0,0.4232947700815147,2,2,0,3,0.2857142857142857,0.2857142857142857,0.0,0.4285714285714285,298.2857142857143,298.2857142857143,0.9310344827586208,3,0.901286958469958,3.0018271984260423,0.268386159746127,2187.664419540226,242,677.2393333333497,0.1863006207184299,4588.420333333305
2023-03-17,4.0,A004,87,2088,2088.0,7,3,0.645320197044335,3.0018271984260423,3,7,2073.880553639844,0.0459770114942528,0.9310344827586208,0.0,0.0229885057471264,0.8145714038438707,0.9173714843376276,1.0,0.4232947700815147,2,2,0,3,0.2857142857142857,0.2857142857142857,0.0,0.4285714285714285,298.2857142857143,298.2857142857143,0.9310344827586208,3,0.901286958469958,3.0018271984260423,0.268386159746127,2187.664419540226,242,677.2393333333497,0.1863006207184299,4588.420333333305
2023-03-17,8.0,A004,87,2088,2088.0,7,3,0.645320197044335,3.0018271984260423,3,7,2073.880553639844,0.0459770114942528,0.9310344827586208,0.0,0.0229885057471264,0.8145714038438707,0.9173714843376276,1.0,0.4232947700815147,2,2,0,3,0.2857142857142857,0.2857142857142857,0.0,0.4285714285714285,298.2857142857143,298.2857142857143,0.9310344827586208,3,0.901286958469958,3.0018271984260423,0.268386159746127,2187.664419540226,242,677.2393333333497,0.1863006207184299,4588.420333333305
2023-03-22,0.0,A001,200,4657,4657.0,6,4,0.2309068785341063,0.4817014835289362,0,6,1464.683087500088,0.277861284088469,0.0468112518788919,0.619712261112304,0.0556152029203349,0.0260920232208985,0.2922868960591656,0.1605671611763121,0.0768205885095054,1,1,3,1,0.1666666666666666,0.1666666666666666,0.5,0.1666666666666666,776.1666666666666,776.1666666666666,0.619712261112304,3,0.12471010972032193,0.48170148352893627,0.6898812362626342,1600.0943483334484,880,2902.1454999984667,0.2213476991446727,34597.39433333498
2023-03-22,0.05,A001,200,4657,4657.0,6,4,0.2309068785341063,0.4817014835289362,0,6,1464.683087500088,0.277861284088469,0.0468112518788919,0.619712261112304,0.0556152029203349,0.0260920232208985,0.2922868960591656,0.1605671611763121,0.0768205885095054,1,1,3,1,0.1666666666666666,0.1666666666666666,0.5,0.1666666666666666,776.1666666666666,776.1666666666666,0.619712261112304,3,0.12471010972032193,0.48170148352893627,0.6898812362626342,1600.0943483334484,880,2902.1454999984667,0.2213476991446727,34597.39433333498
2023-03-22,0.1,A001,200,4657,4657.0,6,4,0.2309068785341063,0.4817014835289362,0,6,1464.683087500088,0.277861284088469,0.0468112518788919,0.619712261112304,0.0556152029203349,0.0260920232208985,0.2922868960591656,0.1605671611763121,0.0768205885095054,1,1,3,1,0.1666666666666666,0.1666666666666666,0.5,0.1666666666666666,776.1666666666666,776.1666666666666,0.619712261112304,3,0.12471010972032193,0.48170148352893627,0.6898812362626342,1600.0943483334484,880,2902.1454999984667,0.2213476991446727,34597.39433333498
2023-03-22,0.25,A002,200,4657,4657.0,6,4,0.2863789277789706,0.1866591843972106,1,6,1353.8889850001874,0.277861284088469,0.0468112518788919,0.619712261112304,0.0556152029203349,0.0260920232208985,0.2922868960591656,0.1605671611763121,0.0768205885095054,2,1,2,1,0.3333333333333333,0.1666666666666666,0.3333333333333333,0.1666666666666666,776.1666666666666,776.1666666666666,0.619712261112304,2,0.12471010972032193,0.18665918439721058,0.6898812362626342,1483.008695000217,668,1643.8353333330465,0.1386858497520891,35373.56000000235
2023-03-22,0.5,A002,200,4657,4657.0,6,4,0.2863789277789706,0.1866591843972106,1,6,1353.8889850001874,0.277861284088469,0.0468112518788919,0.619712261112304,0.0556152029203349,0.0260920232208985,0.2922868960591656,0.1605671611763121,0.0768205885095054,2,1,2,1,0.3333333333333333,0.1666666666666666,0.3333333333333333,0.1666666666666666,776.1666666666666,776.1666666666666,0.619712261112304,2,0.12471010972032193,0.18665918439721058,0.6898812362626342,1483.008695000217,668,1643.8353333330465,0.1386858497520891,35373.56000000235
2023-03-22,0.75,A002,200,4657,4657.0,6,4,0.2863789277789706,0.1866591843972106,1,6,1353.8889850001874,0.277861284088469,0.0468112518788919,0.619712261112304,0.0556152029203349,0.0260920232208985,0.2922868960591656,0.1605671611763121,0.0768205885095054,2,1,2,1,0.3333333333333333,0.1666666666666666,0.3333333333333333,0.1666666666666666,776.1666666666666,776.1666666666666,0.619712261112304,2,0.12471010972032193,0.18665918439721058,0.6898812362626342,1483.008695000217,668,1643.8353333330465,0.1386858497520891,35373.56000000235
2023-03-22,1.0,A002,200,4657,4657.0,6,4,0.2863789277789706,0.1866591843972106,1,6,1353.8889850001874,0.277861284088469,0.0468112518788919,0.619712261112304,0.0556152029203349,0.0260920232208985,0.2922868960591656,0.1605671611763121,0.0768205885095054,2,1,2,1,0.3333333333333333,0.1666666666666666,0.3333333333333333,0.1666666666666666,776.1666666666666,776.1666666666666,0.619712261112304,2,0.12471010972032193,0.18665918439721058,0.6898812362626342,1483.008695000217,668,1643.8353333330465,0.1386858497520891,35373.56000000235
2023-03-22,2.0,A003,200,4657,4657.0,6,4,0.4530455944456374,0.0782760696626956,2,6,2023.3205566671256,0.277861284088469,0.0468112518788919,0.619712261112304,0.0556152029203349,0.0260920232208985,0.2922868960591656,0.1605671611763121,0.0768205885095054,3,1,1,1,0.5,0.1666666666666666,0.1666666666666666,0.1666666666666666,776.1666666666666,776.1666666666666,0.619712261112304,3,0.12471010972032193,0.0782760696626955,0.6898812362626342,2146.3323900004884,222,422.2599999997355,0.039718317807949,38194.24383333876
2023-03-22,4.0,A003,200,4657,4657.0,6,4,0.4530455944456374,0.0782760696626956,2,6,2023.3205566671256,0.277861284088469,0.0468112518788919,0.619712261112304,0.0556152029203349,0.0260920232208985,0.2922868960591656,0.1605671611763121,0.0768205885095054,3,1,1,1,0.5,0.1666666666666666,0.1666666666666666,0.1666666666666666,776.1666666666666,776.1666666666666,0.619712261112304,3,0.12471010972032193,0.0782760696626955,0.6898812362626342,2146.3323900004884,222,422.2599999997355,0.039718317807949,38194.24383333876
2023-03-22,8.0,A003,200,4657,4657.0,6,4,0.4530455944456374,0.0782760696626956,2,6,2023.3205566671256,0.277861284088469,0.0468112518788919,0.619712261112304,0.0556152029203349,0.0260920232208985,0.2922868960591656,0.1605671611763121,0.0768205885095054,3,1,1,1,0.5,0.1666666666666666,0.1666666666666666,0.1666666666666666,776.1666666666666,776.1666666666666,0.619712261112304,3,0.12471010972032193,0.0782760696626955,0.6898812362626342,2146.3323900004884,222,422.2599999997355,0.039718317807949,38194.24383333876
2023-03-27,0.0,A001,26,606,606.0,6,2,0.0478547854785478,10.0,0,6,237.039192307692,0.0,0.1188118811881188,0.0,0.8811881188118812,1.0,1.0,0.0,1.0,0,1,0,5,0.0,0.1666666666666666,0.0,0.8333333333333334,101.0,101.0,0.8811881188118812,5,1.0,10.0,0.5259359840917623,368.8869743589737,235,833.8183333333341,0.5178859686298136,689.2359999999984
2023-03-27,0.05,A001,26,606,606.0,6,2,0.0478547854785478,10.0,0,6,237.039192307692,0.0,0.1188118811881188,0.0,0.8811881188118812,1.0,1.0,0.0,1.0,0,1,0,5,0.0,0.1666666666666666,0.0,0.8333333333333334,101.0,101.0,0.8811881188118812,5,1.0,10.0,0.5259359840917623,368.8869743589737,235,833.8183333333341,0.5178859686298136,689.2359999999984
2023-03-27,0.1,A002,26,606,606.0,6,2,0.2145214521452145,7.0,1,6,311.0836410256405,0.0,0.1188118811881188,0.0,0.8811881188118812,1.0,1.0,0.0,1.0,0,2,0,4,0.0,0.3333333333333333,0.0,0.6666666666666666,101.0,101.0,0.8811881188118812,4,1.0,7.0,0.5259359840917623,443.89185897435806,223,858.7896666666668,0.5252492282939158,822.8929999999972
2023-03-27,0.25,A003,26,606,606.0,6,2,0.3811881188118812,6.0,2,6,371.8264487179477,0.0,0.1188118811881188,0.0,0.8811881188118812,1.0,1.0,0.0,1.0,0,3,0,3,0.0,0.5,0.0,0.5,101.0,101.0,0.8811881188118812,3,1.0,6.0,0.5259359840917623,491.13856410256267,169,507.8910000000016,0.3955183141696854,933.0889999999964
2023-03-27,0.5,A003,26,606,606.0,6,2,0.3811881188118812,6.0,2,6,371.8264487179477,0.0,0.1188118811881188,0.0,0.8811881188118812,1.0,1.0,0.0,1.0,0,3,0,3,0.0,0.5,0.0,0.5,101.0,101.0,0.8811881188118812,3,1.0,6.0,0.5259359840917623,491.13856410256267,169,507.8910000000016,0.3955183141696854,933.0889999999964
2023-03-27,0.75,A003,26,606,606.0,6,2,0.3811881188118812,6.0,2,6,371.8264487179477,0.0,0.1188118811881188,0.0,0.8811881188118812,1.0,1.0,0.0,1.0,0,3,0,3,0.0,0.5,0.0,0.5,101.0,101.0,0.8811881188118812,3,1.0,6.0,0.5259359840917623,491.13856410256267,169,507.8910000000016,0.3955183141696854,933.0889999999964
2023-03-27,1.0,A003,26,606,606.0,6,2,0.3811881188118812,6.0,2,6,371.8264487179477,0.0,0.1188118811881188,0.0,0.8811881188118812,1.0,1.0,0.0,1.0,0,3,0,3,0.0,0.5,0.0,0.5,101.0,101.0,0.8811881188118812,3,1.0,6.0,0.5259359840917623,491.13856410256267,169,507.8910000000016,0.3955183141696854,933.0889999999964
2023-03-27,2.0,A003,26,606,606.0,6,2,0.3811881188118812,6.0,2,6,371.8264487179477,0.0,0.1188118811881188,0.0,0.8811881188118812,1.0,1.0,0.0,1.0,0,3,0,3,0.0,0.5,0.0,0.5,101.0,101.0,0.8811881188118812,3,1.0,6.0,0.5259359840917623,491.13856410256267,169,507.8910000000016,0.3955183141696854,933.0889999999964
2023-03-27,4.0,A003,26,606,606.0,6,2,0.3811881188118812,6.0,2,6,371.8264487179477,0.0,0.1188118811881188,0.0,0.8811881188118812,1.0,1.0,0.0,1.0,0,3,0,3,0.0,0.5,0.0,0.5,101.0,101.0,0.8811881188118812,3,1.0,6.0,0.5259359840917623,491.13856410256267,169,507.8910000000016,0.3955183141696854,933.0889999999964
2023-03-27,8.0,A003,26,606,606.0,6,2,0.3811881188118812,6.0,2,6,371.8264487179477,0.0,0.1188118811881188,0.0,0.8811881188118812,1.0,1.0,0.0,1.0,0,3,0,3,0.0,0.5,0.0,0.5,101.0,101.0,0.8811881188118812,3,1.0,6.0,0.5259359840917623,491.13856410256267,169,507.8910000000016,0.3955183141696854,933.0889999999964
2023-03-29,0.0,A001,109,2518,2518.0,9,4,0.1288941840967258,0.6382221027909913,0,9,790.7371529052024,0.6294678316123908,0.0254169976171564,0.2772041302621127,0.0679110405083399,0.0526946607995819,0.2922154839690362,0.1112754947951717,0.1598021887281796,5,1,2,1,0.5555555555555556,0.1111111111111111,0.2222222222222222,0.1111111111111111,279.77777777777777,279.77777777777777,0.6294678316123908,5,0.08229519379702306,0.6382221027909907,0.6658124067532223,934.4518119266118,367,484.16683333329007,0.0596933709784252,2102.906333333376
2023-03-29,0.05,A001,109,2518,2518.0,9,4,0.1288941840967258,0.6382221027909913,0,9,790.7371529052024,0.6294678316123908,0.0254169976171564,0.2772041302621127,0.0679110405083399,0.0526946607995819,0.2922154839690362,0.1112754947951717,0.1598021887281796,5,1,2,1,0.5555555555555556,0.1111111111111111,0.2222222222222222,0.1111111111111111,279.77777777777777,279.77777777777777,0.6294678316123908,5,0.08229519379702306,0.6382221027909907,0.6658124067532223,934.4518119266118,367,484.16683333329007,0.0596933709784252,2102.906333333376
2023-03-29,0.1,A001,109,2518,2518.0,9,4,0.1288941840967258,0.6382221027909913,0,9,790.7371529052024,0.6294678316123908,0.0254169976171564,0.2772041302621127,0.0679110405083399,0.0526946607995819,0.2922154839690362,0.1112754947951717,0.1598021887281796,5,1,2,1,0.5555555555555556,0.1111111111111111,0.2222222222222222,0.1111111111111111,279.77777777777777,279.77777777777777,0.6294678316123908,5,0.08229519379702306,0.6382221027909907,0.6658124067532223,934.4518119266118,367,484.16683333329007,0.0596933709784252,2102.906333333376
2023-03-29,0.25,A001,109,2518,2518.0,9,4,0.1288941840967258,0.6382221027909913,0,9,790.7371529052024,0.6294678316123908,0.0254169976171564,0.2772041302621127,0.0679110405083399,0.0526946607995819,0.2922154839690362,0.1112754947951717,0.1598021887281796,5,1,2,1,0.5555555555555556,0.1111111111111111,0.2222222222222222,0.1111111111111111,279.77777777777777,279.77777777777777,0.6294678316123908,5,0.08229519379702306,0.6382221027909907,0.6658124067532223,934.4518119266118,367,484.16683333329007,0.0596933709784252,2102.906333333376
2023-03-29,0.5,A001,109,2518,2518.0,9,4,0.1288941840967258,0.6382221027909913,0,9,790.7371529052024,0.6294678316123908,0.0254169976171564,0.2772041302621127,0.0679110405083399,0.0526946607995819,0.2922154839690362,0.1112754947951717,0.1598021887281796,5,1,2,1,0.5555555555555556,0.1111111111111111,0.2222222222222222,0.1111111111111111,279.77777777777777,279.77777777777777,0.6294678316123908,5,0.08229519379702306,0.6382221027909907,0.6658124067532223,934.4518119266118,367,484.16683333329007,0.0596933709784252,2102.906333333376
2023-03-29,0.75,A001,109,2518,2518.0,9,4,0.1288941840967258,0.6382221027909913,0,9,790.7371529052024,0.6294678316123908,0.0254169976171564,0.2772041302621127,0.0679110405083399,0.0526946607995819,0.2922154839690362,0.1112754947951717,0.1598021887281796,5,1,2,1,0.5555555555555556,0.1111111111111111,0.2222222222222222,0.1111111111111111,279.77777777777777,279.77777777777777,0.6294678316123908,5,0.08229519379702306,0.6382221027909907,0.6658124067532223,934.4518119266118,367,484.16683333329007,0.0596933709784252,2102.906333333376
2023-03-29,1.0,A001,109,2518,2518.0,9,4,0.1288941840967258,0.6382221027909913,0,9,790.7371529052024,0.6294678316123908,0.0254169976171564,0.2772041302621127,0.0679110405083399,0.0526946607995819,0.2922154839690362,0.1112754947951717,0.1598021887281796,5,1,2,1,0.5555555555555556,0.1111111111111111,0.2222222222222222,0.1111111111111111,279.77777777777777,279.77777777777777,0.6294678316123908,5,0.08229519379702306,0.6382221027909907,0.6658124067532223,934.4518119266118,367,484.16683333329007,0.0596933709784252,2102.906333333376
2023-03-29,2.0,A001,109,2518,2518.0,9,4,0.1288941840967258,0.6382221027909913,0,9,790.7371529052024,0.6294678316123908,0.0254169976171564,0.2772041302621127,0.0679110405083399,0.0526946607995819,0.2922154839690362,0.1112754947951717,0.1598021887281796,5,1,2,1,0.5555555555555556,0.1111111111111111,0.2222222222222222,0.1111111111111111,279.77777777777777,279.77777777777777,0.6294678316123908,5,0.08229519379702306,0.6382221027909907,0.6658124067532223,934.4518119266118,367,484.16683333329007,0.0596933709784252,2102.906333333376
2023-03-29,4.0,A002,109,2518,2518.0,9,4,0.2400052952078369,0.5872456483208431,1,9,920.510857798174,0.6294678316123908,0.0254169976171564,0.2772041302621127,0.0679110405083399,0.0526946607995819,0.2922154839690362,0.1112754947951717,0.1598021887281796,4,1,2,2,0.4444444444444444,0.1111111111111111,0.2222222222222222,0.2222222222222222,279.77777777777777,279.77777777777777,0.6294678316123908,4,0.08229519379702306,0.5872456483208427,0.6658124067532223,1063.2308669724875,294,375.7500000000205,0.046954188332345,2555.202333333349
2023-03-29,8.0,A002,109,2518,2518.0,9,4,0.2400052952078369,0.5872456483208431,1,9,920.510857798174,0.6294678316123908,0.0254169976171564,0.2772041302621127,0.0679110405083399,0.0526946607995819,0.2922154839690362,0.1112754947951717,0.1598021887281796,4,1,2,2,0.4444444444444444,0.1111111111111111,0.2222222222222222,0.2222222222222222,279.77777777777777,279.77777777777777,0.6294678316123908,4,0.08229519379702306,0.5872456483208427,0.6658124067532223,1063.2308669724875,294,375.7500000000205,0.046954188332345,2555.202333333349
2023-04-03,0.0,A001,90,1896,1896.0,10,4,0.0772151898734177,0.9855886250254852,0,10,427.9877111111071,0.4472573839662447,0.229957805907173,0.1729957805907173,0.1497890295358649,0.0784993326907815,0.397222677056668,0.0672752439013848,0.0500947079227428,4,2,2,2,0.4,0.2,0.2,0.2,189.6,189.6,0.4472573839662447,4,0.14559583247268099,0.9855886250254847,0.927491310491747,565.162192592589,414,762.321000000015,0.1145020980708579,1446.4476666666812
2023-04-03,0.05,A001,90,1896,1896.0,10,4,0.0772151898734177,0.9855886250254852,0,10,427.9877111111071,0.4472573839662447,0.229957805907173,0.1729957805907173,0.1497890295358649,0.0784993326907815,0.397222677056668,0.0672752439013848,0.0500947079227428,4,2,2,2,0.4,0.2,0.2,0.2,189.6,189.6,0.4472573839662447,4,0.14559583247268099,0.9855886250254847,0.927491310491747,565.162192592589,414,762.321000000015,0.1145020980708579,1446.4476666666812
2023-04-03,0.1,A001,90,1896,1896.0,10,4,0.0772151898734177,0.9855886250254852,0,10,427.9877111111071,0.4472573839662447,0.229957805907173,0.1729957805907173,0.1497890295358649,0.0784993326907815,0.397222677056668,0.0672752439013848,0.0500947079227428,4,2,2,2,0.4,0.2,0.2,0.2,189.6,189.6,0.4472573839662447,4,0.14559583247268099,0.9855886250254847,0.927491310491747,565.162192592589,414,762.321000000015,0.1145020980708579,1446.4476666666812
2023-04-03,0.25,A001,90,1896,1896.0,10,4,0.0772151898734177,0.9855886250254852,0,10,427.9877111111071,0.4472573839662447,0.229957805907173,0.1729957805907173,0.1497890295358649,0.0784993326907815,0.397222677056668,0.0672752439013848,0.0500947079227428,4,2,2,2,0.4,0.2,0.2,0.2,189.6,189.6,0.4472573839662447,4,0.14559583247268099,0.9855886250254847,0.927491310491747,565.162192592589,414,762.321000000015,0.1145020980708579,1446.4476666666812
2023-04-03,0.5,A002,90,1896,1896.0,10,4,0.1772151898734177,0.6885553638143028,1,10,601.0480888888891,0.4472573839662447,0.229957805907173,0.1729957805907173,0.1497890295358649,0.0784993326907815,0.397222677056668,0.0672752439013848,0.0500947079227428,4,1,2,3,0.4,0.1,0.2,0.3,189.6,189.6,0.4472573839662447,4,0.14559583247268099,0.6885553638143023,0.927491310491747,736.4626796296301,312,603.9308333333178,0.0929222546823445,2714.7941666666766
2023-04-03,0.75,A002,90,1896,1896.0,10,4,0.1772151898734177,0.6885553638143028,1,10,601.0480888888891,0.4472573839662447,0.229957805907173,0.1729957805907173,0.1497890295358649,0.0784993326907815,0.397222677056668,0.0672752439013848,0.0500947079227428,4,1,2,3,0.4,0.1,0.2,0.3,189.6,189.6,0.4472573839662447,4,0.14559583247268099,0.6885553638143023,0.927491310491747,736.4626796296301,312,603.9308333333178,0.0929222546823445,2714.7941666666766
2023-04-03,1.0,A003,90,1896,1896.0,10,4,0.2772151898734177,0.5876078535447278,2,10,669.8087314814869,0.4472573839662447,0.229957805907173,0.1729957805907173,0.1497890295358649,0.0784993326907815,0.397222677056668,0.0672752439013848,0.0500947079227428,3,1,3,3,0.3,0.1,0.3,0.3,189.6,189.6,0.4472573839662447,3,0.14559583247268099,0.5876078535447273,0.927491310491747,805.1477962963027,292,597.133499999993,0.0919725904916908,2717.838333333362
2023-04-03,2.0,A003,90,1896,1896.0,10,4,0.2772151898734177,0.5876078535447278,2,10,669.8087314814869,0.4472573839662447,0.229957805907173,0.1729957805907173,0.1497890295358649,0.0784993326907815,0.397222677056668,0.0672752439013848,0.0500947079227428,3,1,3,3,0.3,0.1,0.3,0.3,189.6,189.6,0.4472573839662447,3,0.14559583247268099,0.5876078535447273,0.927491310491747,805.1477962963027,292,597.133499999993,0.0919725904916908,2717.838333333362
2023-04-03,4.0,A003,90,1896,1896.0,10,4,0.2772151898734177,0.5876078535447278,2,10,669.8087314814869,0.4472573839662447,0.229957805907173,0.1729957805907173,0.1497890295358649,0.0784993326907815,0.397222677056668,0.0672752439013848,0.0500947079227428,3,1,3,3,0.3,0.1,0.3,0.3,189.6,189.6,0.4472573839662447,3,0.14559583247268099,0.5876078535447273,0.927491310491747,805.1477962963027,292,597.133499999993,0.0919725904916908,2717.838333333362
2023-04-03,8.0,A003,90,1896,1896.0,10,4,0.2772151898734177,0.5876078535447278,2,10,669.8087314814869,0.4472573839662447,0.229957805907173,0.1729957805907173,0.1497890295358649,0.0784993326907815,0.397222677056668,0.0672752439013848,0.0500947079227428,3,1,3,3,0.3,0.1,0.3,0.3,189.6,189.6,0.4472573839662447,3,0.14559583247268099,0.5876078535447273,0.927491310491747,805.1477962963027,292,597.133499999993,0.0919725904916908,2717.838333333362
2023-04-04,0.0,A001,35,723,723.0,7,4,0.1778304682868998,0.2689843659136951,0,7,303.7751523809496,0.5546334716459198,0.0746887966804979,0.3374827109266943,0.0331950207468879,0.0449796153513168,0.2956333638052971,0.1340455198597444,0.0530941603867947,3,1,2,1,0.4285714285714285,0.1428571428571428,0.2857142857142857,0.1428571428571428,103.28571428571429,103.28571428571429,0.5546334716459198,3,0.09402820760224727,0.2689843659136948,0.7215858323705088,449.8189809523767,79,82.66333333334042,0.0280925669281448,946.0306666666564
2023-04-04,0.05,A001,35,723,723.0,7,4,0.1778304682868998,0.2689843659136951,0,7,303.7751523809496,0.5546334716459198,0.0746887966804979,0.3374827109266943,0.0331950207468879,0.0449796153513168,0.2956333638052971,0.1340455198597444,0.0530941603867947,3,1,2,1,0.4285714285714285,0.1428571428571428,0.2857142857142857,0.1428571428571428,103.28571428571429,103.28571428571429,0.5546334716459198,3,0.09402820760224727,0.2689843659136948,0.7215858323705088,449.8189809523767,79,82.66333333334042,0.0280925669281448,946.0306666666564
2023-04-04,0.1,A001,35,723,723.0,7,4,0.1778304682868998,0.2689843659136951,0,7,303.7751523809496,0.5546334716459198,0.0746887966804979,0.3374827109266943,0.0331950207468879,0.0449796153513168,0.2956333638052971,0.1340455198597444,0.0530941603867947,3,1,2,1,0.4285714285714285,0.1428571428571428,0.2857142857142857,0.1428571428571428,103.28571428571429,103.28571428571429,0.5546334716459198,3,0.09402820760224727,0.2689843659136948,0.7215858323705088,449.8189809523767,79,82.66333333334042,0.0280925669281448,946.0306666666564
2023-04-04,0.25,A001,35,723,723.0,7,4,0.1778304682868998,0.2689843659136951,0,7,303.7751523809496,0.5546334716459198,0.0746887966804979,0.3374827109266943,0.0331950207468879,0.0449796153513168,0.2956333638052971,0.1340455198597444,0.0530941603867947,3,1,2,1,0.4285714285714285,0.1428571428571428,0.2857142857142857,0.1428571428571428,103.28571428571429,103.28571428571429,0.5546334716459198,3,0.09402820760224727,0.2689843659136948,0.7215858323705088,449.8189809523767,79,82.66333333334042,0.0280925669281448,946.0306666666564
2023-04-04,0.5,A001,35,723,723.0,7,4,0.1778304682868998,0.2689843659136951,0,7,303.7751523809496,0.5546334716459198,0.0746887966804979,0.3374827109266943,0.0331950207468879,0.0449796153513168,0.2956333638052971,0.1340455198597444,0.0530941603867947,3,1,2,1,0.4285714285714285,0.1428571428571428,0.2857142857142857,0.1428571428571428,103.28571428571429,103.28571428571429,0.5546334716459198,3,0.09402820760224727,0.2689843659136948,0.7215858323705088,449.8189809523767,79,82.66333333334042,0.0280925669281448,946.0306666666564
2023-04-04,0.75,A001,35,723,723.0,7,4,0.1778304682868998,0.2689843659136951,0,7,303.7751523809496,0.5546334716459198,0.0746887966804979,0.3374827109266943,0.0331950207468879,0.0449796153513168,0.2956333638052971,0.1340455198597444,0.0530941603867947,3,1,2,1,0.4285714285714285,0.1428571428571428,0.2857142857142857,0.1428571428571428,103.28571428571429,103.28571428571429,0.5546334716459198,3,0.09402820760224727,0.2689843659136948,0.7215858323705088,449.8189809523767,79,82.66333333334042,0.0280925669281448,946.0306666666564
2023-04-04,1.0,A001,35,723,723.0,7,4,0.1778304682868998,0.2689843659136951,0,7,303.7751523809496,0.5546334716459198,0.0746887966804979,0.3374827109266943,0.0331950207468879,0.0449796153513168,0.2956333638052971,0.1340455198597444,0.0530941603867947,3,1,2,1,0.4285714285714285,0.1428571428571428,0.2857142857142857,0.1428571428571428,103.28571428571429,103.28571428571429,0.5546334716459198,3,0.09402820760224727,0.2689843659136948,0.7215858323705088,449.8189809523767,79,82.66333333334042,0.0280925669281448,946.0306666666564
2023-04-04,2.0,A002,35,723,723.0,7,4,0.3206876111440427,0.1880330064407454,1,7,469.6906857142855,0.5546334716459198,0.0746887966804979,0.3374827109266943,0.0331950207468879,0.0449796153513168,0.2956333638052971,0.1340455198597444,0.0530941603867947,3,1,1,2,0.4285714285714285,0.1428571428571428,0.1428571428571428,0.2857142857142857,103.28571428571429,103.28571428571429,0.5546334716459198,3,0.09402820760224727,0.1880330064407451,0.7215858323705088,614.9756380952376,50,56.10266666666093,0.0192397735690293,1839.182666666702
2023-04-04,4.0,A002,35,723,723.0,7,4,0.3206876111440427,0.1880330064407454,1,7,469.6906857142855,0.5546334716459198,0.0746887966804979,0.3374827109266943,0.0331950207468879,0.0449796153513168,0.2956333638052971,0.1340455198597444,0.0530941603867947,3,1,1,2,0.4285714285714285,0.1428571428571428,0.1428571428571428,0.2857142857142857,103.28571428571429,103.28571428571429,0.5546334716459198,3,0.09402820760224727,0.1880330064407451,0.7215858323705088,614.9756380952376,50,56.10266666666093,0.0192397735690293,1839.182666666702
2023-04-04,8.0,A002,35,723,723.0,7,4,0.3206876111440427,0.1880330064407454,1,7,469.6906857142855,0.5546334716459198,0.0746887966804979,0.3374827109266943,0.0331950207468879,0.0449796153513168,0.2956333638052971,0.1340455198597444,0.0530941603867947,3,1,1,2,0.4285714285714285,0.1428571428571428,0.1428571428571428,0.2857142857142857,103.28571428571429,103.28571428571429,0.5546334716459198,3,0.09402820760224727,0.1880330064407451,0.7215858323705088,614.9756380952376,50,56.10266666666093,0.0192397735690293,1839.182666666702
2023-04-06,0.0,A001,22,453,453.0,8,3,0.0985099337748344,1.319441812317077,0,8,77.07577272727094,0.6688741721854304,0.0,0.304635761589404,0.0264900662251655,0.1108638405525168,0.4061902706969653,0.2108034067919083,0.5032130153227786,5,0,2,1,0.625,0.0,0.25,0.125,56.625,56.625,0.6688741721854304,5,0.15170236204982177,1.3194418123170764,0.6619995170021513,206.9227803030265,55,85.9868333333291,0.057415111946007,903.1229999999928
2023-04-06,0.05,A001,22,453,453.0,8,3,0.0985099337748344,1.319441812317077,0,8,77.07577272727094,0.6688741721854304,0.0,0.304635761589404,0.0264900662251655,0.1108638405525168,0.4061902706969653,0.2108034067919083,0.5032130153227786,5,0,2,1,0.625,0.0,0.25,0.125,56.625,56.625,0.6688741721854304,5,0.15170236204982177,1.3194418123170764,0.6619995170021513,206.9227803030265,55,85.9868333333291,0.057415111946007,903.1229999999928
2023-04-06,0.1,A001,22,453,453.0,8,3,0.0985099337748344,1.319441812317077,0,8,77.07577272727094,0.6688741721854304,0.0,0.304635761589404,0.0264900662251655,0.1108638405525168,0.4061902706969653,0.2108034067919083,0.5032130153227786,5,0,2,1,0.625,0.0,0.25,0.125,56.625,56.625,0.6688741721854304,5,0.15170236204982177,1.3194418123170764,0.6619995170021513,206.9227803030265,55,85.9868333333291,0.057415111946007,903.1229999999928
2023-04-06,0.25,A001,22,453,453.0,8,3,0.0985099337748344,1.319441812317077,0,8,77.07577272727094,0.6688741721854304,0.0,0.304635761589404,0.0264900662251655,0.1108638405525168,0.4061902706969653,0.2108034067919083,0.5032130153227786,5,0,2,1,0.625,0.0,0.25,0.125,56.625,56.625,0.6688741721854304,5,0.15170236204982177,1.3194418123170764,0.6619995170021513,206.9227803030265,55,85.9868333333291,0.057415111946007,903.1229999999928
2023-04-06,0.5,A001,22,453,453.0,8,3,0.0985099337748344,1.319441812317077,0,8,77.07577272727094,0.6688741721854304,0.0,0.304635761589404,0.0264900662251655,0.1108638405525168,0.4061902706969653,0.2108034067919083,0.5032130153227786,5,0,2,1,0.625,0.0,0.25,0.125,56.625,56.625,0.6688741721854304,5,0.15170236204982177,1.3194418123170764,0.6619995170021513,206.9227803030265,55,85.9868333333291,0.057415111946007,903.1229999999928
2023-04-06,0.75,A001,22,453,453.0,8,3,0.0985099337748344,1.319441812317077,0,8,77.07577272727094,0.6688741721854304,0.0,0.304635761589404,0.0264900662251655,0.1108638405525168,0.4061902706969653,0.2108034067919083,0.5032130153227786,5,0,2,1,0.625,0.0,0.25,0.125,56.625,56.625,0.6688741721854304,5,0.15170236204982177,1.3194418123170764,0.6619995170021513,206.9227803030265,55,85.9868333333291,0.057415111946007,903.1229999999928
2023-04-06,1.0,A001,22,453,453.0,8,3,0.0985099337748344,1.319441812317077,0,8,77.07577272727094,0.6688741721854304,0.0,0.304635761589404,0.0264900662251655,0.1108638405525168,0.4061902706969653,0.2108034067919083,0.5032130153227786,5,0,2,1,0.625,0.0,0.25,0.125,56.625,56.625,0.6688741721854304,5,0.15170236204982177,1.3194418123170764,0.6619995170021513,206.9227803030265,55,85.9868333333291,0.057415111946007,903.1229999999928
2023-04-06,2.0,A001,22,453,453.0,8,3,0.0985099337748344,1.319441812317077,0,8,77.07577272727094,0.6688741721854304,0.0,0.304635761589404,0.0264900662251655,0.1108638405525168,0.4061902706969653,0.2108034067919083,0.5032130153227786,5,0,2,1,0.625,0.0,0.25,0.125,56.625,56.625,0.6688741721854304,5,0.15170236204982177,1.3194418123170764,0.6619995170021513,206.9227803030265,55,85.9868333333291,0.057415111946007,903.1229999999928
2023-04-06,4.0,A002,22,453,453.0,8,3,0.1688741721854304,1.297593263690826,1,8,92.99421969696776,0.6688741721854304,0.0,0.304635761589404,0.0264900662251655,0.1108638405525168,0.4061902706969653,0.2108034067919083,0.5032130153227786,4,0,3,1,0.5,0.0,0.375,0.125,56.625,56.625,0.6688741721854304,4,0.15170236204982177,1.2975932636908256,0.6619995170021513,221.26993181817792,43,51.41833333333027,0.0351442416460221,964.8306666666584
2023-04-06,8.0,A002,22,453,453.0,8,3,0.1688741721854304,1.297593263690826,1,8,92.99421969696776,0.6688741721854304,0.0,0.304635761589404,0.0264900662251655,0.1108638405525168,0.4061902706969653,0.2108034067919083,0.5032130153227786,4,0,3,1,0.5,0.0,0.375,0.125,56.625,56.625,0.6688741721854304,4,0.15170236204982177,1.2975932636908256,0.6619995170021513,221.26993181817792,43,51.41833333333027,0.0351442416460221,964.8306666666584
2023-04-11,0.0,A001,29,674,674.0,7,4,0.1447647308181432,0.1543330586209593,0,7,257.48295977011264,0.4762611275964392,0.0356083086053412,0.3827893175074184,0.1053412462908011,0.0253728696446901,0.1700205629453279,0.078214449686889,0.0185741875904366,3,1,2,1,0.4285714285714285,0.1428571428571428,0.2857142857142857,0.1428571428571428,96.28571428571429,96.28571428571429,0.4762611275964392,3,0.05003454006642693,0.1543330586209593,0.7766765428404846,425.6936149425245,67,68.96700000000055,0.0241471876598554,963.121166666654
2023-04-11,0.05,A001,29,674,674.0,7,4,0.1447647308181432,0.1543330586209593,0,7,257.48295977011264,0.4762611275964392,0.0356083086053412,0.3827893175074184,0.1053412462908011,0.0253728696446901,0.1700205629453279,0.078214449686889,0.0185741875904366,3,1,2,1,0.4285714285714285,0.1428571428571428,0.2857142857142857,0.1428571428571428,96.28571428571429,96.28571428571429,0.4762611275964392,3,0.05003454006642693,0.1543330586209593,0.7766765428404846,425.6936149425245,67,68.96700000000055,0.0241471876598554,963.121166666654
2023-04-11,0.1,A001,29,674,674.0,7,4,0.1447647308181432,0.1543330586209593,0,7,257.48295977011264,0.4762611275964392,0.0356083086053412,0.3827893175074184,0.1053412462908011,0.0253728696446901,0.1700205629453279,0.078214449686889,0.0185741875904366,3,1,2,1,0.4285714285714285,0.1428571428571428,0.2857142857142857,0.1428571428571428,96.28571428571429,96.28571428571429,0.4762611275964392,3,0.05003454006642693,0.1543330586209593,0.7766765428404846,425.6936149425245,67,68.96700000000055,0.0241471876598554,963.121166666654
2023-04-11,0.25,A001,29,674,674.0,7,4,0.1447647308181432,0.1543330586209593,0,7,257.48295977011264,0.4762611275964392,0.0356083086053412,0.3827893175074184,0.1053412462908011,0.0253728696446901,0.1700205629453279,0.078214449686889,0.0185741875904366,3,1,2,1,0.4285714285714285,0.1428571428571428,0.2857142857142857,0.1428571428571428,96.28571428571429,96.28571428571429,0.4762611275964392,3,0.05003454006642693,0.1543330586209593,0.7766765428404846,425.6936149425245,67,68.96700000000055,0.0241471876598554,963.121166666654
2023-04-11,0.5,A001,29,674,674.0,7,4,0.1447647308181432,0.1543330586209593,0,7,257.48295977011264,0.4762611275964392,0.0356083086053412,0.3827893175074184,0.1053412462908011,0.0253728696446901,0.1700205629453279,0.078214449686889,0.0185741875904366,3,1,2,1,0.4285714285714285,0.1428571428571428,0.2857142857142857,0.1428571428571428,96.28571428571429,96.28571428571429,0.4762611275964392,3,0.05003454006642693,0.1543330586209593,0.7766765428404846,425.6936149425245,67,68.96700000000055,0.0241471876598554,963.121166666654
2023-04-11,0.75,A001,29,674,674.0,7,4,0.1447647308181432,0.1543330586209593,0,7,257.48295977011264,0.4762611275964392,0.0356083086053412,0.3827893175074184,0.1053412462908011,0.0253728696446901,0.1700205629453279,0.078214449686889,0.0185741875904366,3,1,2,1,0.4285714285714285,0.1428571428571428,0.2857142857142857,0.1428571428571428,96.28571428571429,96.28571428571429,0.4762611275964392,3,0.05003454006642693,0.1543330586209593,0.7766765428404846,425.6936149425245,67,68.96700000000055,0.0241471876598554,963.121166666654
2023-04-11,1.0,A001,29,674,674.0,7,4,0.1447647308181432,0.1543330586209593,0,7,257.48295977011264,0.4762611275964392,0.0356083086053412,0.3827893175074184,0.1053412462908011,0.0253728696446901,0.1700205629453279,0.078214449686889,0.0185741875904366,3,1,2,1,0.4285714285714285,0.1428571428571428,0.2857142857142857,0.1428571428571428,96.28571428571429,96.28571428571429,0.4762611275964392,3,0.05003454006642693,0.1543330586209593,0.7766765428404846,425.6936149425245,67,68.96700000000055,0.0241471876598554,963.121166666654
2023-04-11,2.0,A001,29,674,674.0,7,4,0.1447647308181432,0.1543330586209593,0,7,257.48295977011264,0.4762611275964392,0.0356083086053412,0.3827893175074184,0.1053412462908011,0.0253728696446901,0.1700205629453279,0.078214449686889,0.0185741875904366,3,1,2,1,0.4285714285714285,0.1428571428571428,0.2857142857142857,0.1428571428571428,96.28571428571429,96.28571428571429,0.4762611275964392,3,0.05003454006642693,0.1543330586209593,0.7766765428404846,425.6936149425245,67,68.96700000000055,0.0241471876598554,963.121166666654
2023-04-11,4.0,A002,29,674,674.0,7,4,0.2876218736752861,0.0946927965245069,1,7,413.8818678160916,0.4762611275964392,0.0356083086053412,0.3827893175074184,0.1053412462908011,0.0253728696446901,0.1700205629453279,0.078214449686889,0.0185741875904366,3,1,1,2,0.4285714285714285,0.1428571428571428,0.1428571428571428,0.2857142857142857,96.28571428571429,96.28571428571429,0.4762611275964392,3,0.05003454006642693,0.0946927965245069,0.7766765428404846,581.4537586206897,46,50.44283333333191,0.0177766785122248,1824.1600000000408
2023-04-11,8.0,A002,29,674,674.0,7,4,0.2876218736752861,0.0946927965245069,1,7,413.8818678160916,0.4762611275964392,0.0356083086053412,0.3827893175074184,0.1053412462908011,0.0253728696446901,0.1700205629453279,0.078214449686889,0.0185741875904366,3,1,1,2,0.4285714285714285,0.1428571428571428,0.1428571428571428,0.2857142857142857,96.28571428571429,96.28571428571429,0.4762611275964392,3,0.05003454006642693,0.0946927965245069,0.7766765428404846,581.4537586206897,46,50.44283333333191,0.0177766785122248,1824.1600000000408
2023-04-13,0.0,A001,90,2042,2042.0,8,4,0.1325905974534769,0.5756074302143381,0,8,573.6140425925934,0.4559255631733594,0.2154750244857982,0.3016650342801175,0.0269343780607247,0.0057184231821861,0.3047326890629812,0.2537194716047983,0.0843366797526224,3,2,2,1,0.375,0.25,0.25,0.125,255.25,255.25,0.4559255631733594,3,0.14707930806330896,0.5756074302143377,0.8278960761367451,707.9201944444474,270,543.8606666667251,0.0912280081797538,1982.4950000000435
2023-04-13,0.05,A002,90,2042,2042.0,8,4,0.1421400587659157,0.2880300106979154,1,8,581.1030074074055,0.4559255631733594,0.2154750244857982,0.3016650342801175,0.0269343780607247,0.0057184231821861,0.3047326890629812,0.2537194716047983,0.0843366797526224,4,1,2,1,0.5,0.125,0.25,0.125,255.25,255.25,0.4559255631733594,4,0.14707930806330896,0.2880300106979149,0.8278960761367451,715.1312481481468,263,518.8486666666662,0.0873991451251771,2393.4961666666736
2023-04-13,0.1,A002,90,2042,2042.0,8,4,0.1421400587659157,0.2880300106979154,1,8,581.1030074074055,0.4559255631733594,0.2154750244857982,0.3016650342801175,0.0269343780607247,0.0057184231821861,0.3047326890629812,0.2537194716047983,0.0843366797526224,4,1,2,1,0.5,0.125,0.25,0.125,255.25,255.25,0.4559255631733594,4,0.14707930806330896,0.2880300106979149,0.8278960761367451,715.1312481481468,263,518.8486666666662,0.0873991451251771,2393.4961666666736
2023-04-13,0.25,A002,90,2042,2042.0,8,4,0.1421400587659157,0.2880300106979154,1,8,581.1030074074055,0.4559255631733594,0.2154750244857982,0.3016650342801175,0.0269343780607247,0.0057184231821861,0.3047326890629812,0.2537194716047983,0.0843366797526224,4,1,2,1,0.5,0.125,0.25,0.125,255.25,255.25,0.4559255631733594,4,0.14707930806330896,0.2880300106979149,0.8278960761367451,715.1312481481468,263,518.8486666666662,0.0873991451251771,2393.4961666666736
2023-04-13,0.5,A002,90,2042,2042.0,8,4,0.1421400587659157,0.2880300106979154,1,8,581.1030074074055,0.4559255631733594,0.2154750244857982,0.3016650342801175,0.0269343780607247,0.0057184231821861,0.3047326890629812,0.2537194716047983,0.0843366797526224,4,1,2,1,0.5,0.125,0.25,0.125,255.25,255.25,0.4559255631733594,4,0.14707930806330896,0.2880300106979149,0.8278960761367451,715.1312481481468,263,518.8486666666662,0.0873991451251771,2393.4961666666736
2023-04-13,0.75,A003,90,2042,2042.0,8,4,0.2671400587659158,0.0571842318218618,2,8,773.7867962962958,0.4559255631733594,0.2154750244857982,0.3016650342801175,0.0269343780607247,0.0057184231821861,0.3047326890629812,0.2537194716047983,0.0843366797526224,5,1,1,1,0.625,0.125,0.125,0.125,255.25,255.25,0.4559255631733594,5,0.14707930806330896,0.057184231821861,0.8278960761367451,907.3746777777768,224,479.2163333333181,0.0812656777041603,3466.5554999999586
2023-04-13,1.0,A003,90,2042,2042.0,8,4,0.2671400587659158,0.0571842318218618,2,8,773.7867962962958,0.4559255631733594,0.2154750244857982,0.3016650342801175,0.0269343780607247,0.0057184231821861,0.3047326890629812,0.2537194716047983,0.0843366797526224,5,1,1,1,0.625,0.125,0.125,0.125,255.25,255.25,0.4559255631733594,5,0.14707930806330896,0.057184231821861,0.8278960761367451,907.3746777777768,224,479.2163333333181,0.0812656777041603,3466.5554999999586
2023-04-13,2.0,A003,90,2042,2042.0,8,4,0.2671400587659158,0.0571842318218618,2,8,773.7867962962958,0.4559255631733594,0.2154750244857982,0.3016650342801175,0.0269343780607247,0.0057184231821861,0.3047326890629812,0.2537194716047983,0.0843366797526224,5,1,1,1,0.625,0.125,0.125,0.125,255.25,255.25,0.4559255631733594,5,0.14707930806330896,0.057184231821861,0.8278960761367451,907.3746777777768,224,479.2163333333181,0.0812656777041603,3466.5554999999586
2023-04-13,4.0,A003,90,2042,2042.0,8,4,0.2671400587659158,0.0571842318218618,2,8,773.7867962962958,0.4559255631733594,0.2154750244857982,0.3016650342801175,0.0269343780607247,0.0057184231821861,0.3047326890629812,0.2537194716047983,0.0843366797526224,5,1,1,1,0.625,0.125,0.125,0.125,255.25,255.25,0.4559255631733594,5,0.14707930806330896,0.057184231821861,0.8278960761367451,907.3746777777768,224,479.2163333333181,0.0812656777041603,3466.5554999999586
2023-04-13,8.0,A003,90,2042,2042.0,8,4,0.2671400587659158,0.0571842318218618,2,8,773.7867962962958,0.4559255631733594,0.2154750244857982,0.3016650342801175,0.0269343780607247,0.0057184231821861,0.3047326890629812,0.2537194716047983,0.0843366797526224,5,1,1,1,0.625,0.125,0.125,0.125,255.25,255.25,0.4559255631733594,5,0.14707930806330896,0.057184231821861,0.8278960761367451,907.3746777777768,224,479.2163333333181,0.0812656777041603,3466.5554999999586
2023-04-17,0.0,A001,87,1980,1980.0,8,4,0.0285353535353535,0.375944357495423,0,8,527.9566628352458,0.397979797979798,0.1272727272727272,0.3782828282828283,0.0964646464646464,0.0400000786399502,0.2375884024590211,0.0853147071918574,0.1602650371505931,3,1,3,1,0.375,0.125,0.375,0.125,247.5,247.5,0.397979797979798,3,0.0938907460456659,0.37594435749542277,0.8817514761592343,666.8381877394613,269,489.2029999999992,0.079639830046301,1737.8696666666865
2023-04-17,0.05,A001,87,1980,1980.0,8,4,0.0285353535353535,0.375944357495423,0,8,527.9566628352458,0.397979797979798,0.1272727272727272,0.3782828282828283,0.0964646464646464,0.0400000786399502,0.2375884024590211,0.0853147071918574,0.1602650371505931,3,1,3,1,0.375,0.125,0.375,0.125,247.5,247.5,0.397979797979798,3,0.0938907460456659,0.37594435749542277,0.8817514761592343,666.8381877394613,269,489.2029999999992,0.079639830046301,1737.8696666666865
2023-04-17,0.1,A001,87,1980,1980.0,8,4,0.0285353535353535,0.375944357495423,0,8,527.9566628352458,0.397979797979798,0.1272727272727272,0.3782828282828283,0.0964646464646464,0.0400000786399502,0.2375884024590211,0.0853147071918574,0.1602650371505931,3,1,3,1,0.375,0.125,0.375,0.125,247.5,247.5,0.397979797979798,3,0.0938907460456659,0.37594435749542277,0.8817514761592343,666.8381877394613,269,489.2029999999992,0.079639830046301,1737.8696666666865
2023-04-17,0.25,A001,87,1980,1980.0,8,4,0.0285353535353535,0.375944357495423,0,8,527.9566628352458,0.397979797979798,0.1272727272727272,0.3782828282828283,0.0964646464646464,0.0400000786399502,0.2375884024590211,0.0853147071918574,0.1602650371505931,3,1,3,1,0.375,0.125,0.375,0.125,247.5,247.5,0.397979797979798,3,0.0938907460456659,0.37594435749542277,0.8817514761592343,666.8381877394613,269,489.2029999999992,0.079639830046301,1737.8696666666865
2023-04-17,0.5,A001,87,1980,1980.0,8,4,0.0285353535353535,0.375944357495423,0,8,527.9566628352458,0.397979797979798,0.1272727272727272,0.3782828282828283,0.0964646464646464,0.0400000786399502,0.2375884024590211,0.0853147071918574,0.1602650371505931,3,1,3,1,0.375,0.125,0.375,0.125,247.5,247.5,0.397979797979798,3,0.0938907460456659,0.37594435749542277,0.8817514761592343,666.8381877394613,269,489.2029999999992,0.079639830046301,1737.8696666666865
2023-04-17,0.75,A001,87,1980,1980.0,8,4,0.0285353535353535,0.375944357495423,0,8,527.9566628352458,0.397979797979798,0.1272727272727272,0.3782828282828283,0.0964646464646464,0.0400000786399502,0.2375884024590211,0.0853147071918574,0.1602650371505931,3,1,3,1,0.375,0.125,0.375,0.125,247.5,247.5,0.397979797979798,3,0.0938907460456659,0.37594435749542277,0.8817514761592343,666.8381877394613,269,489.2029999999992,0.079639830046301,1737.8696666666865
2023-04-17,1.0,A001,87,1980,1980.0,8,4,0.0285353535353535,0.375944357495423,0,8,527.9566628352458,0.397979797979798,0.1272727272727272,0.3782828282828283,0.0964646464646464,0.0400000786399502,0.2375884024590211,0.0853147071918574,0.1602650371505931,3,1,3,1,0.375,0.125,0.375,0.125,247.5,247.5,0.397979797979798,3,0.0938907460456659,0.37594435749542277,0.8817514761592343,666.8381877394613,269,489.2029999999992,0.079639830046301,1737.8696666666865
2023-04-17,2.0,A001,87,1980,1980.0,8,4,0.0285353535353535,0.375944357495423,0,8,527.9566628352458,0.397979797979798,0.1272727272727272,0.3782828282828283,0.0964646464646464,0.0400000786399502,0.2375884024590211,0.0853147071918574,0.1602650371505931,3,1,3,1,0.375,0.125,0.375,0.125,247.5,247.5,0.397979797979798,3,0.0938907460456659,0.37594435749542277,0.8817514761592343,666.8381877394613,269,489.2029999999992,0.079639830046301,1737.8696666666865
2023-04-17,4.0,A002,87,1980,1980.0,8,4,0.1305555555555555,0.3253151790315589,1,8,563.1490881226034,0.397979797979798,0.1272727272727272,0.3782828282828283,0.0964646464646464,0.0400000786399502,0.2375884024590211,0.0853147071918574,0.1602650371505931,4,1,2,1,0.5,0.125,0.25,0.125,247.5,247.5,0.397979797979798,4,0.0938907460456659,0.3253151790315586,0.8817514761592343,701.3528275862054,263,430.23566666666943,0.0707191142094075,2192.5545000000125
2023-04-17,8.0,A002,87,1980,1980.0,8,4,0.1305555555555555,0.3253151790315589,1,8,563.1490881226034,0.397979797979798,0.1272727272727272,0.3782828282828283,0.0964646464646464,0.0400000786399502,0.2375884024590211,0.0853147071918574,0.1602650371505931,4,1,2,1,0.5,0.125,0.25,0.125,247.5,247.5,0.397979797979798,4,0.0938907460456659,0.3253151790315586,0.8817514761592343,701.3528275862054,263,430.23566666666943,0.0707191142094075,2192.5545000000125
2023-04-18,0.0,A001,20,415,415.0,6,3,0.1088353413654618,0.2362067152193085,0,6,153.658574999999,0.5277108433734939,0.0,0.4144578313253012,0.0578313253012048,0.0503792848000554,0.2870129970719189,0.0850688608191421,0.0540669572406962,3,0,2,1,0.5,0.0,0.3333333333333333,0.1666666666666666,69.16666666666667,69.16666666666667,0.5277108433734939,3,0.06496991423103923,0.2362067152193083,0.7893562443522754,300.74634999999773,42,57.52416666666746,0.0339024489189328,668.2501666666602
2023-04-18,0.05,A001,20,415,415.0,6,3,0.1088353413654618,0.2362067152193085,0,6,153.658574999999,0.5277108433734939,0.0,0.4144578313253012,0.0578313253012048,0.0503792848000554,0.2870129970719189,0.0850688608191421,0.0540669572406962,3,0,2,1,0.5,0.0,0.3333333333333333,0.1666666666666666,69.16666666666667,69.16666666666667,0.5277108433734939,3,0.06496991423103923,0.2362067152193083,0.7893562443522754,300.74634999999773,42,57.52416666666746,0.0339024489189328,668.2501666666602
2023-04-18,0.1,A001,20,415,415.0,6,3,0.1088353413654618,0.2362067152193085,0,6,153.658574999999,0.5277108433734939,0.0,0.4144578313253012,0.0578313253012048,0.0503792848000554,0.2870129970719189,0.0850688608191421,0.0540669572406962,3,0,2,1,0.5,0.0,0.3333333333333333,0.1666666666666666,69.16666666666667,69.16666666666667,0.5277108433734939,3,0.06496991423103923,0.2362067152193083,0.7893562443522754,300.74634999999773,42,57.52416666666746,0.0339024489189328,668.2501666666602
2023-04-18,0.25,A001,20,415,415.0,6,3,0.1088353413654618,0.2362067152193085,0,6,153.658574999999,0.5277108433734939,0.0,0.4144578313253012,0.0578313253012048,0.0503792848000554,0.2870129970719189,0.0850688608191421,0.0540669572406962,3,0,2,1,0.5,0.0,0.3333333333333333,0.1666666666666666,69.16666666666667,69.16666666666667,0.5277108433734939,3,0.06496991423103923,0.2362067152193083,0.7893562443522754,300.74634999999773,42,57.52416666666746,0.0339024489189328,668.2501666666602
2023-04-18,0.5,A001,20,415,415.0,6,3,0.1088353413654618,0.2362067152193085,0,6,153.658574999999,0.5277108433734939,0.0,0.4144578313253012,0.0578313253012048,0.0503792848000554,0.2870129970719189,0.0850688608191421,0.0540669572406962,3,0,2,1,0.5,0.0,0.3333333333333333,0.1666666666666666,69.16666666666667,69.16666666666667,0.5277108433734939,3,0.06496991423103923,0.2362067152193083,0.7893562443522754,300.74634999999773,42,57.52416666666746,0.0339024489189328,668.2501666666602
2023-04-18,0.75,A001,20,415,415.0,6,3,0.1088353413654618,0.2362067152193085,0,6,153.658574999999,0.5277108433734939,0.0,0.4144578313253012,0.0578313253012048,0.0503792848000554,0.2870129970719189,0.0850688608191421,0.0540669572406962,3,0,2,1,0.5,0.0,0.3333333333333333,0.1666666666666666,69.16666666666667,69.16666666666667,0.5277108433734939,3,0.06496991423103923,0.2362067152193083,0.7893562443522754,300.74634999999773,42,57.52416666666746,0.0339024489189328,668.2501666666602
2023-04-18,1.0,A001,20,415,415.0,6,3,0.1088353413654618,0.2362067152193085,0,6,153.658574999999,0.5277108433734939,0.0,0.4144578313253012,0.0578313253012048,0.0503792848000554,0.2870129970719189,0.0850688608191421,0.0540669572406962,3,0,2,1,0.5,0.0,0.3333333333333333,0.1666666666666666,69.16666666666667,69.16666666666667,0.5277108433734939,3,0.06496991423103923,0.2362067152193083,0.7893562443522754,300.74634999999773,42,57.52416666666746,0.0339024489189328,668.2501666666602
2023-04-18,2.0,A001,20,415,415.0,6,3,0.1088353413654618,0.2362067152193085,0,6,153.658574999999,0.5277108433734939,0.0,0.4144578313253012,0.0578313253012048,0.0503792848000554,0.2870129970719189,0.0850688608191421,0.0540669572406962,3,0,2,1,0.5,0.0,0.3333333333333333,0.1666666666666666,69.16666666666667,69.16666666666667,0.5277108433734939,3,0.06496991423103923,0.2362067152193083,0.7893562443522754,300.74634999999773,42,57.52416666666746,0.0339024489189328,668.2501666666602
2023-04-18,4.0,A002,20,415,415.0,6,3,0.2755020080321285,0.1895151028598938,1,6,225.90483333333125,0.5277108433734939,0.0,0.4144578313253012,0.0578313253012048,0.0503792848000554,0.2870129970719189,0.0850688608191421,0.0540669572406962,2,0,2,2,0.3333333333333333,0.0,0.3333333333333333,0.3333333333333333,69.16666666666667,69.16666666666667,0.5277108433734939,2,0.06496991423103923,0.1895151028598937,0.7893562443522754,372.05439166666287,34,38.7598333333312,0.0230989495673737,793.8886666666568
2023-04-18,8.0,A002,20,415,415.0,6,3,0.2755020080321285,0.1895151028598938,1,6,225.90483333333125,0.5277108433734939,0.0,0.4144578313253012,0.0578313253012048,0.0503792848000554,0.2870129970719189,0.0850688608191421,0.0540669572406962,2,0,2,2,0.3333333333333333,0.0,0.3333333333333333,0.3333333333333333,69.16666666666667,69.16666666666667,0.5277108433734939,2,0.06496991423103923,0.1895151028598937,0.7893562443522754,372.05439166666287,34,38.7598333333312,0.0230989495673737,793.8886666666568
2023-04-19,0.0,A001,53,1130,1130.0,8,3,0.0515486725663716,0.4675566399483652,0,8,324.88510377358205,0.5097345132743363,0.0,0.4168141592920354,0.0734513274336283,0.0156905899206195,0.3881830324588053,0.1244710334748826,0.1059528180917765,4,0,3,1,0.5,0.0,0.375,0.125,141.25,141.25,0.5097345132743363,4,0.06766169952439291,0.4675566399483648,0.8192551329222162,464.0897924528259,156,216.5411666666692,0.0543002490357076,1054.9453333333238
2023-04-19,0.05,A001,53,1130,1130.0,8,3,0.0515486725663716,0.4675566399483652,0,8,324.88510377358205,0.5097345132743363,0.0,0.4168141592920354,0.0734513274336283,0.0156905899206195,0.3881830324588053,0.1244710334748826,0.1059528180917765,4,0,3,1,0.5,0.0,0.375,0.125,141.25,141.25,0.5097345132743363,4,0.06766169952439291,0.4675566399483648,0.8192551329222162,464.0897924528259,156,216.5411666666692,0.0543002490357076,1054.9453333333238
2023-04-19,0.1,A001,53,1130,1130.0,8,3,0.0515486725663716,0.4675566399483652,0,8,324.88510377358205,0.5097345132743363,0.0,0.4168141592920354,0.0734513274336283,0.0156905899206195,0.3881830324588053,0.1244710334748826,0.1059528180917765,4,0,3,1,0.5,0.0,0.375,0.125,141.25,141.25,0.5097345132743363,4,0.06766169952439291,0.4675566399483648,0.8192551329222162,464.0897924528259,156,216.5411666666692,0.0543002490357076,1054.9453333333238
2023-04-19,0.25,A001,53,1130,1130.0,8,3,0.0515486725663716,0.4675566399483652,0,8,324.88510377358205,0.5097345132743363,0.0,0.4168141592920354,0.0734513274336283,0.0156905899206195,0.3881830324588053,0.1244710334748826,0.1059528180917765,4,0,3,1,0.5,0.0,0.375,0.125,141.25,141.25,0.5097345132743363,4,0.06766169952439291,0.4675566399483648,0.8192551329222162,464.0897924528259,156,216.5411666666692,0.0543002490357076,1054.9453333333238
2023-04-19,0.5,A001,53,1130,1130.0,8,3,0.0515486725663716,0.4675566399483652,0,8,324.88510377358205,0.5097345132743363,0.0,0.4168141592920354,0.0734513274336283,0.0156905899206195,0.3881830324588053,0.1244710334748826,0.1059528180917765,4,0,3,1,0.5,0.0,0.375,0.125,141.25,141.25,0.5097345132743363,4,0.06766169952439291,0.4675566399483648,0.8192551329222162,464.0897924528259,156,216.5411666666692,0.0543002490357076,1054.9453333333238
2023-04-19,0.75,A002,53,1130,1130.0,8,3,0.1668141592920354,0.2813769326810782,1,8,386.12355974842507,0.5097345132743363,0.0,0.4168141592920354,0.0734513274336283,0.0156905899206195,0.3881830324588053,0.1244710334748826,0.1059528180917765,5,0,2,1,0.625,0.0,0.25,0.125,141.25,141.25,0.5097345132743363,5,0.06766169952439291,0.2813769326810776,0.8192551329222162,525.3260314465377,148,216.42366666666763,0.0542723836353728,1455.6943333333431
2023-04-19,1.0,A002,53,1130,1130.0,8,3,0.1668141592920354,0.2813769326810782,1,8,386.12355974842507,0.5097345132743363,0.0,0.4168141592920354,0.0734513274336283,0.0156905899206195,0.3881830324588053,0.1244710334748826,0.1059528180917765,5,0,2,1,0.625,0.0,0.25,0.125,141.25,141.25,0.5097345132743363,5,0.06766169952439291,0.2813769326810776,0.8192551329222162,525.3260314465377,148,216.42366666666763,0.0542723836353728,1455.6943333333431
2023-04-19,2.0,A002,53,1130,1130.0,8,3,0.1668141592920354,0.2813769326810782,1,8,386.12355974842507,0.5097345132743363,0.0,0.4168141592920354,0.0734513274336283,0.0156905899206195,0.3881830324588053,0.1244710334748826,0.1059528180917765,5,0,2,1,0.625,0.0,0.25,0.125,141.25,141.25,0.5097345132743363,5,0.06766169952439291,0.2813769326810776,0.8192551329222162,525.3260314465377,148,216.42366666666763,0.0542723836353728,1455.6943333333431
2023-04-19,4.0,A003,53,1130,1130.0,8,3,0.2918141592920354,0.2353588488092933,2,8,667.2554056603825,0.5097345132743363,0.0,0.4168141592920354,0.0734513274336283,0.0156905899206195,0.3881830324588053,0.1244710334748826,0.1059528180917765,6,0,1,1,0.75,0.0,0.125,0.125,141.25,141.25,0.5097345132743363,6,0.06766169952439291,0.23535884880929248,0.8192551329222162,805.857298742143,122,184.59300000001,0.0466627024054645,2852.979666666671
2023-04-19,8.0,A003,53,1130,1130.0,8,3,0.2918141592920354,0.2353588488092933,2,8,667.2554056603825,0.5097345132743363,0.0,0.4168141592920354,0.0734513274336283,0.0156905899206195,0.3881830324588053,0.1244710334748826,0.1059528180917765,6,0,1,1,0.75,0.0,0.125,0.125,141.25,141.25,0.5097345132743363,6,0.06766169952439291,0.23535884880929248,0.8192551329222162,805.857298742143,122,184.59300000001,0.0466627024054645,2852.979666666671
2023-04-20,0.0,A001,35,724,724.0,5,4,0.192817679558011,0.0570566931766681,0,5,349.12219047618845,0.4378453038674033,0.0649171270718232,0.3549723756906077,0.1422651933701657,0.0570566931766681,0.3270015479998832,0.14312836223157,0.0499935970607485,2,1,1,1,0.4,0.2,0.2,0.2,144.8,144.8,0.4378453038674033,2,0.10412896972896253,0.0570566931766681,0.8542294269492412,487.20991428571097,42,49.56933333332719,0.0186275923309535,14391.868666666654
2023-04-20,0.05,A001,35,724,724.0,5,4,0.192817679558011,0.0570566931766681,0,5,349.12219047618845,0.4378453038674033,0.0649171270718232,0.3549723756906077,0.1422651933701657,0.0570566931766681,0.3270015479998832,0.14312836223157,0.0499935970607485,2,1,1,1,0.4,0.2,0.2,0.2,144.8,144.8,0.4378453038674033,2,0.10412896972896253,0.0570566931766681,0.8542294269492412,487.20991428571097,42,49.56933333332719,0.0186275923309535,14391.868666666654
2023-04-20,0.1,A001,35,724,724.0,5,4,0.192817679558011,0.0570566931766681,0,5,349.12219047618845,0.4378453038674033,0.0649171270718232,0.3549723756906077,0.1422651933701657,0.0570566931766681,0.3270015479998832,0.14312836223157,0.0499935970607485,2,1,1,1,0.4,0.2,0.2,0.2,144.8,144.8,0.4378453038674033,2,0.10412896972896253,0.0570566931766681,0.8542294269492412,487.20991428571097,42,49.56933333332719,0.0186275923309535,14391.868666666654
2023-04-20,0.25,A001,35,724,724.0,5,4,0.192817679558011,0.0570566931766681,0,5,349.12219047618845,0.4378453038674033,0.0649171270718232,0.3549723756906077,0.1422651933701657,0.0570566931766681,0.3270015479998832,0.14312836223157,0.0499935970607485,2,1,1,1,0.4,0.2,0.2,0.2,144.8,144.8,0.4378453038674033,2,0.10412896972896253,0.0570566931766681,0.8542294269492412,487.20991428571097,42,49.56933333332719,0.0186275923309535,14391.868666666654
2023-04-20,0.5,A001,35,724,724.0,5,4,0.192817679558011,0.0570566931766681,0,5,349.12219047618845,0.4378453038674033,0.0649171270718232,0.3549723756906077,0.1422651933701657,0.0570566931766681,0.3270015479998832,0.14312836223157,0.0499935970607485,2,1,1,1,0.4,0.2,0.2,0.2,144.8,144.8,0.4378453038674033,2,0.10412896972896253,0.0570566931766681,0.8542294269492412,487.20991428571097,42,49.56933333332719,0.0186275923309535,14391.868666666654
2023-04-20,0.75,A001,35,724,724.0,5,4,0.192817679558011,0.0570566931766681,0,5,349.12219047618845,0.4378453038674033,0.0649171270718232,0.3549723756906077,0.1422651933701657,0.0570566931766681,0.3270015479998832,0.14312836223157,0.0499935970607485,2,1,1,1,0.4,0.2,0.2,0.2,144.8,144.8,0.4378453038674033,2,0.10412896972896253,0.0570566931766681,0.8542294269492412,487.20991428571097,42,49.56933333332719,0.0186275923309535,14391.868666666654
2023-04-20,1.0,A001,35,724,724.0,5,4,0.192817679558011,0.0570566931766681,0,5,349.12219047618845,0.4378453038674033,0.0649171270718232,0.3549723756906077,0.1422651933701657,0.0570566931766681,0.3270015479998832,0.14312836223157,0.0499935970607485,2,1,1,1,0.4,0.2,0.2,0.2,144.8,144.8,0.4378453038674033,2,0.10412896972896253,0.0570566931766681,0.8542294269492412,487.20991428571097,42,49.56933333332719,0.0186275923309535,14391.868666666654
2023-04-20,2.0,A001,35,724,724.0,5,4,0.192817679558011,0.0570566931766681,0,5,349.12219047618845,0.4378453038674033,0.0649171270718232,0.3549723756906077,0.1422651933701657,0.0570566931766681,0.3270015479998832,0.14312836223157,0.0499935970607485,2,1,1,1,0.4,0.2,0.2,0.2,144.8,144.8,0.4378453038674033,2,0.10412896972896253,0.0570566931766681,0.8542294269492412,487.20991428571097,42,49.56933333332719,0.0186275923309535,14391.868666666654
2023-04-20,4.0,A001,35,724,724.0,5,4,0.192817679558011,0.0570566931766681,0,5,349.12219047618845,0.4378453038674033,0.0649171270718232,0.3549723756906077,0.1422651933701657,0.0570566931766681,0.3270015479998832,0.14312836223157,0.0499935970607485,2,1,1,1,0.4,0.2,0.2,0.2,144.8,144.8,0.4378453038674033,2,0.10412896972896253,0.0570566931766681,0.8542294269492412,487.20991428571097,42,49.56933333332719,0.0186275923309535,14391.868666666654
2023-04-20,8.0,A001,35,724,724.0,5,4,0.192817679558011,0.0570566931766681,0,5,349.12219047618845,0.4378453038674033,0.0649171270718232,0.3549723756906077,0.1422651933701657,0.0570566931766681,0.3270015479998832,0.14312836223157,0.0499935970607485,2,1,1,1,0.4,0.2,0.2,0.2,144.8,144.8,0.4378453038674033,2,0.10412896972896253,0.0570566931766681,0.8542294269492412,487.20991428571097,42,49.56933333332719,0.0186275923309535,14391.868666666654
2023-04-24,0.0,A001,48,989,989.0,7,4,0.1487794308825653,0.2380700817221737,0,7,106.0585763889492,0.5773508594539939,0.0626895854398382,0.2649140546006067,0.0950455005055611,0.0626681515598439,0.2638295778001397,0.0500656270426418,0.0554579414569594,3,1,2,1,0.4285714285714285,0.1428571428571428,0.2857142857142857,0.1428571428571428,141.28571428571428,141.28571428571428,0.5773508594539939,3,0.07125499408130015,0.2380700817221735,0.7692038256542371,239.57347916680664,86,97.63599999972614,0.0283684124174954,33367.34766666756
2023-04-24,0.05,A002,48,989,989.0,7,4,0.1279791997688863,0.3760089093590637,1,7,125.61528472233314,0.5773508594539939,0.0626895854398382,0.2649140546006067,0.0950455005055611,0.0626681515598439,0.2638295778001397,0.0500656270426418,0.0554579414569594,4,1,1,1,0.5714285714285714,0.1428571428571428,0.1428571428571428,0.1428571428571428,141.28571428571428,141.28571428571428,0.5773508594539939,4,0.07125499408130015,0.3760089093590634,0.7692038256542371,259.4752013890948,90,114.19666666712712,0.0330212703286194,33666.03816666819
2023-04-24,0.1,A002,48,989,989.0,7,4,0.1279791997688863,0.3760089093590637,1,7,125.61528472233314,0.5773508594539939,0.0626895854398382,0.2649140546006067,0.0950455005055611,0.0626681515598439,0.2638295778001397,0.0500656270426418,0.0554579414569594,4,1,1,1,0.5714285714285714,0.1428571428571428,0.1428571428571428,0.1428571428571428,141.28571428571428,141.28571428571428,0.5773508594539939,4,0.07125499408130015,0.3760089093590634,0.7692038256542371,259.4752013890948,90,114.19666666712712,0.0330212703286194,33666.03816666819
2023-04-24,0.25,A001,48,989,989.0,7,4,0.1487794308825653,0.2380700817221737,0,7,106.0585763889492,0.5773508594539939,0.0626895854398382,0.2649140546006067,0.0950455005055611,0.0626681515598439,0.2638295778001397,0.0500656270426418,0.0554579414569594,3,1,2,1,0.4285714285714285,0.1428571428571428,0.2857142857142857,0.1428571428571428,141.28571428571428,141.28571428571428,0.5773508594539939,3,0.07125499408130015,0.2380700817221735,0.7692038256542371,239.57347916680664,86,97.63599999972614,0.0283684124174954,33367.34766666756
2023-04-24,0.5,A001,48,989,989.0,7,4,0.1487794308825653,0.2380700817221737,0,7,106.0585763889492,0.5773508594539939,0.0626895854398382,0.2649140546006067,0.0950455005055611,0.0626681515598439,0.2638295778001397,0.0500656270426418,0.0554579414569594,3,1,2,1,0.4285714285714285,0.1428571428571428,0.2857142857142857,0.1428571428571428,141.28571428571428,141.28571428571428,0.5773508594539939,3,0.07125499408130015,0.2380700817221735,0.7692038256542371,239.57347916680664,86,97.63599999972614,0.0283684124174954,33367.34766666756
2023-04-24,0.75,A001,48,989,989.0,7,4,0.1487794308825653,0.2380700817221737,0,7,106.0585763889492,0.5773508594539939,0.0626895854398382,0.2649140546006067,0.0950455005055611,0.0626681515598439,0.2638295778001397,0.0500656270426418,0.0554579414569594,3,1,2,1,0.4285714285714285,0.1428571428571428,0.2857142857142857,0.1428571428571428,141.28571428571428,141.28571428571428,0.5773508594539939,3,0.07125499408130015,0.2380700817221735,0.7692038256542371,239.57347916680664,86,97.63599999972614,0.0283684124174954,33367.34766666756
2023-04-24,1.0,A001,48,989,989.0,7,4,0.1487794308825653,0.2380700817221737,0,7,106.0585763889492,0.5773508594539939,0.0626895854398382,0.2649140546006067,0.0950455005055611,0.0626681515598439,0.2638295778001397,0.0500656270426418,0.0554579414569594,3,1,2,1,0.4285714285714285,0.1428571428571428,0.2857142857142857,0.1428571428571428,141.28571428571428,141.28571428571428,0.5773508594539939,3,0.07125499408130015,0.2380700817221735,0.7692038256542371,239.57347916680664,86,97.63599999972614,0.0283684124174954,33367.34766666756
2023-04-24,2.0,A001,48,989,989.0,7,4,0.1487794308825653,0.2380700817221737,0,7,106.0585763889492,0.5773508594539939,0.0626895854398382,0.2649140546006067,0.0950455005055611,0.0626681515598439,0.2638295778001397,0.0500656270426418,0.0554579414569594,3,1,2,1,0.4285714285714285,0.1428571428571428,0.2857142857142857,0.1428571428571428,141.28571428571428,141.28571428571428,0.5773508594539939,3,0.07125499408130015,0.2380700817221735,0.7692038256542371,239.57347916680664,86,97.63599999972614,0.0283684124174954,33367.34766666756
2023-04-24,4.0,A003,48,989,989.0,7,4,0.2916365737397082,0.1681917200594452,1,7,163.15182291677266,0.5773508594539939,0.0626895854398382,0.2649140546006067,0.0950455005055611,0.0626681515598439,0.2638295778001397,0.0500656270426418,0.0554579414569594,2,1,2,2,0.2857142857142857,0.1428571428571428,0.2857142857142857,0.2857142857142857,141.28571428571428,141.28571428571428,0.5773508594539939,2,0.07125499408130015,0.1681917200594451,0.7692038256542371,297.55599305574907,86,140.32083333344082,0.0402711590579186,33516.56100000128
2023-04-24,8.0,A003,48,989,989.0,7,4,0.2916365737397082,0.1681917200594452,1,7,163.15182291677266,0.5773508594539939,0.0626895854398382,0.2649140546006067,0.0950455005055611,0.0626681515598439,0.2638295778001397,0.0500656270426418,0.0554579414569594,2,1,2,2,0.2857142857142857,0.1428571428571428,0.2857142857142857,0.2857142857142857,141.28571428571428,141.28571428571428,0.5773508594539939,2,0.07125499408130015,0.1681917200594451,0.7692038256542371,297.55599305574907,86,140.32083333344082,0.0402711590579186,33516.56100000128
2023-04-25,0.0,A001,26,571,571.0,6,3,0.1351430239346176,1.6782370322732012,0,6,237.65137179487076,0.3345008756567426,0.0,0.6339754816112084,0.031523642732049,0.2159516447030453,0.3898853796485139,0.4874284625233853,0.1701764326896085,2,0,3,1,0.3333333333333333,0.0,0.5,0.1666666666666666,95.16666666666667,95.16666666666667,0.6339754816112084,3,0.38661828959747824,1.6782370322732012,0.6956285974002873,366.0299871794853,83,220.478000000003,0.1356917956431545,761.4966666666621
2023-04-25,0.05,A001,26,571,571.0,6,3,0.1351430239346176,1.6782370322732012,0,6,237.65137179487076,0.3345008756567426,0.0,0.6339754816112084,0.031523642732049,0.2159516447030453,0.3898853796485139,0.4874284625233853,0.1701764326896085,2,0,3,1,0.3333333333333333,0.0,0.5,0.1666666666666666,95.16666666666667,95.16666666666667,0.6339754816112084,3,0.38661828959747824,1.6782370322732012,0.6956285974002873,366.0299871794853,83,220.478000000003,0.1356917956431545,761.4966666666621
2023-04-25,0.1,A001,26,571,571.0,6,3,0.1351430239346176,1.6782370322732012,0,6,237.65137179487076,0.3345008756567426,0.0,0.6339754816112084,0.031523642732049,0.2159516447030453,0.3898853796485139,0.4874284625233853,0.1701764326896085,2,0,3,1,0.3333333333333333,0.0,0.5,0.1666666666666666,95.16666666666667,95.16666666666667,0.6339754816112084,3,0.38661828959747824,1.6782370322732012,0.6956285974002873,366.0299871794853,83,220.478000000003,0.1356917956431545,761.4966666666621
2023-04-25,0.25,A002,26,571,571.0,6,3,0.3018096906012843,0.8735565399160392,1,6,338.7674102564082,0.3345008756567426,0.0,0.6339754816112084,0.031523642732049,0.2159516447030453,0.3898853796485139,0.4874284625233853,0.1701764326896085,2,0,2,2,0.3333333333333333,0.0,0.3333333333333333,0.3333333333333333,95.16666666666667,95.16666666666667,0.6339754816112084,2,0.38661828959747824,0.873556539916039,0.6956285974002873,465.234846153843,69,170.78733333332983,0.1084258463726279,1070.6396666666578
2023-04-25,0.5,A002,26,571,571.0,6,3,0.3018096906012843,0.8735565399160392,1,6,338.7674102564082,0.3345008756567426,0.0,0.6339754816112084,0.031523642732049,0.2159516447030453,0.3898853796485139,0.4874284625233853,0.1701764326896085,2,0,2,2,0.3333333333333333,0.0,0.3333333333333333,0.3333333333333333,95.16666666666667,95.16666666666667,0.6339754816112084,2,0.38661828959747824,0.873556539916039,0.6956285974002873,465.234846153843,69,170.78733333332983,0.1084258463726279,1070.6396666666578
2023-04-25,0.75,A002,26,571,571.0,6,3,0.3018096906012843,0.8735565399160392,1,6,338.7674102564082,0.3345008756567426,0.0,0.6339754816112084,0.031523642732049,0.2159516447030453,0.3898853796485139,0.4874284625233853,0.1701764326896085,2,0,2,2,0.3333333333333333,0.0,0.3333333333333333,0.3333333333333333,95.16666666666667,95.16666666666667,0.6339754816112084,2,0.38661828959747824,0.873556539916039,0.6956285974002873,465.234846153843,69,170.78733333332983,0.1084258463726279,1070.6396666666578
2023-04-25,1.0,A002,26,571,571.0,6,3,0.3018096906012843,0.8735565399160392,1,6,338.7674102564082,0.3345008756567426,0.0,0.6339754816112084,0.031523642732049,0.2159516447030453,0.3898853796485139,0.4874284625233853,0.1701764326896085,2,0,2,2,0.3333333333333333,0.0,0.3333333333333333,0.3333333333333333,95.16666666666667,95.16666666666667,0.6339754816112084,2,0.38661828959747824,0.873556539916039,0.6956285974002873,465.234846153843,69,170.78733333332983,0.1084258463726279,1070.6396666666578
2023-04-25,2.0,A003,26,571,571.0,6,3,0.468476357267951,0.726480942771871,2,6,602.4695769230763,0.3345008756567426,0.0,0.6339754816112084,0.031523642732049,0.2159516447030453,0.3898853796485139,0.4874284625233853,0.1701764326896085,2,0,1,3,0.3333333333333333,0.0,0.1666666666666666,0.5,95.16666666666667,95.16666666666667,0.6339754816112084,3,0.38661828959747824,0.7264809427718708,0.6956285974002873,723.5887051282051,21,31.731333333336305,0.0220955311292753,1891.368333333355
2023-04-25,4.0,A003,26,571,571.0,6,3,0.468476357267951,0.726480942771871,2,6,602.4695769230763,0.3345008756567426,0.0,0.6339754816112084,0.031523642732049,0.2159516447030453,0.3898853796485139,0.4874284625233853,0.1701764326896085,2,0,1,3,0.3333333333333333,0.0,0.1666666666666666,0.5,95.16666666666667,95.16666666666667,0.6339754816112084,3,0.38661828959747824,0.7264809427718708,0.6956285974002873,723.5887051282051,21,31.731333333336305,0.0220955311292753,1891.368333333355
2023-04-25,8.0,A003,26,571,571.0,6,3,0.468476357267951,0.726480942771871,2,6,602.4695769230763,0.3345008756567426,0.0,0.6339754816112084,0.031523642732049,0.2159516447030453,0.3898853796485139,0.4874284625233853,0.1701764326896085,2,0,1,3,0.3333333333333333,0.0,0.1666666666666666,0.5,95.16666666666667,95.16666666666667,0.6339754816112084,3,0.38661828959747824,0.7264809427718708,0.6956285974002873,723.5887051282051,21,31.731333333336305,0.0220955311292753,1891.368333333355
2023-04-26,0.0,A001,37,769,769.0,7,4,0.1608768344789151,0.3066741326552372,0,7,152.2005945947017,0.5604681404421327,0.0936280884265279,0.3146944083224967,0.0312093628088426,0.0546801204526251,0.294710345351703,0.1426337712973617,0.1904016091923528,3,1,2,1,0.4285714285714285,0.1428571428571428,0.2857142857142857,0.1428571428571428,109.85714285714286,109.85714285714286,0.5604681404421327,3,0.1090679948699376,0.306674132655237,0.7345420701779174,287.2548468470666,56,60.13366666713564,0.022354461983019,34392.87966666753
2023-04-26,0.05,A001,37,769,769.0,7,4,0.1608768344789151,0.3066741326552372,0,7,152.2005945947017,0.5604681404421327,0.0936280884265279,0.3146944083224967,0.0312093628088426,0.0546801204526251,0.294710345351703,0.1426337712973617,0.1904016091923528,3,1,2,1,0.4285714285714285,0.1428571428571428,0.2857142857142857,0.1428571428571428,109.85714285714286,109.85714285714286,0.5604681404421327,3,0.1090679948699376,0.306674132655237,0.7345420701779174,287.2548468470666,56,60.13366666713564,0.022354461983019,34392.87966666753
2023-04-26,0.1,A001,37,769,769.0,7,4,0.1608768344789151,0.3066741326552372,0,7,152.2005945947017,0.5604681404421327,0.0936280884265279,0.3146944083224967,0.0312093628088426,0.0546801204526251,0.294710345351703,0.1426337712973617,0.1904016091923528,3,1,2,1,0.4285714285714285,0.1428571428571428,0.2857142857142857,0.1428571428571428,109.85714285714286,109.85714285714286,0.5604681404421327,3,0.1090679948699376,0.306674132655237,0.7345420701779174,287.2548468470666,56,60.13366666713564,0.022354461983019,34392.87966666753
2023-04-26,0.25,A001,37,769,769.0,7,4,0.1608768344789151,0.3066741326552372,0,7,152.2005945947017,0.5604681404421327,0.0936280884265279,0.3146944083224967,0.0312093628088426,0.0546801204526251,0.294710345351703,0.1426337712973617,0.1904016091923528,3,1,2,1,0.4285714285714285,0.1428571428571428,0.2857142857142857,0.1428571428571428,109.85714285714286,109.85714285714286,0.5604681404421327,3,0.1090679948699376,0.306674132655237,0.7345420701779174,287.2548468470666,56,60.13366666713564,0.022354461983019,34392.87966666753
2023-04-26,0.5,A001,37,769,769.0,7,4,0.1608768344789151,0.3066741326552372,0,7,152.2005945947017,0.5604681404421327,0.0936280884265279,0.3146944083224967,0.0312093628088426,0.0546801204526251,0.294710345351703,0.1426337712973617,0.1904016091923528,3,1,2,1,0.4285714285714285,0.1428571428571428,0.2857142857142857,0.1428571428571428,109.85714285714286,109.85714285714286,0.5604681404421327,3,0.1090679948699376,0.306674132655237,0.7345420701779174,287.2548468470666,56,60.13366666713564,0.022354461983019,34392.87966666753
2023-04-26,0.75,A001,37,769,769.0,7,4,0.1608768344789151,0.3066741326552372,0,7,152.2005945947017,0.5604681404421327,0.0936280884265279,0.3146944083224967,0.0312093628088426,0.0546801204526251,0.294710345351703,0.1426337712973617,0.1904016091923528,3,1,2,1,0.4285714285714285,0.1428571428571428,0.2857142857142857,0.1428571428571428,109.85714285714286,109.85714285714286,0.5604681404421327,3,0.1090679948699376,0.306674132655237,0.7345420701779174,287.2548468470666,56,60.13366666713564,0.022354461983019,34392.87966666753
2023-04-26,1.0,A001,37,769,769.0,7,4,0.1608768344789151,0.3066741326552372,0,7,152.2005945947017,0.5604681404421327,0.0936280884265279,0.3146944083224967,0.0312093628088426,0.0546801204526251,0.294710345351703,0.1426337712973617,0.1904016091923528,3,1,2,1,0.4285714285714285,0.1428571428571428,0.2857142857142857,0.1428571428571428,109.85714285714286,109.85714285714286,0.5604681404421327,3,0.1090679948699376,0.306674132655237,0.7345420701779174,287.2548468470666,56,60.13366666713564,0.022354461983019,34392.87966666753
2023-04-26,2.0,A001,37,769,769.0,7,4,0.1608768344789151,0.3066741326552372,0,7,152.2005945947017,0.5604681404421327,0.0936280884265279,0.3146944083224967,0.0312093628088426,0.0546801204526251,0.294710345351703,0.1426337712973617,0.1904016091923528,3,1,2,1,0.4285714285714285,0.1428571428571428,0.2857142857142857,0.1428571428571428,109.85714285714286,109.85714285714286,0.5604681404421327,3,0.1090679948699376,0.306674132655237,0.7345420701779174,287.2548468470666,56,60.13366666713564,0.022354461983019,34392.87966666753
2023-04-26,4.0,A001,37,769,769.0,7,4,0.1608768344789151,0.3066741326552372,0,7,152.2005945947017,0.5604681404421327,0.0936280884265279,0.3146944083224967,0.0312093628088426,0.0546801204526251,0.294710345351703,0.1426337712973617,0.1904016091923528,3,1,2,1,0.4285714285714285,0.1428571428571428,0.2857142857142857,0.1428571428571428,109.85714285714286,109.85714285714286,0.5604681404421327,3,0.1090679948699376,0.306674132655237,0.7345420701779174,287.2548468470666,56,60.13366666713564,0.022354461983019,34392.87966666753
2023-04-26,8.0,A001,37,769,769.0,7,4,0.1608768344789151,0.3066741326552372,0,7,152.2005945947017,0.5604681404421327,0.0936280884265279,0.3146944083224967,0.0312093628088426,0.0546801204526251,0.294710345351703,0.1426337712973617,0.1904016091923528,3,1,2,1,0.4285714285714285,0.1428571428571428,0.2857142857142857,0.1428571428571428,109.85714285714286,109.85714285714286,0.5604681404421327,3,0.1090679948699376,0.306674132655237,0.7345420701779174,287.2548468470666,56,60.13366666713564,0.022354461983019,34392.87966666753
2023-05-01,0.0,A001,36,681,681.0,8,3,0.059654919236417,0.5584012955166615,0,8,103.26056481481332,0.5653450807635829,0.0,0.2951541850220264,0.1395007342143906,0.0283879966001425,0.2824075216396317,0.2745213295152358,0.1082804324894439,5,0,2,1,0.625,0.0,0.25,0.125,85.125,85.125,0.5653450807635829,5,0.11218033334818564,0.5584012955166608,0.8714299616293757,235.6751574074041,80,153.48766666676747,0.0563479713590183,15797.928999999987
2023-05-01,0.05,A001,36,681,681.0,8,3,0.059654919236417,0.5584012955166615,0,8,103.26056481481332,0.5653450807635829,0.0,0.2951541850220264,0.1395007342143906,0.0283879966001425,0.2824075216396317,0.2745213295152358,0.1082804324894439,5,0,2,1,0.625,0.0,0.25,0.125,85.125,85.125,0.5653450807635829,5,0.11218033334818564,0.5584012955166608,0.8714299616293757,235.6751574074041,80,153.48766666676747,0.0563479713590183,15797.928999999987
2023-05-01,0.1,A001,36,681,681.0,8,3,0.059654919236417,0.5584012955166615,0,8,103.26056481481332,0.5653450807635829,0.0,0.2951541850220264,0.1395007342143906,0.0283879966001425,0.2824075216396317,0.2745213295152358,0.1082804324894439,5,0,2,1,0.625,0.0,0.25,0.125,85.125,85.125,0.5653450807635829,5,0.11218033334818564,0.5584012955166608,0.8714299616293757,235.6751574074041,80,153.48766666676747,0.0563479713590183,15797.928999999987
2023-05-01,0.25,A001,36,681,681.0,8,3,0.059654919236417,0.5584012955166615,0,8,103.26056481481332,0.5653450807635829,0.0,0.2951541850220264,0.1395007342143906,0.0283879966001425,0.2824075216396317,0.2745213295152358,0.1082804324894439,5,0,2,1,0.625,0.0,0.25,0.125,85.125,85.125,0.5653450807635829,5,0.11218033334818564,0.5584012955166608,0.8714299616293757,235.6751574074041,80,153.48766666676747,0.0563479713590183,15797.928999999987
2023-05-01,0.5,A001,36,681,681.0,8,3,0.059654919236417,0.5584012955166615,0,8,103.26056481481332,0.5653450807635829,0.0,0.2951541850220264,0.1395007342143906,0.0283879966001425,0.2824075216396317,0.2745213295152358,0.1082804324894439,5,0,2,1,0.625,0.0,0.25,0.125,85.125,85.125,0.5653450807635829,5,0.11218033334818564,0.5584012955166608,0.8714299616293757,235.6751574074041,80,153.48766666676747,0.0563479713590183,15797.928999999987
2023-05-01,0.75,A002,36,681,681.0,8,3,0.1701541850220264,0.3921603984908697,1,8,141.68853703702925,0.5653450807635829,0.0,0.2951541850220264,0.1395007342143906,0.0283879966001425,0.2824075216396317,0.2745213295152358,0.1082804324894439,5,0,1,2,0.625,0.0,0.125,0.25,85.125,85.125,0.5653450807635829,5,0.11218033334818564,0.3921603984908689,0.8714299616293757,272.629555555542,64,100.43899999995595,0.037605255702546,16262.71333333328
2023-05-01,1.0,A002,36,681,681.0,8,3,0.1701541850220264,0.3921603984908697,1,8,141.68853703702925,0.5653450807635829,0.0,0.2951541850220264,0.1395007342143906,0.0283879966001425,0.2824075216396317,0.2745213295152358,0.1082804324894439,5,0,1,2,0.625,0.0,0.125,0.25,85.125,85.125,0.5653450807635829,5,0.11218033334818564,0.3921603984908689,0.8714299616293757,272.629555555542,64,100.43899999995595,0.037605255702546,16262.71333333328
2023-05-01,2.0,A002,36,681,681.0,8,3,0.1701541850220264,0.3921603984908697,1,8,141.68853703702925,0.5653450807635829,0.0,0.2951541850220264,0.1395007342143906,0.0283879966001425,0.2824075216396317,0.2745213295152358,0.1082804324894439,5,0,1,2,0.625,0.0,0.125,0.25,85.125,85.125,0.5653450807635829,5,0.11218033334818564,0.3921603984908689,0.8714299616293757,272.629555555542,64,100.43899999995595,0.037605255702546,16262.71333333328
2023-05-01,4.0,A002,36,681,681.0,8,3,0.1701541850220264,0.3921603984908697,1,8,141.68853703702925,0.5653450807635829,0.0,0.2951541850220264,0.1395007342143906,0.0283879966001425,0.2824075216396317,0.2745213295152358,0.1082804324894439,5,0,1,2,0.625,0.0,0.125,0.25,85.125,85.125,0.5653450807635829,5,0.11218033334818564,0.3921603984908689,0.8714299616293757,272.629555555542,64,100.43899999995595,0.037605255702546,16262.71333333328
2023-05-01,8.0,A002,36,681,681.0,8,3,0.1701541850220264,0.3921603984908697,1,8,141.68853703702925,0.5653450807635829,0.0,0.2951541850220264,0.1395007342143906,0.0283879966001425,0.2824075216396317,0.2745213295152358,0.1082804324894439,5,0,1,2,0.625,0.0,0.125,0.25,85.125,85.125,0.5653450807635829,5,0.11218033334818564,0.3921603984908689,0.8714299616293757,272.629555555542,64,100.43899999995595,0.037605255702546,16262.71333333328
2023-05-03,0.0,A001,45,951,951.0,8,4,0.1564143007360673,0.4472977656429183,0,8,187.74941111111085,0.5993690851735016,0.0252365930599369,0.3070452155625657,0.0683491062039958,0.0425839573400484,0.4247885017696065,0.1917940216026273,0.131667942078251,4,1,2,1,0.5,0.125,0.25,0.125,118.875,118.875,0.5993690851735016,4,0.1041325449730301,0.4472977656429177,0.6821039193646552,328.2989074074091,113,184.1206666666968,0.0530343108742676,19953.283666666703
2023-05-03,0.05,A001,45,951,951.0,8,4,0.1564143007360673,0.4472977656429183,0,8,187.74941111111085,0.5993690851735016,0.0252365930599369,0.3070452155625657,0.0683491062039958,0.0425839573400484,0.4247885017696065,0.1917940216026273,0.131667942078251,4,1,2,1,0.5,0.125,0.25,0.125,118.875,118.875,0.5993690851735016,4,0.1041325449730301,0.4472977656429177,0.6821039193646552,328.2989074074091,113,184.1206666666968,0.0530343108742676,19953.283666666703
2023-05-03,0.1,A001,45,951,951.0,8,4,0.1564143007360673,0.4472977656429183,0,8,187.74941111111085,0.5993690851735016,0.0252365930599369,0.3070452155625657,0.0683491062039958,0.0425839573400484,0.4247885017696065,0.1917940216026273,0.131667942078251,4,1,2,1,0.5,0.125,0.25,0.125,118.875,118.875,0.5993690851735016,4,0.1041325449730301,0.4472977656429177,0.6821039193646552,328.2989074074091,113,184.1206666666968,0.0530343108742676,19953.283666666703
2023-05-03,0.25,A001,45,951,951.0,8,4,0.1564143007360673,0.4472977656429183,0,8,187.74941111111085,0.5993690851735016,0.0252365930599369,0.3070452155625657,0.0683491062039958,0.0425839573400484,0.4247885017696065,0.1917940216026273,0.131667942078251,4,1,2,1,0.5,0.125,0.25,0.125,118.875,118.875,0.5993690851735016,4,0.1041325449730301,0.4472977656429177,0.6821039193646552,328.2989074074091,113,184.1206666666968,0.0530343108742676,19953.283666666703
2023-05-03,0.5,A001,45,951,951.0,8,4,0.1564143007360673,0.4472977656429183,0,8,187.74941111111085,0.5993690851735016,0.0252365930599369,0.3070452155625657,0.0683491062039958,0.0425839573400484,0.4247885017696065,0.1917940216026273,0.131667942078251,4,1,2,1,0.5,0.125,0.25,0.125,118.875,118.875,0.5993690851735016,4,0.1041325449730301,0.4472977656429177,0.6821039193646552,328.2989074074091,113,184.1206666666968,0.0530343108742676,19953.283666666703
2023-05-03,0.75,A001,45,951,951.0,8,4,0.1564143007360673,0.4472977656429183,0,8,187.74941111111085,0.5993690851735016,0.0252365930599369,0.3070452155625657,0.0683491062039958,0.0425839573400484,0.4247885017696065,0.1917940216026273,0.131667942078251,4,1,2,1,0.5,0.125,0.25,0.125,118.875,118.875,0.5993690851735016,4,0.1041325449730301,0.4472977656429177,0.6821039193646552,328.2989074074091,113,184.1206666666968,0.0530343108742676,19953.283666666703
2023-05-03,1.0,A001,45,951,951.0,8,4,0.1564143007360673,0.4472977656429183,0,8,187.74941111111085,0.5993690851735016,0.0252365930599369,0.3070452155625657,0.0683491062039958,0.0425839573400484,0.4247885017696065,0.1917940216026273,0.131667942078251,4,1,2,1,0.5,0.125,0.25,0.125,118.875,118.875,0.5993690851735016,4,0.1041325449730301,0.4472977656429177,0.6821039193646552,328.2989074074091,113,184.1206666666968,0.0530343108742676,19953.283666666703
2023-05-03,2.0,A002,45,951,951.0,8,4,0.1820452155625657,0.4258395734004849,1,8,243.7561185185185,0.5993690851735016,0.0252365930599369,0.3070452155625657,0.0683491062039958,0.0425839573400484,0.4247885017696065,0.1917940216026273,0.131667942078251,5,1,1,1,0.625,0.125,0.125,0.125,118.875,118.875,0.5993690851735016,5,0.1041325449730301,0.42583957340048395,0.6821039193646552,384.8691037037068,113,209.4776666667056,0.0599006620086363,19947.980666666703
2023-05-03,4.0,A003,45,951,951.0,8,4,0.2814143007360673,0.387171686118542,1,8,268.46850740740683,0.5993690851735016,0.0252365930599369,0.3070452155625657,0.0683491062039958,0.0425839573400484,0.4247885017696065,0.1917940216026273,0.131667942078251,4,1,1,2,0.5,0.125,0.125,0.25,118.875,118.875,0.5993690851735016,4,0.1041325449730301,0.3871716861185414,0.6821039193646552,408.18394074074286,82,146.58783333335688,0.0426847790168412,19950.729666666703
2023-05-03,8.0,A003,45,951,951.0,8,4,0.2814143007360673,0.387171686118542,1,8,268.46850740740683,0.5993690851735016,0.0252365930599369,0.3070452155625657,0.0683491062039958,0.0425839573400484,0.4247885017696065,0.1917940216026273,0.131667942078251,4,1,1,2,0.5,0.125,0.125,0.25,118.875,118.875,0.5993690851735016,4,0.1041325449730301,0.3871716861185414,0.6821039193646552,408.18394074074286,82,146.58783333335688,0.0426847790168412,19950.729666666703
2023-05-04,0.0,A001,101,2179,2179.0,9,4,0.1167711998368262,0.8655532329074157,0,9,192.5190049504997,0.5112436897659477,0.0220284534189995,0.3056447911886186,0.1610830656264341,0.0240175748075802,0.2571030578363589,0.2404825946873113,0.1166810904771382,4,1,3,1,0.4444444444444444,0.1111111111111111,0.3333333333333333,0.1111111111111111,242.11111111111111,242.11111111111111,0.5112436897659477,4,0.11024001648968074,0.8655532329074151,0.7815420406617228,320.29451980198604,285,549.1869999997746,0.0862372488095796,30524.606333333388
2023-05-04,0.05,A002,101,2179,2179.0,9,4,0.1333945234817194,0.480658342763114,1,9,207.1727161716285,0.5112436897659477,0.0220284534189995,0.3056447911886186,0.1610830656264341,0.0240175748075802,0.2571030578363589,0.2404825946873113,0.1166810904771382,5,1,2,1,0.5555555555555556,0.1111111111111111,0.2222222222222222,0.1111111111111111,242.11111111111111,242.11111111111111,0.5112436897659477,5,0.11024001648968074,0.4806583427631133,0.7815420406617228,336.7869455445708,345,734.89716666682,0.1121289287775776,30587.203000000103
2023-05-04,0.1,A002,101,2179,2179.0,9,4,0.1333945234817194,0.480658342763114,1,9,207.1727161716285,0.5112436897659477,0.0220284534189995,0.3056447911886186,0.1610830656264341,0.0240175748075802,0.2571030578363589,0.2404825946873113,0.1166810904771382,5,1,2,1,0.5555555555555556,0.1111111111111111,0.2222222222222222,0.1111111111111111,242.11111111111111,242.11111111111111,0.5112436897659477,5,0.11024001648968074,0.4806583427631133,0.7815420406617228,336.7869455445708,345,734.89716666682,0.1121289287775776,30587.203000000103
2023-05-04,0.25,A002,101,2179,2179.0,9,4,0.1333945234817194,0.480658342763114,1,9,207.1727161716285,0.5112436897659477,0.0220284534189995,0.3056447911886186,0.1610830656264341,0.0240175748075802,0.2571030578363589,0.2404825946873113,0.1166810904771382,5,1,2,1,0.5555555555555556,0.1111111111111111,0.2222222222222222,0.1111111111111111,242.11111111111111,242.11111111111111,0.5112436897659477,5,0.11024001648968074,0.4806583427631133,0.7815420406617228,336.7869455445708,345,734.89716666682,0.1121289287775776,30587.203000000103
2023-05-04,0.5,A003,101,2179,2179.0,9,4,0.1945336800775075,0.3568568385529409,2,9,280.0496419142059,0.5112436897659477,0.0220284534189995,0.3056447911886186,0.1610830656264341,0.0240175748075802,0.2571030578363589,0.2404825946873113,0.1166810904771382,5,1,1,2,0.5555555555555556,0.1111111111111111,0.1111111111111111,0.2222222222222222,242.11111111111111,242.11111111111111,0.5112436897659477,5,0.11024001648968074,0.3568568385529402,0.7815420406617228,409.7089438944072,335,739.4494999999927,0.1127452023030188,31612.49700000017
2023-05-04,0.75,A003,101,2179,2179.0,9,4,0.1945336800775075,0.3568568385529409,2,9,280.0496419142059,0.5112436897659477,0.0220284534189995,0.3056447911886186,0.1610830656264341,0.0240175748075802,0.2571030578363589,0.2404825946873113,0.1166810904771382,5,1,1,2,0.5555555555555556,0.1111111111111111,0.1111111111111111,0.2222222222222222,242.11111111111111,242.11111111111111,0.5112436897659477,5,0.11024001648968074,0.3568568385529402,0.7815420406617228,409.7089438944072,335,739.4494999999927,0.1127452023030188,31612.49700000017
2023-05-04,1.0,A003,101,2179,2179.0,9,4,0.1945336800775075,0.3568568385529409,2,9,280.0496419142059,0.5112436897659477,0.0220284534189995,0.3056447911886186,0.1610830656264341,0.0240175748075802,0.2571030578363589,0.2404825946873113,0.1166810904771382,5,1,1,2,0.5555555555555556,0.1111111111111111,0.1111111111111111,0.2222222222222222,242.11111111111111,242.11111111111111,0.5112436897659477,5,0.11024001648968074,0.3568568385529402,0.7815420406617228,409.7089438944072,335,739.4494999999927,0.1127452023030188,31612.49700000017
2023-05-04,2.0,A003,101,2179,2179.0,9,4,0.1945336800775075,0.3568568385529409,2,9,280.0496419142059,0.5112436897659477,0.0220284534189995,0.3056447911886186,0.1610830656264341,0.0240175748075802,0.2571030578363589,0.2404825946873113,0.1166810904771382,5,1,1,2,0.5555555555555556,0.1111111111111111,0.1111111111111111,0.2222222222222222,242.11111111111111,242.11111111111111,0.5112436897659477,5,0.11024001648968074,0.3568568385529402,0.7815420406617228,409.7089438944072,335,739.4494999999927,0.1127452023030188,31612.49700000017
2023-05-04,4.0,A003,101,2179,2179.0,9,4,0.1945336800775075,0.3568568385529409,2,9,280.0496419142059,0.5112436897659477,0.0220284534189995,0.3056447911886186,0.1610830656264341,0.0240175748075802,0.2571030578363589,0.2404825946873113,0.1166810904771382,5,1,1,2,0.5555555555555556,0.1111111111111111,0.1111111111111111,0.2222222222222222,242.11111111111111,242.11111111111111,0.5112436897659477,5,0.11024001648968074,0.3568568385529402,0.7815420406617228,409.7089438944072,335,739.4494999999927,0.1127452023030188,31612.49700000017
2023-05-04,8.0,A003,101,2179,2179.0,9,4,0.1945336800775075,0.3568568385529409,2,9,280.0496419142059,0.5112436897659477,0.0220284534189995,0.3056447911886186,0.1610830656264341,0.0240175748075802,0.2571030578363589,0.2404825946873113,0.1166810904771382,5,1,1,2,0.5555555555555556,0.1111111111111111,0.1111111111111111,0.2222222222222222,242.11111111111111,242.11111111111111,0.5112436897659477,5,0.11024001648968074,0.3568568385529402,0.7815420406617228,409.7089438944072,335,739.4494999999927,0.1127452023030188,31612.49700000017
2023-05-05,0.0,A001,29,575,575.0,7,4,0.0847204968944099,0.3010673687188743,0,7,131.7302643678105,0.3652173913043478,0.208695652173913,0.2643478260869565,0.1617391304347826,0.0396033777992269,0.4702999279032035,0.1822572353211934,0.1610240376746503,3,1,2,1,0.4285714285714285,0.1428571428571428,0.2857142857142857,0.1428571428571428,82.14285714285714,82.14285714285714,0.3652173913043478,3,0.18683658427614946,0.3010673687188741,0.9674958714729297,259.86791954021936,43,49.75466666665949,0.0249898877879283,10043.494333333325
2023-05-05,0.05,A001,29,575,575.0,7,4,0.0847204968944099,0.3010673687188743,0,7,131.7302643678105,0.3652173913043478,0.208695652173913,0.2643478260869565,0.1617391304347826,0.0396033777992269,0.4702999279032035,0.1822572353211934,0.1610240376746503,3,1,2,1,0.4285714285714285,0.1428571428571428,0.2857142857142857,0.1428571428571428,82.14285714285714,82.14285714285714,0.3652173913043478,3,0.18683658427614946,0.3010673687188741,0.9674958714729297,259.86791954021936,43,49.75466666665949,0.0249898877879283,10043.494333333325
2023-05-05,0.1,A001,29,575,575.0,7,4,0.0847204968944099,0.3010673687188743,0,7,131.7302643678105,0.3652173913043478,0.208695652173913,0.2643478260869565,0.1617391304347826,0.0396033777992269,0.4702999279032035,0.1822572353211934,0.1610240376746503,3,1,2,1,0.4285714285714285,0.1428571428571428,0.2857142857142857,0.1428571428571428,82.14285714285714,82.14285714285714,0.3652173913043478,3,0.18683658427614946,0.3010673687188741,0.9674958714729297,259.86791954021936,43,49.75466666665949,0.0249898877879283,10043.494333333325
2023-05-05,0.25,A001,29,575,575.0,7,4,0.0847204968944099,0.3010673687188743,0,7,131.7302643678105,0.3652173913043478,0.208695652173913,0.2643478260869565,0.1617391304347826,0.0396033777992269,0.4702999279032035,0.1822572353211934,0.1610240376746503,3,1,2,1,0.4285714285714285,0.1428571428571428,0.2857142857142857,0.1428571428571428,82.14285714285714,82.14285714285714,0.3652173913043478,3,0.18683658427614946,0.3010673687188741,0.9674958714729297,259.86791954021936,43,49.75466666665949,0.0249898877879283,10043.494333333325
2023-05-05,0.5,A001,29,575,575.0,7,4,0.0847204968944099,0.3010673687188743,0,7,131.7302643678105,0.3652173913043478,0.208695652173913,0.2643478260869565,0.1617391304347826,0.0396033777992269,0.4702999279032035,0.1822572353211934,0.1610240376746503,3,1,2,1,0.4285714285714285,0.1428571428571428,0.2857142857142857,0.1428571428571428,82.14285714285714,82.14285714285714,0.3652173913043478,3,0.18683658427614946,0.3010673687188741,0.9674958714729297,259.86791954021936,43,49.75466666665949,0.0249898877879283,10043.494333333325
2023-05-05,0.75,A001,29,575,575.0,7,4,0.0847204968944099,0.3010673687188743,0,7,131.7302643678105,0.3652173913043478,0.208695652173913,0.2643478260869565,0.1617391304347826,0.0396033777992269,0.4702999279032035,0.1822572353211934,0.1610240376746503,3,1,2,1,0.4285714285714285,0.1428571428571428,0.2857142857142857,0.1428571428571428,82.14285714285714,82.14285714285714,0.3652173913043478,3,0.18683658427614946,0.3010673687188741,0.9674958714729297,259.86791954021936,43,49.75466666665949,0.0249898877879283,10043.494333333325
2023-05-05,1.0,A001,29,575,575.0,7,4,0.0847204968944099,0.3010673687188743,0,7,131.7302643678105,0.3652173913043478,0.208695652173913,0.2643478260869565,0.1617391304347826,0.0396033777992269,0.4702999279032035,0.1822572353211934,0.1610240376746503,3,1,2,1,0.4285714285714285,0.1428571428571428,0.2857142857142857,0.1428571428571428,82.14285714285714,82.14285714285714,0.3652173913043478,3,0.18683658427614946,0.3010673687188741,0.9674958714729297,259.86791954021936,43,49.75466666665949,0.0249898877879283,10043.494333333325
2023-05-05,2.0,A002,29,575,575.0,7,4,0.2062111801242235,0.2376202667953617,1,7,171.24485632183143,0.3652173913043478,0.208695652173913,0.2643478260869565,0.1617391304347826,0.0396033777992269,0.4702999279032035,0.1822572353211934,0.1610240376746503,4,1,1,1,0.5714285714285714,0.1428571428571428,0.1428571428571428,0.1428571428571428,82.14285714285714,82.14285714285714,0.3652173913043478,4,0.18683658427614946,0.2376202667953614,0.9674958714729297,299.72628160918435,50,59.72400000003751,0.0298476532280352,10299.068333333296
2023-05-05,4.0,A002,29,575,575.0,7,4,0.2062111801242235,0.2376202667953617,1,7,171.24485632183143,0.3652173913043478,0.208695652173913,0.2643478260869565,0.1617391304347826,0.0396033777992269,0.4702999279032035,0.1822572353211934,0.1610240376746503,4,1,1,1,0.5714285714285714,0.1428571428571428,0.1428571428571428,0.1428571428571428,82.14285714285714,82.14285714285714,0.3652173913043478,4,0.18683658427614946,0.2376202667953614,0.9674958714729297,299.72628160918435,50,59.72400000003751,0.0298476532280352,10299.068333333296
2023-05-05,8.0,A002,29,575,575.0,7,4,0.2062111801242235,0.2376202667953617,1,7,171.24485632183143,0.3652173913043478,0.208695652173913,0.2643478260869565,0.1617391304347826,0.0396033777992269,0.4702999279032035,0.1822572353211934,0.1610240376746503,4,1,1,1,0.5714285714285714,0.1428571428571428,0.1428571428571428,0.1428571428571428,82.14285714285714,82.14285714285714,0.3652173913043478,4,0.18683658427614946,0.2376202667953614,0.9674958714729297,299.72628160918435,50,59.72400000003751,0.0298476532280352,10299.068333333296
2023-05-08,0.0,A001,82,1965,1965.0,6,4,0.1335877862595419,0.6462921654679861,0,6,852.1135203252458,0.0717557251908397,0.3002544529262086,0.3099236641221374,0.3180661577608142,0.0647031877082878,0.3321389592031076,0.6038974393093854,0.0423947261586006,1,1,2,2,0.1666666666666666,0.1666666666666666,0.3333333333333333,0.3333333333333333,327.5,327.5,0.3180661577608142,2,0.3050154604505054,0.6462921654679861,0.9216515340644291,985.0113292683404,282,724.4136666668446,0.1448068448928431,14026.277666666756
2023-05-08,0.05,A002,82,1965,1965.0,6,4,0.1432569974554707,0.3745336853617083,1,6,739.8359715447543,0.0717557251908397,0.3002544529262086,0.3099236641221374,0.3180661577608142,0.0647031877082878,0.3321389592031076,0.6038974393093854,0.0423947261586006,1,2,1,2,0.1666666666666666,0.3333333333333333,0.1666666666666666,0.3333333333333333,327.5,327.5,0.3180661577608142,2,0.3050154604505054,0.37453368536170817,0.9216515340644291,868.096703252077,163,344.17333333353986,0.0744580353267162,12946.411666666763
2023-05-08,0.1,A002,82,1965,1965.0,6,4,0.1432569974554707,0.3745336853617083,1,6,739.8359715447543,0.0717557251908397,0.3002544529262086,0.3099236641221374,0.3180661577608142,0.0647031877082878,0.3321389592031076,0.6038974393093854,0.0423947261586006,1,2,1,2,0.1666666666666666,0.3333333333333333,0.1666666666666666,0.3333333333333333,327.5,327.5,0.3180661577608142,2,0.3050154604505054,0.37453368536170817,0.9216515340644291,868.096703252077,163,344.17333333353986,0.0744580353267162,12946.411666666763
2023-05-08,0.25,A002,82,1965,1965.0,6,4,0.1432569974554707,0.3745336853617083,1,6,739.8359715447543,0.0717557251908397,0.3002544529262086,0.3099236641221374,0.3180661577608142,0.0647031877082878,0.3321389592031076,0.6038974393093854,0.0423947261586006,1,2,1,2,0.1666666666666666,0.3333333333333333,0.1666666666666666,0.3333333333333333,327.5,327.5,0.3180661577608142,2,0.3050154604505054,0.37453368536170817,0.9216515340644291,868.096703252077,163,344.17333333353986,0.0744580353267162,12946.411666666763
2023-05-08,0.5,A003,82,1965,1965.0,6,4,0.2768447837150127,0.1070979138668885,1,6,948.7126910569506,0.0717557251908397,0.3002544529262086,0.3099236641221374,0.3180661577608142,0.0647031877082878,0.3321389592031076,0.6038974393093854,0.0423947261586006,2,1,1,2,0.3333333333333333,0.1666666666666666,0.1666666666666666,0.3333333333333333,327.5,327.5,0.3180661577608142,2,0.3050154604505054,0.1070979138668884,0.9216515340644291,1075.901924796792,135,256.31050000005627,0.0565243201380255,14014.040333333418
2023-05-08,0.75,A003,82,1965,1965.0,6,4,0.2768447837150127,0.1070979138668885,1,6,948.7126910569506,0.0717557251908397,0.3002544529262086,0.3099236641221374,0.3180661577608142,0.0647031877082878,0.3321389592031076,0.6038974393093854,0.0423947261586006,2,1,1,2,0.3333333333333333,0.1666666666666666,0.1666666666666666,0.3333333333333333,327.5,327.5,0.3180661577608142,2,0.3050154604505054,0.1070979138668884,0.9216515340644291,1075.901924796792,135,256.31050000005627,0.0565243201380255,14014.040333333418
2023-05-08,1.0,A003,82,1965,1965.0,6,4,0.2768447837150127,0.1070979138668885,1,6,948.7126910569506,0.0717557251908397,0.3002544529262086,0.3099236641221374,0.3180661577608142,0.0647031877082878,0.3321389592031076,0.6038974393093854,0.0423947261586006,2,1,1,2,0.3333333333333333,0.1666666666666666,0.1666666666666666,0.3333333333333333,327.5,327.5,0.3180661577608142,2,0.3050154604505054,0.1070979138668884,0.9216515340644291,1075.901924796792,135,256.31050000005627,0.0565243201380255,14014.040333333418
2023-05-08,2.0,A003,82,1965,1965.0,6,4,0.2768447837150127,0.1070979138668885,1,6,948.7126910569506,0.0717557251908397,0.3002544529262086,0.3099236641221374,0.3180661577608142,0.0647031877082878,0.3321389592031076,0.6038974393093854,0.0423947261586006,2,1,1,2,0.3333333333333333,0.1666666666666666,0.1666666666666666,0.3333333333333333,327.5,327.5,0.3180661577608142,2,0.3050154604505054,0.1070979138668884,0.9216515340644291,1075.901924796792,135,256.31050000005627,0.0565243201380255,14014.040333333418
2023-05-08,4.0,A003,82,1965,1965.0,6,4,0.2768447837150127,0.1070979138668885,1,6,948.7126910569506,0.0717557251908397,0.3002544529262086,0.3099236641221374,0.3180661577608142,0.0647031877082878,0.3321389592031076,0.6038974393093854,0.0423947261586006,2,1,1,2,0.3333333333333333,0.1666666666666666,0.1666666666666666,0.3333333333333333,327.5,327.5,0.3180661577608142,2,0.3050154604505054,0.1070979138668884,0.9216515340644291,1075.901924796792,135,256.31050000005627,0.0565243201380255,14014.040333333418
2023-05-08,8.0,A003,82,1965,1965.0,6,4,0.2768447837150127,0.1070979138668885,1,6,948.7126910569506,0.0717557251908397,0.3002544529262086,0.3099236641221374,0.3180661577608142,0.0647031877082878,0.3321389592031076,0.6038974393093854,0.0423947261586006,2,1,1,2,0.3333333333333333,0.1666666666666666,0.1666666666666666,0.3333333333333333,327.5,327.5,0.3180661577608142,2,0.3050154604505054,0.1070979138668884,0.9216515340644291,1075.901924796792,135,256.31050000005627,0.0565243201380255,14014.040333333418
2023-05-09,0.0,A001,54,1228,1228.0,7,4,0.0850395532805956,0.2216615108218569,0,7,454.5781450617242,0.4397394136807817,0.1726384364820846,0.3298045602605863,0.0578175895765472,0.0207104564263168,0.2514769426481505,0.1595301415429063,0.066708022120972,3,1,2,1,0.4285714285714285,0.1428571428571428,0.2857142857142857,0.1428571428571428,175.42857142857142,175.42857142857142,0.4397394136807817,3,0.10899245538036238,0.2216615108218567,0.8621338502676082,604.6658765432062,110,112.55883333335746,0.0254615510044097,1330.6813333333394
2023-05-09,0.05,A001,54,1228,1228.0,7,4,0.0850395532805956,0.2216615108218569,0,7,454.5781450617242,0.4397394136807817,0.1726384364820846,0.3298045602605863,0.0578175895765472,0.0207104564263168,0.2514769426481505,0.1595301415429063,0.066708022120972,3,1,2,1,0.4285714285714285,0.1428571428571428,0.2857142857142857,0.1428571428571428,175.42857142857142,175.42857142857142,0.4397394136807817,3,0.10899245538036238,0.2216615108218567,0.8621338502676082,604.6658765432062,110,112.55883333335746,0.0254615510044097,1330.6813333333394
2023-05-09,0.1,A001,54,1228,1228.0,7,4,0.0850395532805956,0.2216615108218569,0,7,454.5781450617242,0.4397394136807817,0.1726384364820846,0.3298045602605863,0.0578175895765472,0.0207104564263168,0.2514769426481505,0.1595301415429063,0.066708022120972,3,1,2,1,0.4285714285714285,0.1428571428571428,0.2857142857142857,0.1428571428571428,175.42857142857142,175.42857142857142,0.4397394136807817,3,0.10899245538036238,0.2216615108218567,0.8621338502676082,604.6658765432062,110,112.55883333335746,0.0254615510044097,1330.6813333333394
2023-05-09,0.25,A001,54,1228,1228.0,7,4,0.0850395532805956,0.2216615108218569,0,7,454.5781450617242,0.4397394136807817,0.1726384364820846,0.3298045602605863,0.0578175895765472,0.0207104564263168,0.2514769426481505,0.1595301415429063,0.066708022120972,3,1,2,1,0.4285714285714285,0.1428571428571428,0.2857142857142857,0.1428571428571428,175.42857142857142,175.42857142857142,0.4397394136807817,3,0.10899245538036238,0.2216615108218567,0.8621338502676082,604.6658765432062,110,112.55883333335746,0.0254615510044097,1330.6813333333394
2023-05-09,0.5,A001,54,1228,1228.0,7,4,0.0850395532805956,0.2216615108218569,0,7,454.5781450617242,0.4397394136807817,0.1726384364820846,0.3298045602605863,0.0578175895765472,0.0207104564263168,0.2514769426481505,0.1595301415429063,0.066708022120972,3,1,2,1,0.4285714285714285,0.1428571428571428,0.2857142857142857,0.1428571428571428,175.42857142857142,175.42857142857142,0.4397394136807817,3,0.10899245538036238,0.2216615108218567,0.8621338502676082,604.6658765432062,110,112.55883333335746,0.0254615510044097,1330.6813333333394
2023-05-09,0.75,A001,54,1228,1228.0,7,4,0.0850395532805956,0.2216615108218569,0,7,454.5781450617242,0.4397394136807817,0.1726384364820846,0.3298045602605863,0.0578175895765472,0.0207104564263168,0.2514769426481505,0.1595301415429063,0.066708022120972,3,1,2,1,0.4285714285714285,0.1428571428571428,0.2857142857142857,0.1428571428571428,175.42857142857142,175.42857142857142,0.4397394136807817,3,0.10899245538036238,0.2216615108218567,0.8621338502676082,604.6658765432062,110,112.55883333335746,0.0254615510044097,1330.6813333333394
2023-05-09,1.0,A001,54,1228,1228.0,7,4,0.0850395532805956,0.2216615108218569,0,7,454.5781450617242,0.4397394136807817,0.1726384364820846,0.3298045602605863,0.0578175895765472,0.0207104564263168,0.2514769426481505,0.1595301415429063,0.066708022120972,3,1,2,1,0.4285714285714285,0.1428571428571428,0.2857142857142857,0.1428571428571428,175.42857142857142,175.42857142857142,0.4397394136807817,3,0.10899245538036238,0.2216615108218567,0.8621338502676082,604.6658765432062,110,112.55883333335746,0.0254615510044097,1330.6813333333394
2023-05-09,2.0,A002,54,1228,1228.0,7,4,0.2167287110283852,0.1242627385579011,1,7,589.5190586419752,0.4397394136807817,0.1726384364820846,0.3298045602605863,0.0578175895765472,0.0207104564263168,0.2514769426481505,0.1595301415429063,0.066708022120972,4,1,1,1,0.5714285714285714,0.1428571428571428,0.1428571428571428,0.1428571428571428,175.42857142857142,175.42857142857142,0.4397394136807817,4,0.10899245538036238,0.12426273855790079,0.8621338502676082,739.4725061728384,108,105.30749999999398,0.0238603897289497,2531.026166666674
2023-05-09,4.0,A002,54,1228,1228.0,7,4,0.2167287110283852,0.1242627385579011,1,7,589.5190586419752,0.4397394136807817,0.1726384364820846,0.3298045602605863,0.0578175895765472,0.0207104564263168,0.2514769426481505,0.1595301415429063,0.066708022120972,4,1,1,1,0.5714285714285714,0.1428571428571428,0.1428571428571428,0.1428571428571428,175.42857142857142,175.42857142857142,0.4397394136807817,4,0.10899245538036238,0.12426273855790079,0.8621338502676082,739.4725061728384,108,105.30749999999398,0.0238603897289497,2531.026166666674
2023-05-09,8.0,A002,54,1228,1228.0,7,4,0.2167287110283852,0.1242627385579011,1,7,589.5190586419752,0.4397394136807817,0.1726384364820846,0.3298045602605863,0.0578175895765472,0.0207104564263168,0.2514769426481505,0.1595301415429063,0.066708022120972,4,1,1,1,0.5714285714285714,0.1428571428571428,0.1428571428571428,0.1428571428571428,175.42857142857142,175.42857142857142,0.4397394136807817,4,0.10899245538036238,0.12426273855790079,0.8621338502676082,739.4725061728384,108,105.30749999999398,0.0238603897289497,2531.026166666674
2023-05-11,0.0,A001,50,1171,1171.0,8,4,0.0911614005123825,0.4274440182819504,0,8,307.57561666666425,0.587532023911187,0.0768573868488471,0.2536293766011955,0.0819812126387702,0.0522014098301323,0.3854313883289003,0.1142355593011564,0.1035385690553433,4,1,2,1,0.5,0.125,0.25,0.125,146.375,146.375,0.587532023911187,4,0.09775496042227874,0.4274440182819502,0.7665551188279889,449.5941699999962,155,241.8163333333388,0.0673972152727372,1089.1500000000028
2023-05-11,0.05,A001,50,1171,1171.0,8,4,0.0911614005123825,0.4274440182819504,0,8,307.57561666666425,0.587532023911187,0.0768573868488471,0.2536293766011955,0.0819812126387702,0.0522014098301323,0.3854313883289003,0.1142355593011564,0.1035385690553433,4,1,2,1,0.5,0.125,0.25,0.125,146.375,146.375,0.587532023911187,4,0.09775496042227874,0.4274440182819502,0.7665551188279889,449.5941699999962,155,241.8163333333388,0.0673972152727372,1089.1500000000028
2023-05-11,0.1,A001,50,1171,1171.0,8,4,0.0911614005123825,0.4274440182819504,0,8,307.57561666666425,0.587532023911187,0.0768573868488471,0.2536293766011955,0.0819812126387702,0.0522014098301323,0.3854313883289003,0.1142355593011564,0.1035385690553433,4,1,2,1,0.5,0.125,0.25,0.125,146.375,146.375,0.587532023911187,4,0.09775496042227874,0.4274440182819502,0.7665551188279889,449.5941699999962,155,241.8163333333388,0.0673972152727372,1089.1500000000028
2023-05-11,0.25,A001,50,1171,1171.0,8,4,0.0911614005123825,0.4274440182819504,0,8,307.57561666666425,0.587532023911187,0.0768573868488471,0.2536293766011955,0.0819812126387702,0.0522014098301323,0.3854313883289003,0.1142355593011564,0.1035385690553433,4,1,2,1,0.5,0.125,0.25,0.125,146.375,146.375,0.587532023911187,4,0.09775496042227874,0.4274440182819502,0.7665551188279889,449.5941699999962,155,241.8163333333388,0.0673972152727372,1089.1500000000028
2023-05-11,0.5,A001,50,1171,1171.0,8,4,0.0911614005123825,0.4274440182819504,0,8,307.57561666666425,0.587532023911187,0.0768573868488471,0.2536293766011955,0.0819812126387702,0.0522014098301323,0.3854313883289003,0.1142355593011564,0.1035385690553433,4,1,2,1,0.5,0.125,0.25,0.125,146.375,146.375,0.587532023911187,4,0.09775496042227874,0.4274440182819502,0.7665551188279889,449.5941699999962,155,241.8163333333388,0.0673972152727372,1089.1500000000028
2023-05-11,0.75,A001,50,1171,1171.0,8,4,0.0911614005123825,0.4274440182819504,0,8,307.57561666666425,0.587532023911187,0.0768573868488471,0.2536293766011955,0.0819812126387702,0.0522014098301323,0.3854313883289003,0.1142355593011564,0.1035385690553433,4,1,2,1,0.5,0.125,0.25,0.125,146.375,146.375,0.587532023911187,4,0.09775496042227874,0.4274440182819502,0.7665551188279889,449.5941699999962,155,241.8163333333388,0.0673972152727372,1089.1500000000028
2023-05-11,1.0,A001,50,1171,1171.0,8,4,0.0911614005123825,0.4274440182819504,0,8,307.57561666666425,0.587532023911187,0.0768573868488471,0.2536293766011955,0.0819812126387702,0.0522014098301323,0.3854313883289003,0.1142355593011564,0.1035385690553433,4,1,2,1,0.5,0.125,0.25,0.125,146.375,146.375,0.587532023911187,4,0.09775496042227874,0.4274440182819502,0.7665551188279889,449.5941699999962,155,241.8163333333388,0.0673972152727372,1089.1500000000028
2023-05-11,2.0,A001,50,1171,1171.0,8,4,0.0911614005123825,0.4274440182819504,0,8,307.57561666666425,0.587532023911187,0.0768573868488471,0.2536293766011955,0.0819812126387702,0.0522014098301323,0.3854313883289003,0.1142355593011564,0.1035385690553433,4,1,2,1,0.5,0.125,0.25,0.125,146.375,146.375,0.587532023911187,4,0.09775496042227874,0.4274440182819502,0.7665551188279889,449.5941699999962,155,241.8163333333388,0.0673972152727372,1089.1500000000028
2023-05-11,4.0,A002,50,1171,1171.0,8,4,0.2161614005123825,0.3743783578468967,1,8,384.32597999999706,0.587532023911187,0.0768573868488471,0.2536293766011955,0.0819812126387702,0.0522014098301323,0.3854313883289003,0.1142355593011564,0.1035385690553433,3,1,2,2,0.375,0.125,0.25,0.25,146.375,146.375,0.587532023911187,3,0.09775496042227874,0.3743783578468966,0.7665551188279889,526.1384699999969,138,231.51316666667097,0.0647114214101204,1360.524166666674
2023-05-11,8.0,A002,50,1171,1171.0,8,4,0.2161614005123825,0.3743783578468967,1,8,384.32597999999706,0.587532023911187,0.0768573868488471,0.2536293766011955,0.0819812126387702,0.0522014098301323,0.3854313883289003,0.1142355593011564,0.1035385690553433,3,1,2,2,0.375,0.125,0.25,0.25,146.375,146.375,0.587532023911187,3,0.09775496042227874,0.3743783578468966,0.7665551188279889,526.1384699999969,138,231.51316666667097,0.0647114214101204,1360.524166666674
2023-05-15,0.0,A001,42,964,964.0,8,3,0.071058091286307,0.6267555394161034,0,8,270.89197222221986,0.696058091286307,0.0,0.204356846473029,0.0995850622406639,0.0304901014442018,0.3503872808376828,0.321854524974085,0.1500279156911135,5,0,2,1,0.625,0.0,0.25,0.125,120.5,120.5,0.696058091286307,5,0.10193659688309237,0.6267555394161031,0.7340261244206773,416.2590912698373,108,115.21166666666808,0.0358532972720552,939.402833333324
2023-05-15,0.05,A002,42,964,964.0,8,3,0.079356846473029,0.4573515216630275,1,8,296.9016865079346,0.696058091286307,0.0,0.204356846473029,0.0995850622406639,0.0304901014442018,0.3503872808376828,0.321854524974085,0.1500279156911135,6,0,1,1,0.75,0.0,0.125,0.125,120.5,120.5,0.696058091286307,6,0.10193659688309237,0.457351521663027,0.7340261244206773,442.6750357142829,97,132.27333333334062,0.0409454031711717,1314.6506666666735
2023-05-15,0.1,A002,42,964,964.0,8,3,0.079356846473029,0.4573515216630275,1,8,296.9016865079346,0.696058091286307,0.0,0.204356846473029,0.0995850622406639,0.0304901014442018,0.3503872808376828,0.321854524974085,0.1500279156911135,6,0,1,1,0.75,0.0,0.125,0.125,120.5,120.5,0.696058091286307,6,0.10193659688309237,0.457351521663027,0.7340261244206773,442.6750357142829,97,132.27333333334062,0.0409454031711717,1314.6506666666735
2023-05-15,0.25,A002,42,964,964.0,8,3,0.079356846473029,0.4573515216630275,1,8,296.9016865079346,0.696058091286307,0.0,0.204356846473029,0.0995850622406639,0.0304901014442018,0.3503872808376828,0.321854524974085,0.1500279156911135,6,0,1,1,0.75,0.0,0.125,0.125,120.5,120.5,0.696058091286307,6,0.10193659688309237,0.457351521663027,0.7340261244206773,442.6750357142829,97,132.27333333334062,0.0409454031711717,1314.6506666666735
2023-05-15,0.5,A002,42,964,964.0,8,3,0.079356846473029,0.4573515216630275,1,8,296.9016865079346,0.696058091286307,0.0,0.204356846473029,0.0995850622406639,0.0304901014442018,0.3503872808376828,0.321854524974085,0.1500279156911135,6,0,1,1,0.75,0.0,0.125,0.125,120.5,120.5,0.696058091286307,6,0.10193659688309237,0.457351521663027,0.7340261244206773,442.6750357142829,97,132.27333333334062,0.0409454031711717,1314.6506666666735
2023-05-15,0.75,A002,42,964,964.0,8,3,0.079356846473029,0.4573515216630275,1,8,296.9016865079346,0.696058091286307,0.0,0.204356846473029,0.0995850622406639,0.0304901014442018,0.3503872808376828,0.321854524974085,0.1500279156911135,6,0,1,1,0.75,0.0,0.125,0.125,120.5,120.5,0.696058091286307,6,0.10193659688309237,0.457351521663027,0.7340261244206773,442.6750357142829,97,132.27333333334062,0.0409454031711717,1314.6506666666735
2023-05-15,1.0,A002,42,964,964.0,8,3,0.079356846473029,0.4573515216630275,1,8,296.9016865079346,0.696058091286307,0.0,0.204356846473029,0.0995850622406639,0.0304901014442018,0.3503872808376828,0.321854524974085,0.1500279156911135,6,0,1,1,0.75,0.0,0.125,0.125,120.5,120.5,0.696058091286307,6,0.10193659688309237,0.457351521663027,0.7340261244206773,442.6750357142829,97,132.27333333334062,0.0409454031711717,1314.6506666666735
2023-05-15,2.0,A002,42,964,964.0,8,3,0.079356846473029,0.4573515216630275,1,8,296.9016865079346,0.696058091286307,0.0,0.204356846473029,0.0995850622406639,0.0304901014442018,0.3503872808376828,0.321854524974085,0.1500279156911135,6,0,1,1,0.75,0.0,0.125,0.125,120.5,120.5,0.696058091286307,6,0.10193659688309237,0.457351521663027,0.7340261244206773,442.6750357142829,97,132.27333333334062,0.0409454031711717,1314.6506666666735
2023-05-15,4.0,A002,42,964,964.0,8,3,0.079356846473029,0.4573515216630275,1,8,296.9016865079346,0.696058091286307,0.0,0.204356846473029,0.0995850622406639,0.0304901014442018,0.3503872808376828,0.321854524974085,0.1500279156911135,6,0,1,1,0.75,0.0,0.125,0.125,120.5,120.5,0.696058091286307,6,0.10193659688309237,0.457351521663027,0.7340261244206773,442.6750357142829,97,132.27333333334062,0.0409454031711717,1314.6506666666735
2023-05-15,8.0,A002,42,964,964.0,8,3,0.079356846473029,0.4573515216630275,1,8,296.9016865079346,0.696058091286307,0.0,0.204356846473029,0.0995850622406639,0.0304901014442018,0.3503872808376828,0.321854524974085,0.1500279156911135,6,0,1,1,0.75,0.0,0.125,0.125,120.5,120.5,0.696058091286307,6,0.10193659688309237,0.457351521663027,0.7340261244206773,442.6750357142829,97,132.27333333334062,0.0409454031711717,1314.6506666666735
2023-05-16,0.0,A001,64,1338,1338.0,9,4,0.1400099651220727,0.779013677618842,0,9,216.97582812509827,0.351270553064275,0.0336322869955156,0.5665171898355755,0.0485799701046337,0.0590949043644318,0.2660022231075556,0.1002881607542577,0.0898082128470646,3,1,4,1,0.3333333333333333,0.1111111111111111,0.4444444444444444,0.1111111111111111,148.66666666666666,148.66666666666666,0.5665171898355755,4,0.09088241014791439,0.7790136776188415,0.6855996521141074,344.9723046876861,159,248.30983333364196,0.0594359109935944,43905.37566666673
2023-05-16,0.05,A001,64,1338,1338.0,9,4,0.1400099651220727,0.779013677618842,0,9,216.97582812509827,0.351270553064275,0.0336322869955156,0.5665171898355755,0.0485799701046337,0.0590949043644318,0.2660022231075556,0.1002881607542577,0.0898082128470646,3,1,4,1,0.3333333333333333,0.1111111111111111,0.4444444444444444,0.1111111111111111,148.66666666666666,148.66666666666666,0.5665171898355755,4,0.09088241014791439,0.7790136776188415,0.6855996521141074,344.9723046876861,159,248.30983333364196,0.0594359109935944,43905.37566666673
2023-05-16,0.1,A001,64,1338,1338.0,9,4,0.1400099651220727,0.779013677618842,0,9,216.97582812509827,0.351270553064275,0.0336322869955156,0.5665171898355755,0.0485799701046337,0.0590949043644318,0.2660022231075556,0.1002881607542577,0.0898082128470646,3,1,4,1,0.3333333333333333,0.1111111111111111,0.4444444444444444,0.1111111111111111,148.66666666666666,148.66666666666666,0.5665171898355755,4,0.09088241014791439,0.7790136776188415,0.6855996521141074,344.9723046876861,159,248.30983333364196,0.0594359109935944,43905.37566666673
2023-05-16,0.25,A001,64,1338,1338.0,9,4,0.1400099651220727,0.779013677618842,0,9,216.97582812509827,0.351270553064275,0.0336322869955156,0.5665171898355755,0.0485799701046337,0.0590949043644318,0.2660022231075556,0.1002881607542577,0.0898082128470646,3,1,4,1,0.3333333333333333,0.1111111111111111,0.4444444444444444,0.1111111111111111,148.66666666666666,148.66666666666666,0.5665171898355755,4,0.09088241014791439,0.7790136776188415,0.6855996521141074,344.9723046876861,159,248.30983333364196,0.0594359109935944,43905.37566666673
2023-05-16,0.5,A001,64,1338,1338.0,9,4,0.1400099651220727,0.779013677618842,0,9,216.97582812509827,0.351270553064275,0.0336322869955156,0.5665171898355755,0.0485799701046337,0.0590949043644318,0.2660022231075556,0.1002881607542577,0.0898082128470646,3,1,4,1,0.3333333333333333,0.1111111111111111,0.4444444444444444,0.1111111111111111,148.66666666666666,148.66666666666666,0.5665171898355755,4,0.09088241014791439,0.7790136776188415,0.6855996521141074,344.9723046876861,159,248.30983333364196,0.0594359109935944,43905.37566666673
2023-05-16,0.75,A002,64,1338,1338.0,9,4,0.2511210762331838,0.5679574082031335,1,9,274.3355781251568,0.351270553064275,0.0336322869955156,0.5665171898355755,0.0485799701046337,0.0590949043644318,0.2660022231075556,0.1002881607542577,0.0898082128470646,3,1,3,2,0.3333333333333333,0.1111111111111111,0.3333333333333333,0.2222222222222222,148.66666666666666,148.66666666666666,0.5665171898355755,3,0.09088241014791439,0.5679574082031331,0.6855996521141074,401.8566510419169,142,217.88400000027903,0.0525357324671435,43905.37566666673
2023-05-16,1.0,A002,64,1338,1338.0,9,4,0.2511210762331838,0.5679574082031335,1,9,274.3355781251568,0.351270553064275,0.0336322869955156,0.5665171898355755,0.0485799701046337,0.0590949043644318,0.2660022231075556,0.1002881607542577,0.0898082128470646,3,1,3,2,0.3333333333333333,0.1111111111111111,0.3333333333333333,0.2222222222222222,148.66666666666666,148.66666666666666,0.5665171898355755,3,0.09088241014791439,0.5679574082031331,0.6855996521141074,401.8566510419169,142,217.88400000027903,0.0525357324671435,43905.37566666673
2023-05-16,2.0,A002,64,1338,1338.0,9,4,0.2511210762331838,0.5679574082031335,1,9,274.3355781251568,0.351270553064275,0.0336322869955156,0.5665171898355755,0.0485799701046337,0.0590949043644318,0.2660022231075556,0.1002881607542577,0.0898082128470646,3,1,3,2,0.3333333333333333,0.1111111111111111,0.3333333333333333,0.2222222222222222,148.66666666666666,148.66666666666666,0.5665171898355755,3,0.09088241014791439,0.5679574082031331,0.6855996521141074,401.8566510419169,142,217.88400000027903,0.0525357324671435,43905.37566666673
2023-05-16,4.0,A002,64,1338,1338.0,9,4,0.2511210762331838,0.5679574082031335,1,9,274.3355781251568,0.351270553064275,0.0336322869955156,0.5665171898355755,0.0485799701046337,0.0590949043644318,0.2660022231075556,0.1002881607542577,0.0898082128470646,3,1,3,2,0.3333333333333333,0.1111111111111111,0.3333333333333333,0.2222222222222222,148.66666666666666,148.66666666666666,0.5665171898355755,3,0.09088241014791439,0.5679574082031331,0.6855996521141074,401.8566510419169,142,217.88400000027903,0.0525357324671435,43905.37566666673
2023-05-16,8.0,A003,64,1338,1338.0,9,4,0.3442949676133532,0.5446657997879136,2,9,354.8700364585679,0.351270553064275,0.0336322869955156,0.5665171898355755,0.0485799701046337,0.0590949043644318,0.2660022231075556,0.1002881607542577,0.0898082128470646,4,1,2,2,0.4444444444444444,0.1111111111111111,0.2222222222222222,0.2222222222222222,148.66666666666666,148.66666666666666,0.5665171898355755,4,0.09088241014791439,0.5446657997879132,0.6855996521141074,481.9059322919901,120,186.83266666674564,0.0453885255454061,43905.37566666673
2023-05-18,0.0,A001,50,1134,1134.0,6,4,0.1216931216931217,0.4008887371721573,0,6,437.2403399999964,0.3835978835978836,0.0873015873015873,0.4047619047619047,0.1243386243386243,0.3369002036197993,0.4856766734693503,0.063988533552358,0.1637904993431923,2,1,2,1,0.3333333333333333,0.1666666666666666,0.3333333333333333,0.1666666666666666,189.0,189.0,0.4047619047619047,2,0.2179001556931224,0.4008887371721573,0.8697484079414634,564.4149333333294,94,181.779666666663,0.0614799752293882,1283.1466666666674
2023-05-18,0.05,A001,50,1134,1134.0,6,4,0.1216931216931217,0.4008887371721573,0,6,437.2403399999964,0.3835978835978836,0.0873015873015873,0.4047619047619047,0.1243386243386243,0.3369002036197993,0.4856766734693503,0.063988533552358,0.1637904993431923,2,1,2,1,0.3333333333333333,0.1666666666666666,0.3333333333333333,0.1666666666666666,189.0,189.0,0.4047619047619047,2,0.2179001556931224,0.4008887371721573,0.8697484079414634,564.4149333333294,94,181.779666666663,0.0614799752293882,1283.1466666666674
2023-05-18,0.1,A001,50,1134,1134.0,6,4,0.1216931216931217,0.4008887371721573,0,6,437.2403399999964,0.3835978835978836,0.0873015873015873,0.4047619047619047,0.1243386243386243,0.3369002036197993,0.4856766734693503,0.063988533552358,0.1637904993431923,2,1,2,1,0.3333333333333333,0.1666666666666666,0.3333333333333333,0.1666666666666666,189.0,189.0,0.4047619047619047,2,0.2179001556931224,0.4008887371721573,0.8697484079414634,564.4149333333294,94,181.779666666663,0.0614799752293882,1283.1466666666674
2023-05-18,0.25,A001,50,1134,1134.0,6,4,0.1216931216931217,0.4008887371721573,0,6,437.2403399999964,0.3835978835978836,0.0873015873015873,0.4047619047619047,0.1243386243386243,0.3369002036197993,0.4856766734693503,0.063988533552358,0.1637904993431923,2,1,2,1,0.3333333333333333,0.1666666666666666,0.3333333333333333,0.1666666666666666,189.0,189.0,0.4047619047619047,2,0.2179001556931224,0.4008887371721573,0.8697484079414634,564.4149333333294,94,181.779666666663,0.0614799752293882,1283.1466666666674
2023-05-18,0.5,A002,50,1134,1134.0,6,4,0.2169312169312169,0.191965600657074,1,6,628.2593966666701,0.3835978835978836,0.0873015873015873,0.4047619047619047,0.1243386243386243,0.3369002036197993,0.4856766734693503,0.063988533552358,0.1637904993431923,1,1,3,1,0.1666666666666666,0.1666666666666666,0.5,0.1666666666666666,189.0,189.0,0.4047619047619047,3,0.2179001556931224,0.19196560065707402,0.8697484079414634,755.706010000003,96,195.3806666666625,0.0657774128851189,2485.265500000014
2023-05-18,0.75,A002,50,1134,1134.0,6,4,0.2169312169312169,0.191965600657074,1,6,628.2593966666701,0.3835978835978836,0.0873015873015873,0.4047619047619047,0.1243386243386243,0.3369002036197993,0.4856766734693503,0.063988533552358,0.1637904993431923,1,1,3,1,0.1666666666666666,0.1666666666666666,0.5,0.1666666666666666,189.0,189.0,0.4047619047619047,3,0.2179001556931224,0.19196560065707402,0.8697484079414634,755.706010000003,96,195.3806666666625,0.0657774128851189,2485.265500000014
2023-05-18,1.0,A002,50,1134,1134.0,6,4,0.2169312169312169,0.191965600657074,1,6,628.2593966666701,0.3835978835978836,0.0873015873015873,0.4047619047619047,0.1243386243386243,0.3369002036197993,0.4856766734693503,0.063988533552358,0.1637904993431923,1,1,3,1,0.1666666666666666,0.1666666666666666,0.5,0.1666666666666666,189.0,189.0,0.4047619047619047,3,0.2179001556931224,0.19196560065707402,0.8697484079414634,755.706010000003,96,195.3806666666625,0.0657774128851189,2485.265500000014
2023-05-18,2.0,A002,50,1134,1134.0,6,4,0.2169312169312169,0.191965600657074,1,6,628.2593966666701,0.3835978835978836,0.0873015873015873,0.4047619047619047,0.1243386243386243,0.3369002036197993,0.4856766734693503,0.063988533552358,0.1637904993431923,1,1,3,1,0.1666666666666666,0.1666666666666666,0.5,0.1666666666666666,189.0,189.0,0.4047619047619047,3,0.2179001556931224,0.19196560065707402,0.8697484079414634,755.706010000003,96,195.3806666666625,0.0657774128851189,2485.265500000014
2023-05-18,4.0,A002,50,1134,1134.0,6,4,0.2169312169312169,0.191965600657074,1,6,628.2593966666701,0.3835978835978836,0.0873015873015873,0.4047619047619047,0.1243386243386243,0.3369002036197993,0.4856766734693503,0.063988533552358,0.1637904993431923,1,1,3,1,0.1666666666666666,0.1666666666666666,0.5,0.1666666666666666,189.0,189.0,0.4047619047619047,3,0.2179001556931224,0.19196560065707402,0.8697484079414634,755.706010000003,96,195.3806666666625,0.0657774128851189,2485.265500000014
2023-05-18,8.0,A002,50,1134,1134.0,6,4,0.2169312169312169,0.191965600657074,1,6,628.2593966666701,0.3835978835978836,0.0873015873015873,0.4047619047619047,0.1243386243386243,0.3369002036197993,0.4856766734693503,0.063988533552358,0.1637904993431923,1,1,3,1,0.1666666666666666,0.1666666666666666,0.5,0.1666666666666666,189.0,189.0,0.4047619047619047,3,0.2179001556931224,0.19196560065707402,0.8697484079414634,755.706010000003,96,195.3806666666625,0.0657774128851189,2485.265500000014
2023-05-19,0.0,A001,53,1231,1231.0,6,3,0.1479826699160573,0.5814596755446956,0,6,561.3331163521976,0.5605199025182778,0.0,0.4207961007311129,0.0186839967506092,0.166179105060458,0.3103788032285053,0.0829223603633213,0.2360746329976297,3,0,2,1,0.5,0.0,0.3333333333333333,0.1666666666666666,205.16666666666666,205.16666666666666,0.5605199025182778,3,0.13245091934919734,0.5814596755446954,0.6945922793972135,695.8282484276702,93,149.37099999999654,0.0434819439212708,1580.0698333333544
2023-05-19,0.05,A001,53,1231,1231.0,6,3,0.1479826699160573,0.5814596755446956,0,6,561.3331163521976,0.5605199025182778,0.0,0.4207961007311129,0.0186839967506092,0.166179105060458,0.3103788032285053,0.0829223603633213,0.2360746329976297,3,0,2,1,0.5,0.0,0.3333333333333333,0.1666666666666666,205.16666666666666,205.16666666666666,0.5605199025182778,3,0.13245091934919734,0.5814596755446954,0.6945922793972135,695.8282484276702,93,149.37099999999654,0.0434819439212708,1580.0698333333544
2023-05-19,0.1,A001,53,1231,1231.0,6,3,0.1479826699160573,0.5814596755446956,0,6,561.3331163521976,0.5605199025182778,0.0,0.4207961007311129,0.0186839967506092,0.166179105060458,0.3103788032285053,0.0829223603633213,0.2360746329976297,3,0,2,1,0.5,0.0,0.3333333333333333,0.1666666666666666,205.16666666666666,205.16666666666666,0.5605199025182778,3,0.13245091934919734,0.5814596755446954,0.6945922793972135,695.8282484276702,93,149.37099999999654,0.0434819439212708,1580.0698333333544
2023-05-19,0.25,A001,53,1231,1231.0,6,3,0.1479826699160573,0.5814596755446956,0,6,561.3331163521976,0.5605199025182778,0.0,0.4207961007311129,0.0186839967506092,0.166179105060458,0.3103788032285053,0.0829223603633213,0.2360746329976297,3,0,2,1,0.5,0.0,0.3333333333333333,0.1666666666666666,205.16666666666666,205.16666666666666,0.5605199025182778,3,0.13245091934919734,0.5814596755446954,0.6945922793972135,695.8282484276702,93,149.37099999999654,0.0434819439212708,1580.0698333333544
2023-05-19,0.5,A002,53,1231,1231.0,6,3,0.2271865691849444,0.4149461861504221,1,6,658.3054559748396,0.5605199025182778,0.0,0.4207961007311129,0.0186839967506092,0.166179105060458,0.3103788032285053,0.0829223603633213,0.2360746329976297,2,0,3,1,0.3333333333333333,0.0,0.5,0.1666666666666666,205.16666666666666,205.16666666666666,0.5605199025182778,3,0.13245091934919734,0.4149461861504219,0.6945922793972135,794.9066320754687,144,260.9913333333279,0.0735837224017792,1988.6276666666863
2023-05-19,0.75,A002,53,1231,1231.0,6,3,0.2271865691849444,0.4149461861504221,1,6,658.3054559748396,0.5605199025182778,0.0,0.4207961007311129,0.0186839967506092,0.166179105060458,0.3103788032285053,0.0829223603633213,0.2360746329976297,2,0,3,1,0.3333333333333333,0.0,0.5,0.1666666666666666,205.16666666666666,205.16666666666666,0.5605199025182778,3,0.13245091934919734,0.4149461861504219,0.6945922793972135,794.9066320754687,144,260.9913333333279,0.0735837224017792,1988.6276666666863
2023-05-19,1.0,A002,53,1231,1231.0,6,3,0.2271865691849444,0.4149461861504221,1,6,658.3054559748396,0.5605199025182778,0.0,0.4207961007311129,0.0186839967506092,0.166179105060458,0.3103788032285053,0.0829223603633213,0.2360746329976297,2,0,3,1,0.3333333333333333,0.0,0.5,0.1666666666666666,205.16666666666666,205.16666666666666,0.5605199025182778,3,0.13245091934919734,0.4149461861504219,0.6945922793972135,794.9066320754687,144,260.9913333333279,0.0735837224017792,1988.6276666666863
2023-05-19,2.0,A002,53,1231,1231.0,6,3,0.2271865691849444,0.4149461861504221,1,6,658.3054559748396,0.5605199025182778,0.0,0.4207961007311129,0.0186839967506092,0.166179105060458,0.3103788032285053,0.0829223603633213,0.2360746329976297,2,0,3,1,0.3333333333333333,0.0,0.5,0.1666666666666666,205.16666666666666,205.16666666666666,0.5605199025182778,3,0.13245091934919734,0.4149461861504219,0.6945922793972135,794.9066320754687,144,260.9913333333279,0.0735837224017792,1988.6276666666863
2023-05-19,4.0,A002,53,1231,1231.0,6,3,0.2271865691849444,0.4149461861504221,1,6,658.3054559748396,0.5605199025182778,0.0,0.4207961007311129,0.0186839967506092,0.166179105060458,0.3103788032285053,0.0829223603633213,0.2360746329976297,2,0,3,1,0.3333333333333333,0.0,0.5,0.1666666666666666,205.16666666666666,205.16666666666666,0.5605199025182778,3,0.13245091934919734,0.4149461861504219,0.6945922793972135,794.9066320754687,144,260.9913333333279,0.0735837224017792,1988.6276666666863
2023-05-19,8.0,A002,53,1231,1231.0,6,3,0.2271865691849444,0.4149461861504221,1,6,658.3054559748396,0.5605199025182778,0.0,0.4207961007311129,0.0186839967506092,0.166179105060458,0.3103788032285053,0.0829223603633213,0.2360746329976297,2,0,3,1,0.3333333333333333,0.0,0.5,0.1666666666666666,205.16666666666666,205.16666666666666,0.5605199025182778,3,0.13245091934919734,0.4149461861504219,0.6945922793972135,794.9066320754687,144,260.9913333333279,0.0735837224017792,1988.6276666666863
2023-05-23,0.0,A001,66,1495,1495.0,8,4,0.0834448160535116,0.3380297664590057,0,8,214.6294318181832,0.3765886287625418,0.0802675585284281,0.4568561872909699,0.0862876254180602,0.0477473066670318,0.1803024306823655,0.0649292821526367,0.0697049831376467,3,1,3,1,0.375,0.125,0.375,0.125,186.875,186.875,0.4568561872909699,3,0.06813155041500338,0.3380297664590055,0.8220107670624919,364.406949494951,192,307.9548333331289,0.0570253340413609,17954.07300000001
2023-05-23,0.05,A001,66,1495,1495.0,8,4,0.0834448160535116,0.3380297664590057,0,8,214.6294318181832,0.3765886287625418,0.0802675585284281,0.4568561872909699,0.0862876254180602,0.0477473066670318,0.1803024306823655,0.0649292821526367,0.0697049831376467,3,1,3,1,0.375,0.125,0.375,0.125,186.875,186.875,0.4568561872909699,3,0.06813155041500338,0.3380297664590055,0.8220107670624919,364.406949494951,192,307.9548333331289,0.0570253340413609,17954.07300000001
2023-05-23,0.1,A001,66,1495,1495.0,8,4,0.0834448160535116,0.3380297664590057,0,8,214.6294318181832,0.3765886287625418,0.0802675585284281,0.4568561872909699,0.0862876254180602,0.0477473066670318,0.1803024306823655,0.0649292821526367,0.0697049831376467,3,1,3,1,0.375,0.125,0.375,0.125,186.875,186.875,0.4568561872909699,3,0.06813155041500338,0.3380297664590055,0.8220107670624919,364.406949494951,192,307.9548333331289,0.0570253340413609,17954.07300000001
2023-05-23,0.25,A001,66,1495,1495.0,8,4,0.0834448160535116,0.3380297664590057,0,8,214.6294318181832,0.3765886287625418,0.0802675585284281,0.4568561872909699,0.0862876254180602,0.0477473066670318,0.1803024306823655,0.0649292821526367,0.0697049831376467,3,1,3,1,0.375,0.125,0.375,0.125,186.875,186.875,0.4568561872909699,3,0.06813155041500338,0.3380297664590055,0.8220107670624919,364.406949494951,192,307.9548333331289,0.0570253340413609,17954.07300000001
2023-05-23,0.5,A001,66,1495,1495.0,8,4,0.0834448160535116,0.3380297664590057,0,8,214.6294318181832,0.3765886287625418,0.0802675585284281,0.4568561872909699,0.0862876254180602,0.0477473066670318,0.1803024306823655,0.0649292821526367,0.0697049831376467,3,1,3,1,0.375,0.125,0.375,0.125,186.875,186.875,0.4568561872909699,3,0.06813155041500338,0.3380297664590055,0.8220107670624919,364.406949494951,192,307.9548333331289,0.0570253340413609,17954.07300000001
2023-05-23,0.75,A001,66,1495,1495.0,8,4,0.0834448160535116,0.3380297664590057,0,8,214.6294318181832,0.3765886287625418,0.0802675585284281,0.4568561872909699,0.0862876254180602,0.0477473066670318,0.1803024306823655,0.0649292821526367,0.0697049831376467,3,1,3,1,0.375,0.125,0.375,0.125,186.875,186.875,0.4568561872909699,3,0.06813155041500338,0.3380297664590055,0.8220107670624919,364.406949494951,192,307.9548333331289,0.0570253340413609,17954.07300000001
2023-05-23,1.0,A001,66,1495,1495.0,8,4,0.0834448160535116,0.3380297664590057,0,8,214.6294318181832,0.3765886287625418,0.0802675585284281,0.4568561872909699,0.0862876254180602,0.0477473066670318,0.1803024306823655,0.0649292821526367,0.0697049831376467,3,1,3,1,0.375,0.125,0.375,0.125,186.875,186.875,0.4568561872909699,3,0.06813155041500338,0.3380297664590055,0.8220107670624919,364.406949494951,192,307.9548333331289,0.0570253340413609,17954.07300000001
2023-05-23,2.0,A001,66,1495,1495.0,8,4,0.0834448160535116,0.3380297664590057,0,8,214.6294318181832,0.3765886287625418,0.0802675585284281,0.4568561872909699,0.0862876254180602,0.0477473066670318,0.1803024306823655,0.0649292821526367,0.0697049831376467,3,1,3,1,0.375,0.125,0.375,0.125,186.875,186.875,0.4568561872909699,3,0.06813155041500338,0.3380297664590055,0.8220107670624919,364.406949494951,192,307.9548333331289,0.0570253340413609,17954.07300000001
2023-05-23,4.0,A002,66,1495,1495.0,8,4,0.2084448160535116,0.277876185291379,1,8,280.3403560606106,0.3765886287625418,0.0802675585284281,0.4568561872909699,0.0862876254180602,0.0477473066670318,0.1803024306823655,0.0649292821526367,0.0697049831376467,3,1,2,2,0.375,0.125,0.25,0.25,186.875,186.875,0.4568561872909699,3,0.06813155041500338,0.2778761852913788,0.8220107670624919,428.71121969697776,140,215.11566666664504,0.0405306827832952,18182.446666666743
2023-05-23,8.0,A002,66,1495,1495.0,8,4,0.2084448160535116,0.277876185291379,1,8,280.3403560606106,0.3765886287625418,0.0802675585284281,0.4568561872909699,0.0862876254180602,0.0477473066670318,0.1803024306823655,0.0649292821526367,0.0697049831376467,3,1,2,2,0.375,0.125,0.25,0.25,186.875,186.875,0.4568561872909699,3,0.06813155041500338,0.2778761852913788,0.8220107670624919,428.71121969697776,140,215.11566666664504,0.0405306827832952,18182.446666666743
2023-05-25,0.0,A001,67,1564,1564.0,9,4,0.0898692810457516,1.0021481808380566,0,9,349.656786069649,0.3932225063938619,0.0645780051150895,0.4744245524296675,0.067774936061381,0.0611140914505391,0.2592943260135738,0.1364676510810731,0.0531608676981426,3,1,4,1,0.3333333333333333,0.1111111111111111,0.4444444444444444,0.1111111111111111,173.77777777777777,173.77777777777777,0.4744245524296675,4,0.1091227252222582,1.002148180838056,0.7791551555163273,483.2545074626829,182,341.647666666658,0.0802169217497926,1231.042999999998
2023-05-25,0.05,A001,67,1564,1564.0,9,4,0.0898692810457516,1.0021481808380566,0,9,349.656786069649,0.3932225063938619,0.0645780051150895,0.4744245524296675,0.067774936061381,0.0611140914505391,0.2592943260135738,0.1364676510810731,0.0531608676981426,3,1,4,1,0.3333333333333333,0.1111111111111111,0.4444444444444444,0.1111111111111111,173.77777777777777,173.77777777777777,0.4744245524296675,4,0.1091227252222582,1.002148180838056,0.7791551555163273,483.2545074626829,182,341.647666666658,0.0802169217497926,1231.042999999998
2023-05-25,0.1,A001,67,1564,1564.0,9,4,0.0898692810457516,1.0021481808380566,0,9,349.656786069649,0.3932225063938619,0.0645780051150895,0.4744245524296675,0.067774936061381,0.0611140914505391,0.2592943260135738,0.1364676510810731,0.0531608676981426,3,1,4,1,0.3333333333333333,0.1111111111111111,0.4444444444444444,0.1111111111111111,173.77777777777777,173.77777777777777,0.4744245524296675,4,0.1091227252222582,1.002148180838056,0.7791551555163273,483.2545074626829,182,341.647666666658,0.0802169217497926,1231.042999999998
2023-05-25,0.25,A002,67,1564,1564.0,9,4,0.1410912190963341,0.7760875019464544,1,9,373.3377388059679,0.3932225063938619,0.0645780051150895,0.4744245524296675,0.067774936061381,0.0611140914505391,0.2592943260135738,0.1364676510810731,0.0531608676981426,4,1,3,1,0.4444444444444444,0.1111111111111111,0.3333333333333333,0.1111111111111111,173.77777777777777,173.77777777777777,0.4744245524296675,4,0.1091227252222582,0.7760875019464539,0.7791551555163273,507.9136393034801,218,407.1856666666672,0.0941560023172939,1375.1930000000125
2023-05-25,0.5,A003,67,1564,1564.0,9,4,0.2009803921568627,0.6459060952929796,1,9,416.6862636815896,0.3932225063938619,0.0645780051150895,0.4744245524296675,0.067774936061381,0.0611140914505391,0.2592943260135738,0.1364676510810731,0.0531608676981426,3,1,3,2,0.3333333333333333,0.1111111111111111,0.3333333333333333,0.2222222222222222,173.77777777777777,173.77777777777777,0.4744245524296675,3,0.1091227252222582,0.6459060952929792,0.7791551555163273,550.9354577114407,207,385.2963333333403,0.0895476541529631,1376.1050000000105
2023-05-25,0.75,A004,67,1564,1564.0,9,4,0.2522023302074452,0.5563130674824507,2,9,502.9891641791041,0.3932225063938619,0.0645780051150895,0.4744245524296675,0.067774936061381,0.0611140914505391,0.2592943260135738,0.1364676510810731,0.0531608676981426,4,1,2,2,0.4444444444444444,0.1111111111111111,0.2222222222222222,0.2222222222222222,173.77777777777777,173.77777777777777,0.4744245524296675,4,0.1091227252222582,0.5563130674824504,0.7791551555163273,636.5556218905473,174,339.55299999999977,0.0797643353328329,2005.7366666667083
2023-05-25,1.0,A005,67,1564,1564.0,9,4,0.3120915032679738,0.4792925285271185,2,9,547.7823407960175,0.3932225063938619,0.0645780051150895,0.4744245524296675,0.067774936061381,0.0611140914505391,0.2592943260135738,0.1364676510810731,0.0531608676981426,3,1,2,3,0.3333333333333333,0.1111111111111111,0.2222222222222222,0.3333333333333333,173.77777777777777,173.77777777777777,0.4744245524296675,3,0.1091227252222582,0.4792925285271182,0.7791551555163273,679.8892064676597,133,241.7603333333044,0.0581272019670564,1994.3285000000344
2023-05-25,2.0,A005,67,1564,1564.0,9,4,0.3120915032679738,0.4792925285271185,2,9,547.7823407960175,0.3932225063938619,0.0645780051150895,0.4744245524296675,0.067774936061381,0.0611140914505391,0.2592943260135738,0.1364676510810731,0.0531608676981426,3,1,2,3,0.3333333333333333,0.1111111111111111,0.2222222222222222,0.3333333333333333,173.77777777777777,173.77777777777777,0.4744245524296675,3,0.1091227252222582,0.4792925285271182,0.7791551555163273,679.8892064676597,133,241.7603333333044,0.0581272019670564,1994.3285000000344
2023-05-25,4.0,A005,67,1564,1564.0,9,4,0.3120915032679738,0.4792925285271185,2,9,547.7823407960175,0.3932225063938619,0.0645780051150895,0.4744245524296675,0.067774936061381,0.0611140914505391,0.2592943260135738,0.1364676510810731,0.0531608676981426,3,1,2,3,0.3333333333333333,0.1111111111111111,0.2222222222222222,0.3333333333333333,173.77777777777777,173.77777777777777,0.4744245524296675,3,0.1091227252222582,0.4792925285271182,0.7791551555163273,679.8892064676597,133,241.7603333333044,0.0581272019670564,1994.3285000000344
2023-05-25,8.0,A005,67,1564,1564.0,9,4,0.3120915032679738,0.4792925285271185,2,9,547.7823407960175,0.3932225063938619,0.0645780051150895,0.4744245524296675,0.067774936061381,0.0611140914505391,0.2592943260135738,0.1364676510810731,0.0531608676981426,3,1,2,3,0.3333333333333333,0.1111111111111111,0.2222222222222222,0.3333333333333333,173.77777777777777,173.77777777777777,0.4744245524296675,3,0.1091227252222582,0.4792925285271182,0.7791551555163273,679.8892064676597,133,241.7603333333044,0.0581272019670564,1994.3285000000344
2023-05-26,0.0,A001,34,777,777.0,8,4,0.097007722007722,1.3150382870269743,0,8,169.3392647058812,0.5688545688545689,0.1531531531531531,0.2471042471042471,0.0308880308880308,0.1593345665828838,0.2510291271644942,0.3590308875296715,0.100202931142066,4,1,2,1,0.5,0.125,0.25,0.125,97.125,97.125,0.5688545688545689,4,0.22089722691803854,1.3150382870269743,0.7654361372923827,308.16121568627227,84,156.62500000000506,0.0655623769419157,731.4493333333276
2023-05-26,0.05,A001,34,777,777.0,8,4,0.097007722007722,1.3150382870269743,0,8,169.3392647058812,0.5688545688545689,0.1531531531531531,0.2471042471042471,0.0308880308880308,0.1593345665828838,0.2510291271644942,0.3590308875296715,0.100202931142066,4,1,2,1,0.5,0.125,0.25,0.125,97.125,97.125,0.5688545688545689,4,0.22089722691803854,1.3150382870269743,0.7654361372923827,308.16121568627227,84,156.62500000000506,0.0655623769419157,731.4493333333276
2023-05-26,0.1,A001,34,777,777.0,8,4,0.097007722007722,1.3150382870269743,0,8,169.3392647058812,0.5688545688545689,0.1531531531531531,0.2471042471042471,0.0308880308880308,0.1593345665828838,0.2510291271644942,0.3590308875296715,0.100202931142066,4,1,2,1,0.5,0.125,0.25,0.125,97.125,97.125,0.5688545688545689,4,0.22089722691803854,1.3150382870269743,0.7654361372923827,308.16121568627227,84,156.62500000000506,0.0655623769419157,731.4493333333276
2023-05-26,0.25,A001,34,777,777.0,8,4,0.097007722007722,1.3150382870269743,0,8,169.3392647058812,0.5688545688545689,0.1531531531531531,0.2471042471042471,0.0308880308880308,0.1593345665828838,0.2510291271644942,0.3590308875296715,0.100202931142066,4,1,2,1,0.5,0.125,0.25,0.125,97.125,97.125,0.5688545688545689,4,0.22089722691803854,1.3150382870269743,0.7654361372923827,308.16121568627227,84,156.62500000000506,0.0655623769419157,731.4493333333276
2023-05-26,0.5,A002,34,777,777.0,8,4,0.222007722007722,0.9372375184203888,1,8,231.8701715686255,0.5688545688545689,0.1531531531531531,0.2471042471042471,0.0308880308880308,0.1593345665828838,0.2510291271644942,0.3590308875296715,0.100202931142066,3,1,2,2,0.375,0.125,0.25,0.25,97.125,97.125,0.5688545688545689,3,0.22089722691803854,0.9372375184203889,0.7654361372923827,369.8291470588202,75,127.28383333333431,0.053942852444736,970.5368333333228
2023-05-26,0.75,A002,34,777,777.0,8,4,0.222007722007722,0.9372375184203888,1,8,231.8701715686255,0.5688545688545689,0.1531531531531531,0.2471042471042471,0.0308880308880308,0.1593345665828838,0.2510291271644942,0.3590308875296715,0.100202931142066,3,1,2,2,0.375,0.125,0.25,0.25,97.125,97.125,0.5688545688545689,3,0.22089722691803854,0.9372375184203889,0.7654361372923827,369.8291470588202,75,127.28383333333431,0.053942852444736,970.5368333333228
2023-05-26,1.0,A003,34,777,777.0,8,4,0.3441119691119691,0.7786124931748495,2,8,279.4833137254876,0.5688545688545689,0.1531531531531531,0.2471042471042471,0.0308880308880308,0.1593345665828838,0.2510291271644942,0.3590308875296715,0.100202931142066,3,1,1,3,0.375,0.125,0.125,0.375,97.125,97.125,0.5688545688545689,3,0.22089722691803854,0.7786124931748495,0.7654361372923827,416.12864705881975,55,82.62000000000045,0.0356898893334094,1136.8486666666618
2023-05-26,2.0,A004,34,777,777.0,8,4,0.440958815958816,0.7109724871735761,3,8,383.7129411764674,0.5688545688545689,0.1531531531531531,0.2471042471042471,0.0308880308880308,0.1593345665828838,0.2510291271644942,0.3590308875296715,0.100202931142066,2,2,1,3,0.25,0.25,0.125,0.375,97.125,97.125,0.5688545688545689,3,0.22089722691803854,0.7109724871735761,0.7654361372923827,520.1515588235264,54,75.59166666666445,0.032753256585783,1362.778333333344
2023-05-26,4.0,A004,34,777,777.0,8,4,0.440958815958816,0.7109724871735761,3,8,383.7129411764674,0.5688545688545689,0.1531531531531531,0.2471042471042471,0.0308880308880308,0.1593345665828838,0.2510291271644942,0.3590308875296715,0.100202931142066,2,2,1,3,0.25,0.25,0.125,0.375,97.125,97.125,0.5688545688545689,3,0.22089722691803854,0.7109724871735761,0.7654361372923827,520.1515588235264,54,75.59166666666445,0.032753256585783,1362.778333333344
2023-05-26,8.0,A004,34,777,777.0,8,4,0.440958815958816,0.7109724871735761,3,8,383.7129411764674,0.5688545688545689,0.1531531531531531,0.2471042471042471,0.0308880308880308,0.1593345665828838,0.2510291271644942,0.3590308875296715,0.100202931142066,2,2,1,3,0.25,0.25,0.125,0.375,97.125,97.125,0.5688545688545689,3,0.22089722691803854,0.7109724871735761,0.7654361372923827,520.1515588235264,54,75.59166666666445,0.032753256585783,1362.778333333344
2023-05-29,0.0,A001,46,1054,1054.0,10,4,0.0544592030360531,2.770135211506249,0,10,231.88171739130215,0.4070208728652751,0.0455407969639468,0.1176470588235294,0.4297912713472486,0.0843972042963929,0.2121483878339555,0.0757544591310183,0.3772919976213152,4,1,1,4,0.4,0.1,0.1,0.4,105.4,105.4,0.4297912713472486,4,0.21508192705302132,2.7701352115062488,0.8088193203390827,384.07183695651776,243,436.6271666666548,0.1137421500504954,916.3466666666544
2023-05-29,0.05,A001,46,1054,1054.0,10,4,0.0544592030360531,2.770135211506249,0,10,231.88171739130215,0.4070208728652751,0.0455407969639468,0.1176470588235294,0.4297912713472486,0.0843972042963929,0.2121483878339555,0.0757544591310183,0.3772919976213152,4,1,1,4,0.4,0.1,0.1,0.4,105.4,105.4,0.4297912713472486,4,0.21508192705302132,2.7701352115062488,0.8088193203390827,384.07183695651776,243,436.6271666666548,0.1137421500504954,916.3466666666544
2023-05-29,0.1,A002,46,1054,1054.0,10,4,0.1368121442125237,1.714013677773322,1,10,233.03018115941816,0.4070208728652751,0.0455407969639468,0.1176470588235294,0.4297912713472486,0.0843972042963929,0.2121483878339555,0.0757544591310183,0.3772919976213152,4,1,2,3,0.4,0.1,0.2,0.3,105.4,105.4,0.4297912713472486,4,0.21508192705302132,1.7140136777733215,0.8088193203390827,381.0168043478224,185,243.26633333333143,0.066732692315782,903.9716666666562
2023-05-29,0.25,A003,46,1054,1054.0,10,4,0.2368121442125237,1.110938600792728,2,10,312.5642971014468,0.4070208728652751,0.0455407969639468,0.1176470588235294,0.4297912713472486,0.0843972042963929,0.2121483878339555,0.0757544591310183,0.3772919976213152,4,1,3,2,0.4,0.1,0.3,0.2,105.4,105.4,0.4297912713472486,4,0.21508192705302132,1.1109386007927275,0.8088193203390827,459.7986195652143,155,208.6605000000017,0.0577882250980672,1327.919500000001
2023-05-29,0.5,A003,46,1054,1054.0,10,4,0.2368121442125237,1.110938600792728,2,10,312.5642971014468,0.4070208728652751,0.0455407969639468,0.1176470588235294,0.4297912713472486,0.0843972042963929,0.2121483878339555,0.0757544591310183,0.3772919976213152,4,1,3,2,0.4,0.1,0.3,0.2,105.4,105.4,0.4297912713472486,4,0.21508192705302132,1.1109386007927275,0.8088193203390827,459.7986195652143,155,208.6605000000017,0.0577882250980672,1327.919500000001
2023-05-29,0.75,A004,46,1054,1054.0,10,4,0.3368121442125237,0.9457949910053682,3,10,584.9230833333362,0.4070208728652751,0.0455407969639468,0.1176470588235294,0.4297912713472486,0.0843972042963929,0.2121483878339555,0.0757544591310183,0.3772919976213152,4,2,3,1,0.4,0.2,0.3,0.1,105.4,105.4,0.4297912713472486,4,0.21508192705302132,0.9457949910053678,0.8088193203390827,730.0431630434806,104,111.40533333333238,0.0317075801680952,2566.746833333346
2023-05-29,1.0,A004,46,1054,1054.0,10,4,0.3368121442125237,0.9457949910053682,3,10,584.9230833333362,0.4070208728652751,0.0455407969639468,0.1176470588235294,0.4297912713472486,0.0843972042963929,0.2121483878339555,0.0757544591310183,0.3772919976213152,4,2,3,1,0.4,0.2,0.3,0.1,105.4,105.4,0.4297912713472486,4,0.21508192705302132,0.9457949910053678,0.8088193203390827,730.0431630434806,104,111.40533333333238,0.0317075801680952,2566.746833333346
2023-05-29,2.0,A004,46,1054,1054.0,10,4,0.3368121442125237,0.9457949910053682,3,10,584.9230833333362,0.4070208728652751,0.0455407969639468,0.1176470588235294,0.4297912713472486,0.0843972042963929,0.2121483878339555,0.0757544591310183,0.3772919976213152,4,2,3,1,0.4,0.2,0.3,0.1,105.4,105.4,0.4297912713472486,4,0.21508192705302132,0.9457949910053678,0.8088193203390827,730.0431630434806,104,111.40533333333238,0.0317075801680952,2566.746833333346
2023-05-29,4.0,A005,46,1054,1054.0,10,4,0.4368121442125238,0.9198667555092442,4,10,623.9187246376837,0.4070208728652751,0.0455407969639468,0.1176470588235294,0.4297912713472486,0.0843972042963929,0.2121483878339555,0.0757544591310183,0.3772919976213152,3,2,4,1,0.3,0.2,0.4,0.1,105.4,105.4,0.4297912713472486,4,0.21508192705302132,0.919866755509244,0.8088193203390827,768.662347826089,82,94.08833333333855,0.0269115479443451,2569.949833333346
2023-05-29,8.0,A005,46,1054,1054.0,10,4,0.4368121442125238,0.9198667555092442,4,10,623.9187246376837,0.4070208728652751,0.0455407969639468,0.1176470588235294,0.4297912713472486,0.0843972042963929,0.2121483878339555,0.0757544591310183,0.3772919976213152,3,2,4,1,0.3,0.2,0.4,0.1,105.4,105.4,0.4297912713472486,4,0.21508192705302132,0.919866755509244,0.8088193203390827,768.662347826089,82,94.08833333333855,0.0269115479443451,2569.949833333346
2023-05-30,0.0,A001,69,1552,1552.0,8,4,0.0766752577319587,0.6494095635242908,0,8,357.2151787439565,0.2126288659793814,0.4284793814432989,0.2731958762886597,0.0856958762886598,0.072243674520705,0.1774618560600938,0.0447803208233044,0.0577665948621343,2,3,2,1,0.25,0.375,0.25,0.125,194.0,194.0,0.4284793814432989,3,0.10858399485666231,0.6494095635242908,0.9070046910465404,495.1611400966122,175,317.2376666666404,0.0652447477564284,16784.709166666653
2023-05-30,0.05,A001,69,1552,1552.0,8,4,0.0766752577319587,0.6494095635242908,0,8,357.2151787439565,0.2126288659793814,0.4284793814432989,0.2731958762886597,0.0856958762886598,0.072243674520705,0.1774618560600938,0.0447803208233044,0.0577665948621343,2,3,2,1,0.25,0.375,0.25,0.125,194.0,194.0,0.4284793814432989,3,0.10858399485666231,0.6494095635242908,0.9070046910465404,495.1611400966122,175,317.2376666666404,0.0652447477564284,16784.709166666653
2023-05-30,0.1,A001,69,1552,1552.0,8,4,0.0766752577319587,0.6494095635242908,0,8,357.2151787439565,0.2126288659793814,0.4284793814432989,0.2731958762886597,0.0856958762886598,0.072243674520705,0.1774618560600938,0.0447803208233044,0.0577665948621343,2,3,2,1,0.25,0.375,0.25,0.125,194.0,194.0,0.4284793814432989,3,0.10858399485666231,0.6494095635242908,0.9070046910465404,495.1611400966122,175,317.2376666666404,0.0652447477564284,16784.709166666653
2023-05-30,0.25,A001,69,1552,1552.0,8,4,0.0766752577319587,0.6494095635242908,0,8,357.2151787439565,0.2126288659793814,0.4284793814432989,0.2731958762886597,0.0856958762886598,0.072243674520705,0.1774618560600938,0.0447803208233044,0.0577665948621343,2,3,2,1,0.25,0.375,0.25,0.125,194.0,194.0,0.4284793814432989,3,0.10858399485666231,0.6494095635242908,0.9070046910465404,495.1611400966122,175,317.2376666666404,0.0652447477564284,16784.709166666653
2023-05-30,0.5,A002,69,1552,1552.0,8,4,0.1784793814432989,0.384046493050712,1,8,441.24604589371626,0.2126288659793814,0.4284793814432989,0.2731958762886597,0.0856958762886598,0.072243674520705,0.1774618560600938,0.0447803208233044,0.0577665948621343,2,2,3,1,0.25,0.25,0.375,0.125,194.0,194.0,0.4284793814432989,3,0.10858399485666231,0.38404649305071203,0.9070046910465404,577.2920724637639,117,186.14216666667656,0.0393437431251698,16495.01266666667
2023-05-30,0.75,A003,69,1552,1552.0,8,4,0.2016752577319587,0.3522524462662375,1,8,469.0260144927505,0.2126288659793814,0.4284793814432989,0.2731958762886597,0.0856958762886598,0.072243674520705,0.1774618560600938,0.0447803208233044,0.0577665948621343,2,2,2,2,0.25,0.25,0.25,0.25,194.0,194.0,0.4284793814432989,2,0.10858399485666231,0.35225244626623753,0.9070046910465404,605.5790241545856,121,221.12399999997976,0.046394604514758,16784.709166666653
2023-05-30,1.0,A003,69,1552,1552.0,8,4,0.2016752577319587,0.3522524462662375,1,8,469.0260144927505,0.2126288659793814,0.4284793814432989,0.2731958762886597,0.0856958762886598,0.072243674520705,0.1774618560600938,0.0447803208233044,0.0577665948621343,2,2,2,2,0.25,0.25,0.25,0.25,194.0,194.0,0.4284793814432989,2,0.10858399485666231,0.35225244626623753,0.9070046910465404,605.5790241545856,121,221.12399999997976,0.046394604514758,16784.709166666653
2023-05-30,2.0,A004,69,1552,1552.0,8,4,0.303479381443299,0.2643512318527525,2,8,801.6836545893669,0.2126288659793814,0.4284793814432989,0.2731958762886597,0.0856958762886598,0.072243674520705,0.1774618560600938,0.0447803208233044,0.0577665948621343,2,1,3,2,0.25,0.125,0.375,0.25,194.0,194.0,0.4284793814432989,3,0.10858399485666231,0.2643512318527525,0.9070046910465404,936.9609275362252,94,133.0981666666717,0.0284511363528286,16495.01266666667
2023-05-30,4.0,A004,69,1552,1552.0,8,4,0.303479381443299,0.2643512318527525,2,8,801.6836545893669,0.2126288659793814,0.4284793814432989,0.2731958762886597,0.0856958762886598,0.072243674520705,0.1774618560600938,0.0447803208233044,0.0577665948621343,2,1,3,2,0.25,0.125,0.375,0.25,194.0,194.0,0.4284793814432989,3,0.10858399485666231,0.2643512318527525,0.9070046910465404,936.9609275362252,94,133.0981666666717,0.0284511363528286,16495.01266666667
2023-05-30,8.0,A004,69,1552,1552.0,8,4,0.303479381443299,0.2643512318527525,2,8,801.6836545893669,0.2126288659793814,0.4284793814432989,0.2731958762886597,0.0856958762886598,0.072243674520705,0.1774618560600938,0.0447803208233044,0.0577665948621343,2,1,3,2,0.25,0.125,0.375,0.25,194.0,194.0,0.4284793814432989,3,0.10858399485666231,0.2643512318527525,0.9070046910465404,936.9609275362252,94,133.0981666666717,0.0284511363528286,16495.01266666667
2023-05-31,0.0,A001,47,1003,1003.0,9,4,0.1235183338872272,0.8608394868833675,0,9,152.16067730497417,0.4755732801595214,0.0179461615154536,0.4257228315054835,0.0807577268195413,0.0434700388562198,0.3412248443276054,0.2000064179153495,0.025053983453165,4,1,3,1,0.4444444444444444,0.1111111111111111,0.3333333333333333,0.1111111111111111,111.44444444444444,111.44444444444444,0.4755732801595214,4,0.11396746644254668,0.8608394868833673,0.7158484699161628,287.7573439716455,203,418.27833333336457,0.1243379742432976,18469.04166666665
2023-05-31,0.05,A001,47,1003,1003.0,9,4,0.1235183338872272,0.8608394868833675,0,9,152.16067730497417,0.4755732801595214,0.0179461615154536,0.4257228315054835,0.0807577268195413,0.0434700388562198,0.3412248443276054,0.2000064179153495,0.025053983453165,4,1,3,1,0.4444444444444444,0.1111111111111111,0.3333333333333333,0.1111111111111111,111.44444444444444,111.44444444444444,0.4755732801595214,4,0.11396746644254668,0.8608394868833673,0.7158484699161628,287.7573439716455,203,418.27833333336457,0.1243379742432976,18469.04166666665
2023-05-31,0.1,A001,47,1003,1003.0,9,4,0.1235183338872272,0.8608394868833675,0,9,152.16067730497417,0.4755732801595214,0.0179461615154536,0.4257228315054835,0.0807577268195413,0.0434700388562198,0.3412248443276054,0.2000064179153495,0.025053983453165,4,1,3,1,0.4444444444444444,0.1111111111111111,0.3333333333333333,0.1111111111111111,111.44444444444444,111.44444444444444,0.4755732801595214,4,0.11396746644254668,0.8608394868833673,0.7158484699161628,287.7573439716455,203,418.27833333336457,0.1243379742432976,18469.04166666665
2023-05-31,0.25,A001,47,1003,1003.0,9,4,0.1235183338872272,0.8608394868833675,0,9,152.16067730497417,0.4755732801595214,0.0179461615154536,0.4257228315054835,0.0807577268195413,0.0434700388562198,0.3412248443276054,0.2000064179153495,0.025053983453165,4,1,3,1,0.4444444444444444,0.1111111111111111,0.3333333333333333,0.1111111111111111,111.44444444444444,111.44444444444444,0.4755732801595214,4,0.11396746644254668,0.8608394868833673,0.7158484699161628,287.7573439716455,203,418.27833333336457,0.1243379742432976,18469.04166666665
2023-05-31,0.5,A002,47,1003,1003.0,9,4,0.2346294449983383,0.4858806345058334,1,9,184.55135106383776,0.4755732801595214,0.0179461615154536,0.4257228315054835,0.0807577268195413,0.0434700388562198,0.3412248443276054,0.2000064179153495,0.025053983453165,4,1,2,2,0.4444444444444444,0.1111111111111111,0.2222222222222222,0.2222222222222222,111.44444444444444,111.44444444444444,0.4755732801595214,4,0.11396746644254668,0.4858806345058333,0.7158484699161628,320.4558652482388,176,432.7471666666616,0.1280880888742213,18469.04166666665
2023-05-31,0.75,A003,47,1003,1003.0,9,4,0.3457405561094494,0.3359821834968138,2,9,290.94504964539675,0.4755732801595214,0.0179461615154536,0.4257228315054835,0.0807577268195413,0.0434700388562198,0.3412248443276054,0.2000064179153495,0.025053983453165,4,1,1,3,0.4444444444444444,0.1111111111111111,0.1111111111111111,0.3333333333333333,111.44444444444444,111.44444444444444,0.4755732801595214,4,0.11396746644254668,0.33598218349681375,0.7158484699161628,422.80233687944127,102,242.52749999990624,0.0760681461942087,18469.04166666665
2023-05-31,1.0,A003,47,1003,1003.0,9,4,0.3457405561094494,0.3359821834968138,2,9,290.94504964539675,0.4755732801595214,0.0179461615154536,0.4257228315054835,0.0807577268195413,0.0434700388562198,0.3412248443276054,0.2000064179153495,0.025053983453165,4,1,1,3,0.4444444444444444,0.1111111111111111,0.1111111111111111,0.3333333333333333,111.44444444444444,111.44444444444444,0.4755732801595214,4,0.11396746644254668,0.33598218349681375,0.7158484699161628,422.80233687944127,102,242.52749999990624,0.0760681461942087,18469.04166666665
2023-05-31,2.0,A003,47,1003,1003.0,9,4,0.3457405561094494,0.3359821834968138,2,9,290.94504964539675,0.4755732801595214,0.0179461615154536,0.4257228315054835,0.0807577268195413,0.0434700388562198,0.3412248443276054,0.2000064179153495,0.025053983453165,4,1,1,3,0.4444444444444444,0.1111111111111111,0.1111111111111111,0.3333333333333333,111.44444444444444,111.44444444444444,0.4755732801595214,4,0.11396746644254668,0.33598218349681375,0.7158484699161628,422.80233687944127,102,242.52749999990624,0.0760681461942087,18469.04166666665
2023-05-31,4.0,A004,47,1003,1003.0,9,4,0.4568516672205605,0.2807340172876494,3,9,327.8053758865439,0.4755732801595214,0.0179461615154536,0.4257228315054835,0.0807577268195413,0.0434700388562198,0.3412248443276054,0.2000064179153495,0.025053983453165,3,1,1,4,0.3333333333333333,0.1111111111111111,0.1111111111111111,0.4444444444444444,111.44444444444444,111.44444444444444,0.4755732801595214,4,0.11396746644254668,0.28073401728764935,0.7158484699161628,458.76427304966825,81,200.30316666665735,0.0636677770650061,18469.04166666665
2023-05-31,8.0,A004,47,1003,1003.0,9,4,0.4568516672205605,0.2807340172876494,3,9,327.8053758865439,0.4755732801595214,0.0179461615154536,0.4257228315054835,0.0807577268195413,0.0434700388562198,0.3412248443276054,0.2000064179153495,0.025053983453165,3,1,1,4,0.3333333333333333,0.1111111111111111,0.1111111111111111,0.4444444444444444,111.44444444444444,111.44444444444444,0.4755732801595214,4,0.11396746644254668,0.28073401728764935,0.7158484699161628,458.76427304966825,81,200.30316666665735,0.0636677770650061,18469.04166666665
2023-06-01,0.0,A001,22,436,436.0,6,3,0.0756880733944954,0.4943980184310476,0,6,18.623272727275356,0.5756880733944955,0.0,0.3004587155963302,0.1238532110091743,0.1087541904453618,0.1713032128181454,0.1681354470949621,0.117013331182236,3,0,2,1,0.5,0.0,0.3333333333333333,0.1666666666666666,72.66666666666667,72.66666666666667,0.5756880733944955,3,0.1276187276492353,0.49439801843104747,0.8536777596819621,158.69659090910034,34,54.837333333357634,0.0309184322247034,18207.90966666669
2023-06-01,0.05,A001,22,436,436.0,6,3,0.0756880733944954,0.4943980184310476,0,6,18.623272727275356,0.5756880733944955,0.0,0.3004587155963302,0.1238532110091743,0.1087541904453618,0.1713032128181454,0.1681354470949621,0.117013331182236,3,0,2,1,0.5,0.0,0.3333333333333333,0.1666666666666666,72.66666666666667,72.66666666666667,0.5756880733944955,3,0.1276187276492353,0.49439801843104747,0.8536777596819621,158.69659090910034,34,54.837333333357634,0.0309184322247034,18207.90966666669
2023-06-01,0.1,A001,22,436,436.0,6,3,0.0756880733944954,0.4943980184310476,0,6,18.623272727275356,0.5756880733944955,0.0,0.3004587155963302,0.1238532110091743,0.1087541904453618,0.1713032128181454,0.1681354470949621,0.117013331182236,3,0,2,1,0.5,0.0,0.3333333333333333,0.1666666666666666,72.66666666666667,72.66666666666667,0.5756880733944955,3,0.1276187276492353,0.49439801843104747,0.8536777596819621,158.69659090910034,34,54.837333333357634,0.0309184322247034,18207.90966666669
2023-06-01,0.25,A001,22,436,436.0,6,3,0.0756880733944954,0.4943980184310476,0,6,18.623272727275356,0.5756880733944955,0.0,0.3004587155963302,0.1238532110091743,0.1087541904453618,0.1713032128181454,0.1681354470949621,0.117013331182236,3,0,2,1,0.5,0.0,0.3333333333333333,0.1666666666666666,72.66666666666667,72.66666666666667,0.5756880733944955,3,0.1276187276492353,0.49439801843104747,0.8536777596819621,158.69659090910034,34,54.837333333357634,0.0309184322247034,18207.90966666669
2023-06-01,0.5,A001,22,436,436.0,6,3,0.0756880733944954,0.4943980184310476,0,6,18.623272727275356,0.5756880733944955,0.0,0.3004587155963302,0.1238532110091743,0.1087541904453618,0.1713032128181454,0.1681354470949621,0.117013331182236,3,0,2,1,0.5,0.0,0.3333333333333333,0.1666666666666666,72.66666666666667,72.66666666666667,0.5756880733944955,3,0.1276187276492353,0.49439801843104747,0.8536777596819621,158.69659090910034,34,54.837333333357634,0.0309184322247034,18207.90966666669
2023-06-01,0.75,A001,22,436,436.0,6,3,0.0756880733944954,0.4943980184310476,0,6,18.623272727275356,0.5756880733944955,0.0,0.3004587155963302,0.1238532110091743,0.1087541904453618,0.1713032128181454,0.1681354470949621,0.117013331182236,3,0,2,1,0.5,0.0,0.3333333333333333,0.1666666666666666,72.66666666666667,72.66666666666667,0.5756880733944955,3,0.1276187276492353,0.49439801843104747,0.8536777596819621,158.69659090910034,34,54.837333333357634,0.0309184322247034,18207.90966666669
2023-06-01,1.0,A001,22,436,436.0,6,3,0.0756880733944954,0.4943980184310476,0,6,18.623272727275356,0.5756880733944955,0.0,0.3004587155963302,0.1238532110091743,0.1087541904453618,0.1713032128181454,0.1681354470949621,0.117013331182236,3,0,2,1,0.5,0.0,0.3333333333333333,0.1666666666666666,72.66666666666667,72.66666666666667,0.5756880733944955,3,0.1276187276492353,0.49439801843104747,0.8536777596819621,158.69659090910034,34,54.837333333357634,0.0309184322247034,18207.90966666669
2023-06-01,2.0,A002,22,436,436.0,6,3,0.2423547400611621,0.3939029687225599,1,6,50.05386363636826,0.5756880733944955,0.0,0.3004587155963302,0.1238532110091743,0.1087541904453618,0.1713032128181454,0.1681354470949621,0.117013331182236,2,0,2,2,0.3333333333333333,0.0,0.3333333333333333,0.3333333333333333,72.66666666666667,72.66666666666667,0.5756880733944955,2,0.1276187276492353,0.3939029687225599,0.8536777596819621,189.3342575757709,29,37.393000000065605,0.0212923739671521,18333.31466666671
2023-06-01,4.0,A002,22,436,436.0,6,3,0.2423547400611621,0.3939029687225599,1,6,50.05386363636826,0.5756880733944955,0.0,0.3004587155963302,0.1238532110091743,0.1087541904453618,0.1713032128181454,0.1681354470949621,0.117013331182236,2,0,2,2,0.3333333333333333,0.0,0.3333333333333333,0.3333333333333333,72.66666666666667,72.66666666666667,0.5756880733944955,2,0.1276187276492353,0.3939029687225599,0.8536777596819621,189.3342575757709,29,37.393000000065605,0.0212923739671521,18333.31466666671
2023-06-01,8.0,A002,22,436,436.0,6,3,0.2423547400611621,0.3939029687225599,1,6,50.05386363636826,0.5756880733944955,0.0,0.3004587155963302,0.1238532110091743,0.1087541904453618,0.1713032128181454,0.1681354470949621,0.117013331182236,2,0,2,2,0.3333333333333333,0.0,0.3333333333333333,0.3333333333333333,72.66666666666667,72.66666666666667,0.5756880733944955,2,0.1276187276492353,0.3939029687225599,0.8536777596819621,189.3342575757709,29,37.393000000065605,0.0212923739671521,18333.31466666671
2023-06-05,0.0,A001,65,1373,1373.0,8,4,0.0909504734158776,0.5202691814734924,0,8,269.1643128205164,0.58557902403496,0.0400582665695557,0.2439912600145666,0.1303714493809177,0.0704649660958552,0.313733887580784,0.0974793848983607,0.1623977185314219,4,1,2,1,0.5,0.125,0.25,0.125,171.625,171.625,0.58557902403496,4,0.09878658566357323,0.5202691814734919,0.7588962075598442,410.6964589743653,149,214.4151666667346,0.0422028126198203,20821.741666666727
2023-06-05,0.05,A001,65,1373,1373.0,8,4,0.0909504734158776,0.5202691814734924,0,8,269.1643128205164,0.58557902403496,0.0400582665695557,0.2439912600145666,0.1303714493809177,0.0704649660958552,0.313733887580784,0.0974793848983607,0.1623977185314219,4,1,2,1,0.5,0.125,0.25,0.125,171.625,171.625,0.58557902403496,4,0.09878658566357323,0.5202691814734919,0.7588962075598442,410.6964589743653,149,214.4151666667346,0.0422028126198203,20821.741666666727
2023-06-05,0.1,A001,65,1373,1373.0,8,4,0.0909504734158776,0.5202691814734924,0,8,269.1643128205164,0.58557902403496,0.0400582665695557,0.2439912600145666,0.1303714493809177,0.0704649660958552,0.313733887580784,0.0974793848983607,0.1623977185314219,4,1,2,1,0.5,0.125,0.25,0.125,171.625,171.625,0.58557902403496,4,0.09878658566357323,0.5202691814734919,0.7588962075598442,410.6964589743653,149,214.4151666667346,0.0422028126198203,20821.741666666727
2023-06-05,0.25,A001,65,1373,1373.0,8,4,0.0909504734158776,0.5202691814734924,0,8,269.1643128205164,0.58557902403496,0.0400582665695557,0.2439912600145666,0.1303714493809177,0.0704649660958552,0.313733887580784,0.0974793848983607,0.1623977185314219,4,1,2,1,0.5,0.125,0.25,0.125,171.625,171.625,0.58557902403496,4,0.09878658566357323,0.5202691814734919,0.7588962075598442,410.6964589743653,149,214.4151666667346,0.0422028126198203,20821.741666666727
2023-06-05,0.5,A001,65,1373,1373.0,8,4,0.0909504734158776,0.5202691814734924,0,8,269.1643128205164,0.58557902403496,0.0400582665695557,0.2439912600145666,0.1303714493809177,0.0704649660958552,0.313733887580784,0.0974793848983607,0.1623977185314219,4,1,2,1,0.5,0.125,0.25,0.125,171.625,171.625,0.58557902403496,4,0.09878658566357323,0.5202691814734919,0.7588962075598442,410.6964589743653,149,214.4151666667346,0.0422028126198203,20821.741666666727
2023-06-05,0.75,A001,65,1373,1373.0,8,4,0.0909504734158776,0.5202691814734924,0,8,269.1643128205164,0.58557902403496,0.0400582665695557,0.2439912600145666,0.1303714493809177,0.0704649660958552,0.313733887580784,0.0974793848983607,0.1623977185314219,4,1,2,1,0.5,0.125,0.25,0.125,171.625,171.625,0.58557902403496,4,0.09878658566357323,0.5202691814734919,0.7588962075598442,410.6964589743653,149,214.4151666667346,0.0422028126198203,20821.741666666727
2023-06-05,1.0,A001,65,1373,1373.0,8,4,0.0909504734158776,0.5202691814734924,0,8,269.1643128205164,0.58557902403496,0.0400582665695557,0.2439912600145666,0.1303714493809177,0.0704649660958552,0.313733887580784,0.0974793848983607,0.1623977185314219,4,1,2,1,0.5,0.125,0.25,0.125,171.625,171.625,0.58557902403496,4,0.09878658566357323,0.5202691814734919,0.7588962075598442,410.6964589743653,149,214.4151666667346,0.0422028126198203,20821.741666666727
2023-06-05,2.0,A001,65,1373,1373.0,8,4,0.0909504734158776,0.5202691814734924,0,8,269.1643128205164,0.58557902403496,0.0400582665695557,0.2439912600145666,0.1303714493809177,0.0704649660958552,0.313733887580784,0.0974793848983607,0.1623977185314219,4,1,2,1,0.5,0.125,0.25,0.125,171.625,171.625,0.58557902403496,4,0.09878658566357323,0.5202691814734919,0.7588962075598442,410.6964589743653,149,214.4151666667346,0.0422028126198203,20821.741666666727
2023-06-05,4.0,A002,65,1373,1373.0,8,4,0.2105790240349599,0.4712720017173485,1,8,313.38197948717766,0.58557902403496,0.0400582665695557,0.2439912600145666,0.1303714493809177,0.0704649660958552,0.313733887580784,0.0974793848983607,0.1623977185314219,3,1,2,2,0.375,0.125,0.25,0.25,171.625,171.625,0.58557902403496,3,0.09878658566357323,0.4712720017173482,0.7588962075598442,455.5153820512813,165,253.49683333325183,0.0495142803279484,20706.601000000024
2023-06-05,8.0,A002,65,1373,1373.0,8,4,0.2105790240349599,0.4712720017173485,1,8,313.38197948717766,0.58557902403496,0.0400582665695557,0.2439912600145666,0.1303714493809177,0.0704649660958552,0.313733887580784,0.0974793848983607,0.1623977185314219,3,1,2,2,0.375,0.125,0.25,0.25,171.625,171.625,0.58557902403496,3,0.09878658566357323,0.4712720017173482,0.7588962075598442,455.5153820512813,165,253.49683333325183,0.0495142803279484,20706.601000000024
2023-06-06,0.0,A001,33,646,646.0,8,4,0.0866873065015479,0.798039831480798,0,8,52.7078989899017,0.3312693498452012,0.1269349845201238,0.4597523219814241,0.0820433436532507,0.0411315433741819,0.3581766739012199,0.2248817337860841,0.0708753027010913,3,1,3,1,0.375,0.125,0.375,0.125,80.75,80.75,0.4597523219814241,3,0.16829551628421013,0.7980398314807979,0.8586969092059367,186.02661616161927,54,76.88099999995435,0.0312331701051995,18132.16833333335
2023-06-06,0.05,A001,33,646,646.0,8,4,0.0866873065015479,0.798039831480798,0,8,52.7078989899017,0.3312693498452012,0.1269349845201238,0.4597523219814241,0.0820433436532507,0.0411315433741819,0.3581766739012199,0.2248817337860841,0.0708753027010913,3,1,3,1,0.375,0.125,0.375,0.125,80.75,80.75,0.4597523219814241,3,0.16829551628421013,0.7980398314807979,0.8586969092059367,186.02661616161927,54,76.88099999995435,0.0312331701051995,18132.16833333335
2023-06-06,0.1,A001,33,646,646.0,8,4,0.0866873065015479,0.798039831480798,0,8,52.7078989899017,0.3312693498452012,0.1269349845201238,0.4597523219814241,0.0820433436532507,0.0411315433741819,0.3581766739012199,0.2248817337860841,0.0708753027010913,3,1,3,1,0.375,0.125,0.375,0.125,80.75,80.75,0.4597523219814241,3,0.16829551628421013,0.7980398314807979,0.8586969092059367,186.02661616161927,54,76.88099999995435,0.0312331701051995,18132.16833333335
2023-06-06,0.25,A001,33,646,646.0,8,4,0.0866873065015479,0.798039831480798,0,8,52.7078989899017,0.3312693498452012,0.1269349845201238,0.4597523219814241,0.0820433436532507,0.0411315433741819,0.3581766739012199,0.2248817337860841,0.0708753027010913,3,1,3,1,0.375,0.125,0.375,0.125,80.75,80.75,0.4597523219814241,3,0.16829551628421013,0.7980398314807979,0.8586969092059367,186.02661616161927,54,76.88099999995435,0.0312331701051995,18132.16833333335
2023-06-06,0.5,A002,33,646,646.0,8,4,0.211687306501548,0.4191516666097211,1,8,69.59402020202455,0.3312693498452012,0.1269349845201238,0.4597523219814241,0.0820433436532507,0.0411315433741819,0.3581766739012199,0.2248817337860841,0.0708753027010913,3,1,2,2,0.375,0.125,0.25,0.25,80.75,80.75,0.4597523219814241,3,0.16829551628421013,0.41915166660972114,0.8586969092059367,203.88372727273617,66,108.9236666667588,0.0436819856374381,18225.845666666704
2023-06-06,0.75,A002,33,646,646.0,8,4,0.211687306501548,0.4191516666097211,1,8,69.59402020202455,0.3312693498452012,0.1269349845201238,0.4597523219814241,0.0820433436532507,0.0411315433741819,0.3581766739012199,0.2248817337860841,0.0708753027010913,3,1,2,2,0.375,0.125,0.25,0.25,80.75,80.75,0.4597523219814241,3,0.16829551628421013,0.41915166660972114,0.8586969092059367,203.88372727273617,66,108.9236666667588,0.0436819856374381,18225.845666666704
2023-06-06,1.0,A002,33,646,646.0,8,4,0.211687306501548,0.4191516666097211,1,8,69.59402020202455,0.3312693498452012,0.1269349845201238,0.4597523219814241,0.0820433436532507,0.0411315433741819,0.3581766739012199,0.2248817337860841,0.0708753027010913,3,1,2,2,0.375,0.125,0.25,0.25,80.75,80.75,0.4597523219814241,3,0.16829551628421013,0.41915166660972114,0.8586969092059367,203.88372727273617,66,108.9236666667588,0.0436819856374381,18225.845666666704
2023-06-06,2.0,A003,33,646,646.0,8,4,0.336687306501548,0.3176645629461827,2,8,164.17750505050597,0.3312693498452012,0.1269349845201238,0.4597523219814241,0.0820433436532507,0.0411315433741819,0.3581766739012199,0.2248817337860841,0.0708753027010913,4,1,1,2,0.5,0.125,0.125,0.25,80.75,80.75,0.4597523219814241,4,0.16829551628421013,0.3176645629461827,0.8586969092059367,296.7444949494972,33,52.07399999999152,0.0213706127331177,18728.10066666668
2023-06-06,4.0,A003,33,646,646.0,8,4,0.336687306501548,0.3176645629461827,2,8,164.17750505050597,0.3312693498452012,0.1269349845201238,0.4597523219814241,0.0820433436532507,0.0411315433741819,0.3581766739012199,0.2248817337860841,0.0708753027010913,4,1,1,2,0.5,0.125,0.125,0.25,80.75,80.75,0.4597523219814241,4,0.16829551628421013,0.3176645629461827,0.8586969092059367,296.7444949494972,33,52.07399999999152,0.0213706127331177,18728.10066666668
2023-06-06,8.0,A003,33,646,646.0,8,4,0.336687306501548,0.3176645629461827,2,8,164.17750505050597,0.3312693498452012,0.1269349845201238,0.4597523219814241,0.0820433436532507,0.0411315433741819,0.3581766739012199,0.2248817337860841,0.0708753027010913,4,1,1,2,0.5,0.125,0.125,0.25,80.75,80.75,0.4597523219814241,4,0.16829551628421013,0.3176645629461827,0.8586969092059367,296.7444949494972,33,52.07399999999152,0.0213706127331177,18728.10066666668
2023-06-07,0.0,A001,47,1027,1027.0,8,4,0.063412852969815,0.5293279105763138,0,8,119.80407801419048,0.3758519961051607,0.1830574488802337,0.311587147030185,0.1295034079844206,0.0501641388283612,0.4806839754845855,0.12627849803041,0.018556689461447,3,1,3,1,0.375,0.125,0.375,0.125,128.375,128.375,0.3758519961051607,3,0.14859698544007122,0.5293279105763136,0.9425578111598332,259.4680141844076,143,260.6223333333491,0.0748225652332648,20596.46500000002
2023-06-07,0.05,A001,47,1027,1027.0,8,4,0.063412852969815,0.5293279105763138,0,8,119.80407801419048,0.3758519961051607,0.1830574488802337,0.311587147030185,0.1295034079844206,0.0501641388283612,0.4806839754845855,0.12627849803041,0.018556689461447,3,1,3,1,0.375,0.125,0.375,0.125,128.375,128.375,0.3758519961051607,3,0.14859698544007122,0.5293279105763136,0.9425578111598332,259.4680141844076,143,260.6223333333491,0.0748225652332648,20596.46500000002
2023-06-07,0.1,A001,47,1027,1027.0,8,4,0.063412852969815,0.5293279105763138,0,8,119.80407801419048,0.3758519961051607,0.1830574488802337,0.311587147030185,0.1295034079844206,0.0501641388283612,0.4806839754845855,0.12627849803041,0.018556689461447,3,1,3,1,0.375,0.125,0.375,0.125,128.375,128.375,0.3758519961051607,3,0.14859698544007122,0.5293279105763136,0.9425578111598332,259.4680141844076,143,260.6223333333491,0.0748225652332648,20596.46500000002
2023-06-07,0.25,A002,47,1027,1027.0,8,4,0.1204965920155793,0.2953276039769408,1,8,119.37087234042647,0.3758519961051607,0.1830574488802337,0.311587147030185,0.1295034079844206,0.0501641388283612,0.4806839754845855,0.12627849803041,0.018556689461447,3,1,2,2,0.375,0.125,0.25,0.25,128.375,128.375,0.3758519961051607,3,0.14859698544007122,0.29532760397694063,0.9425578111598332,258.5287624113504,141,236.83816666656531,0.0684617969529754,20592.570333333337
2023-06-07,0.5,A002,47,1027,1027.0,8,4,0.1204965920155793,0.2953276039769408,1,8,119.37087234042647,0.3758519961051607,0.1830574488802337,0.311587147030185,0.1295034079844206,0.0501641388283612,0.4806839754845855,0.12627849803041,0.018556689461447,3,1,2,2,0.375,0.125,0.25,0.25,128.375,128.375,0.3758519961051607,3,0.14859698544007122,0.29532760397694063,0.9425578111598332,258.5287624113504,141,236.83816666656531,0.0684617969529754,20592.570333333337
2023-06-07,0.75,A002,47,1027,1027.0,8,4,0.1204965920155793,0.2953276039769408,1,8,119.37087234042647,0.3758519961051607,0.1830574488802337,0.311587147030185,0.1295034079844206,0.0501641388283612,0.4806839754845855,0.12627849803041,0.018556689461447,3,1,2,2,0.375,0.125,0.25,0.25,128.375,128.375,0.3758519961051607,3,0.14859698544007122,0.29532760397694063,0.9425578111598332,258.5287624113504,141,236.83816666656531,0.0684617969529754,20592.570333333337
2023-06-07,1.0,A002,47,1027,1027.0,8,4,0.1204965920155793,0.2953276039769408,1,8,119.37087234042647,0.3758519961051607,0.1830574488802337,0.311587147030185,0.1295034079844206,0.0501641388283612,0.4806839754845855,0.12627849803041,0.018556689461447,3,1,2,2,0.375,0.125,0.25,0.25,128.375,128.375,0.3758519961051607,3,0.14859698544007122,0.29532760397694063,0.9425578111598332,258.5287624113504,141,236.83816666656531,0.0684617969529754,20592.570333333337
2023-06-07,2.0,A003,47,1027,1027.0,8,4,0.2454965920155793,0.2061624848694249,2,8,178.42619858156243,0.3758519961051607,0.1830574488802337,0.311587147030185,0.1295034079844206,0.0501641388283612,0.4806839754845855,0.12627849803041,0.018556689461447,3,1,1,3,0.375,0.125,0.125,0.375,128.375,128.375,0.3758519961051607,3,0.14859698544007122,0.2061624848694246,0.9425578111598332,315.3403758865278,87,131.38366666652266,0.039172625366202,20992.18433333338
2023-06-07,4.0,A004,47,1027,1027.0,8,4,0.3704965920155794,0.1615042755970436,3,8,210.3355425531981,0.3758519961051607,0.1830574488802337,0.311587147030185,0.1295034079844206,0.0501641388283612,0.4806839754845855,0.12627849803041,0.018556689461447,2,1,1,4,0.25,0.125,0.125,0.5,128.375,128.375,0.3758519961051607,4,0.14859698544007122,0.1615042755970432,0.9425578111598332,346.9465141844066,79,117.1329999999504,0.03507274621281,20999.54850000007
2023-06-07,8.0,A004,47,1027,1027.0,8,4,0.3704965920155794,0.1615042755970436,3,8,210.3355425531981,0.3758519961051607,0.1830574488802337,0.311587147030185,0.1295034079844206,0.0501641388283612,0.4806839754845855,0.12627849803041,0.018556689461447,2,1,1,4,0.25,0.125,0.125,0.5,128.375,128.375,0.3758519961051607,4,0.14859698544007122,0.1615042755970432,0.9425578111598332,346.9465141844066,79,117.1329999999504,0.03507274621281,20999.54850000007
2023-06-09,0.0,A001,28,600,600.0,8,4,0.0616666666666666,0.4235537888270424,0,8,97.45026785714238,0.6583333333333333,0.0816666666666666,0.1533333333333333,0.1066666666666666,0.0423553788827042,0.3716315759680787,0.1356090063971265,0.1394874516637615,5,1,1,1,0.625,0.125,0.125,0.125,75.0,75.0,0.6583333333333333,5,0.09390591229353394,0.423553788827042,0.7257064491401451,250.03864880952324,124,372.7836666666879,0.1507735030382603,14876.410666666658
2023-06-09,0.05,A001,28,600,600.0,8,4,0.0616666666666666,0.4235537888270424,0,8,97.45026785714238,0.6583333333333333,0.0816666666666666,0.1533333333333333,0.1066666666666666,0.0423553788827042,0.3716315759680787,0.1356090063971265,0.1394874516637615,5,1,1,1,0.625,0.125,0.125,0.125,75.0,75.0,0.6583333333333333,5,0.09390591229353394,0.423553788827042,0.7257064491401451,250.03864880952324,124,372.7836666666879,0.1507735030382603,14876.410666666658
2023-06-09,0.1,A001,28,600,600.0,8,4,0.0616666666666666,0.4235537888270424,0,8,97.45026785714238,0.6583333333333333,0.0816666666666666,0.1533333333333333,0.1066666666666666,0.0423553788827042,0.3716315759680787,0.1356090063971265,0.1394874516637615,5,1,1,1,0.625,0.125,0.125,0.125,75.0,75.0,0.6583333333333333,5,0.09390591229353394,0.423553788827042,0.7257064491401451,250.03864880952324,124,372.7836666666879,0.1507735030382603,14876.410666666658
2023-06-09,0.25,A001,28,600,600.0,8,4,0.0616666666666666,0.4235537888270424,0,8,97.45026785714238,0.6583333333333333,0.0816666666666666,0.1533333333333333,0.1066666666666666,0.0423553788827042,0.3716315759680787,0.1356090063971265,0.1394874516637615,5,1,1,1,0.625,0.125,0.125,0.125,75.0,75.0,0.6583333333333333,5,0.09390591229353394,0.423553788827042,0.7257064491401451,250.03864880952324,124,372.7836666666879,0.1507735030382603,14876.410666666658
2023-06-09,0.5,A001,28,600,600.0,8,4,0.0616666666666666,0.4235537888270424,0,8,97.45026785714238,0.6583333333333333,0.0816666666666666,0.1533333333333333,0.1066666666666666,0.0423553788827042,0.3716315759680787,0.1356090063971265,0.1394874516637615,5,1,1,1,0.625,0.125,0.125,0.125,75.0,75.0,0.6583333333333333,5,0.09390591229353394,0.423553788827042,0.7257064491401451,250.03864880952324,124,372.7836666666879,0.1507735030382603,14876.410666666658
2023-06-09,0.75,A001,28,600,600.0,8,4,0.0616666666666666,0.4235537888270424,0,8,97.45026785714238,0.6583333333333333,0.0816666666666666,0.1533333333333333,0.1066666666666666,0.0423553788827042,0.3716315759680787,0.1356090063971265,0.1394874516637615,5,1,1,1,0.625,0.125,0.125,0.125,75.0,75.0,0.6583333333333333,5,0.09390591229353394,0.423553788827042,0.7257064491401451,250.03864880952324,124,372.7836666666879,0.1507735030382603,14876.410666666658
2023-06-09,1.0,A001,28,600,600.0,8,4,0.0616666666666666,0.4235537888270424,0,8,97.45026785714238,0.6583333333333333,0.0816666666666666,0.1533333333333333,0.1066666666666666,0.0423553788827042,0.3716315759680787,0.1356090063971265,0.1394874516637615,5,1,1,1,0.625,0.125,0.125,0.125,75.0,75.0,0.6583333333333333,5,0.09390591229353394,0.423553788827042,0.7257064491401451,250.03864880952324,124,372.7836666666879,0.1507735030382603,14876.410666666658
2023-06-09,2.0,A001,28,600,600.0,8,4,0.0616666666666666,0.4235537888270424,0,8,97.45026785714238,0.6583333333333333,0.0816666666666666,0.1533333333333333,0.1066666666666666,0.0423553788827042,0.3716315759680787,0.1356090063971265,0.1394874516637615,5,1,1,1,0.625,0.125,0.125,0.125,75.0,75.0,0.6583333333333333,5,0.09390591229353394,0.423553788827042,0.7257064491401451,250.03864880952324,124,372.7836666666879,0.1507735030382603,14876.410666666658
2023-06-09,4.0,A002,28,600,600.0,8,4,0.1583333333333333,0.389741279693352,1,8,109.3025892857136,0.6583333333333333,0.0816666666666666,0.1533333333333333,0.1066666666666666,0.0423553788827042,0.3716315759680787,0.1356090063971265,0.1394874516637615,4,1,2,1,0.5,0.125,0.25,0.125,75.0,75.0,0.6583333333333333,4,0.09390591229353394,0.3897412796933517,0.7257064491401451,256.8854821428557,98,232.63000000000383,0.0997418451405299,14941.819833333337
2023-06-09,8.0,A002,28,600,600.0,8,4,0.1583333333333333,0.389741279693352,1,8,109.3025892857136,0.6583333333333333,0.0816666666666666,0.1533333333333333,0.1066666666666666,0.0423553788827042,0.3716315759680787,0.1356090063971265,0.1394874516637615,4,1,2,1,0.5,0.125,0.25,0.125,75.0,75.0,0.6583333333333333,4,0.09390591229353394,0.3897412796933517,0.7257064491401451,256.8854821428557,98,232.63000000000383,0.0997418451405299,14941.819833333337
2023-06-12,0.0,A001,49,1121,1121.0,7,4,0.1610806677711227,0.2531125784106212,0,7,381.13071428571175,0.5896520963425513,0.0214094558429973,0.2694023193577163,0.119536128456735,0.0560145754298769,0.1955222331155957,0.0850688521209902,0.1680062110527853,3,1,2,1,0.4285714285714285,0.1428571428571428,0.2857142857142857,0.1428571428571428,160.14285714285714,160.14285714285714,0.5896520963425513,3,0.08021569453660587,0.2531125784106209,0.7220756231193024,529.8794081632632,102,140.15466666668357,0.0357019554459227,1547.251666666686
2023-06-12,0.05,A002,49,1121,1121.0,7,4,0.1447687014145533,0.3360874525792618,1,7,391.35112244897743,0.5896520963425513,0.0214094558429973,0.2694023193577163,0.119536128456735,0.0560145754298769,0.1955222331155957,0.0850688521209902,0.1680062110527853,4,1,1,1,0.5714285714285714,0.1428571428571428,0.1428571428571428,0.1428571428571428,160.14285714285714,160.14285714285714,0.5896520963425513,4,0.08021569453660587,0.3360874525792614,0.7220756231193024,540.5995918367323,94,164.64366666666328,0.0416800943418111,1829.3501666666973
2023-06-12,0.1,A002,49,1121,1121.0,7,4,0.1447687014145533,0.3360874525792618,1,7,391.35112244897743,0.5896520963425513,0.0214094558429973,0.2694023193577163,0.119536128456735,0.0560145754298769,0.1955222331155957,0.0850688521209902,0.1680062110527853,4,1,1,1,0.5714285714285714,0.1428571428571428,0.1428571428571428,0.1428571428571428,160.14285714285714,160.14285714285714,0.5896520963425513,4,0.08021569453660587,0.3360874525792614,0.7220756231193024,540.5995918367323,94,164.64366666666328,0.0416800943418111,1829.3501666666973
2023-06-12,0.25,A001,49,1121,1121.0,7,4,0.1610806677711227,0.2531125784106212,0,7,381.13071428571175,0.5896520963425513,0.0214094558429973,0.2694023193577163,0.119536128456735,0.0560145754298769,0.1955222331155957,0.0850688521209902,0.1680062110527853,3,1,2,1,0.4285714285714285,0.1428571428571428,0.2857142857142857,0.1428571428571428,160.14285714285714,160.14285714285714,0.5896520963425513,3,0.08021569453660587,0.2531125784106209,0.7220756231193024,529.8794081632632,102,140.15466666668357,0.0357019554459227,1547.251666666686
2023-06-12,0.5,A001,49,1121,1121.0,7,4,0.1610806677711227,0.2531125784106212,0,7,381.13071428571175,0.5896520963425513,0.0214094558429973,0.2694023193577163,0.119536128456735,0.0560145754298769,0.1955222331155957,0.0850688521209902,0.1680062110527853,3,1,2,1,0.4285714285714285,0.1428571428571428,0.2857142857142857,0.1428571428571428,160.14285714285714,160.14285714285714,0.5896520963425513,3,0.08021569453660587,0.2531125784106209,0.7220756231193024,529.8794081632632,102,140.15466666668357,0.0357019554459227,1547.251666666686
2023-06-12,0.75,A001,49,1121,1121.0,7,4,0.1610806677711227,0.2531125784106212,0,7,381.13071428571175,0.5896520963425513,0.0214094558429973,0.2694023193577163,0.119536128456735,0.0560145754298769,0.1955222331155957,0.0850688521209902,0.1680062110527853,3,1,2,1,0.4285714285714285,0.1428571428571428,0.2857142857142857,0.1428571428571428,160.14285714285714,160.14285714285714,0.5896520963425513,3,0.08021569453660587,0.2531125784106209,0.7220756231193024,529.8794081632632,102,140.15466666668357,0.0357019554459227,1547.251666666686
2023-06-12,1.0,A001,49,1121,1121.0,7,4,0.1610806677711227,0.2531125784106212,0,7,381.13071428571175,0.5896520963425513,0.0214094558429973,0.2694023193577163,0.119536128456735,0.0560145754298769,0.1955222331155957,0.0850688521209902,0.1680062110527853,3,1,2,1,0.4285714285714285,0.1428571428571428,0.2857142857142857,0.1428571428571428,160.14285714285714,160.14285714285714,0.5896520963425513,3,0.08021569453660587,0.2531125784106209,0.7220756231193024,529.8794081632632,102,140.15466666668357,0.0357019554459227,1547.251666666686
2023-06-12,2.0,A001,49,1121,1121.0,7,4,0.1610806677711227,0.2531125784106212,0,7,381.13071428571175,0.5896520963425513,0.0214094558429973,0.2694023193577163,0.119536128456735,0.0560145754298769,0.1955222331155957,0.0850688521209902,0.1680062110527853,3,1,2,1,0.4285714285714285,0.1428571428571428,0.2857142857142857,0.1428571428571428,160.14285714285714,160.14285714285714,0.5896520963425513,3,0.08021569453660587,0.2531125784106209,0.7220756231193024,529.8794081632632,102,140.15466666668357,0.0357019554459227,1547.251666666686
2023-06-12,4.0,A001,49,1121,1121.0,7,4,0.1610806677711227,0.2531125784106212,0,7,381.13071428571175,0.5896520963425513,0.0214094558429973,0.2694023193577163,0.119536128456735,0.0560145754298769,0.1955222331155957,0.0850688521209902,0.1680062110527853,3,1,2,1,0.4285714285714285,0.1428571428571428,0.2857142857142857,0.1428571428571428,160.14285714285714,160.14285714285714,0.5896520963425513,3,0.08021569453660587,0.2531125784106209,0.7220756231193024,529.8794081632632,102,140.15466666668357,0.0357019554459227,1547.251666666686
2023-06-12,8.0,A001,49,1121,1121.0,7,4,0.1610806677711227,0.2531125784106212,0,7,381.13071428571175,0.5896520963425513,0.0214094558429973,0.2694023193577163,0.119536128456735,0.0560145754298769,0.1955222331155957,0.0850688521209902,0.1680062110527853,3,1,2,1,0.4285714285714285,0.1428571428571428,0.2857142857142857,0.1428571428571428,160.14285714285714,160.14285714285714,0.5896520963425513,3,0.08021569453660587,0.2531125784106209,0.7220756231193024,529.8794081632632,102,140.15466666668357,0.0357019554459227,1547.251666666686
2023-06-13,0.0,A001,24,506,506.0,7,3,0.127046866177301,0.7218326297936702,0,7,129.8433333333327,0.6304347826086957,0.0,0.3537549407114624,0.0158102766798418,0.0831237233716194,0.6579094949625912,0.2230902895639536,0.0986041506791732,4,0,2,1,0.5714285714285714,0.0,0.2857142857142857,0.1428571428571428,72.28571428571429,72.28571428571429,0.6304347826086957,4,0.13288233753543016,0.72183262979367,0.6590311913198054,262.67888888888746,66,106.38699999999976,0.063702755999809,601.8706666666623
2023-06-13,0.05,A001,24,506,506.0,7,3,0.127046866177301,0.7218326297936702,0,7,129.8433333333327,0.6304347826086957,0.0,0.3537549407114624,0.0158102766798418,0.0831237233716194,0.6579094949625912,0.2230902895639536,0.0986041506791732,4,0,2,1,0.5714285714285714,0.0,0.2857142857142857,0.1428571428571428,72.28571428571429,72.28571428571429,0.6304347826086957,4,0.13288233753543016,0.72183262979367,0.6590311913198054,262.67888888888746,66,106.38699999999976,0.063702755999809,601.8706666666623
2023-06-13,0.1,A001,24,506,506.0,7,3,0.127046866177301,0.7218326297936702,0,7,129.8433333333327,0.6304347826086957,0.0,0.3537549407114624,0.0158102766798418,0.0831237233716194,0.6579094949625912,0.2230902895639536,0.0986041506791732,4,0,2,1,0.5714285714285714,0.0,0.2857142857142857,0.1428571428571428,72.28571428571429,72.28571428571429,0.6304347826086957,4,0.13288233753543016,0.72183262979367,0.6590311913198054,262.67888888888746,66,106.38699999999976,0.063702755999809,601.8706666666623
2023-06-13,0.25,A001,24,506,506.0,7,3,0.127046866177301,0.7218326297936702,0,7,129.8433333333327,0.6304347826086957,0.0,0.3537549407114624,0.0158102766798418,0.0831237233716194,0.6579094949625912,0.2230902895639536,0.0986041506791732,4,0,2,1,0.5714285714285714,0.0,0.2857142857142857,0.1428571428571428,72.28571428571429,72.28571428571429,0.6304347826086957,4,0.13288233753543016,0.72183262979367,0.6590311913198054,262.67888888888746,66,106.38699999999976,0.063702755999809,601.8706666666623
2023-06-13,0.5,A001,24,506,506.0,7,3,0.127046866177301,0.7218326297936702,0,7,129.8433333333327,0.6304347826086957,0.0,0.3537549407114624,0.0158102766798418,0.0831237233716194,0.6579094949625912,0.2230902895639536,0.0986041506791732,4,0,2,1,0.5714285714285714,0.0,0.2857142857142857,0.1428571428571428,72.28571428571429,72.28571428571429,0.6304347826086957,4,0.13288233753543016,0.72183262979367,0.6590311913198054,262.67888888888746,66,106.38699999999976,0.063702755999809,601.8706666666623
2023-06-13,0.75,A001,24,506,506.0,7,3,0.127046866177301,0.7218326297936702,0,7,129.8433333333327,0.6304347826086957,0.0,0.3537549407114624,0.0158102766798418,0.0831237233716194,0.6579094949625912,0.2230902895639536,0.0986041506791732,4,0,2,1,0.5714285714285714,0.0,0.2857142857142857,0.1428571428571428,72.28571428571429,72.28571428571429,0.6304347826086957,4,0.13288233753543016,0.72183262979367,0.6590311913198054,262.67888888888746,66,106.38699999999976,0.063702755999809,601.8706666666623
2023-06-13,1.0,A002,24,506,506.0,7,3,0.2699040090344438,0.5710656103579852,1,7,183.41454861111023,0.6304347826086957,0.0,0.3537549407114624,0.0158102766798418,0.0831237233716194,0.6579094949625912,0.2230902895639536,0.0986041506791732,3,0,2,2,0.4285714285714285,0.0,0.2857142857142857,0.2857142857142857,72.28571428571429,72.28571428571429,0.6304347826086957,3,0.13288233753543016,0.571065610357985,0.6590311913198054,314.80364583333164,44,71.6720000000037,0.043827016427796,752.9009999999938
2023-06-13,2.0,A002,24,506,506.0,7,3,0.2699040090344438,0.5710656103579852,1,7,183.41454861111023,0.6304347826086957,0.0,0.3537549407114624,0.0158102766798418,0.0831237233716194,0.6579094949625912,0.2230902895639536,0.0986041506791732,3,0,2,2,0.4285714285714285,0.0,0.2857142857142857,0.2857142857142857,72.28571428571429,72.28571428571429,0.6304347826086957,3,0.13288233753543016,0.571065610357985,0.6590311913198054,314.80364583333164,44,71.6720000000037,0.043827016427796,752.9009999999938
2023-06-13,4.0,A002,24,506,506.0,7,3,0.2699040090344438,0.5710656103579852,1,7,183.41454861111023,0.6304347826086957,0.0,0.3537549407114624,0.0158102766798418,0.0831237233716194,0.6579094949625912,0.2230902895639536,0.0986041506791732,3,0,2,2,0.4285714285714285,0.0,0.2857142857142857,0.2857142857142857,72.28571428571429,72.28571428571429,0.6304347826086957,3,0.13288233753543016,0.571065610357985,0.6590311913198054,314.80364583333164,44,71.6720000000037,0.043827016427796,752.9009999999938
2023-06-13,8.0,A003,24,506,506.0,7,3,0.4127611518915867,0.5451836221523781,2,7,256.5930624999979,0.6304347826086957,0.0,0.3537549407114624,0.0158102766798418,0.0831237233716194,0.6579094949625912,0.2230902895639536,0.0986041506791732,3,0,1,3,0.4285714285714285,0.0,0.1428571428571428,0.4285714285714285,72.28571428571429,72.28571428571429,0.6304347826086957,3,0.13288233753543016,0.5451836221523778,0.6590311913198054,386.953159722219,30,46.97599999999946,0.0291660035426861,979.5669999999902
2023-06-14,0.0,A001,72,1560,1560.0,8,4,0.1224358974358974,3.094620873552058,0,8,409.45300925926426,0.2814102564102564,0.0025641025641025,0.5641025641025641,0.1519230769230769,0.0236734697406217,0.2499811037779826,0.5118245673019061,0.1787117566965421,2,1,4,1,0.25,0.125,0.5,0.125,195.0,195.0,0.5641025641025641,4,0.3231749251243607,3.0946208735520577,0.707894465286148,537.5621435185244,347,993.0223333334714,0.2185416899429265,16487.532333333325
2023-06-14,0.05,A001,72,1560,1560.0,8,4,0.1224358974358974,3.094620873552058,0,8,409.45300925926426,0.2814102564102564,0.0025641025641025,0.5641025641025641,0.1519230769230769,0.0236734697406217,0.2499811037779826,0.5118245673019061,0.1787117566965421,2,1,4,1,0.25,0.125,0.5,0.125,195.0,195.0,0.5641025641025641,4,0.3231749251243607,3.0946208735520577,0.707894465286148,537.5621435185244,347,993.0223333334714,0.2185416899429265,16487.532333333325
2023-06-14,0.1,A002,72,1560,1560.0,8,4,0.216025641025641,1.6064941111275834,1,8,468.2282523148055,0.2814102564102564,0.0025641025641025,0.5641025641025641,0.1519230769230769,0.0236734697406217,0.2499811037779826,0.5118245673019061,0.1787117566965421,3,1,3,1,0.375,0.125,0.375,0.125,195.0,195.0,0.5641025641025641,3,0.3231749251243607,1.6064941111275832,0.707894465286148,595.6311828703593,337,942.1756666665764,0.2096980547491653,16850.26699999999
2023-06-14,0.25,A003,72,1560,1560.0,8,4,0.3141025641025641,0.7615567332203136,2,8,630.0366041666766,0.2814102564102564,0.0025641025641025,0.5641025641025641,0.1519230769230769,0.0236734697406217,0.2499811037779826,0.5118245673019061,0.1787117566965421,3,1,2,2,0.375,0.125,0.25,0.25,195.0,195.0,0.5641025641025641,3,0.3231749251243607,0.7615567332203133,0.707894465286148,754.9877013889003,317,765.6436666667435,0.1773769006328364,17504.209333333376
2023-06-14,0.5,A004,72,1560,1560.0,8,4,0.466025641025641,0.2367346974062179,3,8,1087.6032314815068,0.2814102564102564,0.0025641025641025,0.5641025641025641,0.1519230769230769,0.0236734697406217,0.2499811037779826,0.5118245673019061,0.1787117566965421,5,1,1,1,0.625,0.125,0.125,0.125,195.0,195.0,0.5641025641025641,5,0.3231749251243607,0.236734697406217,0.707894465286148,1204.7434861111385,111,203.26300000007683,0.0541442929705009,19085.888000000123
2023-06-14,0.75,A004,72,1560,1560.0,8,4,0.466025641025641,0.2367346974062179,3,8,1087.6032314815068,0.2814102564102564,0.0025641025641025,0.5641025641025641,0.1519230769230769,0.0236734697406217,0.2499811037779826,0.5118245673019061,0.1787117566965421,5,1,1,1,0.625,0.125,0.125,0.125,195.0,195.0,0.5641025641025641,5,0.3231749251243607,0.236734697406217,0.707894465286148,1204.7434861111385,111,203.26300000007683,0.0541442929705009,19085.888000000123
2023-06-14,1.0,A004,72,1560,1560.0,8,4,0.466025641025641,0.2367346974062179,3,8,1087.6032314815068,0.2814102564102564,0.0025641025641025,0.5641025641025641,0.1519230769230769,0.0236734697406217,0.2499811037779826,0.5118245673019061,0.1787117566965421,5,1,1,1,0.625,0.125,0.125,0.125,195.0,195.0,0.5641025641025641,5,0.3231749251243607,0.236734697406217,0.707894465286148,1204.7434861111385,111,203.26300000007683,0.0541442929705009,19085.888000000123
2023-06-14,2.0,A004,72,1560,1560.0,8,4,0.466025641025641,0.2367346974062179,3,8,1087.6032314815068,0.2814102564102564,0.0025641025641025,0.5641025641025641,0.1519230769230769,0.0236734697406217,0.2499811037779826,0.5118245673019061,0.1787117566965421,5,1,1,1,0.625,0.125,0.125,0.125,195.0,195.0,0.5641025641025641,5,0.3231749251243607,0.236734697406217,0.707894465286148,1204.7434861111385,111,203.26300000007683,0.0541442929705009,19085.888000000123
2023-06-14,4.0,A004,72,1560,1560.0,8,4,0.466025641025641,0.2367346974062179,3,8,1087.6032314815068,0.2814102564102564,0.0025641025641025,0.5641025641025641,0.1519230769230769,0.0236734697406217,0.2499811037779826,0.5118245673019061,0.1787117566965421,5,1,1,1,0.625,0.125,0.125,0.125,195.0,195.0,0.5641025641025641,5,0.3231749251243607,0.236734697406217,0.707894465286148,1204.7434861111385,111,203.26300000007683,0.0541442929705009,19085.888000000123
2023-06-14,8.0,A004,72,1560,1560.0,8,4,0.466025641025641,0.2367346974062179,3,8,1087.6032314815068,0.2814102564102564,0.0025641025641025,0.5641025641025641,0.1519230769230769,0.0236734697406217,0.2499811037779826,0.5118245673019061,0.1787117566965421,5,1,1,1,0.625,0.125,0.125,0.125,195.0,195.0,0.5641025641025641,5,0.3231749251243607,0.236734697406217,0.707894465286148,1204.7434861111385,111,203.26300000007683,0.0541442929705009,19085.888000000123
2023-06-15,0.0,A001,21,398,398.0,5,4,0.178894472361809,0.2455887342129904,0,5,100.08038095237956,0.3266331658291457,0.0552763819095477,0.4522613065326633,0.1658291457286432,0.0956293673944247,0.3851525487585948,0.2455887342129904,0.0708913709759618,1,1,2,1,0.2,0.2,0.4,0.2,79.6,79.6,0.4522613065326633,2,0.17535169969024128,0.2455887342129904,0.8528865809744386,232.6751904761877,29,33.72500000001074,0.0212041438775895,10901.459666666657
2023-06-15,0.05,A001,21,398,398.0,5,4,0.178894472361809,0.2455887342129904,0,5,100.08038095237956,0.3266331658291457,0.0552763819095477,0.4522613065326633,0.1658291457286432,0.0956293673944247,0.3851525487585948,0.2455887342129904,0.0708913709759618,1,1,2,1,0.2,0.2,0.4,0.2,79.6,79.6,0.4522613065326633,2,0.17535169969024128,0.2455887342129904,0.8528865809744386,232.6751904761877,29,33.72500000001074,0.0212041438775895,10901.459666666657
2023-06-15,0.1,A001,21,398,398.0,5,4,0.178894472361809,0.2455887342129904,0,5,100.08038095237956,0.3266331658291457,0.0552763819095477,0.4522613065326633,0.1658291457286432,0.0956293673944247,0.3851525487585948,0.2455887342129904,0.0708913709759618,1,1,2,1,0.2,0.2,0.4,0.2,79.6,79.6,0.4522613065326633,2,0.17535169969024128,0.2455887342129904,0.8528865809744386,232.6751904761877,29,33.72500000001074,0.0212041438775895,10901.459666666657
2023-06-15,0.25,A001,21,398,398.0,5,4,0.178894472361809,0.2455887342129904,0,5,100.08038095237956,0.3266331658291457,0.0552763819095477,0.4522613065326633,0.1658291457286432,0.0956293673944247,0.3851525487585948,0.2455887342129904,0.0708913709759618,1,1,2,1,0.2,0.2,0.4,0.2,79.6,79.6,0.4522613065326633,2,0.17535169969024128,0.2455887342129904,0.8528865809744386,232.6751904761877,29,33.72500000001074,0.0212041438775895,10901.459666666657
2023-06-15,0.5,A002,21,398,398.0,5,4,0.2522613065326633,0.0956293673944247,1,5,137.6108888888874,0.3266331658291457,0.0552763819095477,0.4522613065326633,0.1658291457286432,0.0956293673944247,0.3851525487585948,0.2455887342129904,0.0708913709759618,2,1,1,1,0.4,0.2,0.2,0.2,79.6,79.6,0.4522613065326633,2,0.17535169969024128,0.0956293673944247,0.8528865809744386,269.5866984126956,18,20.726000000013443,0.0131385769309852,10902.81166666666
2023-06-15,0.75,A002,21,398,398.0,5,4,0.2522613065326633,0.0956293673944247,1,5,137.6108888888874,0.3266331658291457,0.0552763819095477,0.4522613065326633,0.1658291457286432,0.0956293673944247,0.3851525487585948,0.2455887342129904,0.0708913709759618,2,1,1,1,0.4,0.2,0.2,0.2,79.6,79.6,0.4522613065326633,2,0.17535169969024128,0.0956293673944247,0.8528865809744386,269.5866984126956,18,20.726000000013443,0.0131385769309852,10902.81166666666
2023-06-15,1.0,A002,21,398,398.0,5,4,0.2522613065326633,0.0956293673944247,1,5,137.6108888888874,0.3266331658291457,0.0552763819095477,0.4522613065326633,0.1658291457286432,0.0956293673944247,0.3851525487585948,0.2455887342129904,0.0708913709759618,2,1,1,1,0.4,0.2,0.2,0.2,79.6,79.6,0.4522613065326633,2,0.17535169969024128,0.0956293673944247,0.8528865809744386,269.5866984126956,18,20.726000000013443,0.0131385769309852,10902.81166666666
2023-06-15,2.0,A002,21,398,398.0,5,4,0.2522613065326633,0.0956293673944247,1,5,137.6108888888874,0.3266331658291457,0.0552763819095477,0.4522613065326633,0.1658291457286432,0.0956293673944247,0.3851525487585948,0.2455887342129904,0.0708913709759618,2,1,1,1,0.4,0.2,0.2,0.2,79.6,79.6,0.4522613065326633,2,0.17535169969024128,0.0956293673944247,0.8528865809744386,269.5866984126956,18,20.726000000013443,0.0131385769309852,10902.81166666666
2023-06-15,4.0,A002,21,398,398.0,5,4,0.2522613065326633,0.0956293673944247,1,5,137.6108888888874,0.3266331658291457,0.0552763819095477,0.4522613065326633,0.1658291457286432,0.0956293673944247,0.3851525487585948,0.2455887342129904,0.0708913709759618,2,1,1,1,0.4,0.2,0.2,0.2,79.6,79.6,0.4522613065326633,2,0.17535169969024128,0.0956293673944247,0.8528865809744386,269.5866984126956,18,20.726000000013443,0.0131385769309852,10902.81166666666
2023-06-15,8.0,A003,21,398,398.0,5,4,0.378894472361809,0.0708913709759618,1,5,163.35093650793462,0.3266331658291457,0.0552763819095477,0.4522613065326633,0.1658291457286432,0.0956293673944247,0.3851525487585948,0.2455887342129904,0.0708913709759618,1,1,1,2,0.2,0.2,0.2,0.4,79.6,79.6,0.4522613065326633,2,0.17535169969024128,0.0708913709759618,0.8528865809744386,295.2948888888848,15,20.056999999995725,0.0127198804177744,10905.989333333328
2023-06-19,0.0,A001,53,1141,1141.0,10,4,0.1544259421560035,1.1258834977100425,0,10,148.997481132076,0.5696757230499562,0.0070113935144609,0.3847502191060473,0.0385626643295354,0.0579487537339191,0.2603173116877251,0.1821319867902835,0.0569926477625535,5,1,3,1,0.5,0.1,0.3,0.1,114.1,114.1,0.5696757230499562,5,0.1071102954627835,1.1258834977100416,0.6119665200762666,290.7007421383687,153,213.64583333337177,0.0522709987919073,20945.58633333337
2023-06-19,0.05,A001,53,1141,1141.0,10,4,0.1544259421560035,1.1258834977100425,0,10,148.997481132076,0.5696757230499562,0.0070113935144609,0.3847502191060473,0.0385626643295354,0.0579487537339191,0.2603173116877251,0.1821319867902835,0.0569926477625535,5,1,3,1,0.5,0.1,0.3,0.1,114.1,114.1,0.5696757230499562,5,0.1071102954627835,1.1258834977100416,0.6119665200762666,290.7007421383687,153,213.64583333337177,0.0522709987919073,20945.58633333337
2023-06-19,0.1,A001,53,1141,1141.0,10,4,0.1544259421560035,1.1258834977100425,0,10,148.997481132076,0.5696757230499562,0.0070113935144609,0.3847502191060473,0.0385626643295354,0.0579487537339191,0.2603173116877251,0.1821319867902835,0.0569926477625535,5,1,3,1,0.5,0.1,0.3,0.1,114.1,114.1,0.5696757230499562,5,0.1071102954627835,1.1258834977100416,0.6119665200762666,290.7007421383687,153,213.64583333337177,0.0522709987919073,20945.58633333337
2023-06-19,0.25,A001,53,1141,1141.0,10,4,0.1544259421560035,1.1258834977100425,0,10,148.997481132076,0.5696757230499562,0.0070113935144609,0.3847502191060473,0.0385626643295354,0.0579487537339191,0.2603173116877251,0.1821319867902835,0.0569926477625535,5,1,3,1,0.5,0.1,0.3,0.1,114.1,114.1,0.5696757230499562,5,0.1071102954627835,1.1258834977100416,0.6119665200762666,290.7007421383687,153,213.64583333337177,0.0522709987919073,20945.58633333337
2023-06-19,0.5,A002,53,1141,1141.0,10,4,0.2544259421560035,0.8186121718920287,1,10,192.51947798742165,0.5696757230499562,0.0070113935144609,0.3847502191060473,0.0385626643295354,0.0579487537339191,0.2603173116877251,0.1821319867902835,0.0569926477625535,5,1,2,2,0.5,0.1,0.2,0.2,114.1,114.1,0.5696757230499562,5,0.1071102954627835,0.8186121718920281,0.6119665200762666,333.07194339622805,129,152.65366666659537,0.0379143133091548,21012.111333333363
2023-06-19,0.75,A002,53,1141,1141.0,10,4,0.2544259421560035,0.8186121718920287,1,10,192.51947798742165,0.5696757230499562,0.0070113935144609,0.3847502191060473,0.0385626643295354,0.0579487537339191,0.2603173116877251,0.1821319867902835,0.0569926477625535,5,1,2,2,0.5,0.1,0.2,0.2,114.1,114.1,0.5696757230499562,5,0.1071102954627835,0.8186121718920281,0.6119665200762666,333.07194339622805,129,152.65366666659537,0.0379143133091548,21012.111333333363
2023-06-19,1.0,A003,53,1141,1141.0,10,4,0.3544259421560035,0.7008024524814591,2,10,221.21675471698163,0.5696757230499562,0.0070113935144609,0.3847502191060473,0.0385626643295354,0.0579487537339191,0.2603173116877251,0.1821319867902835,0.0569926477625535,4,1,2,3,0.4,0.1,0.2,0.3,114.1,114.1,0.5696757230499562,4,0.1071102954627835,0.7008024524814586,0.6119665200762666,362.7340314465438,133,203.7886666666515,0.049979860609415,21012.30033333336
2023-06-19,2.0,A003,53,1141,1141.0,10,4,0.3544259421560035,0.7008024524814591,2,10,221.21675471698163,0.5696757230499562,0.0070113935144609,0.3847502191060473,0.0385626643295354,0.0579487537339191,0.2603173116877251,0.1821319867902835,0.0569926477625535,4,1,2,3,0.4,0.1,0.2,0.3,114.1,114.1,0.5696757230499562,4,0.1071102954627835,0.7008024524814586,0.6119665200762666,362.7340314465438,133,203.7886666666515,0.049979860609415,21012.30033333336
2023-06-19,4.0,A003,53,1141,1141.0,10,4,0.3544259421560035,0.7008024524814591,2,10,221.21675471698163,0.5696757230499562,0.0070113935144609,0.3847502191060473,0.0385626643295354,0.0579487537339191,0.2603173116877251,0.1821319867902835,0.0569926477625535,4,1,2,3,0.4,0.1,0.2,0.3,114.1,114.1,0.5696757230499562,4,0.1071102954627835,0.7008024524814586,0.6119665200762666,362.7340314465438,133,203.7886666666515,0.049979860609415,21012.30033333336
2023-06-19,8.0,A003,53,1141,1141.0,10,4,0.3544259421560035,0.7008024524814591,2,10,221.21675471698163,0.5696757230499562,0.0070113935144609,0.3847502191060473,0.0385626643295354,0.0579487537339191,0.2603173116877251,0.1821319867902835,0.0569926477625535,4,1,2,3,0.4,0.1,0.2,0.3,114.1,114.1,0.5696757230499562,4,0.1071102954627835,0.7008024524814586,0.6119665200762666,362.7340314465438,133,203.7886666666515,0.049979860609415,21012.30033333336
2023-06-21,0.0,A001,25,521,521.0,7,4,0.1137921579380312,0.2777004200311,0,7,113.01536666666874,0.4856046065259117,0.1113243761996161,0.1996161228406909,0.2034548944337812,0.0753378108407109,0.3438097902561067,0.3445862272629322,0.0516869875089673,3,1,1,2,0.4285714285714285,0.1428571428571428,0.1428571428571428,0.2857142857142857,74.42857142857143,74.42857142857143,0.4856046065259117,3,0.1541597356791737,0.27770042003109996,0.8950404423816415,255.9860733333383,48,75.74533333328898,0.0376604937217636,1459.1866666666824
2023-06-21,0.05,A001,25,521,521.0,7,4,0.1137921579380312,0.2777004200311,0,7,113.01536666666874,0.4856046065259117,0.1113243761996161,0.1996161228406909,0.2034548944337812,0.0753378108407109,0.3438097902561067,0.3445862272629322,0.0516869875089673,3,1,1,2,0.4285714285714285,0.1428571428571428,0.1428571428571428,0.2857142857142857,74.42857142857143,74.42857142857143,0.4856046065259117,3,0.1541597356791737,0.27770042003109996,0.8950404423816415,255.9860733333383,48,75.74533333328898,0.0376604937217636,1459.1866666666824
2023-06-21,0.1,A001,25,521,521.0,7,4,0.1137921579380312,0.2777004200311,0,7,113.01536666666874,0.4856046065259117,0.1113243761996161,0.1996161228406909,0.2034548944337812,0.0753378108407109,0.3438097902561067,0.3445862272629322,0.0516869875089673,3,1,1,2,0.4285714285714285,0.1428571428571428,0.1428571428571428,0.2857142857142857,74.42857142857143,74.42857142857143,0.4856046065259117,3,0.1541597356791737,0.27770042003109996,0.8950404423816415,255.9860733333383,48,75.74533333328898,0.0376604937217636,1459.1866666666824
2023-06-21,0.25,A001,25,521,521.0,7,4,0.1137921579380312,0.2777004200311,0,7,113.01536666666874,0.4856046065259117,0.1113243761996161,0.1996161228406909,0.2034548944337812,0.0753378108407109,0.3438097902561067,0.3445862272629322,0.0516869875089673,3,1,1,2,0.4285714285714285,0.1428571428571428,0.1428571428571428,0.2857142857142857,74.42857142857143,74.42857142857143,0.4856046065259117,3,0.1541597356791737,0.27770042003109996,0.8950404423816415,255.9860733333383,48,75.74533333328898,0.0376604937217636,1459.1866666666824
2023-06-21,0.5,A001,25,521,521.0,7,4,0.1137921579380312,0.2777004200311,0,7,113.01536666666874,0.4856046065259117,0.1113243761996161,0.1996161228406909,0.2034548944337812,0.0753378108407109,0.3438097902561067,0.3445862272629322,0.0516869875089673,3,1,1,2,0.4285714285714285,0.1428571428571428,0.1428571428571428,0.2857142857142857,74.42857142857143,74.42857142857143,0.4856046065259117,3,0.1541597356791737,0.27770042003109996,0.8950404423816415,255.9860733333383,48,75.74533333328898,0.0376604937217636,1459.1866666666824
2023-06-21,0.75,A001,25,521,521.0,7,4,0.1137921579380312,0.2777004200311,0,7,113.01536666666874,0.4856046065259117,0.1113243761996161,0.1996161228406909,0.2034548944337812,0.0753378108407109,0.3438097902561067,0.3445862272629322,0.0516869875089673,3,1,1,2,0.4285714285714285,0.1428571428571428,0.1428571428571428,0.2857142857142857,74.42857142857143,74.42857142857143,0.4856046065259117,3,0.1541597356791737,0.27770042003109996,0.8950404423816415,255.9860733333383,48,75.74533333328898,0.0376604937217636,1459.1866666666824
2023-06-21,1.0,A001,25,521,521.0,7,4,0.1137921579380312,0.2777004200311,0,7,113.01536666666874,0.4856046065259117,0.1113243761996161,0.1996161228406909,0.2034548944337812,0.0753378108407109,0.3438097902561067,0.3445862272629322,0.0516869875089673,3,1,1,2,0.4285714285714285,0.1428571428571428,0.1428571428571428,0.2857142857142857,74.42857142857143,74.42857142857143,0.4856046065259117,3,0.1541597356791737,0.27770042003109996,0.8950404423816415,255.9860733333383,48,75.74533333328898,0.0376604937217636,1459.1866666666824
2023-06-21,2.0,A001,25,521,521.0,7,4,0.1137921579380312,0.2777004200311,0,7,113.01536666666874,0.4856046065259117,0.1113243761996161,0.1996161228406909,0.2034548944337812,0.0753378108407109,0.3438097902561067,0.3445862272629322,0.0516869875089673,3,1,1,2,0.4285714285714285,0.1428571428571428,0.1428571428571428,0.2857142857142857,74.42857142857143,74.42857142857143,0.4856046065259117,3,0.1541597356791737,0.27770042003109996,0.8950404423816415,255.9860733333383,48,75.74533333328898,0.0376604937217636,1459.1866666666824
2023-06-21,4.0,A002,25,521,521.0,7,4,0.2566493007951741,0.230398773367613,1,7,158.0754200000052,0.4856046065259117,0.1113243761996161,0.1996161228406909,0.2034548944337812,0.0753378108407109,0.3438097902561067,0.3445862272629322,0.0516869875089673,2,1,1,3,0.2857142857142857,0.1428571428571428,0.1428571428571428,0.4285714285714285,74.42857142857143,74.42857142857143,0.4856046065259117,3,0.1541597356791737,0.2303987733676128,0.8950404423816415,302.2134866666762,57,104.9293333333276,0.0514245620454892,1676.8106666667004
2023-06-21,8.0,A002,25,521,521.0,7,4,0.2566493007951741,0.230398773367613,1,7,158.0754200000052,0.4856046065259117,0.1113243761996161,0.1996161228406909,0.2034548944337812,0.0753378108407109,0.3438097902561067,0.3445862272629322,0.0516869875089673,2,1,1,3,0.2857142857142857,0.1428571428571428,0.1428571428571428,0.4285714285714285,74.42857142857143,74.42857142857143,0.4856046065259117,3,0.1541597356791737,0.2303987733676128,0.8950404423816415,302.2134866666762,57,104.9293333333276,0.0514245620454892,1676.8106666667004
2023-06-22,0.0,A001,22,450,450.0,7,4,0.1231746031746031,0.7815221598054295,0,7,72.26530303030252,0.4088888888888889,0.0644444444444444,0.4266666666666667,0.1,0.0832503776062504,0.3204022107352171,0.2327572607330597,0.1266024832200286,2,1,3,1,0.2857142857142857,0.1428571428571428,0.4285714285714285,0.1428571428571428,64.28571428571429,64.28571428571429,0.4266666666666667,3,0.1666583097700447,0.7815221598054295,0.8194872197790882,197.6487121212109,39,49.619666666666674,0.0352303561518048,650.6099999999956
2023-06-22,0.05,A001,22,450,450.0,7,4,0.1231746031746031,0.7815221598054295,0,7,72.26530303030252,0.4088888888888889,0.0644444444444444,0.4266666666666667,0.1,0.0832503776062504,0.3204022107352171,0.2327572607330597,0.1266024832200286,2,1,3,1,0.2857142857142857,0.1428571428571428,0.4285714285714285,0.1428571428571428,64.28571428571429,64.28571428571429,0.4266666666666667,3,0.1666583097700447,0.7815221598054295,0.8194872197790882,197.6487121212109,39,49.619666666666674,0.0352303561518048,650.6099999999956
2023-06-22,0.1,A002,22,450,450.0,7,4,0.1409523809523809,0.4825083935518109,1,7,86.49981818181757,0.4088888888888889,0.0644444444444444,0.4266666666666667,0.1,0.0832503776062504,0.3204022107352171,0.2327572607330597,0.1266024832200286,3,1,2,1,0.4285714285714285,0.1428571428571428,0.2857142857142857,0.1428571428571428,64.28571428571429,64.28571428571429,0.4266666666666667,3,0.1666583097700447,0.48250839355181085,0.8194872197790882,211.4942727272713,28,41.06266666666551,0.0293330323547237,650.0449999999946
2023-06-22,0.25,A002,22,450,450.0,7,4,0.1409523809523809,0.4825083935518109,1,7,86.49981818181757,0.4088888888888889,0.0644444444444444,0.4266666666666667,0.1,0.0832503776062504,0.3204022107352171,0.2327572607330597,0.1266024832200286,3,1,2,1,0.4285714285714285,0.1428571428571428,0.2857142857142857,0.1428571428571428,64.28571428571429,64.28571428571429,0.4266666666666667,3,0.1666583097700447,0.48250839355181085,0.8194872197790882,211.4942727272713,28,41.06266666666551,0.0293330323547237,650.0449999999946
2023-06-22,0.5,A002,22,450,450.0,7,4,0.1409523809523809,0.4825083935518109,1,7,86.49981818181757,0.4088888888888889,0.0644444444444444,0.4266666666666667,0.1,0.0832503776062504,0.3204022107352171,0.2327572607330597,0.1266024832200286,3,1,2,1,0.4285714285714285,0.1428571428571428,0.2857142857142857,0.1428571428571428,64.28571428571429,64.28571428571429,0.4266666666666667,3,0.1666583097700447,0.48250839355181085,0.8194872197790882,211.4942727272713,28,41.06266666666551,0.0293330323547237,650.0449999999946
2023-06-22,0.75,A002,22,450,450.0,7,4,0.1409523809523809,0.4825083935518109,1,7,86.49981818181757,0.4088888888888889,0.0644444444444444,0.4266666666666667,0.1,0.0832503776062504,0.3204022107352171,0.2327572607330597,0.1266024832200286,3,1,2,1,0.4285714285714285,0.1428571428571428,0.2857142857142857,0.1428571428571428,64.28571428571429,64.28571428571429,0.4266666666666667,3,0.1666583097700447,0.48250839355181085,0.8194872197790882,211.4942727272713,28,41.06266666666551,0.0293330323547237,650.0449999999946
2023-06-22,1.0,A002,22,450,450.0,7,4,0.1409523809523809,0.4825083935518109,1,7,86.49981818181757,0.4088888888888889,0.0644444444444444,0.4266666666666667,0.1,0.0832503776062504,0.3204022107352171,0.2327572607330597,0.1266024832200286,3,1,2,1,0.4285714285714285,0.1428571428571428,0.2857142857142857,0.1428571428571428,64.28571428571429,64.28571428571429,0.4266666666666667,3,0.1666583097700447,0.48250839355181085,0.8194872197790882,211.4942727272713,28,41.06266666666551,0.0293330323547237,650.0449999999946
2023-06-22,2.0,A003,22,450,450.0,7,4,0.2838095238095238,0.3763536160387799,2,7,185.84768181818,0.4088888888888889,0.0644444444444444,0.4266666666666667,0.1,0.0832503776062504,0.3204022107352171,0.2327572607330597,0.1266024832200286,3,1,1,2,0.4285714285714285,0.1428571428571428,0.1428571428571428,0.2857142857142857,64.28571428571429,64.28571428571429,0.4266666666666667,3,0.1666583097700447,0.3763536160387798,0.8194872197790882,310.7112878787855,27,38.183999999998896,0.0273328691638597,1181.9869999999964
2023-06-22,4.0,A003,22,450,450.0,7,4,0.2838095238095238,0.3763536160387799,2,7,185.84768181818,0.4088888888888889,0.0644444444444444,0.4266666666666667,0.1,0.0832503776062504,0.3204022107352171,0.2327572607330597,0.1266024832200286,3,1,1,2,0.4285714285714285,0.1428571428571428,0.1428571428571428,0.2857142857142857,64.28571428571429,64.28571428571429,0.4266666666666667,3,0.1666583097700447,0.3763536160387798,0.8194872197790882,310.7112878787855,27,38.183999999998896,0.0273328691638597,1181.9869999999964
2023-06-22,8.0,A003,22,450,450.0,7,4,0.2838095238095238,0.3763536160387799,2,7,185.84768181818,0.4088888888888889,0.0644444444444444,0.4266666666666667,0.1,0.0832503776062504,0.3204022107352171,0.2327572607330597,0.1266024832200286,3,1,1,2,0.4285714285714285,0.1428571428571428,0.1428571428571428,0.2857142857142857,64.28571428571429,64.28571428571429,0.4266666666666667,3,0.1666583097700447,0.3763536160387798,0.8194872197790882,310.7112878787855,27,38.183999999998896,0.0273328691638597,1181.9869999999964
2023-06-26,0.0,A001,91,1907,1907.0,9,4,0.0417176484297617,0.4273586334788164,0,9,169.09304212455265,0.4472994231777661,0.1048767697954903,0.2978500262191924,0.1499737808075511,0.0560978309727444,0.160774888795103,0.0302572158807832,0.0683059189020995,4,1,3,1,0.4444444444444444,0.1111111111111111,0.3333333333333333,0.1111111111111111,211.88888888888889,211.88888888888889,0.4472994231777661,4,0.06121028788938483,0.427358633478816,0.8956600199595439,309.60783516485543,198,259.3658333335139,0.0367069742555459,33028.8576666673
2023-06-26,0.05,A001,91,1907,1907.0,9,4,0.0417176484297617,0.4273586334788164,0,9,169.09304212455265,0.4472994231777661,0.1048767697954903,0.2978500262191924,0.1499737808075511,0.0560978309727444,0.160774888795103,0.0302572158807832,0.0683059189020995,4,1,3,1,0.4444444444444444,0.1111111111111111,0.3333333333333333,0.1111111111111111,211.88888888888889,211.88888888888889,0.4472994231777661,4,0.06121028788938483,0.427358633478816,0.8956600199595439,309.60783516485543,198,259.3658333335139,0.0367069742555459,33028.8576666673
2023-06-26,0.1,A001,91,1907,1907.0,9,4,0.0417176484297617,0.4273586334788164,0,9,169.09304212455265,0.4472994231777661,0.1048767697954903,0.2978500262191924,0.1499737808075511,0.0560978309727444,0.160774888795103,0.0302572158807832,0.0683059189020995,4,1,3,1,0.4444444444444444,0.1111111111111111,0.3333333333333333,0.1111111111111111,211.88888888888889,211.88888888888889,0.4472994231777661,4,0.06121028788938483,0.427358633478816,0.8956600199595439,309.60783516485543,198,259.3658333335139,0.0367069742555459,33028.8576666673
2023-06-26,0.25,A001,91,1907,1907.0,9,4,0.0417176484297617,0.4273586334788164,0,9,169.09304212455265,0.4472994231777661,0.1048767697954903,0.2978500262191924,0.1499737808075511,0.0560978309727444,0.160774888795103,0.0302572158807832,0.0683059189020995,4,1,3,1,0.4444444444444444,0.1111111111111111,0.3333333333333333,0.1111111111111111,211.88888888888889,211.88888888888889,0.4472994231777661,4,0.06121028788938483,0.427358633478816,0.8956600199595439,309.60783516485543,198,259.3658333335139,0.0367069742555459,33028.8576666673
2023-06-26,0.5,A001,91,1907,1907.0,9,4,0.0417176484297617,0.4273586334788164,0,9,169.09304212455265,0.4472994231777661,0.1048767697954903,0.2978500262191924,0.1499737808075511,0.0560978309727444,0.160774888795103,0.0302572158807832,0.0683059189020995,4,1,3,1,0.4444444444444444,0.1111111111111111,0.3333333333333333,0.1111111111111111,211.88888888888889,211.88888888888889,0.4472994231777661,4,0.06121028788938483,0.427358633478816,0.8956600199595439,309.60783516485543,198,259.3658333335139,0.0367069742555459,33028.8576666673
2023-06-26,0.75,A002,91,1907,1907.0,9,4,0.1139660898444327,0.3273710594626826,1,9,176.8439505494539,0.4472994231777661,0.1048767697954903,0.2978500262191924,0.1499737808075511,0.0560978309727444,0.160774888795103,0.0302572158807832,0.0683059189020995,3,1,3,2,0.3333333333333333,0.1111111111111111,0.3333333333333333,0.2222222222222222,211.88888888888889,211.88888888888889,0.4472994231777661,3,0.06121028788938483,0.3273710594626823,0.8956600199595439,317.9503534798652,219,313.20233333350546,0.0439910524102205,32914.016333333704
2023-06-26,1.0,A002,91,1907,1907.0,9,4,0.1139660898444327,0.3273710594626826,1,9,176.8439505494539,0.4472994231777661,0.1048767697954903,0.2978500262191924,0.1499737808075511,0.0560978309727444,0.160774888795103,0.0302572158807832,0.0683059189020995,3,1,3,2,0.3333333333333333,0.1111111111111111,0.3333333333333333,0.2222222222222222,211.88888888888889,211.88888888888889,0.4472994231777661,3,0.06121028788938483,0.3273710594626823,0.8956600199595439,317.9503534798652,219,313.20233333350546,0.0439910524102205,32914.016333333704
2023-06-26,2.0,A002,91,1907,1907.0,9,4,0.1139660898444327,0.3273710594626826,1,9,176.8439505494539,0.4472994231777661,0.1048767697954903,0.2978500262191924,0.1499737808075511,0.0560978309727444,0.160774888795103,0.0302572158807832,0.0683059189020995,3,1,3,2,0.3333333333333333,0.1111111111111111,0.3333333333333333,0.2222222222222222,211.88888888888889,211.88888888888889,0.4472994231777661,3,0.06121028788938483,0.3273710594626823,0.8956600199595439,317.9503534798652,219,313.20233333350546,0.0439910524102205,32914.016333333704
2023-06-26,4.0,A002,91,1907,1907.0,9,4,0.1139660898444327,0.3273710594626826,1,9,176.8439505494539,0.4472994231777661,0.1048767697954903,0.2978500262191924,0.1499737808075511,0.0560978309727444,0.160774888795103,0.0302572158807832,0.0683059189020995,3,1,3,2,0.3333333333333333,0.1111111111111111,0.3333333333333333,0.2222222222222222,211.88888888888889,211.88888888888889,0.4472994231777661,3,0.06121028788938483,0.3273710594626823,0.8956600199595439,317.9503534798652,219,313.20233333350546,0.0439910524102205,32914.016333333704
2023-06-26,8.0,A003,91,1907,1907.0,9,4,0.2250772009555439,0.3059470451595434,2,9,238.5827124542366,0.4472994231777661,0.1048767697954903,0.2978500262191924,0.1499737808075511,0.0560978309727444,0.160774888795103,0.0302572158807832,0.0683059189020995,2,1,4,2,0.2222222222222222,0.1111111111111111,0.4444444444444444,0.2222222222222222,211.88888888888889,211.88888888888889,0.4472994231777661,4,0.06121028788938483,0.3059470451595431,0.8956600199595439,379.63039377293967,187,307.8586666665775,0.0432729824466464,33282.91633333434
2023-06-27,0.0,A001,71,1529,1529.0,9,4,0.0578446333842017,1.0740659841680027,0,9,249.10897183099297,0.5022890778286462,0.079136690647482,0.3315892740353172,0.0869849574885546,0.0765009691620755,0.2291440803768722,0.2050200563985166,0.0705968040505786,4,1,3,1,0.4444444444444444,0.1111111111111111,0.3333333333333333,0.1111111111111111,169.88888888888889,169.88888888888889,0.5022890778286462,4,0.13068261711893417,1.0740659841680027,0.8115512645010611,376.8308732394454,201,383.134333333222,0.0854971059074325,19307.284000000025
2023-06-27,0.05,A001,71,1529,1529.0,9,4,0.0578446333842017,1.0740659841680027,0,9,249.10897183099297,0.5022890778286462,0.079136690647482,0.3315892740353172,0.0869849574885546,0.0765009691620755,0.2291440803768722,0.2050200563985166,0.0705968040505786,4,1,3,1,0.4444444444444444,0.1111111111111111,0.3333333333333333,0.1111111111111111,169.88888888888889,169.88888888888889,0.5022890778286462,4,0.13068261711893417,1.0740659841680027,0.8115512645010611,376.8308732394454,201,383.134333333222,0.0854971059074325,19307.284000000025
2023-06-27,0.1,A001,71,1529,1529.0,9,4,0.0578446333842017,1.0740659841680027,0,9,249.10897183099297,0.5022890778286462,0.079136690647482,0.3315892740353172,0.0869849574885546,0.0765009691620755,0.2291440803768722,0.2050200563985166,0.0705968040505786,4,1,3,1,0.4444444444444444,0.1111111111111111,0.3333333333333333,0.1111111111111111,169.88888888888889,169.88888888888889,0.5022890778286462,4,0.13068261711893417,1.0740659841680027,0.8115512645010611,376.8308732394454,201,383.134333333222,0.0854971059074325,19307.284000000025
2023-06-27,0.25,A001,71,1529,1529.0,9,4,0.0578446333842017,1.0740659841680027,0,9,249.10897183099297,0.5022890778286462,0.079136690647482,0.3315892740353172,0.0869849574885546,0.0765009691620755,0.2291440803768722,0.2050200563985166,0.0705968040505786,4,1,3,1,0.4444444444444444,0.1111111111111111,0.3333333333333333,0.1111111111111111,169.88888888888889,169.88888888888889,0.5022890778286462,4,0.13068261711893417,1.0740659841680027,0.8115512645010611,376.8308732394454,201,383.134333333222,0.0854971059074325,19307.284000000025
2023-06-27,0.5,A002,71,1529,1529.0,9,4,0.1672116851972967,0.7346226754215482,1,9,266.61413145541025,0.5022890778286462,0.079136690647482,0.3315892740353172,0.0869849574885546,0.0765009691620755,0.2291440803768722,0.2050200563985166,0.0705968040505786,4,1,2,2,0.4444444444444444,0.1111111111111111,0.2222222222222222,0.2222222222222222,169.88888888888889,169.88888888888889,0.5022890778286462,4,0.13068261711893417,0.7346226754215481,0.8115512645010611,394.45580281691593,203,391.6380000000039,0.0872291873742842,19308.037666666707
2023-06-27,0.75,A002,71,1529,1529.0,9,4,0.1672116851972967,0.7346226754215482,1,9,266.61413145541025,0.5022890778286462,0.079136690647482,0.3315892740353172,0.0869849574885546,0.0765009691620755,0.2291440803768722,0.2050200563985166,0.0705968040505786,4,1,2,2,0.4444444444444444,0.1111111111111111,0.2222222222222222,0.2222222222222222,169.88888888888889,169.88888888888889,0.5022890778286462,4,0.13068261711893417,0.7346226754215481,0.8115512645010611,394.45580281691593,203,391.6380000000039,0.0872291873742842,19308.037666666707
2023-06-27,1.0,A002,71,1529,1529.0,9,4,0.1672116851972967,0.7346226754215482,1,9,266.61413145541025,0.5022890778286462,0.079136690647482,0.3315892740353172,0.0869849574885546,0.0765009691620755,0.2291440803768722,0.2050200563985166,0.0705968040505786,4,1,2,2,0.4444444444444444,0.1111111111111111,0.2222222222222222,0.2222222222222222,169.88888888888889,169.88888888888889,0.5022890778286462,4,0.13068261711893417,0.7346226754215481,0.8115512645010611,394.45580281691593,203,391.6380000000039,0.0872291873742842,19308.037666666707
2023-06-27,2.0,A003,71,1529,1529.0,9,4,0.2783227963084078,0.6463133760364791,2,9,331.24359624414865,0.5022890778286462,0.079136690647482,0.3315892740353172,0.0869849574885546,0.0765009691620755,0.2291440803768722,0.2050200563985166,0.0705968040505786,3,1,2,3,0.3333333333333333,0.1111111111111111,0.2222222222222222,0.3333333333333333,169.88888888888889,169.88888888888889,0.5022890778286462,3,0.13068261711893417,0.6463133760364789,0.8115512645010611,460.67657276997465,223,504.620666666748,0.109634808937061,19634.33566666674
2023-06-27,4.0,A003,71,1529,1529.0,9,4,0.2783227963084078,0.6463133760364791,2,9,331.24359624414865,0.5022890778286462,0.079136690647482,0.3315892740353172,0.0869849574885546,0.0765009691620755,0.2291440803768722,0.2050200563985166,0.0705968040505786,3,1,2,3,0.3333333333333333,0.1111111111111111,0.2222222222222222,0.3333333333333333,169.88888888888889,169.88888888888889,0.5022890778286462,3,0.13068261711893417,0.6463133760364789,0.8115512645010611,460.67657276997465,223,504.620666666748,0.109634808937061,19634.33566666674
2023-06-27,8.0,A003,71,1529,1529.0,9,4,0.2783227963084078,0.6463133760364791,2,9,331.24359624414865,0.5022890778286462,0.079136690647482,0.3315892740353172,0.0869849574885546,0.0765009691620755,0.2291440803768722,0.2050200563985166,0.0705968040505786,3,1,2,3,0.3333333333333333,0.1111111111111111,0.2222222222222222,0.3333333333333333,169.88888888888889,169.88888888888889,0.5022890778286462,3,0.13068261711893417,0.6463133760364789,0.8115512645010611,460.67657276997465,223,504.620666666748,0.109634808937061,19634.33566666674
2023-06-28,0.0,A001,21,404,404.0,9,3,0.0929592959295929,1.0446612834665427,0,9,12.771619047621284,0.6485148514851485,0.0,0.3316831683168317,0.0198019801980198,0.0384755086608429,0.2820790540661503,0.2199687322860378,0.1487375443053585,5,0,3,1,0.5555555555555556,0.0,0.3333333333333333,0.1111111111111111,44.888888888888886,44.888888888888886,0.6485148514851485,5,0.10085716274730885,1.0446612834665425,0.6595162766452425,145.71864285715367,61,129.84383333334802,0.0821854931653888,20958.954666666694
2023-06-28,0.05,A001,21,404,404.0,9,3,0.0929592959295929,1.0446612834665427,0,9,12.771619047621284,0.6485148514851485,0.0,0.3316831683168317,0.0198019801980198,0.0384755086608429,0.2820790540661503,0.2199687322860378,0.1487375443053585,5,0,3,1,0.5555555555555556,0.0,0.3333333333333333,0.1111111111111111,44.888888888888886,44.888888888888886,0.6485148514851485,5,0.10085716274730885,1.0446612834665425,0.6595162766452425,145.71864285715367,61,129.84383333334802,0.0821854931653888,20958.954666666694
2023-06-28,0.1,A002,21,404,404.0,9,3,0.1094609460946094,0.7971013621986818,1,9,17.911412698414694,0.6485148514851485,0.0,0.3316831683168317,0.0198019801980198,0.0384755086608429,0.2820790540661503,0.2199687322860378,0.1487375443053585,6,0,2,1,0.6666666666666666,0.0,0.2222222222222222,0.1111111111111111,44.888888888888886,44.888888888888886,0.6485148514851485,6,0.10085716274730885,0.7971013621986813,0.6595162766452425,150.5919841269912,58,124.248333333275,0.0789233085941277,21086.07000000003
2023-06-28,0.25,A002,21,404,404.0,9,3,0.1094609460946094,0.7971013621986818,1,9,17.911412698414694,0.6485148514851485,0.0,0.3316831683168317,0.0198019801980198,0.0384755086608429,0.2820790540661503,0.2199687322860378,0.1487375443053585,6,0,2,1,0.6666666666666666,0.0,0.2222222222222222,0.1111111111111111,44.888888888888886,44.888888888888886,0.6485148514851485,6,0.10085716274730885,0.7971013621986813,0.6595162766452425,150.5919841269912,58,124.248333333275,0.0789233085941277,21086.07000000003
2023-06-28,0.5,A002,21,404,404.0,9,3,0.1094609460946094,0.7971013621986818,1,9,17.911412698414694,0.6485148514851485,0.0,0.3316831683168317,0.0198019801980198,0.0384755086608429,0.2820790540661503,0.2199687322860378,0.1487375443053585,6,0,2,1,0.6666666666666666,0.0,0.2222222222222222,0.1111111111111111,44.888888888888886,44.888888888888886,0.6485148514851485,6,0.10085716274730885,0.7971013621986813,0.6595162766452425,150.5919841269912,58,124.248333333275,0.0789233085941277,21086.07000000003
2023-06-28,0.75,A002,21,404,404.0,9,3,0.1094609460946094,0.7971013621986818,1,9,17.911412698414694,0.6485148514851485,0.0,0.3316831683168317,0.0198019801980198,0.0384755086608429,0.2820790540661503,0.2199687322860378,0.1487375443053585,6,0,2,1,0.6666666666666666,0.0,0.2222222222222222,0.1111111111111111,44.888888888888886,44.888888888888886,0.6485148514851485,6,0.10085716274730885,0.7971013621986813,0.6595162766452425,150.5919841269912,58,124.248333333275,0.0789233085941277,21086.07000000003
2023-06-28,1.0,A002,21,404,404.0,9,3,0.1094609460946094,0.7971013621986818,1,9,17.911412698414694,0.6485148514851485,0.0,0.3316831683168317,0.0198019801980198,0.0384755086608429,0.2820790540661503,0.2199687322860378,0.1487375443053585,6,0,2,1,0.6666666666666666,0.0,0.2222222222222222,0.1111111111111111,44.888888888888886,44.888888888888886,0.6485148514851485,6,0.10085716274730885,0.7971013621986813,0.6595162766452425,150.5919841269912,58,124.248333333275,0.0789233085941277,21086.07000000003
2023-06-28,2.0,A003,21,404,404.0,9,3,0.2205720572057205,0.7258701742180025,2,9,37.565968253971626,0.6485148514851485,0.0,0.3316831683168317,0.0198019801980198,0.0384755086608429,0.2820790540661503,0.2199687322860378,0.1487375443053585,6,0,1,2,0.6666666666666666,0.0,0.1111111111111111,0.2222222222222222,44.888888888888886,44.888888888888886,0.6485148514851485,6,0.10085716274730885,0.7258701742180019,0.6595162766452425,169.40970634921692,39,106.67483333331955,0.0685254484566793,21230.578666666708
2023-06-28,4.0,A003,21,404,404.0,9,3,0.2205720572057205,0.7258701742180025,2,9,37.565968253971626,0.6485148514851485,0.0,0.3316831683168317,0.0198019801980198,0.0384755086608429,0.2820790540661503,0.2199687322860378,0.1487375443053585,6,0,1,2,0.6666666666666666,0.0,0.1111111111111111,0.2222222222222222,44.888888888888886,44.888888888888886,0.6485148514851485,6,0.10085716274730885,0.7258701742180019,0.6595162766452425,169.40970634921692,39,106.67483333331955,0.0685254484566793,21230.578666666708
2023-06-28,8.0,A003,21,404,404.0,9,3,0.2205720572057205,0.7258701742180025,2,9,37.565968253971626,0.6485148514851485,0.0,0.3316831683168317,0.0198019801980198,0.0384755086608429,0.2820790540661503,0.2199687322860378,0.1487375443053585,6,0,1,2,0.6666666666666666,0.0,0.1111111111111111,0.2222222222222222,44.888888888888886,44.888888888888886,0.6485148514851485,6,0.10085716274730885,0.7258701742180019,0.6595162766452425,169.40970634921692,39,106.67483333331955,0.0685254484566793,21230.578666666708
2023-07-03,0.0,A001,52,1163,1163.0,9,4,0.1456959969427725,0.4396145771847893,0,9,291.8923397435859,0.6001719690455718,0.0369733447979363,0.3233018056749785,0.0395528804815133,0.0187547252335241,0.2059385473435994,0.2520673248495476,0.0182604392443106,5,1,2,1,0.5555555555555556,0.1111111111111111,0.2222222222222222,0.1111111111111111,129.22222222222223,129.22222222222223,0.6001719690455718,5,0.10108637153692414,0.4396145771847886,0.6644734368432549,446.4929871794821,171,247.98166666666768,0.0544986664054845,1222.6613333333312
2023-07-03,0.05,A001,52,1163,1163.0,9,4,0.1456959969427725,0.4396145771847893,0,9,291.8923397435859,0.6001719690455718,0.0369733447979363,0.3233018056749785,0.0395528804815133,0.0187547252335241,0.2059385473435994,0.2520673248495476,0.0182604392443106,5,1,2,1,0.5555555555555556,0.1111111111111111,0.2222222222222222,0.1111111111111111,129.22222222222223,129.22222222222223,0.6001719690455718,5,0.10108637153692414,0.4396145771847886,0.6644734368432549,446.4929871794821,171,247.98166666666768,0.0544986664054845,1222.6613333333312
2023-07-03,0.1,A001,52,1163,1163.0,9,4,0.1456959969427725,0.4396145771847893,0,9,291.8923397435859,0.6001719690455718,0.0369733447979363,0.3233018056749785,0.0395528804815133,0.0187547252335241,0.2059385473435994,0.2520673248495476,0.0182604392443106,5,1,2,1,0.5555555555555556,0.1111111111111111,0.2222222222222222,0.1111111111111111,129.22222222222223,129.22222222222223,0.6001719690455718,5,0.10108637153692414,0.4396145771847886,0.6644734368432549,446.4929871794821,171,247.98166666666768,0.0544986664054845,1222.6613333333312
2023-07-03,0.25,A001,52,1163,1163.0,9,4,0.1456959969427725,0.4396145771847893,0,9,291.8923397435859,0.6001719690455718,0.0369733447979363,0.3233018056749785,0.0395528804815133,0.0187547252335241,0.2059385473435994,0.2520673248495476,0.0182604392443106,5,1,2,1,0.5555555555555556,0.1111111111111111,0.2222222222222222,0.1111111111111111,129.22222222222223,129.22222222222223,0.6001719690455718,5,0.10108637153692414,0.4396145771847886,0.6644734368432549,446.4929871794821,171,247.98166666666768,0.0544986664054845,1222.6613333333312
2023-07-03,0.5,A002,52,1163,1163.0,9,4,0.2121906945638673,0.2813208785028626,1,9,437.6620384615392,0.6001719690455718,0.0369733447979363,0.3233018056749785,0.0395528804815133,0.0187547252335241,0.2059385473435994,0.2520673248495476,0.0182604392443106,6,1,1,1,0.6666666666666666,0.1111111111111111,0.1111111111111111,0.1111111111111111,129.22222222222223,129.22222222222223,0.6001719690455718,6,0.10108637153692414,0.28132087850286147,0.6644734368432549,590.9435512820514,141,179.38666666665824,0.0400270258289437,2284.8483333333734
2023-07-03,0.75,A003,52,1163,1163.0,9,4,0.2568071080538836,0.2058076915795523,1,9,481.4569615384618,0.6001719690455718,0.0369733447979363,0.3233018056749785,0.0395528804815133,0.0187547252335241,0.2059385473435994,0.2520673248495476,0.0182604392443106,5,1,1,2,0.5555555555555556,0.1111111111111111,0.1111111111111111,0.2222222222222222,129.22222222222223,129.22222222222223,0.6001719690455718,5,0.10108637153692414,0.2058076915795516,0.6644734368432549,633.9563076923075,123,138.71399999999852,0.031235096148,2283.6296666667063
2023-07-03,1.0,A003,52,1163,1163.0,9,4,0.2568071080538836,0.2058076915795523,1,9,481.4569615384618,0.6001719690455718,0.0369733447979363,0.3233018056749785,0.0395528804815133,0.0187547252335241,0.2059385473435994,0.2520673248495476,0.0182604392443106,5,1,1,2,0.5555555555555556,0.1111111111111111,0.1111111111111111,0.2222222222222222,129.22222222222223,129.22222222222223,0.6001719690455718,5,0.10108637153692414,0.2058076915795516,0.6644734368432549,633.9563076923075,123,138.71399999999852,0.031235096148,2283.6296666667063
2023-07-03,2.0,A003,52,1163,1163.0,9,4,0.2568071080538836,0.2058076915795523,1,9,481.4569615384618,0.6001719690455718,0.0369733447979363,0.3233018056749785,0.0395528804815133,0.0187547252335241,0.2059385473435994,0.2520673248495476,0.0182604392443106,5,1,1,2,0.5555555555555556,0.1111111111111111,0.1111111111111111,0.2222222222222222,129.22222222222223,129.22222222222223,0.6001719690455718,5,0.10108637153692414,0.2058076915795516,0.6644734368432549,633.9563076923075,123,138.71399999999852,0.031235096148,2283.6296666667063
2023-07-03,4.0,A004,52,1163,1163.0,9,4,0.3679182191649947,0.1673096691340769,2,9,548.4127596153853,0.6001719690455718,0.0369733447979363,0.3233018056749785,0.0395528804815133,0.0187547252335241,0.2059385473435994,0.2520673248495476,0.0182604392443106,4,1,1,3,0.4444444444444444,0.1111111111111111,0.1111111111111111,0.3333333333333333,129.22222222222223,129.22222222222223,0.6001719690455718,4,0.10108637153692414,0.16730966913407638,0.6644734368432549,700.9055192307709,100,138.37150000000673,0.0311603764651529,2285.0463333333773
2023-07-03,8.0,A004,52,1163,1163.0,9,4,0.3679182191649947,0.1673096691340769,2,9,548.4127596153853,0.6001719690455718,0.0369733447979363,0.3233018056749785,0.0395528804815133,0.0187547252335241,0.2059385473435994,0.2520673248495476,0.0182604392443106,4,1,1,3,0.4444444444444444,0.1111111111111111,0.1111111111111111,0.3333333333333333,129.22222222222223,129.22222222222223,0.6001719690455718,4,0.10108637153692414,0.16730966913407638,0.6644734368432549,700.9055192307709,100,138.37150000000673,0.0311603764651529,2285.0463333333773
2023-07-04,0.0,A001,27,520,520.0,7,4,0.1318681318681319,0.5837165298624752,0,7,75.17870370370568,0.5173076923076924,0.0596153846153846,0.3288461538461538,0.0942307692307692,0.0871825001078135,0.3351494911443474,0.3221690295390345,0.096541964517211,3,1,2,1,0.4285714285714285,0.1428571428571428,0.2857142857142857,0.1428571428571428,74.28571428571429,74.28571428571429,0.5173076923076924,3,0.18012151359037468,0.583716529862475,0.7915906146326323,203.83204938271925,43,76.28899999998612,0.0398659030493459,23274.11966666668
2023-07-04,0.05,A001,27,520,520.0,7,4,0.1318681318681319,0.5837165298624752,0,7,75.17870370370568,0.5173076923076924,0.0596153846153846,0.3288461538461538,0.0942307692307692,0.0871825001078135,0.3351494911443474,0.3221690295390345,0.096541964517211,3,1,2,1,0.4285714285714285,0.1428571428571428,0.2857142857142857,0.1428571428571428,74.28571428571429,74.28571428571429,0.5173076923076924,3,0.18012151359037468,0.583716529862475,0.7915906146326323,203.83204938271925,43,76.28899999998612,0.0398659030493459,23274.11966666668
2023-07-04,0.1,A001,27,520,520.0,7,4,0.1318681318681319,0.5837165298624752,0,7,75.17870370370568,0.5173076923076924,0.0596153846153846,0.3288461538461538,0.0942307692307692,0.0871825001078135,0.3351494911443474,0.3221690295390345,0.096541964517211,3,1,2,1,0.4285714285714285,0.1428571428571428,0.2857142857142857,0.1428571428571428,74.28571428571429,74.28571428571429,0.5173076923076924,3,0.18012151359037468,0.583716529862475,0.7915906146326323,203.83204938271925,43,76.28899999998612,0.0398659030493459,23274.11966666668
2023-07-04,0.25,A001,27,520,520.0,7,4,0.1318681318681319,0.5837165298624752,0,7,75.17870370370568,0.5173076923076924,0.0596153846153846,0.3288461538461538,0.0942307692307692,0.0871825001078135,0.3351494911443474,0.3221690295390345,0.096541964517211,3,1,2,1,0.4285714285714285,0.1428571428571428,0.2857142857142857,0.1428571428571428,74.28571428571429,74.28571428571429,0.5173076923076924,3,0.18012151359037468,0.583716529862475,0.7915906146326323,203.83204938271925,43,76.28899999998612,0.0398659030493459,23274.11966666668
2023-07-04,0.5,A001,27,520,520.0,7,4,0.1318681318681319,0.5837165298624752,0,7,75.17870370370568,0.5173076923076924,0.0596153846153846,0.3288461538461538,0.0942307692307692,0.0871825001078135,0.3351494911443474,0.3221690295390345,0.096541964517211,3,1,2,1,0.4285714285714285,0.1428571428571428,0.2857142857142857,0.1428571428571428,74.28571428571429,74.28571428571429,0.5173076923076924,3,0.18012151359037468,0.583716529862475,0.7915906146326323,203.83204938271925,43,76.28899999998612,0.0398659030493459,23274.11966666668
2023-07-04,0.75,A002,27,520,520.0,7,4,0.2747252747252747,0.3580894648406518,1,7,104.91891358024697,0.5173076923076924,0.0596153846153846,0.3288461538461538,0.0942307692307692,0.0871825001078135,0.3351494911443474,0.3221690295390345,0.096541964517211,3,1,1,2,0.4285714285714285,0.1428571428571428,0.1428571428571428,0.2857142857142857,74.28571428571429,74.28571428571429,0.5173076923076924,3,0.18012151359037468,0.3580894648406515,0.7915906146326323,232.88469753086812,31,57.724833333392326,0.0304604291630789,23272.78266666673
2023-07-04,1.0,A002,27,520,520.0,7,4,0.2747252747252747,0.3580894648406518,1,7,104.91891358024697,0.5173076923076924,0.0596153846153846,0.3288461538461538,0.0942307692307692,0.0871825001078135,0.3351494911443474,0.3221690295390345,0.096541964517211,3,1,1,2,0.4285714285714285,0.1428571428571428,0.1428571428571428,0.2857142857142857,74.28571428571429,74.28571428571429,0.5173076923076924,3,0.18012151359037468,0.3580894648406515,0.7915906146326323,232.88469753086812,31,57.724833333392326,0.0304604291630789,23272.78266666673
2023-07-04,2.0,A002,27,520,520.0,7,4,0.2747252747252747,0.3580894648406518,1,7,104.91891358024697,0.5173076923076924,0.0596153846153846,0.3288461538461538,0.0942307692307692,0.0871825001078135,0.3351494911443474,0.3221690295390345,0.096541964517211,3,1,1,2,0.4285714285714285,0.1428571428571428,0.1428571428571428,0.2857142857142857,74.28571428571429,74.28571428571429,0.5173076923076924,3,0.18012151359037468,0.3580894648406515,0.7915906146326323,232.88469753086812,31,57.724833333392326,0.0304604291630789,23272.78266666673
2023-07-04,4.0,A002,27,520,520.0,7,4,0.2747252747252747,0.3580894648406518,1,7,104.91891358024697,0.5173076923076924,0.0596153846153846,0.3288461538461538,0.0942307692307692,0.0871825001078135,0.3351494911443474,0.3221690295390345,0.096541964517211,3,1,1,2,0.4285714285714285,0.1428571428571428,0.1428571428571428,0.2857142857142857,74.28571428571429,74.28571428571429,0.5173076923076924,3,0.18012151359037468,0.3580894648406515,0.7915906146326323,232.88469753086812,31,57.724833333392326,0.0304604291630789,23272.78266666673
2023-07-04,8.0,A002,27,520,520.0,7,4,0.2747252747252747,0.3580894648406518,1,7,104.91891358024697,0.5173076923076924,0.0596153846153846,0.3288461538461538,0.0942307692307692,0.0871825001078135,0.3351494911443474,0.3221690295390345,0.096541964517211,3,1,1,2,0.4285714285714285,0.1428571428571428,0.1428571428571428,0.2857142857142857,74.28571428571429,74.28571428571429,0.5173076923076924,3,0.18012151359037468,0.3580894648406515,0.7915906146326323,232.88469753086812,31,57.724833333392326,0.0304604291630789,23272.78266666673
2023-07-06,0.0,A001,94,2031,2031.0,10,4,0.0550467749876907,0.9988815551965544,0,10,231.8031028368808,0.4623338257016248,0.1349089118660758,0.2826193993106844,0.1201378631216149,0.0618502198147716,0.1478358412312219,0.1267931190162792,0.0470526671759348,5,1,3,1,0.5,0.1,0.3,0.1,203.1,203.1,0.4623338257016248,5,0.09002682324455819,0.9988815551965536,0.8934887977326977,365.8609627659615,307,637.6098333334058,0.0979666321926276,32208.44783333339
2023-07-06,0.05,A001,94,2031,2031.0,10,4,0.0550467749876907,0.9988815551965544,0,10,231.8031028368808,0.4623338257016248,0.1349089118660758,0.2826193993106844,0.1201378631216149,0.0618502198147716,0.1478358412312219,0.1267931190162792,0.0470526671759348,5,1,3,1,0.5,0.1,0.3,0.1,203.1,203.1,0.4623338257016248,5,0.09002682324455819,0.9988815551965536,0.8934887977326977,365.8609627659615,307,637.6098333334058,0.0979666321926276,32208.44783333339
2023-07-06,0.1,A001,94,2031,2031.0,10,4,0.0550467749876907,0.9988815551965544,0,10,231.8031028368808,0.4623338257016248,0.1349089118660758,0.2826193993106844,0.1201378631216149,0.0618502198147716,0.1478358412312219,0.1267931190162792,0.0470526671759348,5,1,3,1,0.5,0.1,0.3,0.1,203.1,203.1,0.4623338257016248,5,0.09002682324455819,0.9988815551965536,0.8934887977326977,365.8609627659615,307,637.6098333334058,0.0979666321926276,32208.44783333339
2023-07-06,0.25,A002,94,2031,2031.0,10,4,0.0972427375677006,0.7985333431134025,1,10,247.1909468085123,0.4623338257016248,0.1349089118660758,0.2826193993106844,0.1201378631216149,0.0618502198147716,0.1478358412312219,0.1267931190162792,0.0470526671759348,4,1,3,2,0.4,0.1,0.3,0.2,203.1,203.1,0.4623338257016248,4,0.09002682324455819,0.7985333431134021,0.8934887977326977,380.8819592198631,294,603.1261666667939,0.0931619313294232,32003.91916666671
2023-07-06,0.5,A003,94,2031,2031.0,10,4,0.1449532250123092,0.692782946312066,2,10,255.1278421985802,0.4623338257016248,0.1349089118660758,0.2826193993106844,0.1201378631216149,0.0618502198147716,0.1478358412312219,0.1267931190162792,0.0470526671759348,4,2,2,2,0.4,0.2,0.2,0.2,203.1,203.1,0.4623338257016248,4,0.09002682324455819,0.6927829463120656,0.8934887977326977,387.6833776595751,263,496.3913333333252,0.0779604454293231,31877.911666666678
2023-07-06,0.75,A004,94,2031,2031.0,10,4,0.179862136878385,0.6390524394327137,2,10,284.54883510638336,0.4623338257016248,0.1349089118660758,0.2826193993106844,0.1201378631216149,0.0618502198147716,0.1478358412312219,0.1267931190162792,0.0470526671759348,4,1,2,3,0.4,0.1,0.2,0.3,203.1,203.1,0.4623338257016248,4,0.09002682324455819,0.6390524394327133,0.8934887977326977,416.3141578014216,232,422.1113333333939,0.0670769641811916,32004.912500000035
2023-07-06,1.0,A004,94,2031,2031.0,10,4,0.179862136878385,0.6390524394327137,2,10,284.54883510638336,0.4623338257016248,0.1349089118660758,0.2826193993106844,0.1201378631216149,0.0618502198147716,0.1478358412312219,0.1267931190162792,0.0470526671759348,4,1,2,3,0.4,0.1,0.2,0.3,203.1,203.1,0.4623338257016248,4,0.09002682324455819,0.6390524394327133,0.8934887977326977,416.3141578014216,232,422.1113333333939,0.0670769641811916,32004.912500000035
2023-07-06,2.0,A005,94,2031,2031.0,10,4,0.2449532250123092,0.6013376212196206,3,10,307.48665602836905,0.4623338257016248,0.1349089118660758,0.2826193993106844,0.1201378631216149,0.0618502198147716,0.1478358412312219,0.1267931190162792,0.0470526671759348,3,2,2,3,0.3,0.2,0.2,0.3,203.1,203.1,0.4623338257016248,3,0.09002682324455819,0.6013376212196203,0.8934887977326977,439.4413102836906,220,439.9084999999623,0.0697079382560194,31945.891500000034
2023-07-06,4.0,A005,94,2031,2031.0,10,4,0.2449532250123092,0.6013376212196206,3,10,307.48665602836905,0.4623338257016248,0.1349089118660758,0.2826193993106844,0.1201378631216149,0.0618502198147716,0.1478358412312219,0.1267931190162792,0.0470526671759348,3,2,2,3,0.3,0.2,0.2,0.3,203.1,203.1,0.4623338257016248,3,0.09002682324455819,0.6013376212196203,0.8934887977326977,439.4413102836906,220,439.9084999999623,0.0697079382560194,31945.891500000034
2023-07-06,8.0,A006,94,2031,2031.0,10,4,0.279862136878385,0.5946597815162031,3,10,338.6267730496444,0.4623338257016248,0.1349089118660758,0.2826193993106844,0.1201378631216149,0.0618502198147716,0.1478358412312219,0.1267931190162792,0.0470526671759348,3,1,2,4,0.3,0.1,0.2,0.4,203.1,203.1,0.4623338257016248,4,0.09002682324455819,0.5946597815162028,0.8934887977326977,469.9819716312063,205,383.5596666665488,0.0613264840272488,31998.62033333333
2023-07-10,0.0,A001,38,837,837.0,6,3,0.1093189964157705,0.400479142658263,0,6,410.9514429824521,0.5017921146953405,0.0,0.4408602150537634,0.057347670250896,0.0805183744071419,0.1950823301869149,0.1589240194368372,0.1141431793304443,3,0,2,1,0.5,0.0,0.3333333333333333,0.1666666666666666,139.5,139.5,0.5017921146953405,3,0.11701260816135464,0.4004791426582629,0.792847900869399,562.2207324561354,71,88.0140000000015,0.0271880337312768,1275.245000000003
2023-07-10,0.05,A001,38,837,837.0,6,3,0.1093189964157705,0.400479142658263,0,6,410.9514429824521,0.5017921146953405,0.0,0.4408602150537634,0.057347670250896,0.0805183744071419,0.1950823301869149,0.1589240194368372,0.1141431793304443,3,0,2,1,0.5,0.0,0.3333333333333333,0.1666666666666666,139.5,139.5,0.5017921146953405,3,0.11701260816135464,0.4004791426582629,0.792847900869399,562.2207324561354,71,88.0140000000015,0.0271880337312768,1275.245000000003
2023-07-10,0.1,A001,38,837,837.0,6,3,0.1093189964157705,0.400479142658263,0,6,410.9514429824521,0.5017921146953405,0.0,0.4408602150537634,0.057347670250896,0.0805183744071419,0.1950823301869149,0.1589240194368372,0.1141431793304443,3,0,2,1,0.5,0.0,0.3333333333333333,0.1666666666666666,139.5,139.5,0.5017921146953405,3,0.11701260816135464,0.4004791426582629,0.792847900869399,562.2207324561354,71,88.0140000000015,0.0271880337312768,1275.245000000003
2023-07-10,0.25,A001,38,837,837.0,6,3,0.1093189964157705,0.400479142658263,0,6,410.9514429824521,0.5017921146953405,0.0,0.4408602150537634,0.057347670250896,0.0805183744071419,0.1950823301869149,0.1589240194368372,0.1141431793304443,3,0,2,1,0.5,0.0,0.3333333333333333,0.1666666666666666,139.5,139.5,0.5017921146953405,3,0.11701260816135464,0.4004791426582629,0.792847900869399,562.2207324561354,71,88.0140000000015,0.0271880337312768,1275.245000000003
2023-07-10,0.5,A001,38,837,837.0,6,3,0.1093189964157705,0.400479142658263,0,6,410.9514429824521,0.5017921146953405,0.0,0.4408602150537634,0.057347670250896,0.0805183744071419,0.1950823301869149,0.1589240194368372,0.1141431793304443,3,0,2,1,0.5,0.0,0.3333333333333333,0.1666666666666666,139.5,139.5,0.5017921146953405,3,0.11701260816135464,0.4004791426582629,0.792847900869399,562.2207324561354,71,88.0140000000015,0.0271880337312768,1275.245000000003
2023-07-10,0.75,A001,38,837,837.0,6,3,0.1093189964157705,0.400479142658263,0,6,410.9514429824521,0.5017921146953405,0.0,0.4408602150537634,0.057347670250896,0.0805183744071419,0.1950823301869149,0.1589240194368372,0.1141431793304443,3,0,2,1,0.5,0.0,0.3333333333333333,0.1666666666666666,139.5,139.5,0.5017921146953405,3,0.11701260816135464,0.4004791426582629,0.792847900869399,562.2207324561354,71,88.0140000000015,0.0271880337312768,1275.245000000003
2023-07-10,1.0,A001,38,837,837.0,6,3,0.1093189964157705,0.400479142658263,0,6,410.9514429824521,0.5017921146953405,0.0,0.4408602150537634,0.057347670250896,0.0805183744071419,0.1950823301869149,0.1589240194368372,0.1141431793304443,3,0,2,1,0.5,0.0,0.3333333333333333,0.1666666666666666,139.5,139.5,0.5017921146953405,3,0.11701260816135464,0.4004791426582629,0.792847900869399,562.2207324561354,71,88.0140000000015,0.0271880337312768,1275.245000000003
2023-07-10,2.0,A001,38,837,837.0,6,3,0.1093189964157705,0.400479142658263,0,6,410.9514429824521,0.5017921146953405,0.0,0.4408602150537634,0.057347670250896,0.0805183744071419,0.1950823301869149,0.1589240194368372,0.1141431793304443,3,0,2,1,0.5,0.0,0.3333333333333333,0.1666666666666666,139.5,139.5,0.5017921146953405,3,0.11701260816135464,0.4004791426582629,0.792847900869399,562.2207324561354,71,88.0140000000015,0.0271880337312768,1275.245000000003
2023-07-10,4.0,A002,38,837,837.0,6,3,0.2759856630824372,0.3535855731744235,1,6,534.8745877192947,0.5017921146953405,0.0,0.4408602150537634,0.057347670250896,0.0805183744071419,0.1950823301869149,0.1589240194368372,0.1141431793304443,2,0,2,2,0.3333333333333333,0.0,0.3333333333333333,0.3333333333333333,139.5,139.5,0.5017921146953405,2,0.11701260816135464,0.3535855731744234,0.792847900869399,685.6189473684184,53,68.06666666666906,0.0211565504959309,1496.8283333333534
2023-07-10,8.0,A002,38,837,837.0,6,3,0.2759856630824372,0.3535855731744235,1,6,534.8745877192947,0.5017921146953405,0.0,0.4408602150537634,0.057347670250896,0.0805183744071419,0.1950823301869149,0.1589240194368372,0.1141431793304443,2,0,2,2,0.3333333333333333,0.0,0.3333333333333333,0.3333333333333333,139.5,139.5,0.5017921146953405,2,0.11701260816135464,0.3535855731744234,0.792847900869399,685.6189473684184,53,68.06666666666906,0.0211565504959309,1496.8283333333534
2023-07-11,0.0,A001,64,1343,1343.0,6,4,0.234301315462894,0.5247078965179985,0,6,343.82035416675546,0.5510052122114668,0.0163812360387192,0.3499627699180938,0.08265078183172,0.2581709389327339,0.3593202031608538,0.2665369575852646,0.3124096682950735,2,1,2,1,0.3333333333333333,0.1666666666666666,0.3333333333333333,0.1666666666666666,223.83333333333334,223.83333333333334,0.5510052122114668,2,0.26723855735338,0.5247078965179985,0.6991687409376588,461.5679348959736,119,265.3394999999504,0.0756633063021463,33931.975333334354
2023-07-11,0.05,A001,64,1343,1343.0,6,4,0.234301315462894,0.5247078965179985,0,6,343.82035416675546,0.5510052122114668,0.0163812360387192,0.3499627699180938,0.08265078183172,0.2581709389327339,0.3593202031608538,0.2665369575852646,0.3124096682950735,2,1,2,1,0.3333333333333333,0.1666666666666666,0.3333333333333333,0.1666666666666666,223.83333333333334,223.83333333333334,0.5510052122114668,2,0.26723855735338,0.5247078965179985,0.6991687409376588,461.5679348959736,119,265.3394999999504,0.0756633063021463,33931.975333334354
2023-07-11,0.1,A001,64,1343,1343.0,6,4,0.234301315462894,0.5247078965179985,0,6,343.82035416675546,0.5510052122114668,0.0163812360387192,0.3499627699180938,0.08265078183172,0.2581709389327339,0.3593202031608538,0.2665369575852646,0.3124096682950735,2,1,2,1,0.3333333333333333,0.1666666666666666,0.3333333333333333,0.1666666666666666,223.83333333333334,223.83333333333334,0.5510052122114668,2,0.26723855735338,0.5247078965179985,0.6991687409376588,461.5679348959736,119,265.3394999999504,0.0756633063021463,33931.975333334354
2023-07-11,0.25,A001,64,1343,1343.0,6,4,0.234301315462894,0.5247078965179985,0,6,343.82035416675546,0.5510052122114668,0.0163812360387192,0.3499627699180938,0.08265078183172,0.2581709389327339,0.3593202031608538,0.2665369575852646,0.3124096682950735,2,1,2,1,0.3333333333333333,0.1666666666666666,0.3333333333333333,0.1666666666666666,223.83333333333334,223.83333333333334,0.5510052122114668,2,0.26723855735338,0.5247078965179985,0.6991687409376588,461.5679348959736,119,265.3394999999504,0.0756633063021463,33931.975333334354
2023-07-11,0.5,A001,64,1343,1343.0,6,4,0.234301315462894,0.5247078965179985,0,6,343.82035416675546,0.5510052122114668,0.0163812360387192,0.3499627699180938,0.08265078183172,0.2581709389327339,0.3593202031608538,0.2665369575852646,0.3124096682950735,2,1,2,1,0.3333333333333333,0.1666666666666666,0.3333333333333333,0.1666666666666666,223.83333333333334,223.83333333333334,0.5510052122114668,2,0.26723855735338,0.5247078965179985,0.6991687409376588,461.5679348959736,119,265.3394999999504,0.0756633063021463,33931.975333334354
2023-07-11,0.75,A001,64,1343,1343.0,6,4,0.234301315462894,0.5247078965179985,0,6,343.82035416675546,0.5510052122114668,0.0163812360387192,0.3499627699180938,0.08265078183172,0.2581709389327339,0.3593202031608538,0.2665369575852646,0.3124096682950735,2,1,2,1,0.3333333333333333,0.1666666666666666,0.3333333333333333,0.1666666666666666,223.83333333333334,223.83333333333334,0.5510052122114668,2,0.26723855735338,0.5247078965179985,0.6991687409376588,461.5679348959736,119,265.3394999999504,0.0756633063021463,33931.975333334354
2023-07-11,1.0,A001,64,1343,1343.0,6,4,0.234301315462894,0.5247078965179985,0,6,343.82035416675546,0.5510052122114668,0.0163812360387192,0.3499627699180938,0.08265078183172,0.2581709389327339,0.3593202031608538,0.2665369575852646,0.3124096682950735,2,1,2,1,0.3333333333333333,0.1666666666666666,0.3333333333333333,0.1666666666666666,223.83333333333334,223.83333333333334,0.5510052122114668,2,0.26723855735338,0.5247078965179985,0.6991687409376588,461.5679348959736,119,265.3394999999504,0.0756633063021463,33931.975333334354
2023-07-11,2.0,A001,64,1343,1343.0,6,4,0.234301315462894,0.5247078965179985,0,6,343.82035416675546,0.5510052122114668,0.0163812360387192,0.3499627699180938,0.08265078183172,0.2581709389327339,0.3593202031608538,0.2665369575852646,0.3124096682950735,2,1,2,1,0.3333333333333333,0.1666666666666666,0.3333333333333333,0.1666666666666666,223.83333333333334,223.83333333333334,0.5510052122114668,2,0.26723855735338,0.5247078965179985,0.6991687409376588,461.5679348959736,119,265.3394999999504,0.0756633063021463,33931.975333334354
2023-07-11,4.0,A001,64,1343,1343.0,6,4,0.234301315462894,0.5247078965179985,0,6,343.82035416675546,0.5510052122114668,0.0163812360387192,0.3499627699180938,0.08265078183172,0.2581709389327339,0.3593202031608538,0.2665369575852646,0.3124096682950735,2,1,2,1,0.3333333333333333,0.1666666666666666,0.3333333333333333,0.1666666666666666,223.83333333333334,223.83333333333334,0.5510052122114668,2,0.26723855735338,0.5247078965179985,0.6991687409376588,461.5679348959736,119,265.3394999999504,0.0756633063021463,33931.975333334354
2023-07-11,8.0,A001,64,1343,1343.0,6,4,0.234301315462894,0.5247078965179985,0,6,343.82035416675546,0.5510052122114668,0.0163812360387192,0.3499627699180938,0.08265078183172,0.2581709389327339,0.3593202031608538,0.2665369575852646,0.3124096682950735,2,1,2,1,0.3333333333333333,0.1666666666666666,0.3333333333333333,0.1666666666666666,223.83333333333334,223.83333333333334,0.5510052122114668,2,0.26723855735338,0.5247078965179985,0.6991687409376588,461.5679348959736,119,265.3394999999504,0.0756633063021463,33931.975333334354
2023-07-12,0.0,A001,29,562,562.0,5,4,0.2718861209964412,0.1363675632509389,0,5,151.65542528736117,0.297153024911032,0.0854092526690391,0.5747330960854092,0.0427046263345195,0.0635143809595565,0.2885743223345278,0.1363675632509389,0.0386528161053617,1,1,2,1,0.2,0.2,0.4,0.2,112.4,112.4,0.5747330960854092,2,0.12354601353894165,0.1363675632509389,0.7384524826538548,267.9343563218454,19,40.677000000003765,0.0241250610139812,22056.97633333336
2023-07-12,0.05,A001,29,562,562.0,5,4,0.2718861209964412,0.1363675632509389,0,5,151.65542528736117,0.297153024911032,0.0854092526690391,0.5747330960854092,0.0427046263345195,0.0635143809595565,0.2885743223345278,0.1363675632509389,0.0386528161053617,1,1,2,1,0.2,0.2,0.4,0.2,112.4,112.4,0.5747330960854092,2,0.12354601353894165,0.1363675632509389,0.7384524826538548,267.9343563218454,19,40.677000000003765,0.0241250610139812,22056.97633333336
2023-07-12,0.1,A001,29,562,562.0,5,4,0.2718861209964412,0.1363675632509389,0,5,151.65542528736117,0.297153024911032,0.0854092526690391,0.5747330960854092,0.0427046263345195,0.0635143809595565,0.2885743223345278,0.1363675632509389,0.0386528161053617,1,1,2,1,0.2,0.2,0.4,0.2,112.4,112.4,0.5747330960854092,2,0.12354601353894165,0.1363675632509389,0.7384524826538548,267.9343563218454,19,40.677000000003765,0.0241250610139812,22056.97633333336
2023-07-12,0.25,A001,29,562,562.0,5,4,0.2718861209964412,0.1363675632509389,0,5,151.65542528736117,0.297153024911032,0.0854092526690391,0.5747330960854092,0.0427046263345195,0.0635143809595565,0.2885743223345278,0.1363675632509389,0.0386528161053617,1,1,2,1,0.2,0.2,0.4,0.2,112.4,112.4,0.5747330960854092,2,0.12354601353894165,0.1363675632509389,0.7384524826538548,267.9343563218454,19,40.677000000003765,0.0241250610139812,22056.97633333336
2023-07-12,0.5,A001,29,562,562.0,5,4,0.2718861209964412,0.1363675632509389,0,5,151.65542528736117,0.297153024911032,0.0854092526690391,0.5747330960854092,0.0427046263345195,0.0635143809595565,0.2885743223345278,0.1363675632509389,0.0386528161053617,1,1,2,1,0.2,0.2,0.4,0.2,112.4,112.4,0.5747330960854092,2,0.12354601353894165,0.1363675632509389,0.7384524826538548,267.9343563218454,19,40.677000000003765,0.0241250610139812,22056.97633333336
2023-07-12,0.75,A001,29,562,562.0,5,4,0.2718861209964412,0.1363675632509389,0,5,151.65542528736117,0.297153024911032,0.0854092526690391,0.5747330960854092,0.0427046263345195,0.0635143809595565,0.2885743223345278,0.1363675632509389,0.0386528161053617,1,1,2,1,0.2,0.2,0.4,0.2,112.4,112.4,0.5747330960854092,2,0.12354601353894165,0.1363675632509389,0.7384524826538548,267.9343563218454,19,40.677000000003765,0.0241250610139812,22056.97633333336
2023-07-12,1.0,A001,29,562,562.0,5,4,0.2718861209964412,0.1363675632509389,0,5,151.65542528736117,0.297153024911032,0.0854092526690391,0.5747330960854092,0.0427046263345195,0.0635143809595565,0.2885743223345278,0.1363675632509389,0.0386528161053617,1,1,2,1,0.2,0.2,0.4,0.2,112.4,112.4,0.5747330960854092,2,0.12354601353894165,0.1363675632509389,0.7384524826538548,267.9343563218454,19,40.677000000003765,0.0241250610139812,22056.97633333336
2023-07-12,2.0,A002,29,562,562.0,5,4,0.3747330960854093,0.0635143809595565,1,5,205.6993563218388,0.297153024911032,0.0854092526690391,0.5747330960854092,0.0427046263345195,0.0635143809595565,0.2885743223345278,0.1363675632509389,0.0386528161053617,2,1,1,1,0.4,0.2,0.2,0.2,112.4,112.4,0.5747330960854092,2,0.12354601353894165,0.0635143809595565,0.7384524826538548,321.70475862069105,17,32.74466666665341,0.0195122823256385,21986.89500000002
2023-07-12,4.0,A003,29,562,562.0,5,4,0.4718861209964413,0.0386528161053617,1,5,257.3801149425336,0.297153024911032,0.0854092526690391,0.5747330960854092,0.0427046263345195,0.0635143809595565,0.2885743223345278,0.1363675632509389,0.0386528161053617,1,1,1,2,0.2,0.2,0.2,0.4,112.4,112.4,0.5747330960854092,2,0.12354601353894165,0.0386528161053617,0.7384524826538548,373.1583908046047,16,26.15800000000032,0.0156487613441251,22056.626333333355
2023-07-12,8.0,A003,29,562,562.0,5,4,0.4718861209964413,0.0386528161053617,1,5,257.3801149425336,0.297153024911032,0.0854092526690391,0.5747330960854092,0.0427046263345195,0.0635143809595565,0.2885743223345278,0.1363675632509389,0.0386528161053617,1,1,1,2,0.2,0.2,0.2,0.4,112.4,112.4,0.5747330960854092,2,0.12354601353894165,0.0386528161053617,0.7384524826538548,373.1583908046047,16,26.15800000000032,0.0156487613441251,22056.626333333355
2023-07-17,0.0,A001,70,1588,1588.0,6,4,0.1698152812762384,0.1681006412173197,0,6,856.4582357142923,0.5031486146095718,0.0925692695214105,0.327455919395466,0.0768261964735516,0.0606132387780345,0.1985395971567561,0.1074874024392851,0.1405753016884319,2,1,2,1,0.3333333333333333,0.1666666666666666,0.3333333333333333,0.1666666666666666,264.6666666666667,264.6666666666667,0.5031486146095718,2,0.09487338453407408,0.1681006412173196,0.8141259501779436,1005.620135714293,153,222.6406666666857,0.0392157139041665,2761.438333333331
2023-07-17,0.05,A002,70,1588,1588.0,6,4,0.1639378673383711,0.1818397163341037,1,6,883.5635714285742,0.5031486146095718,0.0925692695214105,0.327455919395466,0.0768261964735516,0.0606132387780345,0.1985395971567561,0.1074874024392851,0.1405753016884319,3,1,1,1,0.5,0.1666666666666666,0.1666666666666666,0.1666666666666666,264.6666666666667,264.6666666666667,0.5031486146095718,3,0.09487338453407408,0.1818397163341035,0.8141259501779436,1031.702273809528,111,151.01683333332653,0.0269398266737272,3113.629166666663
2023-07-17,0.1,A002,70,1588,1588.0,6,4,0.1639378673383711,0.1818397163341037,1,6,883.5635714285742,0.5031486146095718,0.0925692695214105,0.327455919395466,0.0768261964735516,0.0606132387780345,0.1985395971567561,0.1074874024392851,0.1405753016884319,3,1,1,1,0.5,0.1666666666666666,0.1666666666666666,0.1666666666666666,264.6666666666667,264.6666666666667,0.5031486146095718,3,0.09487338453407408,0.1818397163341035,0.8141259501779436,1031.702273809528,111,151.01683333332653,0.0269398266737272,3113.629166666663
2023-07-17,0.25,A002,70,1588,1588.0,6,4,0.1639378673383711,0.1818397163341037,1,6,883.5635714285742,0.5031486146095718,0.0925692695214105,0.327455919395466,0.0768261964735516,0.0606132387780345,0.1985395971567561,0.1074874024392851,0.1405753016884319,3,1,1,1,0.5,0.1666666666666666,0.1666666666666666,0.1666666666666666,264.6666666666667,264.6666666666667,0.5031486146095718,3,0.09487338453407408,0.1818397163341035,0.8141259501779436,1031.702273809528,111,151.01683333332653,0.0269398266737272,3113.629166666663
2023-07-17,0.5,A001,70,1588,1588.0,6,4,0.1698152812762384,0.1681006412173197,0,6,856.4582357142923,0.5031486146095718,0.0925692695214105,0.327455919395466,0.0768261964735516,0.0606132387780345,0.1985395971567561,0.1074874024392851,0.1405753016884319,2,1,2,1,0.3333333333333333,0.1666666666666666,0.3333333333333333,0.1666666666666666,264.6666666666667,264.6666666666667,0.5031486146095718,2,0.09487338453407408,0.1681006412173196,0.8141259501779436,1005.620135714293,153,222.6406666666857,0.0392157139041665,2761.438333333331
2023-07-17,0.75,A001,70,1588,1588.0,6,4,0.1698152812762384,0.1681006412173197,0,6,856.4582357142923,0.5031486146095718,0.0925692695214105,0.327455919395466,0.0768261964735516,0.0606132387780345,0.1985395971567561,0.1074874024392851,0.1405753016884319,2,1,2,1,0.3333333333333333,0.1666666666666666,0.3333333333333333,0.1666666666666666,264.6666666666667,264.6666666666667,0.5031486146095718,2,0.09487338453407408,0.1681006412173196,0.8141259501779436,1005.620135714293,153,222.6406666666857,0.0392157139041665,2761.438333333331
2023-07-17,1.0,A001,70,1588,1588.0,6,4,0.1698152812762384,0.1681006412173197,0,6,856.4582357142923,0.5031486146095718,0.0925692695214105,0.327455919395466,0.0768261964735516,0.0606132387780345,0.1985395971567561,0.1074874024392851,0.1405753016884319,2,1,2,1,0.3333333333333333,0.1666666666666666,0.3333333333333333,0.1666666666666666,264.6666666666667,264.6666666666667,0.5031486146095718,2,0.09487338453407408,0.1681006412173196,0.8141259501779436,1005.620135714293,153,222.6406666666857,0.0392157139041665,2761.438333333331
2023-07-17,2.0,A001,70,1588,1588.0,6,4,0.1698152812762384,0.1681006412173197,0,6,856.4582357142923,0.5031486146095718,0.0925692695214105,0.327455919395466,0.0768261964735516,0.0606132387780345,0.1985395971567561,0.1074874024392851,0.1405753016884319,2,1,2,1,0.3333333333333333,0.1666666666666666,0.3333333333333333,0.1666666666666666,264.6666666666667,264.6666666666667,0.5031486146095718,2,0.09487338453407408,0.1681006412173196,0.8141259501779436,1005.620135714293,153,222.6406666666857,0.0392157139041665,2761.438333333331
2023-07-17,4.0,A001,70,1588,1588.0,6,4,0.1698152812762384,0.1681006412173197,0,6,856.4582357142923,0.5031486146095718,0.0925692695214105,0.327455919395466,0.0768261964735516,0.0606132387780345,0.1985395971567561,0.1074874024392851,0.1405753016884319,2,1,2,1,0.3333333333333333,0.1666666666666666,0.3333333333333333,0.1666666666666666,264.6666666666667,264.6666666666667,0.5031486146095718,2,0.09487338453407408,0.1681006412173196,0.8141259501779436,1005.620135714293,153,222.6406666666857,0.0392157139041665,2761.438333333331
2023-07-17,8.0,A001,70,1588,1588.0,6,4,0.1698152812762384,0.1681006412173197,0,6,856.4582357142923,0.5031486146095718,0.0925692695214105,0.327455919395466,0.0768261964735516,0.0606132387780345,0.1985395971567561,0.1074874024392851,0.1405753016884319,2,1,2,1,0.3333333333333333,0.1666666666666666,0.3333333333333333,0.1666666666666666,264.6666666666667,264.6666666666667,0.5031486146095718,2,0.09487338453407408,0.1681006412173196,0.8141259501779436,1005.620135714293,153,222.6406666666857,0.0392157139041665,2761.438333333331
2023-07-18,0.0,A001,70,1625,1625.0,5,4,0.1938461538461538,0.0834884908288027,0,5,1058.225071428578,0.5643076923076923,0.0615384615384615,0.2295384615384615,0.1446153846153846,0.0834884908288027,0.1763459641998861,0.1808814477491228,0.0886142596678121,2,1,1,1,0.4,0.2,0.2,0.2,325.0,325.0,0.5643076923076923,2,0.11229949141068264,0.0834884908288027,0.802062362536323,1194.1312714285789,189,432.15166666665147,0.0931675791154182,2696.2996666666795
2023-07-18,0.05,A001,70,1625,1625.0,5,4,0.1938461538461538,0.0834884908288027,0,5,1058.225071428578,0.5643076923076923,0.0615384615384615,0.2295384615384615,0.1446153846153846,0.0834884908288027,0.1763459641998861,0.1808814477491228,0.0886142596678121,2,1,1,1,0.4,0.2,0.2,0.2,325.0,325.0,0.5643076923076923,2,0.11229949141068264,0.0834884908288027,0.802062362536323,1194.1312714285789,189,432.15166666665147,0.0931675791154182,2696.2996666666795
2023-07-18,0.1,A001,70,1625,1625.0,5,4,0.1938461538461538,0.0834884908288027,0,5,1058.225071428578,0.5643076923076923,0.0615384615384615,0.2295384615384615,0.1446153846153846,0.0834884908288027,0.1763459641998861,0.1808814477491228,0.0886142596678121,2,1,1,1,0.4,0.2,0.2,0.2,325.0,325.0,0.5643076923076923,2,0.11229949141068264,0.0834884908288027,0.802062362536323,1194.1312714285789,189,432.15166666665147,0.0931675791154182,2696.2996666666795
2023-07-18,0.25,A001,70,1625,1625.0,5,4,0.1938461538461538,0.0834884908288027,0,5,1058.225071428578,0.5643076923076923,0.0615384615384615,0.2295384615384615,0.1446153846153846,0.0834884908288027,0.1763459641998861,0.1808814477491228,0.0886142596678121,2,1,1,1,0.4,0.2,0.2,0.2,325.0,325.0,0.5643076923076923,2,0.11229949141068264,0.0834884908288027,0.802062362536323,1194.1312714285789,189,432.15166666665147,0.0931675791154182,2696.2996666666795
2023-07-18,0.5,A001,70,1625,1625.0,5,4,0.1938461538461538,0.0834884908288027,0,5,1058.225071428578,0.5643076923076923,0.0615384615384615,0.2295384615384615,0.1446153846153846,0.0834884908288027,0.1763459641998861,0.1808814477491228,0.0886142596678121,2,1,1,1,0.4,0.2,0.2,0.2,325.0,325.0,0.5643076923076923,2,0.11229949141068264,0.0834884908288027,0.802062362536323,1194.1312714285789,189,432.15166666665147,0.0931675791154182,2696.2996666666795
2023-07-18,0.75,A001,70,1625,1625.0,5,4,0.1938461538461538,0.0834884908288027,0,5,1058.225071428578,0.5643076923076923,0.0615384615384615,0.2295384615384615,0.1446153846153846,0.0834884908288027,0.1763459641998861,0.1808814477491228,0.0886142596678121,2,1,1,1,0.4,0.2,0.2,0.2,325.0,325.0,0.5643076923076923,2,0.11229949141068264,0.0834884908288027,0.802062362536323,1194.1312714285789,189,432.15166666665147,0.0931675791154182,2696.2996666666795
2023-07-18,1.0,A001,70,1625,1625.0,5,4,0.1938461538461538,0.0834884908288027,0,5,1058.225071428578,0.5643076923076923,0.0615384615384615,0.2295384615384615,0.1446153846153846,0.0834884908288027,0.1763459641998861,0.1808814477491228,0.0886142596678121,2,1,1,1,0.4,0.2,0.2,0.2,325.0,325.0,0.5643076923076923,2,0.11229949141068264,0.0834884908288027,0.802062362536323,1194.1312714285789,189,432.15166666665147,0.0931675791154182,2696.2996666666795
2023-07-18,2.0,A001,70,1625,1625.0,5,4,0.1938461538461538,0.0834884908288027,0,5,1058.225071428578,0.5643076923076923,0.0615384615384615,0.2295384615384615,0.1446153846153846,0.0834884908288027,0.1763459641998861,0.1808814477491228,0.0886142596678121,2,1,1,1,0.4,0.2,0.2,0.2,325.0,325.0,0.5643076923076923,2,0.11229949141068264,0.0834884908288027,0.802062362536323,1194.1312714285789,189,432.15166666665147,0.0931675791154182,2696.2996666666795
2023-07-18,4.0,A001,70,1625,1625.0,5,4,0.1938461538461538,0.0834884908288027,0,5,1058.225071428578,0.5643076923076923,0.0615384615384615,0.2295384615384615,0.1446153846153846,0.0834884908288027,0.1763459641998861,0.1808814477491228,0.0886142596678121,2,1,1,1,0.4,0.2,0.2,0.2,325.0,325.0,0.5643076923076923,2,0.11229949141068264,0.0834884908288027,0.802062362536323,1194.1312714285789,189,432.15166666665147,0.0931675791154182,2696.2996666666795
2023-07-18,8.0,A001,70,1625,1625.0,5,4,0.1938461538461538,0.0834884908288027,0,5,1058.225071428578,0.5643076923076923,0.0615384615384615,0.2295384615384615,0.1446153846153846,0.0834884908288027,0.1763459641998861,0.1808814477491228,0.0886142596678121,2,1,1,1,0.4,0.2,0.2,0.2,325.0,325.0,0.5643076923076923,2,0.11229949141068264,0.0834884908288027,0.802062362536323,1194.1312714285789,189,432.15166666665147,0.0931675791154182,2696.2996666666795
