selected_date,method,entropy_weight,zone_id,side,support_labels,workload,workload_share,microzone_concentration,microzone_entropy_normalized,allocation_weight,pair_congestion_risk_contribution,workers,worker_share,D_demand_mismatch,R_congestion_risk,J_objective
2023-07-19,random,,Z01,left,LC-08|LC-09|LC-10|LC-11|LC-12,317.0,0.36353211009174313,0.09280643125308141,0.9071935687469186,317.0,,2,0.4,,,
2023-07-19,random,,Z02,left,LC-13|LC-14|LC-15|LC-16|LC-17,218.0,0.25,0.1742393507963954,0.8257606492036046,218.0,,1,0.2,,,
2023-07-19,random,,Z03,right,RC-08|RC-09|RC-10|RC-11|RC-12,337.0,0.38646788990825687,0.4865040144871444,0.5134959855128556,337.0,,2,0.4,,,
2023-07-19,random,,Z04,right,RC-13|RC-14|RC-15|RC-16|RC-17,0.0,0.0,0.014790172161543547,0.9852098278384565,0.0,,0,0.0,,,
2023-07-19,equal,,Z01,left,LC-08|LC-09|LC-10|LC-11|LC-12,317.0,0.36353211009174313,0.09280643125308141,0.9071935687469186,317.0,,2,0.4,,,
2023-07-19,equal,,Z02,left,LC-13|LC-14|LC-15|LC-16|LC-17,218.0,0.25,0.1742393507963954,0.8257606492036046,218.0,,2,0.4,,,
2023-07-19,equal,,Z03,right,RC-08|RC-09|RC-10|RC-11|RC-12,337.0,0.38646788990825687,0.4865040144871444,0.5134959855128556,337.0,,1,0.2,,,
2023-07-19,equal,,Z04,right,RC-13|RC-14|RC-15|RC-16|RC-17,0.0,0.0,0.014790172161543547,0.9852098278384565,0.0,,0,0.0,,,
2023-07-19,volume_proportional,,Z01,left,LC-08|LC-09|LC-10|LC-11|LC-12,317.0,0.36353211009174313,0.09280643125308141,0.9071935687469186,317.0,,2,0.4,,,
2023-07-19,volume_proportional,,Z02,left,LC-13|LC-14|LC-15|LC-16|LC-17,218.0,0.25,0.1742393507963954,0.8257606492036046,218.0,,1,0.2,,,
2023-07-19,volume_proportional,,Z03,right,RC-08|RC-09|RC-10|RC-11|RC-12,337.0,0.38646788990825687,0.4865040144871444,0.5134959855128556,337.0,,2,0.4,,,
2023-07-19,volume_proportional,,Z04,right,RC-13|RC-14|RC-15|RC-16|RC-17,0.0,0.0,0.014790172161543547,0.9852098278384565,0.0,,0,0.0,,,
2023-07-19,entropy_based,0.25,Z01,left,LC-08|LC-09|LC-10|LC-11|LC-12,317.0,0.36353211009174313,0.09280643125308141,0.9071935687469186,,0.09280643125308141,2,0.4,0.05000000000000002,0.5793104457402258,0.19482761143505647
2023-07-19,entropy_based,0.25,Z02,left,LC-13|LC-14|LC-15|LC-16|LC-17,218.0,0.25,0.1742393507963954,0.8257606492036046,,0.0,1,0.2,0.05000000000000002,0.5793104457402258,0.19482761143505647
2023-07-19,entropy_based,0.25,Z03,right,RC-08|RC-09|RC-10|RC-11|RC-12,337.0,0.38646788990825687,0.4865040144871444,0.5134959855128556,,0.4865040144871444,2,0.4,0.05000000000000002,0.5793104457402258,0.19482761143505647
2023-07-19,entropy_based,0.25,Z04,right,RC-13|RC-14|RC-15|RC-16|RC-17,0.0,0.0,0.014790172161543547,0.9852098278384565,,0.0,0,0.0,0.05000000000000002,0.5793104457402258,0.19482761143505647
2023-07-24,random,,Z01,left,LC-08|LC-09|LC-10|LC-11|LC-12,374.0,0.3991462113127001,0.04073217234435733,0.9592678276556427,374.0,,2,0.2857142857142857,,,
2023-07-24,random,,Z02,left,LC-13|LC-14|LC-15|LC-16|LC-17,47.0,0.05016008537886873,0.18279850393345043,0.8172014960665496,47.0,,1,0.14285714285714285,,,
2023-07-24,random,,Z03,right,RC-08|RC-09|RC-10|RC-11|RC-12,458.0,0.4887940234791889,0.19814565382060156,0.8018543461793984,458.0,,3,0.42857142857142855,,,
2023-07-24,random,,Z04,right,RC-13|RC-14|RC-15|RC-16|RC-17,58.0,0.061899679829242264,0.09709315248651984,0.9029068475134802,58.0,,1,0.14285714285714285,,,
2023-07-24,equal,,Z01,left,LC-08|LC-09|LC-10|LC-11|LC-12,374.0,0.3991462113127001,0.04073217234435733,0.9592678276556427,374.0,,2,0.2857142857142857,,,
2023-07-24,equal,,Z02,left,LC-13|LC-14|LC-15|LC-16|LC-17,47.0,0.05016008537886873,0.18279850393345043,0.8172014960665496,47.0,,2,0.2857142857142857,,,
2023-07-24,equal,,Z03,right,RC-08|RC-09|RC-10|RC-11|RC-12,458.0,0.4887940234791889,0.19814565382060156,0.8018543461793984,458.0,,2,0.2857142857142857,,,
2023-07-24,equal,,Z04,right,RC-13|RC-14|RC-15|RC-16|RC-17,58.0,0.061899679829242264,0.09709315248651984,0.9029068475134802,58.0,,1,0.14285714285714285,,,
2023-07-24,volume_proportional,,Z01,left,LC-08|LC-09|LC-10|LC-11|LC-12,374.0,0.3991462113127001,0.04073217234435733,0.9592678276556427,374.0,,2,0.2857142857142857,,,
2023-07-24,volume_proportional,,Z02,left,LC-13|LC-14|LC-15|LC-16|LC-17,47.0,0.05016008537886873,0.18279850393345043,0.8172014960665496,47.0,,1,0.14285714285714285,,,
2023-07-24,volume_proportional,,Z03,right,RC-08|RC-09|RC-10|RC-11|RC-12,458.0,0.4887940234791889,0.19814565382060156,0.8018543461793984,458.0,,3,0.42857142857142855,,,
2023-07-24,volume_proportional,,Z04,right,RC-13|RC-14|RC-15|RC-16|RC-17,58.0,0.061899679829242264,0.09709315248651984,0.9029068475134802,58.0,,1,0.14285714285714285,,,
2023-07-24,entropy_based,0.25,Z01,left,LC-08|LC-09|LC-10|LC-11|LC-12,374.0,0.3991462113127001,0.04073217234435733,0.9592678276556427,,0.122196517033072,3,0.42857142857142855,0.20307973776490315,0.32034217085367356,0.28316528047832157
2023-07-24,entropy_based,0.25,Z02,left,LC-13|LC-14|LC-15|LC-16|LC-17,47.0,0.05016008537886873,0.18279850393345043,0.8172014960665496,,0.0,1,0.14285714285714285,0.20307973776490315,0.32034217085367356,0.28316528047832157
2023-07-24,entropy_based,0.25,Z03,right,RC-08|RC-09|RC-10|RC-11|RC-12,458.0,0.4887940234791889,0.19814565382060156,0.8018543461793984,,0.19814565382060156,2,0.2857142857142857,0.20307973776490315,0.32034217085367356,0.28316528047832157
2023-07-24,entropy_based,0.25,Z04,right,RC-13|RC-14|RC-15|RC-16|RC-17,58.0,0.061899679829242264,0.09709315248651984,0.9029068475134802,,0.0,1,0.14285714285714285,0.20307973776490315,0.32034217085367356,0.28316528047832157
2023-07-25,random,,Z01,left,LC-08|LC-09|LC-10|LC-11|LC-12,276.0,0.4169184290030212,0.1336759645983645,0.8663240354016355,276.0,,2,0.4,,,
2023-07-25,random,,Z02,left,LC-13|LC-14|LC-15|LC-16|LC-17,32.0,0.04833836858006042,0.2691890624988442,0.7308109375011558,32.0,,1,0.2,,,
2023-07-25,random,,Z03,right,RC-08|RC-09|RC-10|RC-11|RC-12,332.0,0.5015105740181269,0.3447623148408425,0.6552376851591575,332.0,,1,0.2,,,
2023-07-25,random,,Z04,right,RC-13|RC-14|RC-15|RC-16|RC-17,22.0,0.03323262839879154,0.255406805536193,0.744593194463807,22.0,,1,0.2,,,
2023-07-25,equal,,Z01,left,LC-08|LC-09|LC-10|LC-11|LC-12,276.0,0.4169184290030212,0.1336759645983645,0.8663240354016355,276.0,,2,0.4,,,
2023-07-25,equal,,Z02,left,LC-13|LC-14|LC-15|LC-16|LC-17,32.0,0.04833836858006042,0.2691890624988442,0.7308109375011558,32.0,,1,0.2,,,
2023-07-25,equal,,Z03,right,RC-08|RC-09|RC-10|RC-11|RC-12,332.0,0.5015105740181269,0.3447623148408425,0.6552376851591575,332.0,,1,0.2,,,
2023-07-25,equal,,Z04,right,RC-13|RC-14|RC-15|RC-16|RC-17,22.0,0.03323262839879154,0.255406805536193,0.744593194463807,22.0,,1,0.2,,,
2023-07-25,volume_proportional,,Z01,left,LC-08|LC-09|LC-10|LC-11|LC-12,276.0,0.4169184290030212,0.1336759645983645,0.8663240354016355,276.0,,1,0.2,,,
2023-07-25,volume_proportional,,Z02,left,LC-13|LC-14|LC-15|LC-16|LC-17,32.0,0.04833836858006042,0.2691890624988442,0.7308109375011558,32.0,,1,0.2,,,
2023-07-25,volume_proportional,,Z03,right,RC-08|RC-09|RC-10|RC-11|RC-12,332.0,0.5015105740181269,0.3447623148408425,0.6552376851591575,332.0,,2,0.4,,,
2023-07-25,volume_proportional,,Z04,right,RC-13|RC-14|RC-15|RC-16|RC-17,22.0,0.03323262839879154,0.255406805536193,0.744593194463807,22.0,,1,0.2,,,
2023-07-25,entropy_based,0.25,Z01,left,LC-08|LC-09|LC-10|LC-11|LC-12,276.0,0.4169184290030212,0.1336759645983645,0.8663240354016355,,0.1336759645983645,2,0.4,0.31842900302114807,0.1336759645983645,0.3518479941707392
2023-07-25,entropy_based,0.25,Z02,left,LC-13|LC-14|LC-15|LC-16|LC-17,32.0,0.04833836858006042,0.2691890624988442,0.7308109375011558,,0.0,1,0.2,0.31842900302114807,0.1336759645983645,0.3518479941707392
2023-07-25,entropy_based,0.25,Z03,right,RC-08|RC-09|RC-10|RC-11|RC-12,332.0,0.5015105740181269,0.3447623148408425,0.6552376851591575,,0.0,1,0.2,0.31842900302114807,0.1336759645983645,0.3518479941707392
2023-07-25,entropy_based,0.25,Z04,right,RC-13|RC-14|RC-15|RC-16|RC-17,22.0,0.03323262839879154,0.255406805536193,0.744593194463807,,0.0,1,0.2,0.31842900302114807,0.1336759645983645,0.3518479941707392
2023-07-26,random,,Z01,left,LC-08|LC-09|LC-10|LC-11|LC-12,165.0,0.3909952606635071,0.10738686377392392,0.8926131362260761,165.0,,2,0.2857142857142857,,,
2023-07-26,random,,Z02,left,LC-13|LC-14|LC-15|LC-16|LC-17,87.0,0.20616113744075829,0.265695650544699,0.734304349455301,87.0,,1,0.14285714285714285,,,
2023-07-26,random,,Z03,right,RC-08|RC-09|RC-10|RC-11|RC-12,126.0,0.2985781990521327,0.09776982118591859,0.9022301788140814,126.0,,3,0.42857142857142855,,,
2023-07-26,random,,Z04,right,RC-13|RC-14|RC-15|RC-16|RC-17,44.0,0.10426540284360189,0.19933737698505705,0.800662623014943,44.0,,1,0.14285714285714285,,,
2023-07-26,equal,,Z01,left,LC-08|LC-09|LC-10|LC-11|LC-12,165.0,0.3909952606635071,0.10738686377392392,0.8926131362260761,165.0,,2,0.2857142857142857,,,
2023-07-26,equal,,Z02,left,LC-13|LC-14|LC-15|LC-16|LC-17,87.0,0.20616113744075829,0.265695650544699,0.734304349455301,87.0,,2,0.2857142857142857,,,
2023-07-26,equal,,Z03,right,RC-08|RC-09|RC-10|RC-11|RC-12,126.0,0.2985781990521327,0.09776982118591859,0.9022301788140814,126.0,,2,0.2857142857142857,,,
2023-07-26,equal,,Z04,right,RC-13|RC-14|RC-15|RC-16|RC-17,44.0,0.10426540284360189,0.19933737698505705,0.800662623014943,44.0,,1,0.14285714285714285,,,
2023-07-26,volume_proportional,,Z01,left,LC-08|LC-09|LC-10|LC-11|LC-12,165.0,0.3909952606635071,0.10738686377392392,0.8926131362260761,165.0,,3,0.42857142857142855,,,
2023-07-26,volume_proportional,,Z02,left,LC-13|LC-14|LC-15|LC-16|LC-17,87.0,0.20616113744075829,0.265695650544699,0.734304349455301,87.0,,1,0.14285714285714285,,,
2023-07-26,volume_proportional,,Z03,right,RC-08|RC-09|RC-10|RC-11|RC-12,126.0,0.2985781990521327,0.09776982118591859,0.9022301788140814,126.0,,2,0.2857142857142857,,,
2023-07-26,volume_proportional,,Z04,right,RC-13|RC-14|RC-15|RC-16|RC-17,44.0,0.10426540284360189,0.19933737698505705,0.800662623014943,44.0,,1,0.14285714285714285,,,
2023-07-26,entropy_based,0.25,Z01,left,LC-08|LC-09|LC-10|LC-11|LC-12,165.0,0.3909952606635071,0.10738686377392392,0.8926131362260761,,0.32216059132177177,3,0.42857142857142855,0.07616790792146241,0.41993041250769036,0.181150511048385
2023-07-26,entropy_based,0.25,Z02,left,LC-13|LC-14|LC-15|LC-16|LC-17,87.0,0.20616113744075829,0.265695650544699,0.734304349455301,,0.0,1,0.14285714285714285,0.07616790792146241,0.41993041250769036,0.181150511048385
2023-07-26,entropy_based,0.25,Z03,right,RC-08|RC-09|RC-10|RC-11|RC-12,126.0,0.2985781990521327,0.09776982118591859,0.9022301788140814,,0.09776982118591859,2,0.2857142857142857,0.07616790792146241,0.41993041250769036,0.181150511048385
2023-07-26,entropy_based,0.25,Z04,right,RC-13|RC-14|RC-15|RC-16|RC-17,44.0,0.10426540284360189,0.19933737698505705,0.800662623014943,,0.0,1,0.14285714285714285,0.07616790792146241,0.41993041250769036,0.181150511048385
2023-07-27,random,,Z01,left,LC-08|LC-09|LC-10|LC-11|LC-12,271.0,0.5018518518518519,0.2556445492656002,0.7443554507343998,271.0,,3,0.5,,,
2023-07-27,random,,Z02,left,LC-13|LC-14|LC-15|LC-16|LC-17,13.0,0.024074074074074074,0.18909803114149093,0.8109019688585091,13.0,,1,0.16666666666666666,,,
2023-07-27,random,,Z03,right,RC-08|RC-09|RC-10|RC-11|RC-12,256.0,0.4740740740740741,0.45811668690212104,0.541883313097879,256.0,,2,0.3333333333333333,,,
2023-07-27,random,,Z04,right,RC-13|RC-14|RC-15|RC-16|RC-17,0.0,0.0,0.18783681703085042,0.8121631829691496,0.0,,0,0.0,,,
2023-07-27,equal,,Z01,left,LC-08|LC-09|LC-10|LC-11|LC-12,271.0,0.5018518518518519,0.2556445492656002,0.7443554507343998,271.0,,2,0.3333333333333333,,,
2023-07-27,equal,,Z02,left,LC-13|LC-14|LC-15|LC-16|LC-17,13.0,0.024074074074074074,0.18909803114149093,0.8109019688585091,13.0,,2,0.3333333333333333,,,
2023-07-27,equal,,Z03,right,RC-08|RC-09|RC-10|RC-11|RC-12,256.0,0.4740740740740741,0.45811668690212104,0.541883313097879,256.0,,2,0.3333333333333333,,,
2023-07-27,equal,,Z04,right,RC-13|RC-14|RC-15|RC-16|RC-17,0.0,0.0,0.18783681703085042,0.8121631829691496,0.0,,0,0.0,,,
2023-07-27,volume_proportional,,Z01,left,LC-08|LC-09|LC-10|LC-11|LC-12,271.0,0.5018518518518519,0.2556445492656002,0.7443554507343998,271.0,,3,0.5,,,
2023-07-27,volume_proportional,,Z02,left,LC-13|LC-14|LC-15|LC-16|LC-17,13.0,0.024074074074074074,0.18909803114149093,0.8109019688585091,13.0,,1,0.16666666666666666,,,
2023-07-27,volume_proportional,,Z03,right,RC-08|RC-09|RC-10|RC-11|RC-12,256.0,0.4740740740740741,0.45811668690212104,0.541883313097879,256.0,,2,0.3333333333333333,,,
2023-07-27,volume_proportional,,Z04,right,RC-13|RC-14|RC-15|RC-16|RC-17,0.0,0.0,0.18783681703085042,0.8121631829691496,0.0,,0,0.0,,,
2023-07-27,entropy_based,0.25,Z01,left,LC-08|LC-09|LC-10|LC-11|LC-12,271.0,0.5018518518518519,0.2556445492656002,0.7443554507343998,,0.7669336477968006,3,0.5,0.1425925925925926,1.2250503346989217,0.448855176267323
2023-07-27,entropy_based,0.25,Z02,left,LC-13|LC-14|LC-15|LC-16|LC-17,13.0,0.024074074074074074,0.18909803114149093,0.8109019688585091,,0.0,1,0.16666666666666666,0.1425925925925926,1.2250503346989217,0.448855176267323
2023-07-27,entropy_based,0.25,Z03,right,RC-08|RC-09|RC-10|RC-11|RC-12,256.0,0.4740740740740741,0.45811668690212104,0.541883313097879,,0.45811668690212104,2,0.3333333333333333,0.1425925925925926,1.2250503346989217,0.448855176267323
2023-07-27,entropy_based,0.25,Z04,right,RC-13|RC-14|RC-15|RC-16|RC-17,0.0,0.0,0.18783681703085042,0.8121631829691496,,0.0,0,0.0,0.1425925925925926,1.2250503346989217,0.448855176267323
2023-07-28,random,,Z01,left,LC-08|LC-09|LC-10|LC-11|LC-12,441.0,0.7135922330097088,0.025216925886092256,0.9747830741139077,441.0,,3,0.3,,,
2023-07-28,random,,Z02,left,LC-13|LC-14|LC-15|LC-16|LC-17,66.0,0.10679611650485436,0.27824873034442366,0.7217512696555763,66.0,,2,0.2,,,
2023-07-28,random,,Z03,right,RC-08|RC-09|RC-10|RC-11|RC-12,65.0,0.10517799352750809,0.28055273128634317,0.7194472687136568,65.0,,3,0.3,,,
2023-07-28,random,,Z04,right,RC-13|RC-14|RC-15|RC-16|RC-17,46.0,0.0744336569579288,0.17861576661271028,0.8213842333872897,46.0,,2,0.2,,,
2023-07-28,equal,,Z01,left,LC-08|LC-09|LC-10|LC-11|LC-12,441.0,0.7135922330097088,0.025216925886092256,0.9747830741139077,441.0,,3,0.3,,,
2023-07-28,equal,,Z02,left,LC-13|LC-14|LC-15|LC-16|LC-17,66.0,0.10679611650485436,0.27824873034442366,0.7217512696555763,66.0,,3,0.3,,,
2023-07-28,equal,,Z03,right,RC-08|RC-09|RC-10|RC-11|RC-12,65.0,0.10517799352750809,0.28055273128634317,0.7194472687136568,65.0,,2,0.2,,,
2023-07-28,equal,,Z04,right,RC-13|RC-14|RC-15|RC-16|RC-17,46.0,0.0744336569579288,0.17861576661271028,0.8213842333872897,46.0,,2,0.2,,,
2023-07-28,volume_proportional,,Z01,left,LC-08|LC-09|LC-10|LC-11|LC-12,441.0,0.7135922330097088,0.025216925886092256,0.9747830741139077,441.0,,7,0.7,,,
2023-07-28,volume_proportional,,Z02,left,LC-13|LC-14|LC-15|LC-16|LC-17,66.0,0.10679611650485436,0.27824873034442366,0.7217512696555763,66.0,,1,0.1,,,
2023-07-28,volume_proportional,,Z03,right,RC-08|RC-09|RC-10|RC-11|RC-12,65.0,0.10517799352750809,0.28055273128634317,0.7194472687136568,65.0,,1,0.1,,,
2023-07-28,volume_proportional,,Z04,right,RC-13|RC-14|RC-15|RC-16|RC-17,46.0,0.0744336569579288,0.17861576661271028,0.8213842333872897,46.0,,1,0.1,,,
2023-07-28,entropy_based,0.25,Z01,left,LC-08|LC-09|LC-10|LC-11|LC-12,441.0,0.7135922330097088,0.025216925886092256,0.9747830741139077,,0.5295554436079374,7,0.7,0.02556634304207122,0.5295554436079374,0.15795520394405557
2023-07-28,entropy_based,0.25,Z02,left,LC-13|LC-14|LC-15|LC-16|LC-17,66.0,0.10679611650485436,0.27824873034442366,0.7217512696555763,,0.0,1,0.1,0.02556634304207122,0.5295554436079374,0.15795520394405557
2023-07-28,entropy_based,0.25,Z03,right,RC-08|RC-09|RC-10|RC-11|RC-12,65.0,0.10517799352750809,0.28055273128634317,0.7194472687136568,,0.0,1,0.1,0.02556634304207122,0.5295554436079374,0.15795520394405557
2023-07-28,entropy_based,0.25,Z04,right,RC-13|RC-14|RC-15|RC-16|RC-17,46.0,0.0744336569579288,0.17861576661271028,0.8213842333872897,,0.0,1,0.1,0.02556634304207122,0.5295554436079374,0.15795520394405557
2023-07-31,random,,Z01,left,LC-08|LC-09|LC-10|LC-11|LC-12,332.0,0.6446601941747573,0.07117931978672698,0.928820680213273,332.0,,2,0.2857142857142857,,,
2023-07-31,random,,Z02,left,LC-13|LC-14|LC-15|LC-16|LC-17,24.0,0.04660194174757282,0.24674703453849833,0.7532529654615017,24.0,,1,0.14285714285714285,,,
2023-07-31,random,,Z03,right,RC-08|RC-09|RC-10|RC-11|RC-12,96.0,0.18640776699029127,0.1973312228598837,0.8026687771401163,96.0,,3,0.42857142857142855,,,
2023-07-31,random,,Z04,right,RC-13|RC-14|RC-15|RC-16|RC-17,63.0,0.12233009708737864,0.14530030814003037,0.8546996918599696,63.0,,1,0.14285714285714285,,,
2023-07-31,equal,,Z01,left,LC-08|LC-09|LC-10|LC-11|LC-12,332.0,0.6446601941747573,0.07117931978672698,0.928820680213273,332.0,,2,0.2857142857142857,,,
2023-07-31,equal,,Z02,left,LC-13|LC-14|LC-15|LC-16|LC-17,24.0,0.04660194174757282,0.24674703453849833,0.7532529654615017,24.0,,2,0.2857142857142857,,,
2023-07-31,equal,,Z03,right,RC-08|RC-09|RC-10|RC-11|RC-12,96.0,0.18640776699029127,0.1973312228598837,0.8026687771401163,96.0,,2,0.2857142857142857,,,
2023-07-31,equal,,Z04,right,RC-13|RC-14|RC-15|RC-16|RC-17,63.0,0.12233009708737864,0.14530030814003037,0.8546996918599696,63.0,,1,0.14285714285714285,,,
2023-07-31,volume_proportional,,Z01,left,LC-08|LC-09|LC-10|LC-11|LC-12,332.0,0.6446601941747573,0.07117931978672698,0.928820680213273,332.0,,4,0.5714285714285714,,,
2023-07-31,volume_proportional,,Z02,left,LC-13|LC-14|LC-15|LC-16|LC-17,24.0,0.04660194174757282,0.24674703453849833,0.7532529654615017,24.0,,1,0.14285714285714285,,,
2023-07-31,volume_proportional,,Z03,right,RC-08|RC-09|RC-10|RC-11|RC-12,96.0,0.18640776699029127,0.1973312228598837,0.8026687771401163,96.0,,1,0.14285714285714285,,,
2023-07-31,volume_proportional,,Z04,right,RC-13|RC-14|RC-15|RC-16|RC-17,63.0,0.12233009708737864,0.14530030814003037,0.8546996918599696,63.0,,1,0.14285714285714285,,,
2023-07-31,entropy_based,0.25,Z01,left,LC-08|LC-09|LC-10|LC-11|LC-12,332.0,0.6446601941747573,0.07117931978672698,0.928820680213273,,0.4270759187203619,4,0.5714285714285714,0.11678224687933428,0.4270759187203619,0.22355122655942475
2023-07-31,entropy_based,0.25,Z02,left,LC-13|LC-14|LC-15|LC-16|LC-17,24.0,0.04660194174757282,0.24674703453849833,0.7532529654615017,,0.0,1,0.14285714285714285,0.11678224687933428,0.4270759187203619,0.22355122655942475
2023-07-31,entropy_based,0.25,Z03,right,RC-08|RC-09|RC-10|RC-11|RC-12,96.0,0.18640776699029127,0.1973312228598837,0.8026687771401163,,0.0,1,0.14285714285714285,0.11678224687933428,0.4270759187203619,0.22355122655942475
2023-07-31,entropy_based,0.25,Z04,right,RC-13|RC-14|RC-15|RC-16|RC-17,63.0,0.12233009708737864,0.14530030814003037,0.8546996918599696,,0.0,1,0.14285714285714285,0.11678224687933428,0.4270759187203619,0.22355122655942475
2023-08-03,random,,Z01,left,LC-08|LC-09|LC-10|LC-11|LC-12,307.0,0.6369294605809128,0.10794148162694017,0.8920585183730598,307.0,,3,0.5,,,
2023-08-03,random,,Z02,left,LC-13|LC-14|LC-15|LC-16|LC-17,0.0,0.0,0.22390119297600342,0.7760988070239966,0.0,,0,0.0,,,
2023-08-03,random,,Z03,right,RC-08|RC-09|RC-10|RC-11|RC-12,87.0,0.18049792531120332,0.39090544244392533,0.6090945575560747,87.0,,1,0.16666666666666666,,,
2023-08-03,random,,Z04,right,RC-13|RC-14|RC-15|RC-16|RC-17,88.0,0.1825726141078838,0.2626138397408121,0.7373861602591879,88.0,,2,0.3333333333333333,,,
2023-08-03,equal,,Z01,left,LC-08|LC-09|LC-10|LC-11|LC-12,307.0,0.6369294605809128,0.10794148162694017,0.8920585183730598,307.0,,2,0.3333333333333333,,,
2023-08-03,equal,,Z02,left,LC-13|LC-14|LC-15|LC-16|LC-17,0.0,0.0,0.22390119297600342,0.7760988070239966,0.0,,0,0.0,,,
2023-08-03,equal,,Z03,right,RC-08|RC-09|RC-10|RC-11|RC-12,87.0,0.18049792531120332,0.39090544244392533,0.6090945575560747,87.0,,2,0.3333333333333333,,,
2023-08-03,equal,,Z04,right,RC-13|RC-14|RC-15|RC-16|RC-17,88.0,0.1825726141078838,0.2626138397408121,0.7373861602591879,88.0,,2,0.3333333333333333,,,
2023-08-03,volume_proportional,,Z01,left,LC-08|LC-09|LC-10|LC-11|LC-12,307.0,0.6369294605809128,0.10794148162694017,0.8920585183730598,307.0,,4,0.6666666666666666,,,
2023-08-03,volume_proportional,,Z02,left,LC-13|LC-14|LC-15|LC-16|LC-17,0.0,0.0,0.22390119297600342,0.7760988070239966,0.0,,0,0.0,,,
2023-08-03,volume_proportional,,Z03,right,RC-08|RC-09|RC-10|RC-11|RC-12,87.0,0.18049792531120332,0.39090544244392533,0.6090945575560747,87.0,,1,0.16666666666666666,,,
2023-08-03,volume_proportional,,Z04,right,RC-13|RC-14|RC-15|RC-16|RC-17,88.0,0.1825726141078838,0.2626138397408121,0.7373861602591879,88.0,,1,0.16666666666666666,,,
2023-08-03,entropy_based,0.25,Z01,left,LC-08|LC-09|LC-10|LC-11|LC-12,307.0,0.6369294605809128,0.10794148162694017,0.8920585183730598,,0.647648889761641,4,0.6666666666666666,0.02973720608575381,0.647648889761641,0.19164942852616407
2023-08-03,entropy_based,0.25,Z02,left,LC-13|LC-14|LC-15|LC-16|LC-17,0.0,0.0,0.22390119297600342,0.7760988070239966,,0.0,0,0.0,0.02973720608575381,0.647648889761641,0.19164942852616407
2023-08-03,entropy_based,0.25,Z03,right,RC-08|RC-09|RC-10|RC-11|RC-12,87.0,0.18049792531120332,0.39090544244392533,0.6090945575560747,,0.0,1,0.16666666666666666,0.02973720608575381,0.647648889761641,0.19164942852616407
2023-08-03,entropy_based,0.25,Z04,right,RC-13|RC-14|RC-15|RC-16|RC-17,88.0,0.1825726141078838,0.2626138397408121,0.7373861602591879,,0.0,1,0.16666666666666666,0.02973720608575381,0.647648889761641,0.19164942852616407
2023-08-07,random,,Z01,left,LC-08|LC-09|LC-10|LC-11|LC-12,830.0,0.5330764290301863,0.032848738388279175,0.9671512616117208,830.0,,3,0.375,,,
2023-08-07,random,,Z02,left,LC-13|LC-14|LC-15|LC-16|LC-17,24.0,0.015414258188824663,0.3192418682671794,0.6807581317328206,24.0,,1,0.125,,,
2023-08-07,random,,Z03,right,RC-08|RC-09|RC-10|RC-11|RC-12,565.0,0.36287732819524726,0.28781719444497633,0.7121828055550237,565.0,,3,0.375,,,
2023-08-07,random,,Z04,right,RC-13|RC-14|RC-15|RC-16|RC-17,138.0,0.08863198458574181,0.16981622726971202,0.830183772730288,138.0,,1,0.125,,,
2023-08-07,equal,,Z01,left,LC-08|LC-09|LC-10|LC-11|LC-12,830.0,0.5330764290301863,0.032848738388279175,0.9671512616117208,830.0,,2,0.25,,,
2023-08-07,equal,,Z02,left,LC-13|LC-14|LC-15|LC-16|LC-17,24.0,0.015414258188824663,0.3192418682671794,0.6807581317328206,24.0,,2,0.25,,,
2023-08-07,equal,,Z03,right,RC-08|RC-09|RC-10|RC-11|RC-12,565.0,0.36287732819524726,0.28781719444497633,0.7121828055550237,565.0,,2,0.25,,,
2023-08-07,equal,,Z04,right,RC-13|RC-14|RC-15|RC-16|RC-17,138.0,0.08863198458574181,0.16981622726971202,0.830183772730288,138.0,,2,0.25,,,
2023-08-07,volume_proportional,,Z01,left,LC-08|LC-09|LC-10|LC-11|LC-12,830.0,0.5330764290301863,0.032848738388279175,0.9671512616117208,830.0,,4,0.5,,,
2023-08-07,volume_proportional,,Z02,left,LC-13|LC-14|LC-15|LC-16|LC-17,24.0,0.015414258188824663,0.3192418682671794,0.6807581317328206,24.0,,1,0.125,,,
2023-08-07,volume_proportional,,Z03,right,RC-08|RC-09|RC-10|RC-11|RC-12,565.0,0.36287732819524726,0.28781719444497633,0.7121828055550237,565.0,,2,0.25,,,
2023-08-07,volume_proportional,,Z04,right,RC-13|RC-14|RC-15|RC-16|RC-17,138.0,0.08863198458574181,0.16981622726971202,0.830183772730288,138.0,,1,0.125,,,
2023-08-07,entropy_based,0.25,Z01,left,LC-08|LC-09|LC-10|LC-11|LC-12,830.0,0.5330764290301863,0.032848738388279175,0.9671512616117208,,0.19709243032967505,4,0.5,0.14595375722543352,0.4849096247746514,0.26718116341909637
2023-08-07,entropy_based,0.25,Z02,left,LC-13|LC-14|LC-15|LC-16|LC-17,24.0,0.015414258188824663,0.3192418682671794,0.6807581317328206,,0.0,1,0.125,0.14595375722543352,0.4849096247746514,0.26718116341909637
2023-08-07,entropy_based,0.25,Z03,right,RC-08|RC-09|RC-10|RC-11|RC-12,565.0,0.36287732819524726,0.28781719444497633,0.7121828055550237,,0.28781719444497633,2,0.25,0.14595375722543352,0.4849096247746514,0.26718116341909637
2023-08-07,entropy_based,0.25,Z04,right,RC-13|RC-14|RC-15|RC-16|RC-17,138.0,0.08863198458574181,0.16981622726971202,0.830183772730288,,0.0,1,0.125,0.14595375722543352,0.4849096247746514,0.26718116341909637
2023-08-08,random,,Z01,left,LC-08|LC-09|LC-10|LC-11|LC-12,289.0,0.518850987432675,0.07053496101750178,0.9294650389824982,289.0,,3,0.42857142857142855,,,
2023-08-08,random,,Z02,left,LC-13|LC-14|LC-15|LC-16|LC-17,83.0,0.1490125673249551,0.21069344780751909,0.7893065521924809,83.0,,2,0.2857142857142857,,,
2023-08-08,random,,Z03,right,RC-08|RC-09|RC-10|RC-11|RC-12,185.0,0.33213644524236985,0.2617464596809991,0.7382535403190009,185.0,,2,0.2857142857142857,,,
2023-08-08,random,,Z04,right,RC-13|RC-14|RC-15|RC-16|RC-17,0.0,0.0,0.02989301877665529,0.9701069812233447,0.0,,0,0.0,,,
2023-08-08,equal,,Z01,left,LC-08|LC-09|LC-10|LC-11|LC-12,289.0,0.518850987432675,0.07053496101750178,0.9294650389824982,289.0,,3,0.42857142857142855,,,
2023-08-08,equal,,Z02,left,LC-13|LC-14|LC-15|LC-16|LC-17,83.0,0.1490125673249551,0.21069344780751909,0.7893065521924809,83.0,,2,0.2857142857142857,,,
2023-08-08,equal,,Z03,right,RC-08|RC-09|RC-10|RC-11|RC-12,185.0,0.33213644524236985,0.2617464596809991,0.7382535403190009,185.0,,2,0.2857142857142857,,,
2023-08-08,equal,,Z04,right,RC-13|RC-14|RC-15|RC-16|RC-17,0.0,0.0,0.02989301877665529,0.9701069812233447,0.0,,0,0.0,,,
2023-08-08,volume_proportional,,Z01,left,LC-08|LC-09|LC-10|LC-11|LC-12,289.0,0.518850987432675,0.07053496101750178,0.9294650389824982,289.0,,4,0.5714285714285714,,,
2023-08-08,volume_proportional,,Z02,left,LC-13|LC-14|LC-15|LC-16|LC-17,83.0,0.1490125673249551,0.21069344780751909,0.7893065521924809,83.0,,1,0.14285714285714285,,,
2023-08-08,volume_proportional,,Z03,right,RC-08|RC-09|RC-10|RC-11|RC-12,185.0,0.33213644524236985,0.2617464596809991,0.7382535403190009,185.0,,2,0.2857142857142857,,,
2023-08-08,volume_proportional,,Z04,right,RC-13|RC-14|RC-15|RC-16|RC-17,0.0,0.0,0.02989301877665529,0.9701069812233447,0.0,,0,0.0,,,
2023-08-08,entropy_based,0.25,Z01,left,LC-08|LC-09|LC-10|LC-11|LC-12,289.0,0.518850987432675,0.07053496101750178,0.9294650389824982,,0.4232097661050107,4,0.5714285714285714,0.052577583995896404,0.6849562257860098,0.22381664044239885
2023-08-08,entropy_based,0.25,Z02,left,LC-13|LC-14|LC-15|LC-16|LC-17,83.0,0.1490125673249551,0.21069344780751909,0.7893065521924809,,0.0,1,0.14285714285714285,0.052577583995896404,0.6849562257860098,0.22381664044239885
2023-08-08,entropy_based,0.25,Z03,right,RC-08|RC-09|RC-10|RC-11|RC-12,185.0,0.33213644524236985,0.2617464596809991,0.7382535403190009,,0.2617464596809991,2,0.2857142857142857,0.052577583995896404,0.6849562257860098,0.22381664044239885
2023-08-08,entropy_based,0.25,Z04,right,RC-13|RC-14|RC-15|RC-16|RC-17,0.0,0.0,0.02989301877665529,0.9701069812233447,,0.0,0,0.0,0.052577583995896404,0.6849562257860098,0.22381664044239885
2023-08-10,random,,Z01,left,LC-08|LC-09|LC-10|LC-11|LC-12,366.0,0.6039603960396039,0.26620370033425733,0.7337962996657427,366.0,,3,0.375,,,
2023-08-10,random,,Z02,left,LC-13|LC-14|LC-15|LC-16|LC-17,114.0,0.18811881188118812,0.2674401087057233,0.7325598912942767,114.0,,2,0.25,,,
2023-08-10,random,,Z03,right,RC-08|RC-09|RC-10|RC-11|RC-12,126.0,0.2079207920792079,0.1299130982829788,0.8700869017170212,126.0,,3,0.375,,,
2023-08-10,random,,Z04,right,RC-13|RC-14|RC-15|RC-16|RC-17,0.0,0.0,0.08711294191061536,0.9128870580893846,0.0,,0,0.0,,,
2023-08-10,equal,,Z01,left,LC-08|LC-09|LC-10|LC-11|LC-12,366.0,0.6039603960396039,0.26620370033425733,0.7337962996657427,366.0,,3,0.375,,,
2023-08-10,equal,,Z02,left,LC-13|LC-14|LC-15|LC-16|LC-17,114.0,0.18811881188118812,0.2674401087057233,0.7325598912942767,114.0,,3,0.375,,,
2023-08-10,equal,,Z03,right,RC-08|RC-09|RC-10|RC-11|RC-12,126.0,0.2079207920792079,0.1299130982829788,0.8700869017170212,126.0,,2,0.25,,,
2023-08-10,equal,,Z04,right,RC-13|RC-14|RC-15|RC-16|RC-17,0.0,0.0,0.08711294191061536,0.9128870580893846,0.0,,0,0.0,,,
2023-08-10,volume_proportional,,Z01,left,LC-08|LC-09|LC-10|LC-11|LC-12,366.0,0.6039603960396039,0.26620370033425733,0.7337962996657427,366.0,,5,0.625,,,
2023-08-10,volume_proportional,,Z02,left,LC-13|LC-14|LC-15|LC-16|LC-17,114.0,0.18811881188118812,0.2674401087057233,0.7325598912942767,114.0,,1,0.125,,,
2023-08-10,volume_proportional,,Z03,right,RC-08|RC-09|RC-10|RC-11|RC-12,126.0,0.2079207920792079,0.1299130982829788,0.8700869017170212,126.0,,2,0.25,,,
2023-08-10,volume_proportional,,Z04,right,RC-13|RC-14|RC-15|RC-16|RC-17,0.0,0.0,0.08711294191061536,0.9128870580893846,0.0,,0,0.0,,,
2023-08-10,entropy_based,0.25,Z01,left,LC-08|LC-09|LC-10|LC-11|LC-12,366.0,0.6039603960396039,0.26620370033425733,0.7337962996657427,,0.798611101002772,3,0.375,0.22896039603960394,1.4557905045574318,0.5929080221789619
2023-08-10,entropy_based,0.25,Z02,left,LC-13|LC-14|LC-15|LC-16|LC-17,114.0,0.18811881188118812,0.2674401087057233,0.7325598912942767,,0.2674401087057233,2,0.25,0.22896039603960394,1.4557905045574318,0.5929080221789619
2023-08-10,entropy_based,0.25,Z03,right,RC-08|RC-09|RC-10|RC-11|RC-12,126.0,0.2079207920792079,0.1299130982829788,0.8700869017170212,,0.38973929484893644,3,0.375,0.22896039603960394,1.4557905045574318,0.5929080221789619
2023-08-10,entropy_based,0.25,Z04,right,RC-13|RC-14|RC-15|RC-16|RC-17,0.0,0.0,0.08711294191061536,0.9128870580893846,,0.0,0,0.0,0.22896039603960394,1.4557905045574318,0.5929080221789619
2023-08-13,random,,Z01,left,LC-08|LC-09|LC-10|LC-11|LC-12,413.0,0.3654867256637168,0.05504402673603781,0.9449559732639622,413.0,,2,0.3333333333333333,,,
2023-08-13,random,,Z02,left,LC-13|LC-14|LC-15|LC-16|LC-17,24.0,0.021238938053097345,0.20154601106264647,0.7984539889373535,24.0,,1,0.16666666666666666,,,
2023-08-13,random,,Z03,right,RC-08|RC-09|RC-10|RC-11|RC-12,642.0,0.5681415929203539,0.06208730621928393,0.9379126937807161,642.0,,2,0.3333333333333333,,,
2023-08-13,random,,Z04,right,RC-13|RC-14|RC-15|RC-16|RC-17,51.0,0.04513274336283186,0.07957592341562747,0.9204240765843725,51.0,,1,0.16666666666666666,,,
2023-08-13,equal,,Z01,left,LC-08|LC-09|LC-10|LC-11|LC-12,413.0,0.3654867256637168,0.05504402673603781,0.9449559732639622,413.0,,2,0.3333333333333333,,,
2023-08-13,equal,,Z02,left,LC-13|LC-14|LC-15|LC-16|LC-17,24.0,0.021238938053097345,0.20154601106264647,0.7984539889373535,24.0,,2,0.3333333333333333,,,
2023-08-13,equal,,Z03,right,RC-08|RC-09|RC-10|RC-11|RC-12,642.0,0.5681415929203539,0.06208730621928393,0.9379126937807161,642.0,,1,0.16666666666666666,,,
2023-08-13,equal,,Z04,right,RC-13|RC-14|RC-15|RC-16|RC-17,51.0,0.04513274336283186,0.07957592341562747,0.9204240765843725,51.0,,1,0.16666666666666666,,,
2023-08-13,volume_proportional,,Z01,left,LC-08|LC-09|LC-10|LC-11|LC-12,413.0,0.3654867256637168,0.05504402673603781,0.9449559732639622,413.0,,2,0.3333333333333333,,,
2023-08-13,volume_proportional,,Z02,left,LC-13|LC-14|LC-15|LC-16|LC-17,24.0,0.021238938053097345,0.20154601106264647,0.7984539889373535,24.0,,1,0.16666666666666666,,,
2023-08-13,volume_proportional,,Z03,right,RC-08|RC-09|RC-10|RC-11|RC-12,642.0,0.5681415929203539,0.06208730621928393,0.9379126937807161,642.0,,2,0.3333333333333333,,,
2023-08-13,volume_proportional,,Z04,right,RC-13|RC-14|RC-15|RC-16|RC-17,51.0,0.04513274336283186,0.07957592341562747,0.9204240765843725,51.0,,1,0.16666666666666666,,,
2023-08-13,entropy_based,0.25,Z01,left,LC-08|LC-09|LC-10|LC-11|LC-12,413.0,0.3654867256637168,0.05504402673603781,0.9449559732639622,,0.05504402673603781,2,0.3333333333333333,0.2669616519174041,0.11713133295532174,0.2962444851562346
2023-08-13,entropy_based,0.25,Z02,left,LC-13|LC-14|LC-15|LC-16|LC-17,24.0,0.021238938053097345,0.20154601106264647,0.7984539889373535,,0.0,1,0.16666666666666666,0.2669616519174041,0.11713133295532174,0.2962444851562346
2023-08-13,entropy_based,0.25,Z03,right,RC-08|RC-09|RC-10|RC-11|RC-12,642.0,0.5681415929203539,0.06208730621928393,0.9379126937807161,,0.06208730621928393,2,0.3333333333333333,0.2669616519174041,0.11713133295532174,0.2962444851562346
2023-08-13,entropy_based,0.25,Z04,right,RC-13|RC-14|RC-15|RC-16|RC-17,51.0,0.04513274336283186,0.07957592341562747,0.9204240765843725,,0.0,1,0.16666666666666666,0.2669616519174041,0.11713133295532174,0.2962444851562346
2023-08-15,random,,Z01,left,LC-08|LC-09|LC-10|LC-11|LC-12,515.0,0.5063913470993117,0.0663965575182438,0.9336034424817562,515.0,,2,0.4,,,
2023-08-15,random,,Z02,left,LC-13|LC-14|LC-15|LC-16|LC-17,24.0,0.02359882005899705,0.21417546725093417,0.7858245327490658,24.0,,1,0.2,,,
2023-08-15,random,,Z03,right,RC-08|RC-09|RC-10|RC-11|RC-12,430.0,0.42281219272369713,0.1371857830265718,0.8628142169734282,430.0,,1,0.2,,,
2023-08-15,random,,Z04,right,RC-13|RC-14|RC-15|RC-16|RC-17,48.0,0.0471976401179941,0.10734505201663147,0.8926549479833685,48.0,,1,0.2,,,
2023-08-15,equal,,Z01,left,LC-08|LC-09|LC-10|LC-11|LC-12,515.0,0.5063913470993117,0.0663965575182438,0.9336034424817562,515.0,,2,0.4,,,
2023-08-15,equal,,Z02,left,LC-13|LC-14|LC-15|LC-16|LC-17,24.0,0.02359882005899705,0.21417546725093417,0.7858245327490658,24.0,,1,0.2,,,
2023-08-15,equal,,Z03,right,RC-08|RC-09|RC-10|RC-11|RC-12,430.0,0.42281219272369713,0.1371857830265718,0.8628142169734282,430.0,,1,0.2,,,
2023-08-15,equal,,Z04,right,RC-13|RC-14|RC-15|RC-16|RC-17,48.0,0.0471976401179941,0.10734505201663147,0.8926549479833685,48.0,,1,0.2,,,
2023-08-15,volume_proportional,,Z01,left,LC-08|LC-09|LC-10|LC-11|LC-12,515.0,0.5063913470993117,0.0663965575182438,0.9336034424817562,515.0,,2,0.4,,,
2023-08-15,volume_proportional,,Z02,left,LC-13|LC-14|LC-15|LC-16|LC-17,24.0,0.02359882005899705,0.21417546725093417,0.7858245327490658,24.0,,1,0.2,,,
2023-08-15,volume_proportional,,Z03,right,RC-08|RC-09|RC-10|RC-11|RC-12,430.0,0.42281219272369713,0.1371857830265718,0.8628142169734282,430.0,,1,0.2,,,
2023-08-15,volume_proportional,,Z04,right,RC-13|RC-14|RC-15|RC-16|RC-17,48.0,0.0471976401179941,0.10734505201663147,0.8926549479833685,48.0,,1,0.2,,,
2023-08-15,entropy_based,0.25,Z01,left,LC-08|LC-09|LC-10|LC-11|LC-12,515.0,0.5063913470993117,0.0663965575182438,0.9336034424817562,,0.0663965575182438,2,0.4,0.3292035398230088,0.0663965575182438,0.3458026792025698
2023-08-15,entropy_based,0.25,Z02,left,LC-13|LC-14|LC-15|LC-16|LC-17,24.0,0.02359882005899705,0.21417546725093417,0.7858245327490658,,0.0,1,0.2,0.3292035398230088,0.0663965575182438,0.3458026792025698
2023-08-15,entropy_based,0.25,Z03,right,RC-08|RC-09|RC-10|RC-11|RC-12,430.0,0.42281219272369713,0.1371857830265718,0.8628142169734282,,0.0,1,0.2,0.3292035398230088,0.0663965575182438,0.3458026792025698
2023-08-15,entropy_based,0.25,Z04,right,RC-13|RC-14|RC-15|RC-16|RC-17,48.0,0.0471976401179941,0.10734505201663147,0.8926549479833685,,0.0,1,0.2,0.3292035398230088,0.0663965575182438,0.3458026792025698
2023-08-16,random,,Z01,left,LC-08|LC-09|LC-10|LC-11|LC-12,386.0,0.4525205158264947,0.08758557753180762,0.9124144224681924,386.0,,4,0.6666666666666666,,,
2023-08-16,random,,Z02,left,LC-13|LC-14|LC-15|LC-16|LC-17,0.0,0.0,0.3748037385162061,0.6251962614837939,0.0,,0,0.0,,,
2023-08-16,random,,Z03,right,RC-08|RC-09|RC-10|RC-11|RC-12,467.0,0.5474794841735052,0.15184437746549828,0.8481556225345017,467.0,,2,0.3333333333333333,,,
2023-08-16,random,,Z04,right,RC-13|RC-14|RC-15|RC-16|RC-17,0.0,0.0,0.1693829029476266,0.8306170970523734,0.0,,0,0.0,,,
2023-08-16,equal,,Z01,left,LC-08|LC-09|LC-10|LC-11|LC-12,386.0,0.4525205158264947,0.08758557753180762,0.9124144224681924,386.0,,3,0.5,,,
2023-08-16,equal,,Z02,left,LC-13|LC-14|LC-15|LC-16|LC-17,0.0,0.0,0.3748037385162061,0.6251962614837939,0.0,,0,0.0,,,
2023-08-16,equal,,Z03,right,RC-08|RC-09|RC-10|RC-11|RC-12,467.0,0.5474794841735052,0.15184437746549828,0.8481556225345017,467.0,,3,0.5,,,
2023-08-16,equal,,Z04,right,RC-13|RC-14|RC-15|RC-16|RC-17,0.0,0.0,0.1693829029476266,0.8306170970523734,0.0,,0,0.0,,,
2023-08-16,volume_proportional,,Z01,left,LC-08|LC-09|LC-10|LC-11|LC-12,386.0,0.4525205158264947,0.08758557753180762,0.9124144224681924,386.0,,3,0.5,,,
2023-08-16,volume_proportional,,Z02,left,LC-13|LC-14|LC-15|LC-16|LC-17,0.0,0.0,0.3748037385162061,0.6251962614837939,0.0,,0,0.0,,,
2023-08-16,volume_proportional,,Z03,right,RC-08|RC-09|RC-10|RC-11|RC-12,467.0,0.5474794841735052,0.15184437746549828,0.8481556225345017,467.0,,3,0.5,,,
2023-08-16,volume_proportional,,Z04,right,RC-13|RC-14|RC-15|RC-16|RC-17,0.0,0.0,0.1693829029476266,0.8306170970523734,0.0,,0,0.0,,,
2023-08-16,entropy_based,0.25,Z01,left,LC-08|LC-09|LC-10|LC-11|LC-12,386.0,0.4525205158264947,0.08758557753180762,0.9124144224681924,,0.26275673259542287,3,0.5,0.047479484173505254,0.7182898649919177,0.22705195042148468
2023-08-16,entropy_based,0.25,Z02,left,LC-13|LC-14|LC-15|LC-16|LC-17,0.0,0.0,0.3748037385162061,0.6251962614837939,,0.0,0,0.0,0.047479484173505254,0.7182898649919177,0.22705195042148468
2023-08-16,entropy_based,0.25,Z03,right,RC-08|RC-09|RC-10|RC-11|RC-12,467.0,0.5474794841735052,0.15184437746549828,0.8481556225345017,,0.45553313239649484,3,0.5,0.047479484173505254,0.7182898649919177,0.22705195042148468
2023-08-16,entropy_based,0.25,Z04,right,RC-13|RC-14|RC-15|RC-16|RC-17,0.0,0.0,0.1693829029476266,0.8306170970523734,,0.0,0,0.0,0.047479484173505254,0.7182898649919177,0.22705195042148468
2023-08-17,random,,Z01,left,LC-08|LC-09|LC-10|LC-11|LC-12,260.0,0.23090586145648312,0.37028671322402185,0.6297132867759782,260.0,,2,0.4,,,
2023-08-17,random,,Z02,left,LC-13|LC-14|LC-15|LC-16|LC-17,97.0,0.08614564831261101,0.379674973434714,0.620325026565286,97.0,,1,0.2,,,
2023-08-17,random,,Z03,right,RC-08|RC-09|RC-10|RC-11|RC-12,720.0,0.6394316163410302,0.5204227201169902,0.4795772798830098,720.0,,1,0.2,,,
2023-08-17,random,,Z04,right,RC-13|RC-14|RC-15|RC-16|RC-17,49.0,0.043516873889875664,0.2893281710747576,0.7106718289252424,49.0,,1,0.2,,,
2023-08-17,equal,,Z01,left,LC-08|LC-09|LC-10|LC-11|LC-12,260.0,0.23090586145648312,0.37028671322402185,0.6297132867759782,260.0,,2,0.4,,,
2023-08-17,equal,,Z02,left,LC-13|LC-14|LC-15|LC-16|LC-17,97.0,0.08614564831261101,0.379674973434714,0.620325026565286,97.0,,1,0.2,,,
2023-08-17,equal,,Z03,right,RC-08|RC-09|RC-10|RC-11|RC-12,720.0,0.6394316163410302,0.5204227201169902,0.4795772798830098,720.0,,1,0.2,,,
2023-08-17,equal,,Z04,right,RC-13|RC-14|RC-15|RC-16|RC-17,49.0,0.043516873889875664,0.2893281710747576,0.7106718289252424,49.0,,1,0.2,,,
2023-08-17,volume_proportional,,Z01,left,LC-08|LC-09|LC-10|LC-11|LC-12,260.0,0.23090586145648312,0.37028671322402185,0.6297132867759782,260.0,,1,0.2,,,
2023-08-17,volume_proportional,,Z02,left,LC-13|LC-14|LC-15|LC-16|LC-17,97.0,0.08614564831261101,0.379674973434714,0.620325026565286,97.0,,1,0.2,,,
2023-08-17,volume_proportional,,Z03,right,RC-08|RC-09|RC-10|RC-11|RC-12,720.0,0.6394316163410302,0.5204227201169902,0.4795772798830098,720.0,,2,0.4,,,
2023-08-17,volume_proportional,,Z04,right,RC-13|RC-14|RC-15|RC-16|RC-17,49.0,0.043516873889875664,0.2893281710747576,0.7106718289252424,49.0,,1,0.2,,,
2023-08-17,entropy_based,0.25,Z01,left,LC-08|LC-09|LC-10|LC-11|LC-12,260.0,0.23090586145648312,0.37028671322402185,0.6297132867759782,,0.0,1,0.2,0.2703374777975133,0.5204227201169902,0.4004431578267609
2023-08-17,entropy_based,0.25,Z02,left,LC-13|LC-14|LC-15|LC-16|LC-17,97.0,0.08614564831261101,0.379674973434714,0.620325026565286,,0.0,1,0.2,0.2703374777975133,0.5204227201169902,0.4004431578267609
2023-08-17,entropy_based,0.25,Z03,right,RC-08|RC-09|RC-10|RC-11|RC-12,720.0,0.6394316163410302,0.5204227201169902,0.4795772798830098,,0.5204227201169902,2,0.4,0.2703374777975133,0.5204227201169902,0.4004431578267609
2023-08-17,entropy_based,0.25,Z04,right,RC-13|RC-14|RC-15|RC-16|RC-17,49.0,0.043516873889875664,0.2893281710747576,0.7106718289252424,,0.0,1,0.2,0.2703374777975133,0.5204227201169902,0.4004431578267609
2023-08-22,random,,Z01,left,LC-08|LC-09|LC-10|LC-11|LC-12,2261.0,0.5070643642072213,0.049102263786578004,0.950897736213422,2261.0,,2,0.2857142857142857,,,
2023-08-22,random,,Z02,left,LC-13|LC-14|LC-15|LC-16|LC-17,482.0,0.10809598564700605,0.26781688991285946,0.7321831100871405,482.0,,1,0.14285714285714285,,,
2023-08-22,random,,Z03,right,RC-08|RC-09|RC-10|RC-11|RC-12,1382.0,0.3099349629961875,0.1290531091294823,0.8709468908705177,1382.0,,3,0.42857142857142855,,,
2023-08-22,random,,Z04,right,RC-13|RC-14|RC-15|RC-16|RC-17,334.0,0.0749046871495851,0.09573757113064052,0.9042624288693595,334.0,,1,0.14285714285714285,,,
2023-08-22,equal,,Z01,left,LC-08|LC-09|LC-10|LC-11|LC-12,2261.0,0.5070643642072213,0.049102263786578004,0.950897736213422,2261.0,,2,0.2857142857142857,,,
2023-08-22,equal,,Z02,left,LC-13|LC-14|LC-15|LC-16|LC-17,482.0,0.10809598564700605,0.26781688991285946,0.7321831100871405,482.0,,2,0.2857142857142857,,,
2023-08-22,equal,,Z03,right,RC-08|RC-09|RC-10|RC-11|RC-12,1382.0,0.3099349629961875,0.1290531091294823,0.8709468908705177,1382.0,,2,0.2857142857142857,,,
2023-08-22,equal,,Z04,right,RC-13|RC-14|RC-15|RC-16|RC-17,334.0,0.0749046871495851,0.09573757113064052,0.9042624288693595,334.0,,1,0.14285714285714285,,,
2023-08-22,volume_proportional,,Z01,left,LC-08|LC-09|LC-10|LC-11|LC-12,2261.0,0.5070643642072213,0.049102263786578004,0.950897736213422,2261.0,,3,0.42857142857142855,,,
2023-08-22,volume_proportional,,Z02,left,LC-13|LC-14|LC-15|LC-16|LC-17,482.0,0.10809598564700605,0.26781688991285946,0.7321831100871405,482.0,,1,0.14285714285714285,,,
2023-08-22,volume_proportional,,Z03,right,RC-08|RC-09|RC-10|RC-11|RC-12,1382.0,0.3099349629961875,0.1290531091294823,0.8709468908705177,1382.0,,2,0.2857142857142857,,,
2023-08-22,volume_proportional,,Z04,right,RC-13|RC-14|RC-15|RC-16|RC-17,334.0,0.0749046871495851,0.09573757113064052,0.9042624288693595,334.0,,1,0.14285714285714285,,,
2023-08-22,entropy_based,0.25,Z01,left,LC-08|LC-09|LC-10|LC-11|LC-12,2261.0,0.5070643642072213,0.049102263786578004,0.950897736213422,,0.147306791359734,3,0.42857142857142855,0.10271361291769457,0.2763599004892163,0.17180358803999865
2023-08-22,entropy_based,0.25,Z02,left,LC-13|LC-14|LC-15|LC-16|LC-17,482.0,0.10809598564700605,0.26781688991285946,0.7321831100871405,,0.0,1,0.14285714285714285,0.10271361291769457,0.2763599004892163,0.17180358803999865
2023-08-22,entropy_based,0.25,Z03,right,RC-08|RC-09|RC-10|RC-11|RC-12,1382.0,0.3099349629961875,0.1290531091294823,0.8709468908705177,,0.1290531091294823,2,0.2857142857142857,0.10271361291769457,0.2763599004892163,0.17180358803999865
2023-08-22,entropy_based,0.25,Z04,right,RC-13|RC-14|RC-15|RC-16|RC-17,334.0,0.0749046871495851,0.09573757113064052,0.9042624288693595,,0.0,1,0.14285714285714285,0.10271361291769457,0.2763599004892163,0.17180358803999865
2023-08-24,random,,Z01,left,LC-08|LC-09|LC-10|LC-11|LC-12,925.0,0.33381450739805124,0.12340457169125896,0.876595428308741,925.0,,2,0.2857142857142857,,,
2023-08-24,random,,Z02,left,LC-13|LC-14|LC-15|LC-16|LC-17,498.0,0.17971851317214002,0.27978688681788055,0.7202131131821194,498.0,,1,0.14285714285714285,,,
2023-08-24,random,,Z03,right,RC-08|RC-09|RC-10|RC-11|RC-12,1197.0,0.4319740166005052,0.47562121739608254,0.5243787826039175,1197.0,,3,0.42857142857142855,,,
2023-08-24,random,,Z04,right,RC-13|RC-14|RC-15|RC-16|RC-17,151.0,0.0544929628293035,0.012103847057791883,0.9878961529422081,151.0,,1,0.14285714285714285,,,
2023-08-24,equal,,Z01,left,LC-08|LC-09|LC-10|LC-11|LC-12,925.0,0.33381450739805124,0.12340457169125896,0.876595428308741,925.0,,2,0.2857142857142857,,,
2023-08-24,equal,,Z02,left,LC-13|LC-14|LC-15|LC-16|LC-17,498.0,0.17971851317214002,0.27978688681788055,0.7202131131821194,498.0,,2,0.2857142857142857,,,
2023-08-24,equal,,Z03,right,RC-08|RC-09|RC-10|RC-11|RC-12,1197.0,0.4319740166005052,0.47562121739608254,0.5243787826039175,1197.0,,2,0.2857142857142857,,,
2023-08-24,equal,,Z04,right,RC-13|RC-14|RC-15|RC-16|RC-17,151.0,0.0544929628293035,0.012103847057791883,0.9878961529422081,151.0,,1,0.14285714285714285,,,
2023-08-24,volume_proportional,,Z01,left,LC-08|LC-09|LC-10|LC-11|LC-12,925.0,0.33381450739805124,0.12340457169125896,0.876595428308741,925.0,,2,0.2857142857142857,,,
2023-08-24,volume_proportional,,Z02,left,LC-13|LC-14|LC-15|LC-16|LC-17,498.0,0.17971851317214002,0.27978688681788055,0.7202131131821194,498.0,,1,0.14285714285714285,,,
2023-08-24,volume_proportional,,Z03,right,RC-08|RC-09|RC-10|RC-11|RC-12,1197.0,0.4319740166005052,0.47562121739608254,0.5243787826039175,1197.0,,3,0.42857142857142855,,,
2023-08-24,volume_proportional,,Z04,right,RC-13|RC-14|RC-15|RC-16|RC-17,151.0,0.0544929628293035,0.012103847057791883,0.9878961529422081,151.0,,1,0.14285714285714285,,,
2023-08-24,entropy_based,0.25,Z01,left,LC-08|LC-09|LC-10|LC-11|LC-12,925.0,0.33381450739805124,0.12340457169125896,0.876595428308741,,0.12340457169125896,2,0.2857142857142857,0.2312213228849822,0.6111296361451334,0.3840037319212656
2023-08-24,entropy_based,0.25,Z02,left,LC-13|LC-14|LC-15|LC-16|LC-17,498.0,0.17971851317214002,0.27978688681788055,0.7202131131821194,,0.0,1,0.14285714285714285,0.2312213228849822,0.6111296361451334,0.3840037319212656
2023-08-24,entropy_based,0.25,Z03,right,RC-08|RC-09|RC-10|RC-11|RC-12,1197.0,0.4319740166005052,0.47562121739608254,0.5243787826039175,,0.47562121739608254,2,0.2857142857142857,0.2312213228849822,0.6111296361451334,0.3840037319212656
2023-08-24,entropy_based,0.25,Z04,right,RC-13|RC-14|RC-15|RC-16|RC-17,151.0,0.0544929628293035,0.012103847057791883,0.9878961529422081,,0.012103847057791883,2,0.2857142857142857,0.2312213228849822,0.6111296361451334,0.3840037319212656
2023-08-28,random,,Z01,left,LC-08|LC-09|LC-10|LC-11|LC-12,1335.0,0.5749354005167958,0.03807282122297717,0.9619271787770228,1335.0,,3,0.375,,,
2023-08-28,random,,Z02,left,LC-13|LC-14|LC-15|LC-16|LC-17,2.0,0.0008613264427217916,0.19849644758091534,0.8015035524190847,2.0,,1,0.125,,,
2023-08-28,random,,Z03,right,RC-08|RC-09|RC-10|RC-11|RC-12,807.0,0.3475452196382429,0.21791680289963444,0.7820831971003656,807.0,,3,0.375,,,
2023-08-28,random,,Z04,right,RC-13|RC-14|RC-15|RC-16|RC-17,178.0,0.07665805340223945,0.0588657173353031,0.9411342826646969,178.0,,1,0.125,,,
2023-08-28,equal,,Z01,left,LC-08|LC-09|LC-10|LC-11|LC-12,1335.0,0.5749354005167958,0.03807282122297717,0.9619271787770228,1335.0,,2,0.25,,,
2023-08-28,equal,,Z02,left,LC-13|LC-14|LC-15|LC-16|LC-17,2.0,0.0008613264427217916,0.19849644758091534,0.8015035524190847,2.0,,2,0.25,,,
2023-08-28,equal,,Z03,right,RC-08|RC-09|RC-10|RC-11|RC-12,807.0,0.3475452196382429,0.21791680289963444,0.7820831971003656,807.0,,2,0.25,,,
2023-08-28,equal,,Z04,right,RC-13|RC-14|RC-15|RC-16|RC-17,178.0,0.07665805340223945,0.0588657173353031,0.9411342826646969,178.0,,2,0.25,,,
2023-08-28,volume_proportional,,Z01,left,LC-08|LC-09|LC-10|LC-11|LC-12,1335.0,0.5749354005167958,0.03807282122297717,0.9619271787770228,1335.0,,4,0.5,,,
2023-08-28,volume_proportional,,Z02,left,LC-13|LC-14|LC-15|LC-16|LC-17,2.0,0.0008613264427217916,0.19849644758091534,0.8015035524190847,2.0,,1,0.125,,,
2023-08-28,volume_proportional,,Z03,right,RC-08|RC-09|RC-10|RC-11|RC-12,807.0,0.3475452196382429,0.21791680289963444,0.7820831971003656,807.0,,2,0.25,,,
2023-08-28,volume_proportional,,Z04,right,RC-13|RC-14|RC-15|RC-16|RC-17,178.0,0.07665805340223945,0.0588657173353031,0.9411342826646969,178.0,,1,0.125,,,
2023-08-28,entropy_based,0.25,Z01,left,LC-08|LC-09|LC-10|LC-11|LC-12,1335.0,0.5749354005167958,0.03807282122297717,0.9619271787770228,,0.22843692733786303,4,0.5,0.17248062015503873,0.44635373023749747,0.2840690527144131
2023-08-28,entropy_based,0.25,Z02,left,LC-13|LC-14|LC-15|LC-16|LC-17,2.0,0.0008613264427217916,0.19849644758091534,0.8015035524190847,,0.0,1,0.125,0.17248062015503873,0.44635373023749747,0.2840690527144131
2023-08-28,entropy_based,0.25,Z03,right,RC-08|RC-09|RC-10|RC-11|RC-12,807.0,0.3475452196382429,0.21791680289963444,0.7820831971003656,,0.21791680289963444,2,0.25,0.17248062015503873,0.44635373023749747,0.2840690527144131
2023-08-28,entropy_based,0.25,Z04,right,RC-13|RC-14|RC-15|RC-16|RC-17,178.0,0.07665805340223945,0.0588657173353031,0.9411342826646969,,0.0,1,0.125,0.17248062015503873,0.44635373023749747,0.2840690527144131
2023-08-29,random,,Z01,left,LC-08|LC-09|LC-10|LC-11|LC-12,473.0,0.8197573656845754,0.05616755355155634,0.9438324464484437,473.0,,3,0.5,,,
2023-08-29,random,,Z02,left,LC-13|LC-14|LC-15|LC-16|LC-17,0.0,0.0,0.2052442327404268,0.7947557672595732,0.0,,0,0.0,,,
2023-08-29,random,,Z03,right,RC-08|RC-09|RC-10|RC-11|RC-12,49.0,0.08492201039861352,0.1656230455735267,0.8343769544264733,49.0,,1,0.16666666666666666,,,
2023-08-29,random,,Z04,right,RC-13|RC-14|RC-15|RC-16|RC-17,55.0,0.09532062391681109,0.04826231636893141,0.9517376836310686,55.0,,2,0.3333333333333333,,,
2023-08-29,equal,,Z01,left,LC-08|LC-09|LC-10|LC-11|LC-12,473.0,0.8197573656845754,0.05616755355155634,0.9438324464484437,473.0,,2,0.3333333333333333,,,
2023-08-29,equal,,Z02,left,LC-13|LC-14|LC-15|LC-16|LC-17,0.0,0.0,0.2052442327404268,0.7947557672595732,0.0,,0,0.0,,,
2023-08-29,equal,,Z03,right,RC-08|RC-09|RC-10|RC-11|RC-12,49.0,0.08492201039861352,0.1656230455735267,0.8343769544264733,49.0,,2,0.3333333333333333,,,
2023-08-29,equal,,Z04,right,RC-13|RC-14|RC-15|RC-16|RC-17,55.0,0.09532062391681109,0.04826231636893141,0.9517376836310686,55.0,,2,0.3333333333333333,,,
2023-08-29,volume_proportional,,Z01,left,LC-08|LC-09|LC-10|LC-11|LC-12,473.0,0.8197573656845754,0.05616755355155634,0.9438324464484437,473.0,,4,0.6666666666666666,,,
2023-08-29,volume_proportional,,Z02,left,LC-13|LC-14|LC-15|LC-16|LC-17,0.0,0.0,0.2052442327404268,0.7947557672595732,0.0,,0,0.0,,,
2023-08-29,volume_proportional,,Z03,right,RC-08|RC-09|RC-10|RC-11|RC-12,49.0,0.08492201039861352,0.1656230455735267,0.8343769544264733,49.0,,1,0.16666666666666666,,,
2023-08-29,volume_proportional,,Z04,right,RC-13|RC-14|RC-15|RC-16|RC-17,55.0,0.09532062391681109,0.04826231636893141,0.9517376836310686,55.0,,1,0.16666666666666666,,,
2023-08-29,entropy_based,0.25,Z01,left,LC-08|LC-09|LC-10|LC-11|LC-12,473.0,0.8197573656845754,0.05616755355155634,0.9438324464484437,,0.337005321309338,4,0.6666666666666666,0.15309069901790873,0.337005321309338,0.23734202934524323
2023-08-29,entropy_based,0.25,Z02,left,LC-13|LC-14|LC-15|LC-16|LC-17,0.0,0.0,0.2052442327404268,0.7947557672595732,,0.0,0,0.0,0.15309069901790873,0.337005321309338,0.23734202934524323
2023-08-29,entropy_based,0.25,Z03,right,RC-08|RC-09|RC-10|RC-11|RC-12,49.0,0.08492201039861352,0.1656230455735267,0.8343769544264733,,0.0,1,0.16666666666666666,0.15309069901790873,0.337005321309338,0.23734202934524323
2023-08-29,entropy_based,0.25,Z04,right,RC-13|RC-14|RC-15|RC-16|RC-17,55.0,0.09532062391681109,0.04826231636893141,0.9517376836310686,,0.0,1,0.16666666666666666,0.15309069901790873,0.337005321309338,0.23734202934524323
2023-08-30,random,,Z01,left,LC-08|LC-09|LC-10|LC-11|LC-12,494.0,0.43371378402107114,0.09926681343032762,0.9007331865696724,494.0,,2,0.3333333333333333,,,
2023-08-30,random,,Z02,left,LC-13|LC-14|LC-15|LC-16|LC-17,216.0,0.18964003511852504,0.1591680613556291,0.8408319386443709,216.0,,1,0.16666666666666666,,,
2023-08-30,random,,Z03,right,RC-08|RC-09|RC-10|RC-11|RC-12,399.0,0.35030728709394204,0.14345326546208004,0.85654673453792,399.0,,2,0.3333333333333333,,,
2023-08-30,random,,Z04,right,RC-13|RC-14|RC-15|RC-16|RC-17,30.0,0.02633889376646181,0.004549326510373541,0.9954506734896265,30.0,,1,0.16666666666666666,,,
2023-08-30,equal,,Z01,left,LC-08|LC-09|LC-10|LC-11|LC-12,494.0,0.43371378402107114,0.09926681343032762,0.9007331865696724,494.0,,2,0.3333333333333333,,,
2023-08-30,equal,,Z02,left,LC-13|LC-14|LC-15|LC-16|LC-17,216.0,0.18964003511852504,0.1591680613556291,0.8408319386443709,216.0,,2,0.3333333333333333,,,
2023-08-30,equal,,Z03,right,RC-08|RC-09|RC-10|RC-11|RC-12,399.0,0.35030728709394204,0.14345326546208004,0.85654673453792,399.0,,1,0.16666666666666666,,,
2023-08-30,equal,,Z04,right,RC-13|RC-14|RC-15|RC-16|RC-17,30.0,0.02633889376646181,0.004549326510373541,0.9954506734896265,30.0,,1,0.16666666666666666,,,
2023-08-30,volume_proportional,,Z01,left,LC-08|LC-09|LC-10|LC-11|LC-12,494.0,0.43371378402107114,0.09926681343032762,0.9007331865696724,494.0,,2,0.3333333333333333,,,
2023-08-30,volume_proportional,,Z02,left,LC-13|LC-14|LC-15|LC-16|LC-17,216.0,0.18964003511852504,0.1591680613556291,0.8408319386443709,216.0,,1,0.16666666666666666,,,
2023-08-30,volume_proportional,,Z03,right,RC-08|RC-09|RC-10|RC-11|RC-12,399.0,0.35030728709394204,0.14345326546208004,0.85654673453792,399.0,,2,0.3333333333333333,,,
2023-08-30,volume_proportional,,Z04,right,RC-13|RC-14|RC-15|RC-16|RC-17,30.0,0.02633889376646181,0.004549326510373541,0.9954506734896265,30.0,,1,0.16666666666666666,,,
2023-08-30,entropy_based,0.25,Z01,left,LC-08|LC-09|LC-10|LC-11|LC-12,494.0,0.43371378402107114,0.09926681343032762,0.9007331865696724,,0.09926681343032762,2,0.3333333333333333,0.14032777290020487,0.24272007889240765,0.20100779262330679
2023-08-30,entropy_based,0.25,Z02,left,LC-13|LC-14|LC-15|LC-16|LC-17,216.0,0.18964003511852504,0.1591680613556291,0.8408319386443709,,0.0,1,0.16666666666666666,0.14032777290020487,0.24272007889240765,0.20100779262330679
2023-08-30,entropy_based,0.25,Z03,right,RC-08|RC-09|RC-10|RC-11|RC-12,399.0,0.35030728709394204,0.14345326546208004,0.85654673453792,,0.14345326546208004,2,0.3333333333333333,0.14032777290020487,0.24272007889240765,0.20100779262330679
2023-08-30,entropy_based,0.25,Z04,right,RC-13|RC-14|RC-15|RC-16|RC-17,30.0,0.02633889376646181,0.004549326510373541,0.9954506734896265,,0.0,1,0.16666666666666666,0.14032777290020487,0.24272007889240765,0.20100779262330679
2023-08-31,random,,Z01,left,LC-08|LC-09|LC-10|LC-11|LC-12,996.0,0.6425806451612903,0.05944758869240574,0.9405524113075943,996.0,,2,0.4,,,
2023-08-31,random,,Z02,left,LC-13|LC-14|LC-15|LC-16|LC-17,0.0,0.0,0.28086574029829436,0.7191342597017056,0.0,,0,0.0,,,
2023-08-31,random,,Z03,right,RC-08|RC-09|RC-10|RC-11|RC-12,453.0,0.292258064516129,0.19203821506650476,0.8079617849334952,453.0,,1,0.2,,,
2023-08-31,random,,Z04,right,RC-13|RC-14|RC-15|RC-16|RC-17,101.0,0.06516129032258064,0.045934868354810976,0.954065131645189,101.0,,2,0.4,,,
2023-08-31,equal,,Z01,left,LC-08|LC-09|LC-10|LC-11|LC-12,996.0,0.6425806451612903,0.05944758869240574,0.9405524113075943,996.0,,2,0.4,,,
2023-08-31,equal,,Z02,left,LC-13|LC-14|LC-15|LC-16|LC-17,0.0,0.0,0.28086574029829436,0.7191342597017056,0.0,,0,0.0,,,
2023-08-31,equal,,Z03,right,RC-08|RC-09|RC-10|RC-11|RC-12,453.0,0.292258064516129,0.19203821506650476,0.8079617849334952,453.0,,2,0.4,,,
2023-08-31,equal,,Z04,right,RC-13|RC-14|RC-15|RC-16|RC-17,101.0,0.06516129032258064,0.045934868354810976,0.954065131645189,101.0,,1,0.2,,,
2023-08-31,volume_proportional,,Z01,left,LC-08|LC-09|LC-10|LC-11|LC-12,996.0,0.6425806451612903,0.05944758869240574,0.9405524113075943,996.0,,3,0.6,,,
2023-08-31,volume_proportional,,Z02,left,LC-13|LC-14|LC-15|LC-16|LC-17,0.0,0.0,0.28086574029829436,0.7191342597017056,0.0,,0,0.0,,,
2023-08-31,volume_proportional,,Z03,right,RC-08|RC-09|RC-10|RC-11|RC-12,453.0,0.292258064516129,0.19203821506650476,0.8079617849334952,453.0,,1,0.2,,,
2023-08-31,volume_proportional,,Z04,right,RC-13|RC-14|RC-15|RC-16|RC-17,101.0,0.06516129032258064,0.045934868354810976,0.954065131645189,101.0,,1,0.2,,,
2023-08-31,entropy_based,0.25,Z01,left,LC-08|LC-09|LC-10|LC-11|LC-12,996.0,0.6425806451612903,0.05944758869240574,0.9405524113075943,,0.17834276607721722,3,0.6,0.13483870967741934,0.17834276607721722,0.17942440119672365
2023-08-31,entropy_based,0.25,Z02,left,LC-13|LC-14|LC-15|LC-16|LC-17,0.0,0.0,0.28086574029829436,0.7191342597017056,,0.0,0,0.0,0.13483870967741934,0.17834276607721722,0.17942440119672365
2023-08-31,entropy_based,0.25,Z03,right,RC-08|RC-09|RC-10|RC-11|RC-12,453.0,0.292258064516129,0.19203821506650476,0.8079617849334952,,0.0,1,0.2,0.13483870967741934,0.17834276607721722,0.17942440119672365
2023-08-31,entropy_based,0.25,Z04,right,RC-13|RC-14|RC-15|RC-16|RC-17,101.0,0.06516129032258064,0.045934868354810976,0.954065131645189,,0.0,1,0.2,0.13483870967741934,0.17834276607721722,0.17942440119672365
2023-09-01,random,,Z01,left,LC-08|LC-09|LC-10|LC-11|LC-12,165.0,0.16483516483516483,0.028652558686395158,0.9713474413136048,165.0,,2,0.4,,,
2023-09-01,random,,Z02,left,LC-13|LC-14|LC-15|LC-16|LC-17,144.0,0.14385614385614387,0.28376951001839856,0.7162304899816014,144.0,,1,0.2,,,
2023-09-01,random,,Z03,right,RC-08|RC-09|RC-10|RC-11|RC-12,668.0,0.6673326673326674,0.35721053921507095,0.642789460784929,668.0,,1,0.2,,,
2023-09-01,random,,Z04,right,RC-13|RC-14|RC-15|RC-16|RC-17,24.0,0.023976023976023976,0.15484369867854997,0.84515630132145,24.0,,1,0.2,,,
2023-09-01,equal,,Z01,left,LC-08|LC-09|LC-10|LC-11|LC-12,165.0,0.16483516483516483,0.028652558686395158,0.9713474413136048,165.0,,2,0.4,,,
2023-09-01,equal,,Z02,left,LC-13|LC-14|LC-15|LC-16|LC-17,144.0,0.14385614385614387,0.28376951001839856,0.7162304899816014,144.0,,1,0.2,,,
2023-09-01,equal,,Z03,right,RC-08|RC-09|RC-10|RC-11|RC-12,668.0,0.6673326673326674,0.35721053921507095,0.642789460784929,668.0,,1,0.2,,,
2023-09-01,equal,,Z04,right,RC-13|RC-14|RC-15|RC-16|RC-17,24.0,0.023976023976023976,0.15484369867854997,0.84515630132145,24.0,,1,0.2,,,
2023-09-01,volume_proportional,,Z01,left,LC-08|LC-09|LC-10|LC-11|LC-12,165.0,0.16483516483516483,0.028652558686395158,0.9713474413136048,165.0,,1,0.2,,,
2023-09-01,volume_proportional,,Z02,left,LC-13|LC-14|LC-15|LC-16|LC-17,144.0,0.14385614385614387,0.28376951001839856,0.7162304899816014,144.0,,1,0.2,,,
2023-09-01,volume_proportional,,Z03,right,RC-08|RC-09|RC-10|RC-11|RC-12,668.0,0.6673326673326674,0.35721053921507095,0.642789460784929,668.0,,2,0.4,,,
2023-09-01,volume_proportional,,Z04,right,RC-13|RC-14|RC-15|RC-16|RC-17,24.0,0.023976023976023976,0.15484369867854997,0.84515630132145,24.0,,1,0.2,,,
2023-09-01,entropy_based,0.25,Z01,left,LC-08|LC-09|LC-10|LC-11|LC-12,165.0,0.16483516483516483,0.028652558686395158,0.9713474413136048,,0.0,1,0.2,0.26733266733266736,0.35721053921507095,0.35663530213643513
2023-09-01,entropy_based,0.25,Z02,left,LC-13|LC-14|LC-15|LC-16|LC-17,144.0,0.14385614385614387,0.28376951001839856,0.7162304899816014,,0.0,1,0.2,0.26733266733266736,0.35721053921507095,0.35663530213643513
2023-09-01,entropy_based,0.25,Z03,right,RC-08|RC-09|RC-10|RC-11|RC-12,668.0,0.6673326673326674,0.35721053921507095,0.642789460784929,,0.35721053921507095,2,0.4,0.26733266733266736,0.35721053921507095,0.35663530213643513
2023-09-01,entropy_based,0.25,Z04,right,RC-13|RC-14|RC-15|RC-16|RC-17,24.0,0.023976023976023976,0.15484369867854997,0.84515630132145,,0.0,1,0.2,0.26733266733266736,0.35721053921507095,0.35663530213643513
2023-09-05,random,,Z01,left,LC-08|LC-09|LC-10|LC-11|LC-12,449.0,0.3430099312452254,0.06363416378706821,0.9363658362129318,449.0,,2,0.3333333333333333,,,
2023-09-05,random,,Z02,left,LC-13|LC-14|LC-15|LC-16|LC-17,124.0,0.09472880061115355,0.17655473700130142,0.8234452629986986,124.0,,1,0.16666666666666666,,,
2023-09-05,random,,Z03,right,RC-08|RC-09|RC-10|RC-11|RC-12,428.0,0.3269671504965623,0.21854159889722702,0.781458401102773,428.0,,2,0.3333333333333333,,,
2023-09-05,random,,Z04,right,RC-13|RC-14|RC-15|RC-16|RC-17,308.0,0.23529411764705882,0.037621430400301636,0.9623785695996984,308.0,,1,0.16666666666666666,,,
2023-09-05,equal,,Z01,left,LC-08|LC-09|LC-10|LC-11|LC-12,449.0,0.3430099312452254,0.06363416378706821,0.9363658362129318,449.0,,2,0.3333333333333333,,,
2023-09-05,equal,,Z02,left,LC-13|LC-14|LC-15|LC-16|LC-17,124.0,0.09472880061115355,0.17655473700130142,0.8234452629986986,124.0,,2,0.3333333333333333,,,
2023-09-05,equal,,Z03,right,RC-08|RC-09|RC-10|RC-11|RC-12,428.0,0.3269671504965623,0.21854159889722702,0.781458401102773,428.0,,1,0.16666666666666666,,,
2023-09-05,equal,,Z04,right,RC-13|RC-14|RC-15|RC-16|RC-17,308.0,0.23529411764705882,0.037621430400301636,0.9623785695996984,308.0,,1,0.16666666666666666,,,
2023-09-05,volume_proportional,,Z01,left,LC-08|LC-09|LC-10|LC-11|LC-12,449.0,0.3430099312452254,0.06363416378706821,0.9363658362129318,449.0,,2,0.3333333333333333,,,
2023-09-05,volume_proportional,,Z02,left,LC-13|LC-14|LC-15|LC-16|LC-17,124.0,0.09472880061115355,0.17655473700130142,0.8234452629986986,124.0,,1,0.16666666666666666,,,
2023-09-05,volume_proportional,,Z03,right,RC-08|RC-09|RC-10|RC-11|RC-12,428.0,0.3269671504965623,0.21854159889722702,0.781458401102773,428.0,,2,0.3333333333333333,,,
2023-09-05,volume_proportional,,Z04,right,RC-13|RC-14|RC-15|RC-16|RC-17,308.0,0.23529411764705882,0.037621430400301636,0.9623785695996984,308.0,,1,0.16666666666666666,,,
2023-09-05,entropy_based,0.25,Z01,left,LC-08|LC-09|LC-10|LC-11|LC-12,449.0,0.3430099312452254,0.06363416378706821,0.9363658362129318,,0.06363416378706821,2,0.3333333333333333,0.07830404889228419,0.28217576268429523,0.14884798956335799
2023-09-05,entropy_based,0.25,Z02,left,LC-13|LC-14|LC-15|LC-16|LC-17,124.0,0.09472880061115355,0.17655473700130142,0.8234452629986986,,0.0,1,0.16666666666666666,0.07830404889228419,0.28217576268429523,0.14884798956335799
2023-09-05,entropy_based,0.25,Z03,right,RC-08|RC-09|RC-10|RC-11|RC-12,428.0,0.3269671504965623,0.21854159889722702,0.781458401102773,,0.21854159889722702,2,0.3333333333333333,0.07830404889228419,0.28217576268429523,0.14884798956335799
2023-09-05,entropy_based,0.25,Z04,right,RC-13|RC-14|RC-15|RC-16|RC-17,308.0,0.23529411764705882,0.037621430400301636,0.9623785695996984,,0.0,1,0.16666666666666666,0.07830404889228419,0.28217576268429523,0.14884798956335799
2023-09-07,random,,Z01,left,LC-08|LC-09|LC-10|LC-11|LC-12,386.0,0.5398601398601398,0.0529371269735629,0.9470628730264371,386.0,,2,0.3333333333333333,,,
2023-09-07,random,,Z02,left,LC-13|LC-14|LC-15|LC-16|LC-17,45.0,0.06293706293706294,0.28330753519127105,0.716692464808729,45.0,,1,0.16666666666666666,,,
2023-09-07,random,,Z03,right,RC-08|RC-09|RC-10|RC-11|RC-12,210.0,0.2937062937062937,0.10873867323939335,0.8912613267606067,210.0,,2,0.3333333333333333,,,
2023-09-07,random,,Z04,right,RC-13|RC-14|RC-15|RC-16|RC-17,74.0,0.1034965034965035,0.17121695726753272,0.8287830427324673,74.0,,1,0.16666666666666666,,,
2023-09-07,equal,,Z01,left,LC-08|LC-09|LC-10|LC-11|LC-12,386.0,0.5398601398601398,0.0529371269735629,0.9470628730264371,386.0,,2,0.3333333333333333,,,
2023-09-07,equal,,Z02,left,LC-13|LC-14|LC-15|LC-16|LC-17,45.0,0.06293706293706294,0.28330753519127105,0.716692464808729,45.0,,2,0.3333333333333333,,,
2023-09-07,equal,,Z03,right,RC-08|RC-09|RC-10|RC-11|RC-12,210.0,0.2937062937062937,0.10873867323939335,0.8912613267606067,210.0,,1,0.16666666666666666,,,
2023-09-07,equal,,Z04,right,RC-13|RC-14|RC-15|RC-16|RC-17,74.0,0.1034965034965035,0.17121695726753272,0.8287830427324673,74.0,,1,0.16666666666666666,,,
2023-09-07,volume_proportional,,Z01,left,LC-08|LC-09|LC-10|LC-11|LC-12,386.0,0.5398601398601398,0.0529371269735629,0.9470628730264371,386.0,,3,0.5,,,
2023-09-07,volume_proportional,,Z02,left,LC-13|LC-14|LC-15|LC-16|LC-17,45.0,0.06293706293706294,0.28330753519127105,0.716692464808729,45.0,,1,0.16666666666666666,,,
2023-09-07,volume_proportional,,Z03,right,RC-08|RC-09|RC-10|RC-11|RC-12,210.0,0.2937062937062937,0.10873867323939335,0.8912613267606067,210.0,,1,0.16666666666666666,,,
2023-09-07,volume_proportional,,Z04,right,RC-13|RC-14|RC-15|RC-16|RC-17,74.0,0.1034965034965035,0.17121695726753272,0.8287830427324673,74.0,,1,0.16666666666666666,,,
2023-09-07,entropy_based,0.25,Z01,left,LC-08|LC-09|LC-10|LC-11|LC-12,386.0,0.5398601398601398,0.0529371269735629,0.9470628730264371,,0.1588113809206887,3,0.5,0.16689976689976688,0.1588113809206887,0.20660261212993905
2023-09-07,entropy_based,0.25,Z02,left,LC-13|LC-14|LC-15|LC-16|LC-17,45.0,0.06293706293706294,0.28330753519127105,0.716692464808729,,0.0,1,0.16666666666666666,0.16689976689976688,0.1588113809206887,0.20660261212993905
2023-09-07,entropy_based,0.25,Z03,right,RC-08|RC-09|RC-10|RC-11|RC-12,210.0,0.2937062937062937,0.10873867323939335,0.8912613267606067,,0.0,1,0.16666666666666666,0.16689976689976688,0.1588113809206887,0.20660261212993905
2023-09-07,entropy_based,0.25,Z04,right,RC-13|RC-14|RC-15|RC-16|RC-17,74.0,0.1034965034965035,0.17121695726753272,0.8287830427324673,,0.0,1,0.16666666666666666,0.16689976689976688,0.1588113809206887,0.20660261212993905
2023-09-10,random,,Z01,left,LC-08|LC-09|LC-10|LC-11|LC-12,0.0,0.0,0.0,1.0,0.0,,0,0.0,,,
2023-09-10,random,,Z02,left,LC-13|LC-14|LC-15|LC-16|LC-17,0.0,0.0,0.0,1.0,0.0,,0,0.0,,,
2023-09-10,random,,Z03,right,RC-08|RC-09|RC-10|RC-11|RC-12,550.0,0.5681818181818182,0.5241470993989676,0.47585290060103236,550.0,,4,0.5714285714285714,,,
2023-09-10,random,,Z04,right,RC-13|RC-14|RC-15|RC-16|RC-17,418.0,0.4318181818181818,0.5900515730805467,0.4099484269194533,418.0,,3,0.42857142857142855,,,
2023-09-10,equal,,Z01,left,LC-08|LC-09|LC-10|LC-11|LC-12,0.0,0.0,0.0,1.0,0.0,,0,0.0,,,
2023-09-10,equal,,Z02,left,LC-13|LC-14|LC-15|LC-16|LC-17,0.0,0.0,0.0,1.0,0.0,,0,0.0,,,
2023-09-10,equal,,Z03,right,RC-08|RC-09|RC-10|RC-11|RC-12,550.0,0.5681818181818182,0.5241470993989676,0.47585290060103236,550.0,,4,0.5714285714285714,,,
2023-09-10,equal,,Z04,right,RC-13|RC-14|RC-15|RC-16|RC-17,418.0,0.4318181818181818,0.5900515730805467,0.4099484269194533,418.0,,3,0.42857142857142855,,,
2023-09-10,volume_proportional,,Z01,left,LC-08|LC-09|LC-10|LC-11|LC-12,0.0,0.0,0.0,1.0,0.0,,0,0.0,,,
2023-09-10,volume_proportional,,Z02,left,LC-13|LC-14|LC-15|LC-16|LC-17,0.0,0.0,0.0,1.0,0.0,,0,0.0,,,
2023-09-10,volume_proportional,,Z03,right,RC-08|RC-09|RC-10|RC-11|RC-12,550.0,0.5681818181818182,0.5241470993989676,0.47585290060103236,550.0,,4,0.5714285714285714,,,
2023-09-10,volume_proportional,,Z04,right,RC-13|RC-14|RC-15|RC-16|RC-17,418.0,0.4318181818181818,0.5900515730805467,0.4099484269194533,418.0,,3,0.42857142857142855,,,
2023-09-10,entropy_based,0.25,Z01,left,LC-08|LC-09|LC-10|LC-11|LC-12,0.0,0.0,0.0,1.0,,0.0,0,0.0,0.00324675324675322,4.915037315635446,1.2320060821556147
2023-09-10,entropy_based,0.25,Z02,left,LC-13|LC-14|LC-15|LC-16|LC-17,0.0,0.0,0.0,1.0,,0.0,0,0.0,0.00324675324675322,4.915037315635446,1.2320060821556147
2023-09-10,entropy_based,0.25,Z03,right,RC-08|RC-09|RC-10|RC-11|RC-12,550.0,0.5681818181818182,0.5241470993989676,0.47585290060103236,,3.144882596393806,4,0.5714285714285714,0.00324675324675322,4.915037315635446,1.2320060821556147
2023-09-10,entropy_based,0.25,Z04,right,RC-13|RC-14|RC-15|RC-16|RC-17,418.0,0.4318181818181818,0.5900515730805467,0.4099484269194533,,1.77015471924164,3,0.42857142857142855,0.00324675324675322,4.915037315635446,1.2320060821556147
2023-09-12,random,,Z01,left,LC-08|LC-09|LC-10|LC-11|LC-12,969.0,0.47946561108362196,0.05288602711450019,0.9471139728854998,969.0,,2,0.2857142857142857,,,
2023-09-12,random,,Z02,left,LC-13|LC-14|LC-15|LC-16|LC-17,72.0,0.035625927758535375,0.21465350908189806,0.7853464909181019,72.0,,1,0.14285714285714285,,,
2023-09-12,random,,Z03,right,RC-08|RC-09|RC-10|RC-11|RC-12,812.0,0.40178129638792676,0.19980030674798654,0.8001996932520135,812.0,,3,0.42857142857142855,,,
2023-09-12,random,,Z04,right,RC-13|RC-14|RC-15|RC-16|RC-17,168.0,0.08312716476991588,0.01889877695522768,0.9811012230447723,168.0,,1,0.14285714285714285,,,
2023-09-12,equal,,Z01,left,LC-08|LC-09|LC-10|LC-11|LC-12,969.0,0.47946561108362196,0.05288602711450019,0.9471139728854998,969.0,,2,0.2857142857142857,,,
2023-09-12,equal,,Z02,left,LC-13|LC-14|LC-15|LC-16|LC-17,72.0,0.035625927758535375,0.21465350908189806,0.7853464909181019,72.0,,2,0.2857142857142857,,,
2023-09-12,equal,,Z03,right,RC-08|RC-09|RC-10|RC-11|RC-12,812.0,0.40178129638792676,0.19980030674798654,0.8001996932520135,812.0,,2,0.2857142857142857,,,
2023-09-12,equal,,Z04,right,RC-13|RC-14|RC-15|RC-16|RC-17,168.0,0.08312716476991588,0.01889877695522768,0.9811012230447723,168.0,,1,0.14285714285714285,,,
2023-09-12,volume_proportional,,Z01,left,LC-08|LC-09|LC-10|LC-11|LC-12,969.0,0.47946561108362196,0.05288602711450019,0.9471139728854998,969.0,,3,0.42857142857142855,,,
2023-09-12,volume_proportional,,Z02,left,LC-13|LC-14|LC-15|LC-16|LC-17,72.0,0.035625927758535375,0.21465350908189806,0.7853464909181019,72.0,,1,0.14285714285714285,,,
2023-09-12,volume_proportional,,Z03,right,RC-08|RC-09|RC-10|RC-11|RC-12,812.0,0.40178129638792676,0.19980030674798654,0.8001996932520135,812.0,,2,0.2857142857142857,,,
2023-09-12,volume_proportional,,Z04,right,RC-13|RC-14|RC-15|RC-16|RC-17,168.0,0.08312716476991588,0.01889877695522768,0.9811012230447723,168.0,,1,0.14285714285714285,,,
2023-09-12,entropy_based,0.25,Z01,left,LC-08|LC-09|LC-10|LC-11|LC-12,969.0,0.47946561108362196,0.05288602711450019,0.9471139728854998,,0.15865808134350057,3,0.42857142857142855,0.16696119318583447,0.3584583880914871,0.25657579020870624
2023-09-12,entropy_based,0.25,Z02,left,LC-13|LC-14|LC-15|LC-16|LC-17,72.0,0.035625927758535375,0.21465350908189806,0.7853464909181019,,0.0,1,0.14285714285714285,0.16696119318583447,0.3584583880914871,0.25657579020870624
2023-09-12,entropy_based,0.25,Z03,right,RC-08|RC-09|RC-10|RC-11|RC-12,812.0,0.40178129638792676,0.19980030674798654,0.8001996932520135,,0.19980030674798654,2,0.2857142857142857,0.16696119318583447,0.3584583880914871,0.25657579020870624
2023-09-12,entropy_based,0.25,Z04,right,RC-13|RC-14|RC-15|RC-16|RC-17,168.0,0.08312716476991588,0.01889877695522768,0.9811012230447723,,0.0,1,0.14285714285714285,0.16696119318583447,0.3584583880914871,0.25657579020870624
2023-09-13,random,,Z01,left,LC-08|LC-09|LC-10|LC-11|LC-12,365.0,0.30518394648829433,0.00925745823534363,0.9907425417646564,365.0,,2,0.3333333333333333,,,
2023-09-13,random,,Z02,left,LC-13|LC-14|LC-15|LC-16|LC-17,206.0,0.17224080267558528,0.27354503051717627,0.7264549694828237,206.0,,1,0.16666666666666666,,,
2023-09-13,random,,Z03,right,RC-08|RC-09|RC-10|RC-11|RC-12,553.0,0.46237458193979936,0.025335875993494517,0.9746641240065055,553.0,,2,0.3333333333333333,,,
2023-09-13,random,,Z04,right,RC-13|RC-14|RC-15|RC-16|RC-17,72.0,0.06020066889632107,0.02492216642459888,0.9750778335754011,72.0,,1,0.16666666666666666,,,
2023-09-13,equal,,Z01,left,LC-08|LC-09|LC-10|LC-11|LC-12,365.0,0.30518394648829433,0.00925745823534363,0.9907425417646564,365.0,,2,0.3333333333333333,,,
2023-09-13,equal,,Z02,left,LC-13|LC-14|LC-15|LC-16|LC-17,206.0,0.17224080267558528,0.27354503051717627,0.7264549694828237,206.0,,2,0.3333333333333333,,,
2023-09-13,equal,,Z03,right,RC-08|RC-09|RC-10|RC-11|RC-12,553.0,0.46237458193979936,0.025335875993494517,0.9746641240065055,553.0,,1,0.16666666666666666,,,
2023-09-13,equal,,Z04,right,RC-13|RC-14|RC-15|RC-16|RC-17,72.0,0.06020066889632107,0.02492216642459888,0.9750778335754011,72.0,,1,0.16666666666666666,,,
2023-09-13,volume_proportional,,Z01,left,LC-08|LC-09|LC-10|LC-11|LC-12,365.0,0.30518394648829433,0.00925745823534363,0.9907425417646564,365.0,,2,0.3333333333333333,,,
2023-09-13,volume_proportional,,Z02,left,LC-13|LC-14|LC-15|LC-16|LC-17,206.0,0.17224080267558528,0.27354503051717627,0.7264549694828237,206.0,,1,0.16666666666666666,,,
2023-09-13,volume_proportional,,Z03,right,RC-08|RC-09|RC-10|RC-11|RC-12,553.0,0.46237458193979936,0.025335875993494517,0.9746641240065055,553.0,,2,0.3333333333333333,,,
2023-09-13,volume_proportional,,Z04,right,RC-13|RC-14|RC-15|RC-16|RC-17,72.0,0.06020066889632107,0.02492216642459888,0.9750778335754011,72.0,,1,0.16666666666666666,,,
2023-09-13,entropy_based,0.25,Z01,left,LC-08|LC-09|LC-10|LC-11|LC-12,365.0,0.30518394648829433,0.00925745823534363,0.9907425417646564,,0.00925745823534363,2,0.3333333333333333,0.1346153846153846,0.034593334228838146,0.14326371817259415
2023-09-13,entropy_based,0.25,Z02,left,LC-13|LC-14|LC-15|LC-16|LC-17,206.0,0.17224080267558528,0.27354503051717627,0.7264549694828237,,0.0,1,0.16666666666666666,0.1346153846153846,0.034593334228838146,0.14326371817259415
2023-09-13,entropy_based,0.25,Z03,right,RC-08|RC-09|RC-10|RC-11|RC-12,553.0,0.46237458193979936,0.025335875993494517,0.9746641240065055,,0.025335875993494517,2,0.3333333333333333,0.1346153846153846,0.034593334228838146,0.14326371817259415
2023-09-13,entropy_based,0.25,Z04,right,RC-13|RC-14|RC-15|RC-16|RC-17,72.0,0.06020066889632107,0.02492216642459888,0.9750778335754011,,0.0,1,0.16666666666666666,0.1346153846153846,0.034593334228838146,0.14326371817259415
2023-09-17,random,,Z01,left,LC-08|LC-09|LC-10|LC-11|LC-12,0.0,0.0,0.0,1.0,0.0,,0,0.0,,,
2023-09-17,random,,Z02,left,LC-13|LC-14|LC-15|LC-16|LC-17,1020.0,0.8192771084337349,0.360244919955082,0.639755080044918,1020.0,,3,0.6,,,
2023-09-17,random,,Z03,right,RC-08|RC-09|RC-10|RC-11|RC-12,0.0,0.0,0.0,1.0,0.0,,0,0.0,,,
2023-09-17,random,,Z04,right,RC-13|RC-14|RC-15|RC-16|RC-17,225.0,0.18072289156626506,0.7990859244811379,0.2009140755188621,225.0,,2,0.4,,,
2023-09-17,equal,,Z01,left,LC-08|LC-09|LC-10|LC-11|LC-12,0.0,0.0,0.0,1.0,0.0,,0,0.0,,,
2023-09-17,equal,,Z02,left,LC-13|LC-14|LC-15|LC-16|LC-17,1020.0,0.8192771084337349,0.360244919955082,0.639755080044918,1020.0,,3,0.6,,,
2023-09-17,equal,,Z03,right,RC-08|RC-09|RC-10|RC-11|RC-12,0.0,0.0,0.0,1.0,0.0,,0,0.0,,,
2023-09-17,equal,,Z04,right,RC-13|RC-14|RC-15|RC-16|RC-17,225.0,0.18072289156626506,0.7990859244811379,0.2009140755188621,225.0,,2,0.4,,,
2023-09-17,volume_proportional,,Z01,left,LC-08|LC-09|LC-10|LC-11|LC-12,0.0,0.0,0.0,1.0,0.0,,0,0.0,,,
2023-09-17,volume_proportional,,Z02,left,LC-13|LC-14|LC-15|LC-16|LC-17,1020.0,0.8192771084337349,0.360244919955082,0.639755080044918,1020.0,,4,0.8,,,
2023-09-17,volume_proportional,,Z03,right,RC-08|RC-09|RC-10|RC-11|RC-12,0.0,0.0,0.0,1.0,0.0,,0,0.0,,,
2023-09-17,volume_proportional,,Z04,right,RC-13|RC-14|RC-15|RC-16|RC-17,225.0,0.18072289156626506,0.7990859244811379,0.2009140755188621,225.0,,1,0.2,,,
2023-09-17,entropy_based,0.25,Z01,left,LC-08|LC-09|LC-10|LC-11|LC-12,0.0,0.0,0.0,1.0,,0.0,0,0.0,0.01927710843373491,2.161469519730492,0.5596444883663578
2023-09-17,entropy_based,0.25,Z02,left,LC-13|LC-14|LC-15|LC-16|LC-17,1020.0,0.8192771084337349,0.360244919955082,0.639755080044918,,2.161469519730492,4,0.8,0.01927710843373491,2.161469519730492,0.5596444883663578
2023-09-17,entropy_based,0.25,Z03,right,RC-08|RC-09|RC-10|RC-11|RC-12,0.0,0.0,0.0,1.0,,0.0,0,0.0,0.01927710843373491,2.161469519730492,0.5596444883663578
2023-09-17,entropy_based,0.25,Z04,right,RC-13|RC-14|RC-15|RC-16|RC-17,225.0,0.18072289156626506,0.7990859244811379,0.2009140755188621,,0.0,1,0.2,0.01927710843373491,2.161469519730492,0.5596444883663578
2023-09-19,random,,Z01,left,LC-08|LC-09|LC-10|LC-11|LC-12,1664.0,0.6305418719211823,0.18282390272867555,0.8171760972713245,1664.0,,2,0.2857142857142857,,,
2023-09-19,random,,Z02,left,LC-13|LC-14|LC-15|LC-16|LC-17,70.0,0.026525198938992044,0.2632559261273544,0.7367440738726456,70.0,,1,0.14285714285714285,,,
2023-09-19,random,,Z03,right,RC-08|RC-09|RC-10|RC-11|RC-12,724.0,0.27434634331186053,0.06635151342948575,0.9336484865705142,724.0,,3,0.42857142857142855,,,
2023-09-19,random,,Z04,right,RC-13|RC-14|RC-15|RC-16|RC-17,181.0,0.06858658582796513,0.048228155459324684,0.9517718445406753,181.0,,1,0.14285714285714285,,,
2023-09-19,equal,,Z01,left,LC-08|LC-09|LC-10|LC-11|LC-12,1664.0,0.6305418719211823,0.18282390272867555,0.8171760972713245,1664.0,,2,0.2857142857142857,,,
2023-09-19,equal,,Z02,left,LC-13|LC-14|LC-15|LC-16|LC-17,70.0,0.026525198938992044,0.2632559261273544,0.7367440738726456,70.0,,2,0.2857142857142857,,,
2023-09-19,equal,,Z03,right,RC-08|RC-09|RC-10|RC-11|RC-12,724.0,0.27434634331186053,0.06635151342948575,0.9336484865705142,724.0,,2,0.2857142857142857,,,
2023-09-19,equal,,Z04,right,RC-13|RC-14|RC-15|RC-16|RC-17,181.0,0.06858658582796513,0.048228155459324684,0.9517718445406753,181.0,,1,0.14285714285714285,,,
2023-09-19,volume_proportional,,Z01,left,LC-08|LC-09|LC-10|LC-11|LC-12,1664.0,0.6305418719211823,0.18282390272867555,0.8171760972713245,1664.0,,3,0.42857142857142855,,,
2023-09-19,volume_proportional,,Z02,left,LC-13|LC-14|LC-15|LC-16|LC-17,70.0,0.026525198938992044,0.2632559261273544,0.7367440738726456,70.0,,1,0.14285714285714285,,,
2023-09-19,volume_proportional,,Z03,right,RC-08|RC-09|RC-10|RC-11|RC-12,724.0,0.27434634331186053,0.06635151342948575,0.9336484865705142,724.0,,2,0.2857142857142857,,,
2023-09-19,volume_proportional,,Z04,right,RC-13|RC-14|RC-15|RC-16|RC-17,181.0,0.06858658582796513,0.048228155459324684,0.9517718445406753,181.0,,1,0.14285714285714285,,,
2023-09-19,entropy_based,0.25,Z01,left,LC-08|LC-09|LC-10|LC-11|LC-12,1664.0,0.6305418719211823,0.18282390272867555,0.8171760972713245,,0.5484717081860266,3,0.42857142857142855,0.2019704433497537,0.6148232216155124,0.3556762487536318
2023-09-19,entropy_based,0.25,Z02,left,LC-13|LC-14|LC-15|LC-16|LC-17,70.0,0.026525198938992044,0.2632559261273544,0.7367440738726456,,0.0,1,0.14285714285714285,0.2019704433497537,0.6148232216155124,0.3556762487536318
2023-09-19,entropy_based,0.25,Z03,right,RC-08|RC-09|RC-10|RC-11|RC-12,724.0,0.27434634331186053,0.06635151342948575,0.9336484865705142,,0.06635151342948575,2,0.2857142857142857,0.2019704433497537,0.6148232216155124,0.3556762487536318
2023-09-19,entropy_based,0.25,Z04,right,RC-13|RC-14|RC-15|RC-16|RC-17,181.0,0.06858658582796513,0.048228155459324684,0.9517718445406753,,0.0,1,0.14285714285714285,0.2019704433497537,0.6148232216155124,0.3556762487536318
2023-09-21,random,,Z01,left,LC-08|LC-09|LC-10|LC-11|LC-12,574.0,0.330835734870317,0.04180046480367827,0.9581995351963217,574.0,,2,0.3333333333333333,,,
2023-09-21,random,,Z02,left,LC-13|LC-14|LC-15|LC-16|LC-17,242.0,0.13948126801152738,0.25149458489883625,0.7485054151011638,242.0,,1,0.16666666666666666,,,
2023-09-21,random,,Z03,right,RC-08|RC-09|RC-10|RC-11|RC-12,753.0,0.4340057636887608,0.04282911969383851,0.9571708803061615,753.0,,2,0.3333333333333333,,,
2023-09-21,random,,Z04,right,RC-13|RC-14|RC-15|RC-16|RC-17,166.0,0.09567723342939481,0.02171390108150928,0.9782860989184907,166.0,,1,0.16666666666666666,,,
2023-09-21,equal,,Z01,left,LC-08|LC-09|LC-10|LC-11|LC-12,574.0,0.330835734870317,0.04180046480367827,0.9581995351963217,574.0,,2,0.3333333333333333,,,
2023-09-21,equal,,Z02,left,LC-13|LC-14|LC-15|LC-16|LC-17,242.0,0.13948126801152738,0.25149458489883625,0.7485054151011638,242.0,,2,0.3333333333333333,,,
2023-09-21,equal,,Z03,right,RC-08|RC-09|RC-10|RC-11|RC-12,753.0,0.4340057636887608,0.04282911969383851,0.9571708803061615,753.0,,1,0.16666666666666666,,,
2023-09-21,equal,,Z04,right,RC-13|RC-14|RC-15|RC-16|RC-17,166.0,0.09567723342939481,0.02171390108150928,0.9782860989184907,166.0,,1,0.16666666666666666,,,
2023-09-21,volume_proportional,,Z01,left,LC-08|LC-09|LC-10|LC-11|LC-12,574.0,0.330835734870317,0.04180046480367827,0.9581995351963217,574.0,,2,0.3333333333333333,,,
2023-09-21,volume_proportional,,Z02,left,LC-13|LC-14|LC-15|LC-16|LC-17,242.0,0.13948126801152738,0.25149458489883625,0.7485054151011638,242.0,,1,0.16666666666666666,,,
2023-09-21,volume_proportional,,Z03,right,RC-08|RC-09|RC-10|RC-11|RC-12,753.0,0.4340057636887608,0.04282911969383851,0.9571708803061615,753.0,,2,0.3333333333333333,,,
2023-09-21,volume_proportional,,Z04,right,RC-13|RC-14|RC-15|RC-16|RC-17,166.0,0.09567723342939481,0.02171390108150928,0.9782860989184907,166.0,,1,0.16666666666666666,,,
2023-09-21,entropy_based,0.25,Z01,left,LC-08|LC-09|LC-10|LC-11|LC-12,574.0,0.330835734870317,0.04180046480367827,0.9581995351963217,,0.04180046480367827,2,0.3333333333333333,0.10067243035542747,0.08462958449751679,0.12182982647980667
2023-09-21,entropy_based,0.25,Z02,left,LC-13|LC-14|LC-15|LC-16|LC-17,242.0,0.13948126801152738,0.25149458489883625,0.7485054151011638,,0.0,1,0.16666666666666666,0.10067243035542747,0.08462958449751679,0.12182982647980667
2023-09-21,entropy_based,0.25,Z03,right,RC-08|RC-09|RC-10|RC-11|RC-12,753.0,0.4340057636887608,0.04282911969383851,0.9571708803061615,,0.04282911969383851,2,0.3333333333333333,0.10067243035542747,0.08462958449751679,0.12182982647980667
2023-09-21,entropy_based,0.25,Z04,right,RC-13|RC-14|RC-15|RC-16|RC-17,166.0,0.09567723342939481,0.02171390108150928,0.9782860989184907,,0.0,1,0.16666666666666666,0.10067243035542747,0.08462958449751679,0.12182982647980667
2023-09-25,random,,Z01,left,LC-08|LC-09|LC-10|LC-11|LC-12,415.0,0.20896273917421954,0.01924491890988056,0.9807550810901194,415.0,,2,0.2857142857142857,,,
2023-09-25,random,,Z02,left,LC-13|LC-14|LC-15|LC-16|LC-17,122.0,0.06143001007049345,0.23111604638042926,0.7688839536195707,122.0,,1,0.14285714285714285,,,
2023-09-25,random,,Z03,right,RC-08|RC-09|RC-10|RC-11|RC-12,1281.0,0.6450151057401813,0.4970422979508068,0.5029577020491932,1281.0,,3,0.42857142857142855,,,
2023-09-25,random,,Z04,right,RC-13|RC-14|RC-15|RC-16|RC-17,168.0,0.08459214501510574,0.0619445827552465,0.9380554172447535,168.0,,1,0.14285714285714285,,,
2023-09-25,equal,,Z01,left,LC-08|LC-09|LC-10|LC-11|LC-12,415.0,0.20896273917421954,0.01924491890988056,0.9807550810901194,415.0,,2,0.2857142857142857,,,
2023-09-25,equal,,Z02,left,LC-13|LC-14|LC-15|LC-16|LC-17,122.0,0.06143001007049345,0.23111604638042926,0.7688839536195707,122.0,,2,0.2857142857142857,,,
2023-09-25,equal,,Z03,right,RC-08|RC-09|RC-10|RC-11|RC-12,1281.0,0.6450151057401813,0.4970422979508068,0.5029577020491932,1281.0,,2,0.2857142857142857,,,
2023-09-25,equal,,Z04,right,RC-13|RC-14|RC-15|RC-16|RC-17,168.0,0.08459214501510574,0.0619445827552465,0.9380554172447535,168.0,,1,0.14285714285714285,,,
2023-09-25,volume_proportional,,Z01,left,LC-08|LC-09|LC-10|LC-11|LC-12,415.0,0.20896273917421954,0.01924491890988056,0.9807550810901194,415.0,,1,0.14285714285714285,,,
2023-09-25,volume_proportional,,Z02,left,LC-13|LC-14|LC-15|LC-16|LC-17,122.0,0.06143001007049345,0.23111604638042926,0.7688839536195707,122.0,,1,0.14285714285714285,,,
2023-09-25,volume_proportional,,Z03,right,RC-08|RC-09|RC-10|RC-11|RC-12,1281.0,0.6450151057401813,0.4970422979508068,0.5029577020491932,1281.0,,4,0.5714285714285714,,,
2023-09-25,volume_proportional,,Z04,right,RC-13|RC-14|RC-15|RC-16|RC-17,168.0,0.08459214501510574,0.0619445827552465,0.9380554172447535,168.0,,1,0.14285714285714285,,,
2023-09-25,entropy_based,0.25,Z01,left,LC-08|LC-09|LC-10|LC-11|LC-12,415.0,0.20896273917421954,0.01924491890988056,0.9807550810901194,,0.05773475672964168,3,0.42857142857142855,0.35930082002589553,0.5547770546804485,0.49799508369600765
2023-09-25,entropy_based,0.25,Z02,left,LC-13|LC-14|LC-15|LC-16|LC-17,122.0,0.06143001007049345,0.23111604638042926,0.7688839536195707,,0.0,1,0.14285714285714285,0.35930082002589553,0.5547770546804485,0.49799508369600765
2023-09-25,entropy_based,0.25,Z03,right,RC-08|RC-09|RC-10|RC-11|RC-12,1281.0,0.6450151057401813,0.4970422979508068,0.5029577020491932,,0.4970422979508068,2,0.2857142857142857,0.35930082002589553,0.5547770546804485,0.49799508369600765
2023-09-25,entropy_based,0.25,Z04,right,RC-13|RC-14|RC-15|RC-16|RC-17,168.0,0.08459214501510574,0.0619445827552465,0.9380554172447535,,0.0,1,0.14285714285714285,0.35930082002589553,0.5547770546804485,0.49799508369600765
2023-10-02,random,,Z01,left,LC-08|LC-09|LC-10|LC-11|LC-12,2175.0,0.49828178694158076,0.06736019196023235,0.9326398080397676,2175.0,,2,0.2857142857142857,,,
2023-10-02,random,,Z02,left,LC-13|LC-14|LC-15|LC-16|LC-17,369.0,0.08453608247422681,0.2631282276175505,0.7368717723824495,369.0,,1,0.14285714285714285,,,
2023-10-02,random,,Z03,right,RC-08|RC-09|RC-10|RC-11|RC-12,1424.0,0.32623138602520046,0.07249467002203192,0.9275053299779681,1424.0,,3,0.42857142857142855,,,
2023-10-02,random,,Z04,right,RC-13|RC-14|RC-15|RC-16|RC-17,397.0,0.09095074455899198,0.028221909673325718,0.9717780903266743,397.0,,1,0.14285714285714285,,,
2023-10-02,equal,,Z01,left,LC-08|LC-09|LC-10|LC-11|LC-12,2175.0,0.49828178694158076,0.06736019196023235,0.9326398080397676,2175.0,,2,0.2857142857142857,,,
2023-10-02,equal,,Z02,left,LC-13|LC-14|LC-15|LC-16|LC-17,369.0,0.08453608247422681,0.2631282276175505,0.7368717723824495,369.0,,2,0.2857142857142857,,,
2023-10-02,equal,,Z03,right,RC-08|RC-09|RC-10|RC-11|RC-12,1424.0,0.32623138602520046,0.07249467002203192,0.9275053299779681,1424.0,,2,0.2857142857142857,,,
2023-10-02,equal,,Z04,right,RC-13|RC-14|RC-15|RC-16|RC-17,397.0,0.09095074455899198,0.028221909673325718,0.9717780903266743,397.0,,1,0.14285714285714285,,,
2023-10-02,volume_proportional,,Z01,left,LC-08|LC-09|LC-10|LC-11|LC-12,2175.0,0.49828178694158076,0.06736019196023235,0.9326398080397676,2175.0,,3,0.42857142857142855,,,
2023-10-02,volume_proportional,,Z02,left,LC-13|LC-14|LC-15|LC-16|LC-17,369.0,0.08453608247422681,0.2631282276175505,0.7368717723824495,369.0,,1,0.14285714285714285,,,
2023-10-02,volume_proportional,,Z03,right,RC-08|RC-09|RC-10|RC-11|RC-12,1424.0,0.32623138602520046,0.07249467002203192,0.9275053299779681,1424.0,,2,0.2857142857142857,,,
2023-10-02,volume_proportional,,Z04,right,RC-13|RC-14|RC-15|RC-16|RC-17,397.0,0.09095074455899198,0.028221909673325718,0.9717780903266743,397.0,,1,0.14285714285714285,,,
2023-10-02,entropy_based,0.25,Z01,left,LC-08|LC-09|LC-10|LC-11|LC-12,2175.0,0.49828178694158076,0.06736019196023235,0.9326398080397676,,0.20208057588069706,3,0.42857142857142855,0.11022745868106695,0.27457524590272897,0.1788712701567492
2023-10-02,entropy_based,0.25,Z02,left,LC-13|LC-14|LC-15|LC-16|LC-17,369.0,0.08453608247422681,0.2631282276175505,0.7368717723824495,,0.0,1,0.14285714285714285,0.11022745868106695,0.27457524590272897,0.1788712701567492
2023-10-02,entropy_based,0.25,Z03,right,RC-08|RC-09|RC-10|RC-11|RC-12,1424.0,0.32623138602520046,0.07249467002203192,0.9275053299779681,,0.07249467002203192,2,0.2857142857142857,0.11022745868106695,0.27457524590272897,0.1788712701567492
2023-10-02,entropy_based,0.25,Z04,right,RC-13|RC-14|RC-15|RC-16|RC-17,397.0,0.09095074455899198,0.028221909673325718,0.9717780903266743,,0.0,1,0.14285714285714285,0.11022745868106695,0.27457524590272897,0.1788712701567492
2023-10-05,random,,Z01,left,LC-08|LC-09|LC-10|LC-11|LC-12,1284.0,0.5563258232235702,0.01580934461616068,0.9841906553838393,1284.0,,2,0.2857142857142857,,,
2023-10-05,random,,Z02,left,LC-13|LC-14|LC-15|LC-16|LC-17,144.0,0.06239168110918544,0.15406346691640582,0.8459365330835942,144.0,,1,0.14285714285714285,,,
2023-10-05,random,,Z03,right,RC-08|RC-09|RC-10|RC-11|RC-12,783.0,0.33925476603119586,0.11747782670086526,0.8825221732991347,783.0,,3,0.42857142857142855,,,
2023-10-05,random,,Z04,right,RC-13|RC-14|RC-15|RC-16|RC-17,97.0,0.042027729636048526,0.010394507440490863,0.9896054925595091,97.0,,1,0.14285714285714285,,,
2023-10-05,equal,,Z01,left,LC-08|LC-09|LC-10|LC-11|LC-12,1284.0,0.5563258232235702,0.01580934461616068,0.9841906553838393,1284.0,,2,0.2857142857142857,,,
2023-10-05,equal,,Z02,left,LC-13|LC-14|LC-15|LC-16|LC-17,144.0,0.06239168110918544,0.15406346691640582,0.8459365330835942,144.0,,2,0.2857142857142857,,,
2023-10-05,equal,,Z03,right,RC-08|RC-09|RC-10|RC-11|RC-12,783.0,0.33925476603119586,0.11747782670086526,0.8825221732991347,783.0,,2,0.2857142857142857,,,
2023-10-05,equal,,Z04,right,RC-13|RC-14|RC-15|RC-16|RC-17,97.0,0.042027729636048526,0.010394507440490863,0.9896054925595091,97.0,,1,0.14285714285714285,,,
2023-10-05,volume_proportional,,Z01,left,LC-08|LC-09|LC-10|LC-11|LC-12,1284.0,0.5563258232235702,0.01580934461616068,0.9841906553838393,1284.0,,3,0.42857142857142855,,,
2023-10-05,volume_proportional,,Z02,left,LC-13|LC-14|LC-15|LC-16|LC-17,144.0,0.06239168110918544,0.15406346691640582,0.8459365330835942,144.0,,1,0.14285714285714285,,,
2023-10-05,volume_proportional,,Z03,right,RC-08|RC-09|RC-10|RC-11|RC-12,783.0,0.33925476603119586,0.11747782670086526,0.8825221732991347,783.0,,2,0.2857142857142857,,,
2023-10-05,volume_proportional,,Z04,right,RC-13|RC-14|RC-15|RC-16|RC-17,97.0,0.042027729636048526,0.010394507440490863,0.9896054925595091,97.0,,1,0.14285714285714285,,,
2023-10-05,entropy_based,0.25,Z01,left,LC-08|LC-09|LC-10|LC-11|LC-12,1284.0,0.5563258232235702,0.01580934461616068,0.9841906553838393,,0.09485606769696409,4,0.5714285714285714,0.196397623174053,0.09485606769696409,0.220111640098294
2023-10-05,entropy_based,0.25,Z02,left,LC-13|LC-14|LC-15|LC-16|LC-17,144.0,0.06239168110918544,0.15406346691640582,0.8459365330835942,,0.0,1,0.14285714285714285,0.196397623174053,0.09485606769696409,0.220111640098294
2023-10-05,entropy_based,0.25,Z03,right,RC-08|RC-09|RC-10|RC-11|RC-12,783.0,0.33925476603119586,0.11747782670086526,0.8825221732991347,,0.0,1,0.14285714285714285,0.196397623174053,0.09485606769696409,0.220111640098294
2023-10-05,entropy_based,0.25,Z04,right,RC-13|RC-14|RC-15|RC-16|RC-17,97.0,0.042027729636048526,0.010394507440490863,0.9896054925595091,,0.0,1,0.14285714285714285,0.196397623174053,0.09485606769696409,0.220111640098294
2023-10-06,random,,Z01,left,LC-08|LC-09|LC-10|LC-11|LC-12,662.0,0.5308740978348035,0.016189130503174054,0.983810869496826,662.0,,2,0.3333333333333333,,,
2023-10-06,random,,Z02,left,LC-13|LC-14|LC-15|LC-16|LC-17,47.0,0.03769045709703288,0.17389817136650698,0.826101828633493,47.0,,1,0.16666666666666666,,,
2023-10-06,random,,Z03,right,RC-08|RC-09|RC-10|RC-11|RC-12,488.0,0.3913392141138733,0.22664309150597295,0.773356908494027,488.0,,2,0.3333333333333333,,,
2023-10-06,random,,Z04,right,RC-13|RC-14|RC-15|RC-16|RC-17,50.0,0.040096230954290296,0.036287315908047124,0.9637126840919529,50.0,,1,0.16666666666666666,,,
2023-10-06,equal,,Z01,left,LC-08|LC-09|LC-10|LC-11|LC-12,662.0,0.5308740978348035,0.016189130503174054,0.983810869496826,662.0,,2,0.3333333333333333,,,
2023-10-06,equal,,Z02,left,LC-13|LC-14|LC-15|LC-16|LC-17,47.0,0.03769045709703288,0.17389817136650698,0.826101828633493,47.0,,2,0.3333333333333333,,,
2023-10-06,equal,,Z03,right,RC-08|RC-09|RC-10|RC-11|RC-12,488.0,0.3913392141138733,0.22664309150597295,0.773356908494027,488.0,,1,0.16666666666666666,,,
2023-10-06,equal,,Z04,right,RC-13|RC-14|RC-15|RC-16|RC-17,50.0,0.040096230954290296,0.036287315908047124,0.9637126840919529,50.0,,1,0.16666666666666666,,,
2023-10-06,volume_proportional,,Z01,left,LC-08|LC-09|LC-10|LC-11|LC-12,662.0,0.5308740978348035,0.016189130503174054,0.983810869496826,662.0,,2,0.3333333333333333,,,
2023-10-06,volume_proportional,,Z02,left,LC-13|LC-14|LC-15|LC-16|LC-17,47.0,0.03769045709703288,0.17389817136650698,0.826101828633493,47.0,,1,0.16666666666666666,,,
2023-10-06,volume_proportional,,Z03,right,RC-08|RC-09|RC-10|RC-11|RC-12,488.0,0.3913392141138733,0.22664309150597295,0.773356908494027,488.0,,2,0.3333333333333333,,,
2023-10-06,volume_proportional,,Z04,right,RC-13|RC-14|RC-15|RC-16|RC-17,50.0,0.040096230954290296,0.036287315908047124,0.9637126840919529,50.0,,1,0.16666666666666666,,,
2023-10-06,entropy_based,0.25,Z01,left,LC-08|LC-09|LC-10|LC-11|LC-12,662.0,0.5308740978348035,0.016189130503174054,0.983810869496826,,0.04856739150952216,3,0.5,0.25554664528201015,0.04856739150952216,0.2676884931593907
2023-10-06,entropy_based,0.25,Z02,left,LC-13|LC-14|LC-15|LC-16|LC-17,47.0,0.03769045709703288,0.17389817136650698,0.826101828633493,,0.0,1,0.16666666666666666,0.25554664528201015,0.04856739150952216,0.2676884931593907
2023-10-06,entropy_based,0.25,Z03,right,RC-08|RC-09|RC-10|RC-11|RC-12,488.0,0.3913392141138733,0.22664309150597295,0.773356908494027,,0.0,1,0.16666666666666666,0.25554664528201015,0.04856739150952216,0.2676884931593907
2023-10-06,entropy_based,0.25,Z04,right,RC-13|RC-14|RC-15|RC-16|RC-17,50.0,0.040096230954290296,0.036287315908047124,0.9637126840919529,,0.0,1,0.16666666666666666,0.25554664528201015,0.04856739150952216,0.2676884931593907
2023-10-12,random,,Z01,left,LC-08|LC-09|LC-10|LC-11|LC-12,718.0,0.48091091761553917,0.05169542347032252,0.9483045765296775,718.0,,2,0.3333333333333333,,,
2023-10-12,random,,Z02,left,LC-13|LC-14|LC-15|LC-16|LC-17,83.0,0.055592766242464835,0.3763083175319215,0.6236916824680785,83.0,,1,0.16666666666666666,,,
2023-10-12,random,,Z03,right,RC-08|RC-09|RC-10|RC-11|RC-12,576.0,0.38580040187541864,0.09501850820271829,0.9049814917972817,576.0,,2,0.3333333333333333,,,
2023-10-12,random,,Z04,right,RC-13|RC-14|RC-15|RC-16|RC-17,116.0,0.07769591426657736,0.048635095263714345,0.9513649047362857,116.0,,1,0.16666666666666666,,,
2023-10-12,equal,,Z01,left,LC-08|LC-09|LC-10|LC-11|LC-12,718.0,0.48091091761553917,0.05169542347032252,0.9483045765296775,718.0,,2,0.3333333333333333,,,
2023-10-12,equal,,Z02,left,LC-13|LC-14|LC-15|LC-16|LC-17,83.0,0.055592766242464835,0.3763083175319215,0.6236916824680785,83.0,,2,0.3333333333333333,,,
2023-10-12,equal,,Z03,right,RC-08|RC-09|RC-10|RC-11|RC-12,576.0,0.38580040187541864,0.09501850820271829,0.9049814917972817,576.0,,1,0.16666666666666666,,,
2023-10-12,equal,,Z04,right,RC-13|RC-14|RC-15|RC-16|RC-17,116.0,0.07769591426657736,0.048635095263714345,0.9513649047362857,116.0,,1,0.16666666666666666,,,
2023-10-12,volume_proportional,,Z01,left,LC-08|LC-09|LC-10|LC-11|LC-12,718.0,0.48091091761553917,0.05169542347032252,0.9483045765296775,718.0,,2,0.3333333333333333,,,
2023-10-12,volume_proportional,,Z02,left,LC-13|LC-14|LC-15|LC-16|LC-17,83.0,0.055592766242464835,0.3763083175319215,0.6236916824680785,83.0,,1,0.16666666666666666,,,
2023-10-12,volume_proportional,,Z03,right,RC-08|RC-09|RC-10|RC-11|RC-12,576.0,0.38580040187541864,0.09501850820271829,0.9049814917972817,576.0,,2,0.3333333333333333,,,
2023-10-12,volume_proportional,,Z04,right,RC-13|RC-14|RC-15|RC-16|RC-17,116.0,0.07769591426657736,0.048635095263714345,0.9513649047362857,116.0,,1,0.16666666666666666,,,
2023-10-12,entropy_based,0.25,Z01,left,LC-08|LC-09|LC-10|LC-11|LC-12,718.0,0.48091091761553917,0.05169542347032252,0.9483045765296775,,0.05169542347032252,2,0.3333333333333333,0.20004465282429115,0.1467139316730408,0.23672313574255135
2023-10-12,entropy_based,0.25,Z02,left,LC-13|LC-14|LC-15|LC-16|LC-17,83.0,0.055592766242464835,0.3763083175319215,0.6236916824680785,,0.0,1,0.16666666666666666,0.20004465282429115,0.1467139316730408,0.23672313574255135
2023-10-12,entropy_based,0.25,Z03,right,RC-08|RC-09|RC-10|RC-11|RC-12,576.0,0.38580040187541864,0.09501850820271829,0.9049814917972817,,0.09501850820271829,2,0.3333333333333333,0.20004465282429115,0.1467139316730408,0.23672313574255135
2023-10-12,entropy_based,0.25,Z04,right,RC-13|RC-14|RC-15|RC-16|RC-17,116.0,0.07769591426657736,0.048635095263714345,0.9513649047362857,,0.0,1,0.16666666666666666,0.20004465282429115,0.1467139316730408,0.23672313574255135
2023-10-13,random,,Z01,left,LC-08|LC-09|LC-10|LC-11|LC-12,840.0,0.5694915254237288,0.03365853898253157,0.9663414610174684,840.0,,3,0.375,,,
2023-10-13,random,,Z02,left,LC-13|LC-14|LC-15|LC-16|LC-17,148.0,0.10033898305084746,0.2565879744692776,0.7434120255307224,148.0,,1,0.125,,,
2023-10-13,random,,Z03,right,RC-08|RC-09|RC-10|RC-11|RC-12,326.0,0.22101694915254239,0.06327808149169512,0.9367219185083049,326.0,,3,0.375,,,
2023-10-13,random,,Z04,right,RC-13|RC-14|RC-15|RC-16|RC-17,161.0,0.10915254237288136,0.027299801129779144,0.9727001988702209,161.0,,1,0.125,,,
2023-10-13,equal,,Z01,left,LC-08|LC-09|LC-10|LC-11|LC-12,840.0,0.5694915254237288,0.03365853898253157,0.9663414610174684,840.0,,2,0.25,,,
2023-10-13,equal,,Z02,left,LC-13|LC-14|LC-15|LC-16|LC-17,148.0,0.10033898305084746,0.2565879744692776,0.7434120255307224,148.0,,2,0.25,,,
2023-10-13,equal,,Z03,right,RC-08|RC-09|RC-10|RC-11|RC-12,326.0,0.22101694915254239,0.06327808149169512,0.9367219185083049,326.0,,2,0.25,,,
2023-10-13,equal,,Z04,right,RC-13|RC-14|RC-15|RC-16|RC-17,161.0,0.10915254237288136,0.027299801129779144,0.9727001988702209,161.0,,2,0.25,,,
2023-10-13,volume_proportional,,Z01,left,LC-08|LC-09|LC-10|LC-11|LC-12,840.0,0.5694915254237288,0.03365853898253157,0.9663414610174684,840.0,,4,0.5,,,
2023-10-13,volume_proportional,,Z02,left,LC-13|LC-14|LC-15|LC-16|LC-17,148.0,0.10033898305084746,0.2565879744692776,0.7434120255307224,148.0,,1,0.125,,,
2023-10-13,volume_proportional,,Z03,right,RC-08|RC-09|RC-10|RC-11|RC-12,326.0,0.22101694915254239,0.06327808149169512,0.9367219185083049,326.0,,2,0.25,,,
2023-10-13,volume_proportional,,Z04,right,RC-13|RC-14|RC-15|RC-16|RC-17,161.0,0.10915254237288136,0.027299801129779144,0.9727001988702209,161.0,,1,0.125,,,
2023-10-13,entropy_based,0.25,Z01,left,LC-08|LC-09|LC-10|LC-11|LC-12,840.0,0.5694915254237288,0.03365853898253157,0.9663414610174684,,0.20195123389518943,4,0.5,0.06949152542372881,0.26522931538688455,0.13579885427044996
2023-10-13,entropy_based,0.25,Z02,left,LC-13|LC-14|LC-15|LC-16|LC-17,148.0,0.10033898305084746,0.2565879744692776,0.7434120255307224,,0.0,1,0.125,0.06949152542372881,0.26522931538688455,0.13579885427044996
2023-10-13,entropy_based,0.25,Z03,right,RC-08|RC-09|RC-10|RC-11|RC-12,326.0,0.22101694915254239,0.06327808149169512,0.9367219185083049,,0.06327808149169512,2,0.25,0.06949152542372881,0.26522931538688455,0.13579885427044996
2023-10-13,entropy_based,0.25,Z04,right,RC-13|RC-14|RC-15|RC-16|RC-17,161.0,0.10915254237288136,0.027299801129779144,0.9727001988702209,,0.0,1,0.125,0.06949152542372881,0.26522931538688455,0.13579885427044996
2023-10-16,random,,Z01,left,LC-08|LC-09|LC-10|LC-11|LC-12,546.0,0.4431818181818182,0.05496454557441399,0.945035454425586,546.0,,2,0.4,,,
2023-10-16,random,,Z02,left,LC-13|LC-14|LC-15|LC-16|LC-17,96.0,0.07792207792207792,0.22786964655528053,0.7721303534447195,96.0,,1,0.2,,,
2023-10-16,random,,Z03,right,RC-08|RC-09|RC-10|RC-11|RC-12,431.0,0.34983766233766234,0.11696948447087874,0.8830305155291213,431.0,,1,0.2,,,
2023-10-16,random,,Z04,right,RC-13|RC-14|RC-15|RC-16|RC-17,159.0,0.12905844155844157,0.017708725995651098,0.9822912740043489,159.0,,1,0.2,,,
2023-10-16,equal,,Z01,left,LC-08|LC-09|LC-10|LC-11|LC-12,546.0,0.4431818181818182,0.05496454557441399,0.945035454425586,546.0,,2,0.4,,,
2023-10-16,equal,,Z02,left,LC-13|LC-14|LC-15|LC-16|LC-17,96.0,0.07792207792207792,0.22786964655528053,0.7721303534447195,96.0,,1,0.2,,,
2023-10-16,equal,,Z03,right,RC-08|RC-09|RC-10|RC-11|RC-12,431.0,0.34983766233766234,0.11696948447087874,0.8830305155291213,431.0,,1,0.2,,,
2023-10-16,equal,,Z04,right,RC-13|RC-14|RC-15|RC-16|RC-17,159.0,0.12905844155844157,0.017708725995651098,0.9822912740043489,159.0,,1,0.2,,,
2023-10-16,volume_proportional,,Z01,left,LC-08|LC-09|LC-10|LC-11|LC-12,546.0,0.4431818181818182,0.05496454557441399,0.945035454425586,546.0,,2,0.4,,,
2023-10-16,volume_proportional,,Z02,left,LC-13|LC-14|LC-15|LC-16|LC-17,96.0,0.07792207792207792,0.22786964655528053,0.7721303534447195,96.0,,1,0.2,,,
2023-10-16,volume_proportional,,Z03,right,RC-08|RC-09|RC-10|RC-11|RC-12,431.0,0.34983766233766234,0.11696948447087874,0.8830305155291213,431.0,,1,0.2,,,
2023-10-16,volume_proportional,,Z04,right,RC-13|RC-14|RC-15|RC-16|RC-17,159.0,0.12905844155844157,0.017708725995651098,0.9822912740043489,159.0,,1,0.2,,,
2023-10-16,entropy_based,0.25,Z01,left,LC-08|LC-09|LC-10|LC-11|LC-12,546.0,0.4431818181818182,0.05496454557441399,0.945035454425586,,0.05496454557441399,2,0.4,0.1930194805194805,0.05496454557441399,0.206760616913084
2023-10-16,entropy_based,0.25,Z02,left,LC-13|LC-14|LC-15|LC-16|LC-17,96.0,0.07792207792207792,0.22786964655528053,0.7721303534447195,,0.0,1,0.2,0.1930194805194805,0.05496454557441399,0.206760616913084
2023-10-16,entropy_based,0.25,Z03,right,RC-08|RC-09|RC-10|RC-11|RC-12,431.0,0.34983766233766234,0.11696948447087874,0.8830305155291213,,0.0,1,0.2,0.1930194805194805,0.05496454557441399,0.206760616913084
2023-10-16,entropy_based,0.25,Z04,right,RC-13|RC-14|RC-15|RC-16|RC-17,159.0,0.12905844155844157,0.017708725995651098,0.9822912740043489,,0.0,1,0.2,0.1930194805194805,0.05496454557441399,0.206760616913084
2023-10-17,random,,Z01,left,LC-08|LC-09|LC-10|LC-11|LC-12,260.0,0.6341463414634146,0.1125472004929835,0.8874527995070165,260.0,,3,0.5,,,
2023-10-17,random,,Z02,left,LC-13|LC-14|LC-15|LC-16|LC-17,0.0,0.0,0.2913657806575459,0.7086342193424541,0.0,,0,0.0,,,
2023-10-17,random,,Z03,right,RC-08|RC-09|RC-10|RC-11|RC-12,119.0,0.29024390243902437,0.22538511677918627,0.7746148832208137,119.0,,1,0.16666666666666666,,,
2023-10-17,random,,Z04,right,RC-13|RC-14|RC-15|RC-16|RC-17,31.0,0.07560975609756097,0.06678716280895425,0.9332128371910458,31.0,,2,0.3333333333333333,,,
2023-10-17,equal,,Z01,left,LC-08|LC-09|LC-10|LC-11|LC-12,260.0,0.6341463414634146,0.1125472004929835,0.8874527995070165,260.0,,2,0.3333333333333333,,,
2023-10-17,equal,,Z02,left,LC-13|LC-14|LC-15|LC-16|LC-17,0.0,0.0,0.2913657806575459,0.7086342193424541,0.0,,0,0.0,,,
2023-10-17,equal,,Z03,right,RC-08|RC-09|RC-10|RC-11|RC-12,119.0,0.29024390243902437,0.22538511677918627,0.7746148832208137,119.0,,2,0.3333333333333333,,,
2023-10-17,equal,,Z04,right,RC-13|RC-14|RC-15|RC-16|RC-17,31.0,0.07560975609756097,0.06678716280895425,0.9332128371910458,31.0,,2,0.3333333333333333,,,
2023-10-17,volume_proportional,,Z01,left,LC-08|LC-09|LC-10|LC-11|LC-12,260.0,0.6341463414634146,0.1125472004929835,0.8874527995070165,260.0,,3,0.5,,,
2023-10-17,volume_proportional,,Z02,left,LC-13|LC-14|LC-15|LC-16|LC-17,0.0,0.0,0.2913657806575459,0.7086342193424541,0.0,,0,0.0,,,
2023-10-17,volume_proportional,,Z03,right,RC-08|RC-09|RC-10|RC-11|RC-12,119.0,0.29024390243902437,0.22538511677918627,0.7746148832208137,119.0,,2,0.3333333333333333,,,
2023-10-17,volume_proportional,,Z04,right,RC-13|RC-14|RC-15|RC-16|RC-17,31.0,0.07560975609756097,0.06678716280895425,0.9332128371910458,31.0,,1,0.16666666666666666,,,
2023-10-17,entropy_based,0.25,Z01,left,LC-08|LC-09|LC-10|LC-11|LC-12,260.0,0.6341463414634146,0.1125472004929835,0.8874527995070165,,0.3376416014789505,3,0.5,0.13414634146341464,0.5630267182581368,0.27490302102794884
2023-10-17,entropy_based,0.25,Z02,left,LC-13|LC-14|LC-15|LC-16|LC-17,0.0,0.0,0.2913657806575459,0.7086342193424541,,0.0,0,0.0,0.13414634146341464,0.5630267182581368,0.27490302102794884
2023-10-17,entropy_based,0.25,Z03,right,RC-08|RC-09|RC-10|RC-11|RC-12,119.0,0.29024390243902437,0.22538511677918627,0.7746148832208137,,0.22538511677918627,2,0.3333333333333333,0.13414634146341464,0.5630267182581368,0.27490302102794884
2023-10-17,entropy_based,0.25,Z04,right,RC-13|RC-14|RC-15|RC-16|RC-17,31.0,0.07560975609756097,0.06678716280895425,0.9332128371910458,,0.0,1,0.16666666666666666,0.13414634146341464,0.5630267182581368,0.27490302102794884
2023-10-18,random,,Z01,left,LC-08|LC-09|LC-10|LC-11|LC-12,504.0,0.691358024691358,0.08661225340044132,0.9133877465995587,504.0,,3,0.6,,,
2023-10-18,random,,Z02,left,LC-13|LC-14|LC-15|LC-16|LC-17,0.0,0.0,0.39519605444133576,0.6048039455586642,0.0,,0,0.0,,,
2023-10-18,random,,Z03,right,RC-08|RC-09|RC-10|RC-11|RC-12,225.0,0.30864197530864196,0.3661197332484014,0.6338802667515986,225.0,,2,0.4,,,
2023-10-18,random,,Z04,right,RC-13|RC-14|RC-15|RC-16|RC-17,0.0,0.0,0.12181743048475469,0.8781825695152453,0.0,,0,0.0,,,
2023-10-18,equal,,Z01,left,LC-08|LC-09|LC-10|LC-11|LC-12,504.0,0.691358024691358,0.08661225340044132,0.9133877465995587,504.0,,3,0.6,,,
2023-10-18,equal,,Z02,left,LC-13|LC-14|LC-15|LC-16|LC-17,0.0,0.0,0.39519605444133576,0.6048039455586642,0.0,,0,0.0,,,
2023-10-18,equal,,Z03,right,RC-08|RC-09|RC-10|RC-11|RC-12,225.0,0.30864197530864196,0.3661197332484014,0.6338802667515986,225.0,,2,0.4,,,
2023-10-18,equal,,Z04,right,RC-13|RC-14|RC-15|RC-16|RC-17,0.0,0.0,0.12181743048475469,0.8781825695152453,0.0,,0,0.0,,,
2023-10-18,volume_proportional,,Z01,left,LC-08|LC-09|LC-10|LC-11|LC-12,504.0,0.691358024691358,0.08661225340044132,0.9133877465995587,504.0,,3,0.6,,,
2023-10-18,volume_proportional,,Z02,left,LC-13|LC-14|LC-15|LC-16|LC-17,0.0,0.0,0.39519605444133576,0.6048039455586642,0.0,,0,0.0,,,
2023-10-18,volume_proportional,,Z03,right,RC-08|RC-09|RC-10|RC-11|RC-12,225.0,0.30864197530864196,0.3661197332484014,0.6338802667515986,225.0,,2,0.4,,,
2023-10-18,volume_proportional,,Z04,right,RC-13|RC-14|RC-15|RC-16|RC-17,0.0,0.0,0.12181743048475469,0.8781825695152453,0.0,,0,0.0,,,
2023-10-18,entropy_based,0.25,Z01,left,LC-08|LC-09|LC-10|LC-11|LC-12,504.0,0.691358024691358,0.08661225340044132,0.9133877465995587,,0.5196735204026479,4,0.8,0.108641975308642,0.5196735204026479,0.23856035540930398
2023-10-18,entropy_based,0.25,Z02,left,LC-13|LC-14|LC-15|LC-16|LC-17,0.0,0.0,0.39519605444133576,0.6048039455586642,,0.0,0,0.0,0.108641975308642,0.5196735204026479,0.23856035540930398
2023-10-18,entropy_based,0.25,Z03,right,RC-08|RC-09|RC-10|RC-11|RC-12,225.0,0.30864197530864196,0.3661197332484014,0.6338802667515986,,0.0,1,0.2,0.108641975308642,0.5196735204026479,0.23856035540930398
2023-10-18,entropy_based,0.25,Z04,right,RC-13|RC-14|RC-15|RC-16|RC-17,0.0,0.0,0.12181743048475469,0.8781825695152453,,0.0,0,0.0,0.108641975308642,0.5196735204026479,0.23856035540930398
2023-10-19,random,,Z01,left,LC-08|LC-09|LC-10|LC-11|LC-12,179.0,0.41435185185185186,0.03835859003968778,0.9616414099603122,179.0,,1,0.25,,,
2023-10-19,random,,Z02,left,LC-13|LC-14|LC-15|LC-16|LC-17,24.0,0.05555555555555555,0.24827599363603792,0.7517240063639621,24.0,,1,0.25,,,
2023-10-19,random,,Z03,right,RC-08|RC-09|RC-10|RC-11|RC-12,133.0,0.30787037037037035,0.09810126468115232,0.9018987353188477,133.0,,1,0.25,,,
2023-10-19,random,,Z04,right,RC-13|RC-14|RC-15|RC-16|RC-17,96.0,0.2222222222222222,0.09295369394394792,0.9070463060560521,96.0,,1,0.25,,,
2023-10-19,equal,,Z01,left,LC-08|LC-09|LC-10|LC-11|LC-12,179.0,0.41435185185185186,0.03835859003968778,0.9616414099603122,179.0,,1,0.25,,,
2023-10-19,equal,,Z02,left,LC-13|LC-14|LC-15|LC-16|LC-17,24.0,0.05555555555555555,0.24827599363603792,0.7517240063639621,24.0,,1,0.25,,,
2023-10-19,equal,,Z03,right,RC-08|RC-09|RC-10|RC-11|RC-12,133.0,0.30787037037037035,0.09810126468115232,0.9018987353188477,133.0,,1,0.25,,,
2023-10-19,equal,,Z04,right,RC-13|RC-14|RC-15|RC-16|RC-17,96.0,0.2222222222222222,0.09295369394394792,0.9070463060560521,96.0,,1,0.25,,,
2023-10-19,volume_proportional,,Z01,left,LC-08|LC-09|LC-10|LC-11|LC-12,179.0,0.41435185185185186,0.03835859003968778,0.9616414099603122,179.0,,1,0.25,,,
2023-10-19,volume_proportional,,Z02,left,LC-13|LC-14|LC-15|LC-16|LC-17,24.0,0.05555555555555555,0.24827599363603792,0.7517240063639621,24.0,,1,0.25,,,
2023-10-19,volume_proportional,,Z03,right,RC-08|RC-09|RC-10|RC-11|RC-12,133.0,0.30787037037037035,0.09810126468115232,0.9018987353188477,133.0,,1,0.25,,,
2023-10-19,volume_proportional,,Z04,right,RC-13|RC-14|RC-15|RC-16|RC-17,96.0,0.2222222222222222,0.09295369394394792,0.9070463060560521,96.0,,1,0.25,,,
2023-10-19,entropy_based,0.25,Z01,left,LC-08|LC-09|LC-10|LC-11|LC-12,179.0,0.41435185185185186,0.03835859003968778,0.9616414099603122,,0.0,1,0.25,0.2222222222222222,0.0,0.2222222222222222
2023-10-19,entropy_based,0.25,Z02,left,LC-13|LC-14|LC-15|LC-16|LC-17,24.0,0.05555555555555555,0.24827599363603792,0.7517240063639621,,0.0,1,0.25,0.2222222222222222,0.0,0.2222222222222222
2023-10-19,entropy_based,0.25,Z03,right,RC-08|RC-09|RC-10|RC-11|RC-12,133.0,0.30787037037037035,0.09810126468115232,0.9018987353188477,,0.0,1,0.25,0.2222222222222222,0.0,0.2222222222222222
2023-10-19,entropy_based,0.25,Z04,right,RC-13|RC-14|RC-15|RC-16|RC-17,96.0,0.2222222222222222,0.09295369394394792,0.9070463060560521,,0.0,1,0.25,0.2222222222222222,0.0,0.2222222222222222
