time_seconds,active_workers,occupied_cells,entropy_bits,entropy_normalized,max_concentration,congested_cells,workers_in_shared_cells,excess_workers,method,timestamp
0.0,7,2,0.5916727785823274,0.21075809614719845,0.8571428571428571,1,6,5,random,2023-01-05 07:42:00
5.0,7,7,2.807354922057604,1.0,0.14285714285714285,0,0,0,random,2023-01-05 07:42:05
10.0,7,7,2.807354922057604,1.0,0.14285714285714285,0,0,0,random,2023-01-05 07:42:10
15.0,7,7,2.807354922057604,1.0,0.14285714285714285,0,0,0,random,2023-01-05 07:42:15
20.0,7,7,2.807354922057604,1.0,0.14285714285714285,0,0,0,random,2023-01-05 07:42:20
25.0,7,7,2.807354922057604,1.0,0.14285714285714285,0,0,0,random,2023-01-05 07:42:25
30.0,7,6,2.521640636343318,0.8982265179691364,0.2857142857142857,1,2,1,random,2023-01-05 07:42:30
35.0,7,7,2.807354922057604,1.0,0.14285714285714285,0,0,0,random,2023-01-05 07:42:35
40.0,7,7,2.807354922057604,1.0,0.14285714285714285,0,0,0,random,2023-01-05 07:42:40
45.0,7,7,2.807354922057604,1.0,0.14285714285714285,0,0,0,random,2023-01-05 07:42:45
50.0,7,6,2.521640636343318,0.8982265179691364,0.2857142857142857,1,2,1,random,2023-01-05 07:42:50
55.0,7,6,2.521640636343318,0.8982265179691364,0.2857142857142857,1,2,1,random,2023-01-05 07:42:55
60.0,8,8,3.0,1.0,0.125,0,0,0,random,2023-01-05 07:43:00
65.0,8,8,3.0,1.0,0.125,0,0,0,random,2023-01-05 07:43:05
70.0,8,8,3.0,1.0,0.125,0,0,0,random,2023-01-05 07:43:10
75.0,8,8,3.0,1.0,0.125,0,0,0,random,2023-01-05 07:43:15
80.0,8,7,2.75,0.9166666666666666,0.25,1,2,1,random,2023-01-05 07:43:20
85.0,8,7,2.75,0.9166666666666666,0.25,1,2,1,random,2023-01-05 07:43:25
90.0,8,7,2.75,0.9166666666666666,0.25,1,2,1,random,2023-01-05 07:43:30
95.0,7,6,2.521640636343318,0.8982265179691364,0.2857142857142857,1,2,1,random,2023-01-05 07:43:35
100.0,7,6,2.521640636343318,0.8982265179691364,0.2857142857142857,1,2,1,random,2023-01-05 07:43:40
105.0,6,5,2.2516291673878226,0.8710490642551527,0.3333333333333333,1,2,1,random,2023-01-05 07:43:45
110.0,6,5,2.2516291673878226,0.8710490642551527,0.3333333333333333,1,2,1,random,2023-01-05 07:43:50
115.0,6,6,2.584962500721156,1.0,0.16666666666666666,0,0,0,random,2023-01-05 07:43:55
120.0,6,6,2.584962500721156,1.0,0.16666666666666666,0,0,0,random,2023-01-05 07:44:00
125.0,6,6,2.584962500721156,1.0,0.16666666666666666,0,0,0,random,2023-01-05 07:44:05
130.0,6,6,2.584962500721156,1.0,0.16666666666666666,0,0,0,random,2023-01-05 07:44:10
135.0,6,6,2.584962500721156,1.0,0.16666666666666666,0,0,0,random,2023-01-05 07:44:15
140.0,6,6,2.584962500721156,1.0,0.16666666666666666,0,0,0,random,2023-01-05 07:44:20
145.0,6,6,2.584962500721156,1.0,0.16666666666666666,0,0,0,random,2023-01-05 07:44:25
150.0,6,6,2.584962500721156,1.0,0.16666666666666666,0,0,0,random,2023-01-05 07:44:30
155.0,6,6,2.584962500721156,1.0,0.16666666666666666,0,0,0,random,2023-01-05 07:44:35
160.0,6,6,2.584962500721156,1.0,0.16666666666666666,0,0,0,random,2023-01-05 07:44:40
165.0,6,6,2.584962500721156,1.0,0.16666666666666666,0,0,0,random,2023-01-05 07:44:45
170.0,6,6,2.584962500721156,1.0,0.16666666666666666,0,0,0,random,2023-01-05 07:44:50
175.0,6,6,2.584962500721156,1.0,0.16666666666666666,0,0,0,random,2023-01-05 07:44:55
180.0,6,6,2.584962500721156,1.0,0.16666666666666666,0,0,0,random,2023-01-05 07:45:00
185.0,5,5,2.3219280948873626,1.0,0.2,0,0,0,random,2023-01-05 07:45:05
190.0,5,5,2.3219280948873626,1.0,0.2,0,0,0,random,2023-01-05 07:45:10
195.0,5,5,2.3219280948873626,1.0,0.2,0,0,0,random,2023-01-05 07:45:15
200.0,5,5,2.3219280948873626,1.0,0.2,0,0,0,random,2023-01-05 07:45:20
205.0,5,5,2.3219280948873626,1.0,0.2,0,0,0,random,2023-01-05 07:45:25
210.0,5,5,2.3219280948873626,1.0,0.2,0,0,0,random,2023-01-05 07:45:30
215.0,5,5,2.3219280948873626,1.0,0.2,0,0,0,random,2023-01-05 07:45:35
220.0,5,4,1.9219280948873623,0.8277293767706428,0.4,1,2,1,random,2023-01-05 07:45:40
225.0,5,4,1.9219280948873623,0.8277293767706428,0.4,1,2,1,random,2023-01-05 07:45:45
230.0,5,5,2.3219280948873626,1.0,0.2,0,0,0,random,2023-01-05 07:45:50
235.0,5,5,2.3219280948873626,1.0,0.2,0,0,0,random,2023-01-05 07:45:55
240.0,5,5,2.3219280948873626,1.0,0.2,0,0,0,random,2023-01-05 07:46:00
245.0,5,5,2.3219280948873626,1.0,0.2,0,0,0,random,2023-01-05 07:46:05
250.0,5,5,2.3219280948873626,1.0,0.2,0,0,0,random,2023-01-05 07:46:10
255.0,5,5,2.3219280948873626,1.0,0.2,0,0,0,random,2023-01-05 07:46:15
260.0,5,5,2.3219280948873626,1.0,0.2,0,0,0,random,2023-01-05 07:46:20
265.0,5,5,2.3219280948873626,1.0,0.2,0,0,0,random,2023-01-05 07:46:25
270.0,5,5,2.3219280948873626,1.0,0.2,0,0,0,random,2023-01-05 07:46:30
275.0,5,5,2.3219280948873626,1.0,0.2,0,0,0,random,2023-01-05 07:46:35
280.0,5,5,2.3219280948873626,1.0,0.2,0,0,0,random,2023-01-05 07:46:40
285.0,5,5,2.3219280948873626,1.0,0.2,0,0,0,random,2023-01-05 07:46:45
290.0,5,5,2.3219280948873626,1.0,0.2,0,0,0,random,2023-01-05 07:46:50
295.0,5,5,2.3219280948873626,1.0,0.2,0,0,0,random,2023-01-05 07:46:55
300.0,5,5,2.3219280948873626,1.0,0.2,0,0,0,random,2023-01-05 07:47:00
305.0,5,4,1.9219280948873623,0.8277293767706428,0.4,1,2,1,random,2023-01-05 07:47:05
310.0,5,4,1.9219280948873623,0.8277293767706428,0.4,1,2,1,random,2023-01-05 07:47:10
315.0,5,4,1.9219280948873623,0.8277293767706428,0.4,1,2,1,random,2023-01-05 07:47:15
320.0,5,5,2.3219280948873626,1.0,0.2,0,0,0,random,2023-01-05 07:47:20
325.0,5,5,2.3219280948873626,1.0,0.2,0,0,0,random,2023-01-05 07:47:25
330.0,5,5,2.3219280948873626,1.0,0.2,0,0,0,random,2023-01-05 07:47:30
335.0,5,5,2.3219280948873626,1.0,0.2,0,0,0,random,2023-01-05 07:47:35
340.0,5,5,2.3219280948873626,1.0,0.2,0,0,0,random,2023-01-05 07:47:40
345.0,5,5,2.3219280948873626,1.0,0.2,0,0,0,random,2023-01-05 07:47:45
350.0,5,5,2.3219280948873626,1.0,0.2,0,0,0,random,2023-01-05 07:47:50
355.0,5,5,2.3219280948873626,1.0,0.2,0,0,0,random,2023-01-05 07:47:55
360.0,5,5,2.3219280948873626,1.0,0.2,0,0,0,random,2023-01-05 07:48:00
365.0,4,4,2.0,1.0,0.25,0,0,0,random,2023-01-05 07:48:05
370.0,4,4,2.0,1.0,0.25,0,0,0,random,2023-01-05 07:48:10
375.0,3,3,1.584962500721156,1.0,0.3333333333333333,0,0,0,random,2023-01-05 07:48:15
380.0,3,3,1.584962500721156,1.0,0.3333333333333333,0,0,0,random,2023-01-05 07:48:20
385.0,3,3,1.584962500721156,1.0,0.3333333333333333,0,0,0,random,2023-01-05 07:48:25
390.0,3,3,1.584962500721156,1.0,0.3333333333333333,0,0,0,random,2023-01-05 07:48:30
395.0,3,3,1.584962500721156,1.0,0.3333333333333333,0,0,0,random,2023-01-05 07:48:35
400.0,3,3,1.584962500721156,1.0,0.3333333333333333,0,0,0,random,2023-01-05 07:48:40
405.0,3,3,1.584962500721156,1.0,0.3333333333333333,0,0,0,random,2023-01-05 07:48:45
410.0,3,3,1.584962500721156,1.0,0.3333333333333333,0,0,0,random,2023-01-05 07:48:50
415.0,3,3,1.584962500721156,1.0,0.3333333333333333,0,0,0,random,2023-01-05 07:48:55
420.0,3,3,1.584962500721156,1.0,0.3333333333333333,0,0,0,random,2023-01-05 07:49:00
425.0,3,3,1.584962500721156,1.0,0.3333333333333333,0,0,0,random,2023-01-05 07:49:05
430.0,3,3,1.584962500721156,1.0,0.3333333333333333,0,0,0,random,2023-01-05 07:49:10
435.0,3,3,1.584962500721156,1.0,0.3333333333333333,0,0,0,random,2023-01-05 07:49:15
440.0,3,3,1.584962500721156,1.0,0.3333333333333333,0,0,0,random,2023-01-05 07:49:20
445.0,3,3,1.584962500721156,1.0,0.3333333333333333,0,0,0,random,2023-01-05 07:49:25
450.0,3,3,1.584962500721156,1.0,0.3333333333333333,0,0,0,random,2023-01-05 07:49:30
455.0,3,3,1.584962500721156,1.0,0.3333333333333333,0,0,0,random,2023-01-05 07:49:35
460.0,3,3,1.584962500721156,1.0,0.3333333333333333,0,0,0,random,2023-01-05 07:49:40
465.0,3,3,1.584962500721156,1.0,0.3333333333333333,0,0,0,random,2023-01-05 07:49:45
470.0,3,3,1.584962500721156,1.0,0.3333333333333333,0,0,0,random,2023-01-05 07:49:50
475.0,3,3,1.584962500721156,1.0,0.3333333333333333,0,0,0,random,2023-01-05 07:49:55
480.0,2,2,1.0,1.0,0.5,0,0,0,random,2023-01-05 07:50:00
485.0,2,2,1.0,1.0,0.5,0,0,0,random,2023-01-05 07:50:05
490.0,2,2,1.0,1.0,0.5,0,0,0,random,2023-01-05 07:50:10
495.0,2,2,1.0,1.0,0.5,0,0,0,random,2023-01-05 07:50:15
500.0,2,2,1.0,1.0,0.5,0,0,0,random,2023-01-05 07:50:20
505.0,2,2,1.0,1.0,0.5,0,0,0,random,2023-01-05 07:50:25
510.0,2,2,1.0,1.0,0.5,0,0,0,random,2023-01-05 07:50:30
515.0,2,2,1.0,1.0,0.5,0,0,0,random,2023-01-05 07:50:35
520.0,2,2,1.0,1.0,0.5,0,0,0,random,2023-01-05 07:50:40
525.0,2,2,1.0,1.0,0.5,0,0,0,random,2023-01-05 07:50:45
530.0,2,2,1.0,1.0,0.5,0,0,0,random,2023-01-05 07:50:50
535.0,2,2,1.0,1.0,0.5,0,0,0,random,2023-01-05 07:50:55
540.0,2,2,1.0,1.0,0.5,0,0,0,random,2023-01-05 07:51:00
545.0,2,2,1.0,1.0,0.5,0,0,0,random,2023-01-05 07:51:05
550.0,2,2,1.0,1.0,0.5,0,0,0,random,2023-01-05 07:51:10
555.0,2,2,1.0,1.0,0.5,0,0,0,random,2023-01-05 07:51:15
560.0,2,2,1.0,1.0,0.5,0,0,0,random,2023-01-05 07:51:20
565.0,2,2,1.0,1.0,0.5,0,0,0,random,2023-01-05 07:51:25
570.0,2,2,1.0,1.0,0.5,0,0,0,random,2023-01-05 07:51:30
575.0,2,2,1.0,1.0,0.5,0,0,0,random,2023-01-05 07:51:35
580.0,2,2,1.0,1.0,0.5,0,0,0,random,2023-01-05 07:51:40
585.0,2,2,1.0,1.0,0.5,0,0,0,random,2023-01-05 07:51:45
590.0,2,2,1.0,1.0,0.5,0,0,0,random,2023-01-05 07:51:50
595.0,2,2,1.0,1.0,0.5,0,0,0,random,2023-01-05 07:51:55
600.0,2,2,1.0,1.0,0.5,0,0,0,random,2023-01-05 07:52:00
605.0,2,2,1.0,1.0,0.5,0,0,0,random,2023-01-05 07:52:05
610.0,2,2,1.0,1.0,0.5,0,0,0,random,2023-01-05 07:52:10
615.0,2,2,1.0,1.0,0.5,0,0,0,random,2023-01-05 07:52:15
620.0,2,2,1.0,1.0,0.5,0,0,0,random,2023-01-05 07:52:20
625.0,2,2,1.0,1.0,0.5,0,0,0,random,2023-01-05 07:52:25
630.0,2,2,1.0,1.0,0.5,0,0,0,random,2023-01-05 07:52:30
635.0,2,2,1.0,1.0,0.5,0,0,0,random,2023-01-05 07:52:35
640.0,2,2,1.0,1.0,0.5,0,0,0,random,2023-01-05 07:52:40
645.0,2,2,1.0,1.0,0.5,0,0,0,random,2023-01-05 07:52:45
650.0,2,2,1.0,1.0,0.5,0,0,0,random,2023-01-05 07:52:50
655.0,2,2,1.0,1.0,0.5,0,0,0,random,2023-01-05 07:52:55
660.0,2,2,1.0,1.0,0.5,0,0,0,random,2023-01-05 07:53:00
665.0,2,2,1.0,1.0,0.5,0,0,0,random,2023-01-05 07:53:05
670.0,2,2,1.0,1.0,0.5,0,0,0,random,2023-01-05 07:53:10
675.0,2,2,1.0,1.0,0.5,0,0,0,random,2023-01-05 07:53:15
680.0,2,2,1.0,1.0,0.5,0,0,0,random,2023-01-05 07:53:20
685.0,2,2,1.0,1.0,0.5,0,0,0,random,2023-01-05 07:53:25
690.0,2,2,1.0,1.0,0.5,0,0,0,random,2023-01-05 07:53:30
695.0,2,2,1.0,1.0,0.5,0,0,0,random,2023-01-05 07:53:35
700.0,2,2,1.0,1.0,0.5,0,0,0,random,2023-01-05 07:53:40
705.0,2,2,1.0,1.0,0.5,0,0,0,random,2023-01-05 07:53:45
710.0,2,2,1.0,1.0,0.5,0,0,0,random,2023-01-05 07:53:50
715.0,2,2,1.0,1.0,0.5,0,0,0,random,2023-01-05 07:53:55
720.0,2,2,1.0,1.0,0.5,0,0,0,random,2023-01-05 07:54:00
725.0,2,2,1.0,1.0,0.5,0,0,0,random,2023-01-05 07:54:05
730.0,2,2,1.0,1.0,0.5,0,0,0,random,2023-01-05 07:54:10
735.0,2,2,1.0,1.0,0.5,0,0,0,random,2023-01-05 07:54:15
740.0,2,2,1.0,1.0,0.5,0,0,0,random,2023-01-05 07:54:20
745.0,2,2,1.0,1.0,0.5,0,0,0,random,2023-01-05 07:54:25
750.0,2,2,1.0,1.0,0.5,0,0,0,random,2023-01-05 07:54:30
755.0,2,2,1.0,1.0,0.5,0,0,0,random,2023-01-05 07:54:35
760.0,2,2,1.0,1.0,0.5,0,0,0,random,2023-01-05 07:54:40
765.0,2,2,1.0,1.0,0.5,0,0,0,random,2023-01-05 07:54:45
770.0,2,2,1.0,1.0,0.5,0,0,0,random,2023-01-05 07:54:50
775.0,2,2,1.0,1.0,0.5,0,0,0,random,2023-01-05 07:54:55
780.0,2,2,1.0,1.0,0.5,0,0,0,random,2023-01-05 07:55:00
785.0,2,2,1.0,1.0,0.5,0,0,0,random,2023-01-05 07:55:05
790.0,2,2,1.0,1.0,0.5,0,0,0,random,2023-01-05 07:55:10
795.0,2,2,1.0,1.0,0.5,0,0,0,random,2023-01-05 07:55:15
800.0,2,2,1.0,1.0,0.5,0,0,0,random,2023-01-05 07:55:20
805.0,2,2,1.0,1.0,0.5,0,0,0,random,2023-01-05 07:55:25
810.0,2,2,1.0,1.0,0.5,0,0,0,random,2023-01-05 07:55:30
815.0,2,1,0.0,0.0,1.0,1,2,1,random,2023-01-05 07:55:35
820.0,2,2,1.0,1.0,0.5,0,0,0,random,2023-01-05 07:55:40
825.0,2,2,1.0,1.0,0.5,0,0,0,random,2023-01-05 07:55:45
830.0,2,2,1.0,1.0,0.5,0,0,0,random,2023-01-05 07:55:50
835.0,2,2,1.0,1.0,0.5,0,0,0,random,2023-01-05 07:55:55
840.0,2,2,1.0,1.0,0.5,0,0,0,random,2023-01-05 07:56:00
845.0,2,2,1.0,1.0,0.5,0,0,0,random,2023-01-05 07:56:05
850.0,2,2,1.0,1.0,0.5,0,0,0,random,2023-01-05 07:56:10
855.0,2,2,1.0,1.0,0.5,0,0,0,random,2023-01-05 07:56:15
860.0,2,2,1.0,1.0,0.5,0,0,0,random,2023-01-05 07:56:20
865.0,2,2,1.0,1.0,0.5,0,0,0,random,2023-01-05 07:56:25
870.0,2,2,1.0,1.0,0.5,0,0,0,random,2023-01-05 07:56:30
875.0,2,2,1.0,1.0,0.5,0,0,0,random,2023-01-05 07:56:35
880.0,2,2,1.0,1.0,0.5,0,0,0,random,2023-01-05 07:56:40
885.0,2,2,1.0,1.0,0.5,0,0,0,random,2023-01-05 07:56:45
890.0,2,2,1.0,1.0,0.5,0,0,0,random,2023-01-05 07:56:50
895.0,2,2,1.0,1.0,0.5,0,0,0,random,2023-01-05 07:56:55
900.0,2,2,1.0,1.0,0.5,0,0,0,random,2023-01-05 07:57:00
905.0,2,2,1.0,1.0,0.5,0,0,0,random,2023-01-05 07:57:05
910.0,2,2,1.0,1.0,0.5,0,0,0,random,2023-01-05 07:57:10
915.0,2,2,1.0,1.0,0.5,0,0,0,random,2023-01-05 07:57:15
920.0,2,2,1.0,1.0,0.5,0,0,0,random,2023-01-05 07:57:20
925.0,2,2,1.0,1.0,0.5,0,0,0,random,2023-01-05 07:57:25
930.0,2,2,1.0,1.0,0.5,0,0,0,random,2023-01-05 07:57:30
935.0,2,2,1.0,1.0,0.5,0,0,0,random,2023-01-05 07:57:35
940.0,2,2,1.0,1.0,0.5,0,0,0,random,2023-01-05 07:57:40
945.0,2,2,1.0,1.0,0.5,0,0,0,random,2023-01-05 07:57:45
950.0,2,2,1.0,1.0,0.5,0,0,0,random,2023-01-05 07:57:50
955.0,2,2,1.0,1.0,0.5,0,0,0,random,2023-01-05 07:57:55
960.0,2,2,1.0,1.0,0.5,0,0,0,random,2023-01-05 07:58:00
965.0,2,2,1.0,1.0,0.5,0,0,0,random,2023-01-05 07:58:05
970.0,2,2,1.0,1.0,0.5,0,0,0,random,2023-01-05 07:58:10
975.0,2,2,1.0,1.0,0.5,0,0,0,random,2023-01-05 07:58:15
980.0,2,2,1.0,1.0,0.5,0,0,0,random,2023-01-05 07:58:20
985.0,2,2,1.0,1.0,0.5,0,0,0,random,2023-01-05 07:58:25
990.0,2,2,1.0,1.0,0.5,0,0,0,random,2023-01-05 07:58:30
995.0,2,2,1.0,1.0,0.5,0,0,0,random,2023-01-05 07:58:35
1000.0,2,2,1.0,1.0,0.5,0,0,0,random,2023-01-05 07:58:40
1005.0,2,2,1.0,1.0,0.5,0,0,0,random,2023-01-05 07:58:45
1010.0,2,2,1.0,1.0,0.5,0,0,0,random,2023-01-05 07:58:50
1015.0,2,2,1.0,1.0,0.5,0,0,0,random,2023-01-05 07:58:55
1020.0,2,2,1.0,1.0,0.5,0,0,0,random,2023-01-05 07:59:00
1025.0,2,2,1.0,1.0,0.5,0,0,0,random,2023-01-05 07:59:05
1030.0,2,2,1.0,1.0,0.5,0,0,0,random,2023-01-05 07:59:10
1035.0,2,2,1.0,1.0,0.5,0,0,0,random,2023-01-05 07:59:15
1040.0,2,2,1.0,1.0,0.5,0,0,0,random,2023-01-05 07:59:20
1045.0,2,2,1.0,1.0,0.5,0,0,0,random,2023-01-05 07:59:25
1050.0,2,2,1.0,1.0,0.5,0,0,0,random,2023-01-05 07:59:30
1055.0,2,2,1.0,1.0,0.5,0,0,0,random,2023-01-05 07:59:35
1060.0,2,2,1.0,1.0,0.5,0,0,0,random,2023-01-05 07:59:40
1065.0,2,2,1.0,1.0,0.5,0,0,0,random,2023-01-05 07:59:45
1070.0,2,2,1.0,1.0,0.5,0,0,0,random,2023-01-05 07:59:50
1075.0,2,2,1.0,1.0,0.5,0,0,0,random,2023-01-05 07:59:55
1080.0,2,2,1.0,1.0,0.5,0,0,0,random,2023-01-05 08:00:00
1085.0,2,2,1.0,1.0,0.5,0,0,0,random,2023-01-05 08:00:05
1090.0,2,2,1.0,1.0,0.5,0,0,0,random,2023-01-05 08:00:10
1095.0,2,2,1.0,1.0,0.5,0,0,0,random,2023-01-05 08:00:15
1100.0,2,2,1.0,1.0,0.5,0,0,0,random,2023-01-05 08:00:20
1105.0,2,2,1.0,1.0,0.5,0,0,0,random,2023-01-05 08:00:25
1110.0,2,2,1.0,1.0,0.5,0,0,0,random,2023-01-05 08:00:30
1115.0,2,2,1.0,1.0,0.5,0,0,0,random,2023-01-05 08:00:35
1120.0,2,2,1.0,1.0,0.5,0,0,0,random,2023-01-05 08:00:40
1125.0,2,2,1.0,1.0,0.5,0,0,0,random,2023-01-05 08:00:45
1130.0,2,2,1.0,1.0,0.5,0,0,0,random,2023-01-05 08:00:50
1135.0,2,2,1.0,1.0,0.5,0,0,0,random,2023-01-05 08:00:55
1140.0,2,2,1.0,1.0,0.5,0,0,0,random,2023-01-05 08:01:00
1145.0,2,2,1.0,1.0,0.5,0,0,0,random,2023-01-05 08:01:05
1150.0,2,2,1.0,1.0,0.5,0,0,0,random,2023-01-05 08:01:10
1155.0,2,2,1.0,1.0,0.5,0,0,0,random,2023-01-05 08:01:15
1160.0,2,2,1.0,1.0,0.5,0,0,0,random,2023-01-05 08:01:20
1165.0,2,2,1.0,1.0,0.5,0,0,0,random,2023-01-05 08:01:25
1170.0,2,2,1.0,1.0,0.5,0,0,0,random,2023-01-05 08:01:30
1175.0,2,2,1.0,1.0,0.5,0,0,0,random,2023-01-05 08:01:35
1180.0,2,2,1.0,1.0,0.5,0,0,0,random,2023-01-05 08:01:40
1185.0,2,2,1.0,1.0,0.5,0,0,0,random,2023-01-05 08:01:45
1190.0,2,2,1.0,1.0,0.5,0,0,0,random,2023-01-05 08:01:50
1195.0,2,2,1.0,1.0,0.5,0,0,0,random,2023-01-05 08:01:55
1200.0,2,2,1.0,1.0,0.5,0,0,0,random,2023-01-05 08:02:00
1205.0,2,2,1.0,1.0,0.5,0,0,0,random,2023-01-05 08:02:05
1210.0,2,2,1.0,1.0,0.5,0,0,0,random,2023-01-05 08:02:10
1215.0,2,2,1.0,1.0,0.5,0,0,0,random,2023-01-05 08:02:15
1220.0,2,2,1.0,1.0,0.5,0,0,0,random,2023-01-05 08:02:20
1225.0,2,2,1.0,1.0,0.5,0,0,0,random,2023-01-05 08:02:25
1230.0,2,2,1.0,1.0,0.5,0,0,0,random,2023-01-05 08:02:30
1235.0,2,2,1.0,1.0,0.5,0,0,0,random,2023-01-05 08:02:35
1240.0,2,2,1.0,1.0,0.5,0,0,0,random,2023-01-05 08:02:40
1245.0,2,2,1.0,1.0,0.5,0,0,0,random,2023-01-05 08:02:45
1250.0,2,2,1.0,1.0,0.5,0,0,0,random,2023-01-05 08:02:50
1255.0,2,2,1.0,1.0,0.5,0,0,0,random,2023-01-05 08:02:55
1260.0,2,2,1.0,1.0,0.5,0,0,0,random,2023-01-05 08:03:00
1265.0,2,2,1.0,1.0,0.5,0,0,0,random,2023-01-05 08:03:05
1270.0,2,2,1.0,1.0,0.5,0,0,0,random,2023-01-05 08:03:10
1275.0,2,2,1.0,1.0,0.5,0,0,0,random,2023-01-05 08:03:15
1280.0,2,2,1.0,1.0,0.5,0,0,0,random,2023-01-05 08:03:20
1285.0,2,2,1.0,1.0,0.5,0,0,0,random,2023-01-05 08:03:25
1290.0,2,2,1.0,1.0,0.5,0,0,0,random,2023-01-05 08:03:30
1295.0,2,2,1.0,1.0,0.5,0,0,0,random,2023-01-05 08:03:35
1300.0,2,2,1.0,1.0,0.5,0,0,0,random,2023-01-05 08:03:40
1305.0,2,2,1.0,1.0,0.5,0,0,0,random,2023-01-05 08:03:45
1310.0,2,2,1.0,1.0,0.5,0,0,0,random,2023-01-05 08:03:50
1315.0,2,2,1.0,1.0,0.5,0,0,0,random,2023-01-05 08:03:55
1320.0,2,2,1.0,1.0,0.5,0,0,0,random,2023-01-05 08:04:00
1325.0,2,2,1.0,1.0,0.5,0,0,0,random,2023-01-05 08:04:05
1330.0,2,2,1.0,1.0,0.5,0,0,0,random,2023-01-05 08:04:10
1335.0,2,2,1.0,1.0,0.5,0,0,0,random,2023-01-05 08:04:15
1340.0,2,2,1.0,1.0,0.5,0,0,0,random,2023-01-05 08:04:20
1345.0,2,2,1.0,1.0,0.5,0,0,0,random,2023-01-05 08:04:25
1350.0,2,2,1.0,1.0,0.5,0,0,0,random,2023-01-05 08:04:30
1355.0,2,2,1.0,1.0,0.5,0,0,0,random,2023-01-05 08:04:35
1360.0,2,2,1.0,1.0,0.5,0,0,0,random,2023-01-05 08:04:40
1365.0,2,2,1.0,1.0,0.5,0,0,0,random,2023-01-05 08:04:45
1370.0,2,2,1.0,1.0,0.5,0,0,0,random,2023-01-05 08:04:50
1375.0,2,2,1.0,1.0,0.5,0,0,0,random,2023-01-05 08:04:55
1380.0,2,2,1.0,1.0,0.5,0,0,0,random,2023-01-05 08:05:00
1385.0,2,2,1.0,1.0,0.5,0,0,0,random,2023-01-05 08:05:05
1390.0,2,2,1.0,1.0,0.5,0,0,0,random,2023-01-05 08:05:10
1395.0,2,2,1.0,1.0,0.5,0,0,0,random,2023-01-05 08:05:15
1400.0,2,2,1.0,1.0,0.5,0,0,0,random,2023-01-05 08:05:20
1405.0,2,2,1.0,1.0,0.5,0,0,0,random,2023-01-05 08:05:25
1410.0,2,2,1.0,1.0,0.5,0,0,0,random,2023-01-05 08:05:30
1415.0,2,2,1.0,1.0,0.5,0,0,0,random,2023-01-05 08:05:35
1420.0,2,2,1.0,1.0,0.5,0,0,0,random,2023-01-05 08:05:40
1425.0,2,2,1.0,1.0,0.5,0,0,0,random,2023-01-05 08:05:45
1430.0,2,2,1.0,1.0,0.5,0,0,0,random,2023-01-05 08:05:50
1435.0,2,2,1.0,1.0,0.5,0,0,0,random,2023-01-05 08:05:55
1440.0,2,2,1.0,1.0,0.5,0,0,0,random,2023-01-05 08:06:00
1445.0,2,2,1.0,1.0,0.5,0,0,0,random,2023-01-05 08:06:05
1450.0,2,2,1.0,1.0,0.5,0,0,0,random,2023-01-05 08:06:10
1455.0,2,2,1.0,1.0,0.5,0,0,0,random,2023-01-05 08:06:15
1460.0,2,2,1.0,1.0,0.5,0,0,0,random,2023-01-05 08:06:20
1465.0,2,2,1.0,1.0,0.5,0,0,0,random,2023-01-05 08:06:25
1470.0,2,2,1.0,1.0,0.5,0,0,0,random,2023-01-05 08:06:30
1475.0,2,2,1.0,1.0,0.5,0,0,0,random,2023-01-05 08:06:35
1480.0,2,2,1.0,1.0,0.5,0,0,0,random,2023-01-05 08:06:40
1485.0,2,2,1.0,1.0,0.5,0,0,0,random,2023-01-05 08:06:45
1490.0,2,2,1.0,1.0,0.5,0,0,0,random,2023-01-05 08:06:50
1495.0,2,2,1.0,1.0,0.5,0,0,0,random,2023-01-05 08:06:55
1500.0,2,2,1.0,1.0,0.5,0,0,0,random,2023-01-05 08:07:00
1505.0,2,2,1.0,1.0,0.5,0,0,0,random,2023-01-05 08:07:05
1510.0,2,2,1.0,1.0,0.5,0,0,0,random,2023-01-05 08:07:10
1515.0,2,2,1.0,1.0,0.5,0,0,0,random,2023-01-05 08:07:15
1520.0,2,2,1.0,1.0,0.5,0,0,0,random,2023-01-05 08:07:20
1525.0,2,1,0.0,0.0,1.0,1,2,1,random,2023-01-05 08:07:25
1530.0,2,1,0.0,0.0,1.0,1,2,1,random,2023-01-05 08:07:30
1535.0,2,1,0.0,0.0,1.0,1,2,1,random,2023-01-05 08:07:35
1540.0,2,2,1.0,1.0,0.5,0,0,0,random,2023-01-05 08:07:40
1545.0,2,2,1.0,1.0,0.5,0,0,0,random,2023-01-05 08:07:45
1550.0,2,2,1.0,1.0,0.5,0,0,0,random,2023-01-05 08:07:50
1555.0,2,2,1.0,1.0,0.5,0,0,0,random,2023-01-05 08:07:55
1560.0,2,2,1.0,1.0,0.5,0,0,0,random,2023-01-05 08:08:00
1565.0,2,2,1.0,1.0,0.5,0,0,0,random,2023-01-05 08:08:05
1570.0,2,2,1.0,1.0,0.5,0,0,0,random,2023-01-05 08:08:10
1575.0,2,2,1.0,1.0,0.5,0,0,0,random,2023-01-05 08:08:15
1580.0,2,2,1.0,1.0,0.5,0,0,0,random,2023-01-05 08:08:20
1585.0,2,2,1.0,1.0,0.5,0,0,0,random,2023-01-05 08:08:25
1590.0,2,2,1.0,1.0,0.5,0,0,0,random,2023-01-05 08:08:30
1595.0,2,2,1.0,1.0,0.5,0,0,0,random,2023-01-05 08:08:35
1600.0,2,2,1.0,1.0,0.5,0,0,0,random,2023-01-05 08:08:40
1605.0,2,2,1.0,1.0,0.5,0,0,0,random,2023-01-05 08:08:45
1610.0,2,2,1.0,1.0,0.5,0,0,0,random,2023-01-05 08:08:50
1615.0,2,2,1.0,1.0,0.5,0,0,0,random,2023-01-05 08:08:55
1620.0,2,2,1.0,1.0,0.5,0,0,0,random,2023-01-05 08:09:00
1625.0,2,2,1.0,1.0,0.5,0,0,0,random,2023-01-05 08:09:05
1630.0,2,2,1.0,1.0,0.5,0,0,0,random,2023-01-05 08:09:10
1635.0,2,2,1.0,1.0,0.5,0,0,0,random,2023-01-05 08:09:15
1640.0,2,2,1.0,1.0,0.5,0,0,0,random,2023-01-05 08:09:20
1645.0,2,2,1.0,1.0,0.5,0,0,0,random,2023-01-05 08:09:25
1650.0,2,2,1.0,1.0,0.5,0,0,0,random,2023-01-05 08:09:30
1655.0,2,2,1.0,1.0,0.5,0,0,0,random,2023-01-05 08:09:35
1660.0,2,2,1.0,1.0,0.5,0,0,0,random,2023-01-05 08:09:40
1665.0,2,2,1.0,1.0,0.5,0,0,0,random,2023-01-05 08:09:45
1670.0,2,2,1.0,1.0,0.5,0,0,0,random,2023-01-05 08:09:50
1675.0,2,2,1.0,1.0,0.5,0,0,0,random,2023-01-05 08:09:55
1680.0,2,2,1.0,1.0,0.5,0,0,0,random,2023-01-05 08:10:00
1685.0,2,2,1.0,1.0,0.5,0,0,0,random,2023-01-05 08:10:05
1690.0,2,2,1.0,1.0,0.5,0,0,0,random,2023-01-05 08:10:10
1695.0,2,2,1.0,1.0,0.5,0,0,0,random,2023-01-05 08:10:15
1700.0,2,2,1.0,1.0,0.5,0,0,0,random,2023-01-05 08:10:20
1705.0,2,2,1.0,1.0,0.5,0,0,0,random,2023-01-05 08:10:25
1710.0,2,2,1.0,1.0,0.5,0,0,0,random,2023-01-05 08:10:30
1715.0,2,2,1.0,1.0,0.5,0,0,0,random,2023-01-05 08:10:35
1720.0,2,2,1.0,1.0,0.5,0,0,0,random,2023-01-05 08:10:40
1725.0,2,2,1.0,1.0,0.5,0,0,0,random,2023-01-05 08:10:45
1730.0,2,2,1.0,1.0,0.5,0,0,0,random,2023-01-05 08:10:50
1735.0,2,2,1.0,1.0,0.5,0,0,0,random,2023-01-05 08:10:55
1740.0,2,2,1.0,1.0,0.5,0,0,0,random,2023-01-05 08:11:00
1745.0,2,2,1.0,1.0,0.5,0,0,0,random,2023-01-05 08:11:05
1750.0,2,2,1.0,1.0,0.5,0,0,0,random,2023-01-05 08:11:10
1755.0,2,2,1.0,1.0,0.5,0,0,0,random,2023-01-05 08:11:15
1760.0,2,2,1.0,1.0,0.5,0,0,0,random,2023-01-05 08:11:20
1765.0,2,2,1.0,1.0,0.5,0,0,0,random,2023-01-05 08:11:25
1770.0,2,2,1.0,1.0,0.5,0,0,0,random,2023-01-05 08:11:30
1775.0,2,2,1.0,1.0,0.5,0,0,0,random,2023-01-05 08:11:35
1780.0,2,2,1.0,1.0,0.5,0,0,0,random,2023-01-05 08:11:40
1785.0,2,2,1.0,1.0,0.5,0,0,0,random,2023-01-05 08:11:45
1790.0,2,2,1.0,1.0,0.5,0,0,0,random,2023-01-05 08:11:50
1795.0,2,2,1.0,1.0,0.5,0,0,0,random,2023-01-05 08:11:55
1800.0,2,2,1.0,1.0,0.5,0,0,0,random,2023-01-05 08:12:00
1805.0,2,2,1.0,1.0,0.5,0,0,0,random,2023-01-05 08:12:05
1810.0,2,2,1.0,1.0,0.5,0,0,0,random,2023-01-05 08:12:10
1815.0,2,2,1.0,1.0,0.5,0,0,0,random,2023-01-05 08:12:15
1820.0,2,2,1.0,1.0,0.5,0,0,0,random,2023-01-05 08:12:20
1825.0,2,2,1.0,1.0,0.5,0,0,0,random,2023-01-05 08:12:25
1830.0,2,2,1.0,1.0,0.5,0,0,0,random,2023-01-05 08:12:30
1835.0,2,2,1.0,1.0,0.5,0,0,0,random,2023-01-05 08:12:35
1840.0,2,2,1.0,1.0,0.5,0,0,0,random,2023-01-05 08:12:40
1845.0,2,2,1.0,1.0,0.5,0,0,0,random,2023-01-05 08:12:45
1850.0,2,2,1.0,1.0,0.5,0,0,0,random,2023-01-05 08:12:50
1855.0,2,2,1.0,1.0,0.5,0,0,0,random,2023-01-05 08:12:55
1860.0,1,1,0.0,0.0,1.0,0,0,0,random,2023-01-05 08:13:00
1865.0,1,1,0.0,0.0,1.0,0,0,0,random,2023-01-05 08:13:05
14400.0,7,2,0.5916727785823274,0.21075809614719845,0.8571428571428571,1,6,5,random,2023-01-05 11:42:00
14405.0,7,7,2.807354922057604,1.0,0.14285714285714285,0,0,0,random,2023-01-05 11:42:05
14410.0,7,7,2.807354922057604,1.0,0.14285714285714285,0,0,0,random,2023-01-05 11:42:10
14415.0,7,7,2.807354922057604,1.0,0.14285714285714285,0,0,0,random,2023-01-05 11:42:15
14420.0,7,7,2.807354922057604,1.0,0.14285714285714285,0,0,0,random,2023-01-05 11:42:20
14425.0,7,7,2.807354922057604,1.0,0.14285714285714285,0,0,0,random,2023-01-05 11:42:25
14430.0,7,7,2.807354922057604,1.0,0.14285714285714285,0,0,0,random,2023-01-05 11:42:30
14435.0,7,7,2.807354922057604,1.0,0.14285714285714285,0,0,0,random,2023-01-05 11:42:35
14440.0,7,7,2.807354922057604,1.0,0.14285714285714285,0,0,0,random,2023-01-05 11:42:40
14445.0,7,7,2.807354922057604,1.0,0.14285714285714285,0,0,0,random,2023-01-05 11:42:45
14450.0,7,7,2.807354922057604,1.0,0.14285714285714285,0,0,0,random,2023-01-05 11:42:50
14455.0,7,7,2.807354922057604,1.0,0.14285714285714285,0,0,0,random,2023-01-05 11:42:55
14460.0,7,7,2.807354922057604,1.0,0.14285714285714285,0,0,0,random,2023-01-05 11:43:00
14465.0,7,7,2.807354922057604,1.0,0.14285714285714285,0,0,0,random,2023-01-05 11:43:05
14470.0,7,7,2.807354922057604,1.0,0.14285714285714285,0,0,0,random,2023-01-05 11:43:10
14475.0,7,7,2.807354922057604,1.0,0.14285714285714285,0,0,0,random,2023-01-05 11:43:15
14480.0,7,7,2.807354922057604,1.0,0.14285714285714285,0,0,0,random,2023-01-05 11:43:20
14485.0,7,7,2.807354922057604,1.0,0.14285714285714285,0,0,0,random,2023-01-05 11:43:25
14490.0,7,7,2.807354922057604,1.0,0.14285714285714285,0,0,0,random,2023-01-05 11:43:30
14495.0,6,6,2.584962500721156,1.0,0.16666666666666666,0,0,0,random,2023-01-05 11:43:35
14500.0,6,6,2.584962500721156,1.0,0.16666666666666666,0,0,0,random,2023-01-05 11:43:40
14505.0,6,6,2.584962500721156,1.0,0.16666666666666666,0,0,0,random,2023-01-05 11:43:45
14510.0,6,6,2.584962500721156,1.0,0.16666666666666666,0,0,0,random,2023-01-05 11:43:50
14515.0,4,4,2.0,1.0,0.25,0,0,0,random,2023-01-05 11:43:55
14520.0,4,4,2.0,1.0,0.25,0,0,0,random,2023-01-05 11:44:00
14525.0,3,3,1.584962500721156,1.0,0.3333333333333333,0,0,0,random,2023-01-05 11:44:05
14530.0,2,2,1.0,1.0,0.5,0,0,0,random,2023-01-05 11:44:10
14535.0,2,2,1.0,1.0,0.5,0,0,0,random,2023-01-05 11:44:15
14540.0,2,2,1.0,1.0,0.5,0,0,0,random,2023-01-05 11:44:20
14545.0,2,2,1.0,1.0,0.5,0,0,0,random,2023-01-05 11:44:25
14550.0,2,2,1.0,1.0,0.5,0,0,0,random,2023-01-05 11:44:30
14555.0,2,2,1.0,1.0,0.5,0,0,0,random,2023-01-05 11:44:35
14560.0,2,2,1.0,1.0,0.5,0,0,0,random,2023-01-05 11:44:40
14565.0,2,2,1.0,1.0,0.5,0,0,0,random,2023-01-05 11:44:45
14570.0,2,2,1.0,1.0,0.5,0,0,0,random,2023-01-05 11:44:50
14575.0,2,2,1.0,1.0,0.5,0,0,0,random,2023-01-05 11:44:55
14580.0,2,2,1.0,1.0,0.5,0,0,0,random,2023-01-05 11:45:00
14585.0,2,2,1.0,1.0,0.5,0,0,0,random,2023-01-05 11:45:05
14590.0,2,2,1.0,1.0,0.5,0,0,0,random,2023-01-05 11:45:10
14595.0,2,2,1.0,1.0,0.5,0,0,0,random,2023-01-05 11:45:15
14600.0,2,2,1.0,1.0,0.5,0,0,0,random,2023-01-05 11:45:20
14605.0,2,2,1.0,1.0,0.5,0,0,0,random,2023-01-05 11:45:25
14610.0,2,2,1.0,1.0,0.5,0,0,0,random,2023-01-05 11:45:30
14615.0,2,2,1.0,1.0,0.5,0,0,0,random,2023-01-05 11:45:35
14620.0,2,2,1.0,1.0,0.5,0,0,0,random,2023-01-05 11:45:40
14625.0,2,2,1.0,1.0,0.5,0,0,0,random,2023-01-05 11:45:45
14630.0,2,2,1.0,1.0,0.5,0,0,0,random,2023-01-05 11:45:50
14635.0,2,2,1.0,1.0,0.5,0,0,0,random,2023-01-05 11:45:55
14640.0,2,2,1.0,1.0,0.5,0,0,0,random,2023-01-05 11:46:00
14645.0,2,2,1.0,1.0,0.5,0,0,0,random,2023-01-05 11:46:05
14650.0,2,2,1.0,1.0,0.5,0,0,0,random,2023-01-05 11:46:10
14655.0,2,2,1.0,1.0,0.5,0,0,0,random,2023-01-05 11:46:15
14660.0,2,2,1.0,1.0,0.5,0,0,0,random,2023-01-05 11:46:20
14665.0,2,2,1.0,1.0,0.5,0,0,0,random,2023-01-05 11:46:25
14670.0,2,2,1.0,1.0,0.5,0,0,0,random,2023-01-05 11:46:30
14675.0,2,2,1.0,1.0,0.5,0,0,0,random,2023-01-05 11:46:35
14680.0,2,2,1.0,1.0,0.5,0,0,0,random,2023-01-05 11:46:40
14685.0,2,2,1.0,1.0,0.5,0,0,0,random,2023-01-05 11:46:45
14690.0,2,2,1.0,1.0,0.5,0,0,0,random,2023-01-05 11:46:50
14695.0,2,2,1.0,1.0,0.5,0,0,0,random,2023-01-05 11:46:55
14700.0,2,2,1.0,1.0,0.5,0,0,0,random,2023-01-05 11:47:00
14705.0,2,2,1.0,1.0,0.5,0,0,0,random,2023-01-05 11:47:05
14710.0,2,2,1.0,1.0,0.5,0,0,0,random,2023-01-05 11:47:10
14715.0,2,2,1.0,1.0,0.5,0,0,0,random,2023-01-05 11:47:15
14720.0,2,2,1.0,1.0,0.5,0,0,0,random,2023-01-05 11:47:20
14725.0,2,2,1.0,1.0,0.5,0,0,0,random,2023-01-05 11:47:25
14730.0,2,2,1.0,1.0,0.5,0,0,0,random,2023-01-05 11:47:30
14735.0,2,2,1.0,1.0,0.5,0,0,0,random,2023-01-05 11:47:35
14740.0,2,2,1.0,1.0,0.5,0,0,0,random,2023-01-05 11:47:40
14745.0,2,2,1.0,1.0,0.5,0,0,0,random,2023-01-05 11:47:45
14750.0,2,2,1.0,1.0,0.5,0,0,0,random,2023-01-05 11:47:50
14755.0,2,2,1.0,1.0,0.5,0,0,0,random,2023-01-05 11:47:55
14760.0,2,2,1.0,1.0,0.5,0,0,0,random,2023-01-05 11:48:00
14765.0,2,2,1.0,1.0,0.5,0,0,0,random,2023-01-05 11:48:05
14770.0,2,2,1.0,1.0,0.5,0,0,0,random,2023-01-05 11:48:10
14775.0,2,2,1.0,1.0,0.5,0,0,0,random,2023-01-05 11:48:15
14780.0,2,2,1.0,1.0,0.5,0,0,0,random,2023-01-05 11:48:20
14785.0,2,2,1.0,1.0,0.5,0,0,0,random,2023-01-05 11:48:25
14790.0,2,2,1.0,1.0,0.5,0,0,0,random,2023-01-05 11:48:30
14795.0,2,2,1.0,1.0,0.5,0,0,0,random,2023-01-05 11:48:35
14800.0,2,2,1.0,1.0,0.5,0,0,0,random,2023-01-05 11:48:40
14805.0,2,2,1.0,1.0,0.5,0,0,0,random,2023-01-05 11:48:45
14810.0,2,2,1.0,1.0,0.5,0,0,0,random,2023-01-05 11:48:50
14815.0,2,2,1.0,1.0,0.5,0,0,0,random,2023-01-05 11:48:55
14820.0,2,2,1.0,1.0,0.5,0,0,0,random,2023-01-05 11:49:00
14825.0,2,2,1.0,1.0,0.5,0,0,0,random,2023-01-05 11:49:05
14830.0,2,2,1.0,1.0,0.5,0,0,0,random,2023-01-05 11:49:10
14835.0,2,2,1.0,1.0,0.5,0,0,0,random,2023-01-05 11:49:15
14840.0,2,2,1.0,1.0,0.5,0,0,0,random,2023-01-05 11:49:20
14845.0,2,2,1.0,1.0,0.5,0,0,0,random,2023-01-05 11:49:25
14850.0,2,2,1.0,1.0,0.5,0,0,0,random,2023-01-05 11:49:30
14855.0,2,2,1.0,1.0,0.5,0,0,0,random,2023-01-05 11:49:35
14860.0,2,2,1.0,1.0,0.5,0,0,0,random,2023-01-05 11:49:40
14865.0,2,2,1.0,1.0,0.5,0,0,0,random,2023-01-05 11:49:45
14870.0,2,1,0.0,0.0,1.0,1,2,1,random,2023-01-05 11:49:50
14875.0,2,2,1.0,1.0,0.5,0,0,0,random,2023-01-05 11:49:55
14880.0,2,2,1.0,1.0,0.5,0,0,0,random,2023-01-05 11:50:00
14885.0,2,2,1.0,1.0,0.5,0,0,0,random,2023-01-05 11:50:05
14890.0,2,2,1.0,1.0,0.5,0,0,0,random,2023-01-05 11:50:10
14895.0,2,2,1.0,1.0,0.5,0,0,0,random,2023-01-05 11:50:15
14900.0,2,2,1.0,1.0,0.5,0,0,0,random,2023-01-05 11:50:20
14905.0,2,2,1.0,1.0,0.5,0,0,0,random,2023-01-05 11:50:25
14910.0,2,2,1.0,1.0,0.5,0,0,0,random,2023-01-05 11:50:30
14915.0,2,2,1.0,1.0,0.5,0,0,0,random,2023-01-05 11:50:35
14920.0,2,2,1.0,1.0,0.5,0,0,0,random,2023-01-05 11:50:40
14925.0,2,1,0.0,0.0,1.0,1,2,1,random,2023-01-05 11:50:45
14930.0,2,1,0.0,0.0,1.0,1,2,1,random,2023-01-05 11:50:50
14935.0,2,1,0.0,0.0,1.0,1,2,1,random,2023-01-05 11:50:55
14940.0,2,1,0.0,0.0,1.0,1,2,1,random,2023-01-05 11:51:00
14945.0,2,2,1.0,1.0,0.5,0,0,0,random,2023-01-05 11:51:05
14950.0,2,1,0.0,0.0,1.0,1,2,1,random,2023-01-05 11:51:10
14955.0,2,1,0.0,0.0,1.0,1,2,1,random,2023-01-05 11:51:15
14960.0,2,2,1.0,1.0,0.5,0,0,0,random,2023-01-05 11:51:20
14965.0,2,2,1.0,1.0,0.5,0,0,0,random,2023-01-05 11:51:25
14970.0,2,2,1.0,1.0,0.5,0,0,0,random,2023-01-05 11:51:30
14975.0,2,2,1.0,1.0,0.5,0,0,0,random,2023-01-05 11:51:35
14980.0,2,2,1.0,1.0,0.5,0,0,0,random,2023-01-05 11:51:40
14985.0,2,2,1.0,1.0,0.5,0,0,0,random,2023-01-05 11:51:45
14990.0,2,2,1.0,1.0,0.5,0,0,0,random,2023-01-05 11:51:50
14995.0,2,2,1.0,1.0,0.5,0,0,0,random,2023-01-05 11:51:55
15000.0,2,2,1.0,1.0,0.5,0,0,0,random,2023-01-05 11:52:00
15005.0,2,2,1.0,1.0,0.5,0,0,0,random,2023-01-05 11:52:05
15010.0,2,2,1.0,1.0,0.5,0,0,0,random,2023-01-05 11:52:10
15015.0,2,2,1.0,1.0,0.5,0,0,0,random,2023-01-05 11:52:15
15020.0,2,2,1.0,1.0,0.5,0,0,0,random,2023-01-05 11:52:20
15025.0,2,2,1.0,1.0,0.5,0,0,0,random,2023-01-05 11:52:25
15030.0,2,2,1.0,1.0,0.5,0,0,0,random,2023-01-05 11:52:30
15035.0,2,2,1.0,1.0,0.5,0,0,0,random,2023-01-05 11:52:35
15040.0,2,2,1.0,1.0,0.5,0,0,0,random,2023-01-05 11:52:40
15045.0,2,2,1.0,1.0,0.5,0,0,0,random,2023-01-05 11:52:45
15050.0,2,2,1.0,1.0,0.5,0,0,0,random,2023-01-05 11:52:50
15055.0,2,2,1.0,1.0,0.5,0,0,0,random,2023-01-05 11:52:55
15060.0,2,2,1.0,1.0,0.5,0,0,0,random,2023-01-05 11:53:00
15065.0,2,2,1.0,1.0,0.5,0,0,0,random,2023-01-05 11:53:05
15070.0,2,2,1.0,1.0,0.5,0,0,0,random,2023-01-05 11:53:10
15075.0,2,2,1.0,1.0,0.5,0,0,0,random,2023-01-05 11:53:15
15080.0,2,2,1.0,1.0,0.5,0,0,0,random,2023-01-05 11:53:20
15085.0,2,2,1.0,1.0,0.5,0,0,0,random,2023-01-05 11:53:25
15090.0,2,2,1.0,1.0,0.5,0,0,0,random,2023-01-05 11:53:30
15095.0,2,2,1.0,1.0,0.5,0,0,0,random,2023-01-05 11:53:35
15100.0,2,2,1.0,1.0,0.5,0,0,0,random,2023-01-05 11:53:40
15105.0,2,2,1.0,1.0,0.5,0,0,0,random,2023-01-05 11:53:45
15110.0,2,2,1.0,1.0,0.5,0,0,0,random,2023-01-05 11:53:50
15115.0,2,2,1.0,1.0,0.5,0,0,0,random,2023-01-05 11:53:55
15120.0,2,2,1.0,1.0,0.5,0,0,0,random,2023-01-05 11:54:00
15125.0,2,2,1.0,1.0,0.5,0,0,0,random,2023-01-05 11:54:05
15130.0,2,2,1.0,1.0,0.5,0,0,0,random,2023-01-05 11:54:10
15135.0,2,2,1.0,1.0,0.5,0,0,0,random,2023-01-05 11:54:15
15140.0,2,2,1.0,1.0,0.5,0,0,0,random,2023-01-05 11:54:20
15145.0,2,2,1.0,1.0,0.5,0,0,0,random,2023-01-05 11:54:25
15150.0,2,2,1.0,1.0,0.5,0,0,0,random,2023-01-05 11:54:30
15155.0,2,2,1.0,1.0,0.5,0,0,0,random,2023-01-05 11:54:35
15160.0,2,2,1.0,1.0,0.5,0,0,0,random,2023-01-05 11:54:40
15165.0,2,2,1.0,1.0,0.5,0,0,0,random,2023-01-05 11:54:45
15170.0,2,2,1.0,1.0,0.5,0,0,0,random,2023-01-05 11:54:50
15175.0,2,2,1.0,1.0,0.5,0,0,0,random,2023-01-05 11:54:55
15180.0,2,2,1.0,1.0,0.5,0,0,0,random,2023-01-05 11:55:00
15185.0,2,2,1.0,1.0,0.5,0,0,0,random,2023-01-05 11:55:05
15190.0,2,2,1.0,1.0,0.5,0,0,0,random,2023-01-05 11:55:10
15195.0,2,2,1.0,1.0,0.5,0,0,0,random,2023-01-05 11:55:15
15200.0,2,2,1.0,1.0,0.5,0,0,0,random,2023-01-05 11:55:20
15205.0,2,2,1.0,1.0,0.5,0,0,0,random,2023-01-05 11:55:25
15210.0,2,2,1.0,1.0,0.5,0,0,0,random,2023-01-05 11:55:30
15215.0,2,2,1.0,1.0,0.5,0,0,0,random,2023-01-05 11:55:35
15220.0,2,2,1.0,1.0,0.5,0,0,0,random,2023-01-05 11:55:40
15225.0,2,2,1.0,1.0,0.5,0,0,0,random,2023-01-05 11:55:45
15230.0,2,2,1.0,1.0,0.5,0,0,0,random,2023-01-05 11:55:50
15235.0,2,2,1.0,1.0,0.5,0,0,0,random,2023-01-05 11:55:55
15240.0,2,2,1.0,1.0,0.5,0,0,0,random,2023-01-05 11:56:00
15245.0,2,2,1.0,1.0,0.5,0,0,0,random,2023-01-05 11:56:05
15250.0,2,2,1.0,1.0,0.5,0,0,0,random,2023-01-05 11:56:10
15255.0,2,2,1.0,1.0,0.5,0,0,0,random,2023-01-05 11:56:15
15260.0,2,2,1.0,1.0,0.5,0,0,0,random,2023-01-05 11:56:20
15265.0,2,2,1.0,1.0,0.5,0,0,0,random,2023-01-05 11:56:25
15270.0,2,2,1.0,1.0,0.5,0,0,0,random,2023-01-05 11:56:30
15275.0,2,2,1.0,1.0,0.5,0,0,0,random,2023-01-05 11:56:35
15280.0,2,2,1.0,1.0,0.5,0,0,0,random,2023-01-05 11:56:40
15285.0,2,2,1.0,1.0,0.5,0,0,0,random,2023-01-05 11:56:45
15290.0,2,2,1.0,1.0,0.5,0,0,0,random,2023-01-05 11:56:50
15295.0,2,2,1.0,1.0,0.5,0,0,0,random,2023-01-05 11:56:55
15300.0,2,2,1.0,1.0,0.5,0,0,0,random,2023-01-05 11:57:00
15305.0,2,2,1.0,1.0,0.5,0,0,0,random,2023-01-05 11:57:05
15310.0,2,2,1.0,1.0,0.5,0,0,0,random,2023-01-05 11:57:10
15315.0,2,2,1.0,1.0,0.5,0,0,0,random,2023-01-05 11:57:15
15320.0,2,2,1.0,1.0,0.5,0,0,0,random,2023-01-05 11:57:20
15325.0,2,2,1.0,1.0,0.5,0,0,0,random,2023-01-05 11:57:25
15330.0,2,1,0.0,0.0,1.0,1,2,1,random,2023-01-05 11:57:30
15335.0,2,1,0.0,0.0,1.0,1,2,1,random,2023-01-05 11:57:35
15340.0,2,1,0.0,0.0,1.0,1,2,1,random,2023-01-05 11:57:40
15345.0,2,2,1.0,1.0,0.5,0,0,0,random,2023-01-05 11:57:45
15350.0,2,2,1.0,1.0,0.5,0,0,0,random,2023-01-05 11:57:50
15355.0,2,2,1.0,1.0,0.5,0,0,0,random,2023-01-05 11:57:55
15360.0,2,2,1.0,1.0,0.5,0,0,0,random,2023-01-05 11:58:00
15365.0,2,2,1.0,1.0,0.5,0,0,0,random,2023-01-05 11:58:05
15370.0,2,2,1.0,1.0,0.5,0,0,0,random,2023-01-05 11:58:10
15375.0,2,2,1.0,1.0,0.5,0,0,0,random,2023-01-05 11:58:15
15380.0,2,2,1.0,1.0,0.5,0,0,0,random,2023-01-05 11:58:20
15385.0,2,2,1.0,1.0,0.5,0,0,0,random,2023-01-05 11:58:25
15390.0,2,1,0.0,0.0,1.0,1,2,1,random,2023-01-05 11:58:30
15395.0,2,1,0.0,0.0,1.0,1,2,1,random,2023-01-05 11:58:35
15400.0,2,1,0.0,0.0,1.0,1,2,1,random,2023-01-05 11:58:40
15405.0,2,1,0.0,0.0,1.0,1,2,1,random,2023-01-05 11:58:45
15410.0,2,1,0.0,0.0,1.0,1,2,1,random,2023-01-05 11:58:50
15415.0,2,1,0.0,0.0,1.0,1,2,1,random,2023-01-05 11:58:55
15420.0,2,2,1.0,1.0,0.5,0,0,0,random,2023-01-05 11:59:00
15425.0,2,2,1.0,1.0,0.5,0,0,0,random,2023-01-05 11:59:05
15430.0,2,2,1.0,1.0,0.5,0,0,0,random,2023-01-05 11:59:10
15435.0,2,2,1.0,1.0,0.5,0,0,0,random,2023-01-05 11:59:15
15440.0,2,2,1.0,1.0,0.5,0,0,0,random,2023-01-05 11:59:20
15445.0,2,2,1.0,1.0,0.5,0,0,0,random,2023-01-05 11:59:25
15450.0,2,2,1.0,1.0,0.5,0,0,0,random,2023-01-05 11:59:30
15455.0,2,2,1.0,1.0,0.5,0,0,0,random,2023-01-05 11:59:35
15460.0,2,2,1.0,1.0,0.5,0,0,0,random,2023-01-05 11:59:40
15465.0,2,2,1.0,1.0,0.5,0,0,0,random,2023-01-05 11:59:45
15470.0,2,2,1.0,1.0,0.5,0,0,0,random,2023-01-05 11:59:50
15475.0,2,2,1.0,1.0,0.5,0,0,0,random,2023-01-05 11:59:55
15480.0,2,2,1.0,1.0,0.5,0,0,0,random,2023-01-05 12:00:00
15485.0,2,2,1.0,1.0,0.5,0,0,0,random,2023-01-05 12:00:05
15490.0,2,2,1.0,1.0,0.5,0,0,0,random,2023-01-05 12:00:10
15495.0,2,2,1.0,1.0,0.5,0,0,0,random,2023-01-05 12:00:15
15500.0,2,2,1.0,1.0,0.5,0,0,0,random,2023-01-05 12:00:20
15505.0,2,2,1.0,1.0,0.5,0,0,0,random,2023-01-05 12:00:25
15510.0,2,2,1.0,1.0,0.5,0,0,0,random,2023-01-05 12:00:30
15515.0,2,2,1.0,1.0,0.5,0,0,0,random,2023-01-05 12:00:35
15520.0,2,2,1.0,1.0,0.5,0,0,0,random,2023-01-05 12:00:40
15525.0,2,2,1.0,1.0,0.5,0,0,0,random,2023-01-05 12:00:45
15530.0,2,2,1.0,1.0,0.5,0,0,0,random,2023-01-05 12:00:50
15535.0,2,2,1.0,1.0,0.5,0,0,0,random,2023-01-05 12:00:55
15540.0,2,2,1.0,1.0,0.5,0,0,0,random,2023-01-05 12:01:00
15545.0,2,2,1.0,1.0,0.5,0,0,0,random,2023-01-05 12:01:05
15550.0,2,2,1.0,1.0,0.5,0,0,0,random,2023-01-05 12:01:10
15555.0,2,2,1.0,1.0,0.5,0,0,0,random,2023-01-05 12:01:15
15560.0,2,2,1.0,1.0,0.5,0,0,0,random,2023-01-05 12:01:20
15565.0,2,2,1.0,1.0,0.5,0,0,0,random,2023-01-05 12:01:25
15570.0,2,2,1.0,1.0,0.5,0,0,0,random,2023-01-05 12:01:30
15575.0,2,2,1.0,1.0,0.5,0,0,0,random,2023-01-05 12:01:35
15580.0,2,2,1.0,1.0,0.5,0,0,0,random,2023-01-05 12:01:40
15585.0,2,2,1.0,1.0,0.5,0,0,0,random,2023-01-05 12:01:45
15590.0,2,2,1.0,1.0,0.5,0,0,0,random,2023-01-05 12:01:50
15595.0,2,2,1.0,1.0,0.5,0,0,0,random,2023-01-05 12:01:55
15600.0,2,2,1.0,1.0,0.5,0,0,0,random,2023-01-05 12:02:00
15605.0,2,2,1.0,1.0,0.5,0,0,0,random,2023-01-05 12:02:05
15610.0,2,2,1.0,1.0,0.5,0,0,0,random,2023-01-05 12:02:10
15615.0,2,2,1.0,1.0,0.5,0,0,0,random,2023-01-05 12:02:15
15620.0,2,2,1.0,1.0,0.5,0,0,0,random,2023-01-05 12:02:20
15625.0,2,2,1.0,1.0,0.5,0,0,0,random,2023-01-05 12:02:25
15630.0,2,2,1.0,1.0,0.5,0,0,0,random,2023-01-05 12:02:30
15635.0,2,2,1.0,1.0,0.5,0,0,0,random,2023-01-05 12:02:35
15640.0,2,2,1.0,1.0,0.5,0,0,0,random,2023-01-05 12:02:40
15645.0,2,2,1.0,1.0,0.5,0,0,0,random,2023-01-05 12:02:45
15650.0,2,2,1.0,1.0,0.5,0,0,0,random,2023-01-05 12:02:50
15655.0,2,2,1.0,1.0,0.5,0,0,0,random,2023-01-05 12:02:55
15660.0,2,2,1.0,1.0,0.5,0,0,0,random,2023-01-05 12:03:00
15665.0,2,2,1.0,1.0,0.5,0,0,0,random,2023-01-05 12:03:05
15670.0,2,2,1.0,1.0,0.5,0,0,0,random,2023-01-05 12:03:10
15675.0,2,2,1.0,1.0,0.5,0,0,0,random,2023-01-05 12:03:15
15680.0,2,2,1.0,1.0,0.5,0,0,0,random,2023-01-05 12:03:20
15685.0,2,2,1.0,1.0,0.5,0,0,0,random,2023-01-05 12:03:25
15690.0,2,2,1.0,1.0,0.5,0,0,0,random,2023-01-05 12:03:30
15695.0,2,2,1.0,1.0,0.5,0,0,0,random,2023-01-05 12:03:35
15700.0,2,2,1.0,1.0,0.5,0,0,0,random,2023-01-05 12:03:40
15705.0,2,2,1.0,1.0,0.5,0,0,0,random,2023-01-05 12:03:45
15710.0,2,2,1.0,1.0,0.5,0,0,0,random,2023-01-05 12:03:50
15715.0,2,2,1.0,1.0,0.5,0,0,0,random,2023-01-05 12:03:55
15720.0,2,2,1.0,1.0,0.5,0,0,0,random,2023-01-05 12:04:00
15725.0,2,2,1.0,1.0,0.5,0,0,0,random,2023-01-05 12:04:05
15730.0,2,2,1.0,1.0,0.5,0,0,0,random,2023-01-05 12:04:10
15735.0,2,2,1.0,1.0,0.5,0,0,0,random,2023-01-05 12:04:15
15740.0,2,2,1.0,1.0,0.5,0,0,0,random,2023-01-05 12:04:20
15745.0,2,2,1.0,1.0,0.5,0,0,0,random,2023-01-05 12:04:25
15750.0,2,2,1.0,1.0,0.5,0,0,0,random,2023-01-05 12:04:30
15755.0,2,2,1.0,1.0,0.5,0,0,0,random,2023-01-05 12:04:35
15760.0,2,2,1.0,1.0,0.5,0,0,0,random,2023-01-05 12:04:40
15765.0,2,2,1.0,1.0,0.5,0,0,0,random,2023-01-05 12:04:45
15770.0,2,2,1.0,1.0,0.5,0,0,0,random,2023-01-05 12:04:50
15775.0,2,2,1.0,1.0,0.5,0,0,0,random,2023-01-05 12:04:55
15780.0,2,2,1.0,1.0,0.5,0,0,0,random,2023-01-05 12:05:00
15785.0,2,2,1.0,1.0,0.5,0,0,0,random,2023-01-05 12:05:05
15790.0,2,2,1.0,1.0,0.5,0,0,0,random,2023-01-05 12:05:10
15795.0,2,2,1.0,1.0,0.5,0,0,0,random,2023-01-05 12:05:15
15800.0,2,2,1.0,1.0,0.5,0,0,0,random,2023-01-05 12:05:20
15805.0,2,2,1.0,1.0,0.5,0,0,0,random,2023-01-05 12:05:25
15810.0,2,2,1.0,1.0,0.5,0,0,0,random,2023-01-05 12:05:30
15815.0,2,2,1.0,1.0,0.5,0,0,0,random,2023-01-05 12:05:35
15820.0,2,2,1.0,1.0,0.5,0,0,0,random,2023-01-05 12:05:40
15825.0,2,2,1.0,1.0,0.5,0,0,0,random,2023-01-05 12:05:45
15830.0,2,2,1.0,1.0,0.5,0,0,0,random,2023-01-05 12:05:50
15835.0,2,2,1.0,1.0,0.5,0,0,0,random,2023-01-05 12:05:55
15840.0,2,2,1.0,1.0,0.5,0,0,0,random,2023-01-05 12:06:00
15845.0,2,2,1.0,1.0,0.5,0,0,0,random,2023-01-05 12:06:05
15850.0,2,2,1.0,1.0,0.5,0,0,0,random,2023-01-05 12:06:10
15855.0,2,2,1.0,1.0,0.5,0,0,0,random,2023-01-05 12:06:15
15860.0,2,2,1.0,1.0,0.5,0,0,0,random,2023-01-05 12:06:20
15865.0,2,2,1.0,1.0,0.5,0,0,0,random,2023-01-05 12:06:25
15870.0,2,2,1.0,1.0,0.5,0,0,0,random,2023-01-05 12:06:30
15875.0,2,2,1.0,1.0,0.5,0,0,0,random,2023-01-05 12:06:35
15880.0,2,2,1.0,1.0,0.5,0,0,0,random,2023-01-05 12:06:40
15885.0,2,2,1.0,1.0,0.5,0,0,0,random,2023-01-05 12:06:45
15890.0,2,2,1.0,1.0,0.5,0,0,0,random,2023-01-05 12:06:50
15895.0,2,2,1.0,1.0,0.5,0,0,0,random,2023-01-05 12:06:55
15900.0,2,2,1.0,1.0,0.5,0,0,0,random,2023-01-05 12:07:00
15905.0,2,2,1.0,1.0,0.5,0,0,0,random,2023-01-05 12:07:05
15910.0,2,2,1.0,1.0,0.5,0,0,0,random,2023-01-05 12:07:10
15915.0,2,2,1.0,1.0,0.5,0,0,0,random,2023-01-05 12:07:15
15920.0,2,2,1.0,1.0,0.5,0,0,0,random,2023-01-05 12:07:20
15925.0,2,2,1.0,1.0,0.5,0,0,0,random,2023-01-05 12:07:25
15930.0,2,2,1.0,1.0,0.5,0,0,0,random,2023-01-05 12:07:30
15935.0,2,2,1.0,1.0,0.5,0,0,0,random,2023-01-05 12:07:35
15940.0,2,2,1.0,1.0,0.5,0,0,0,random,2023-01-05 12:07:40
15945.0,2,2,1.0,1.0,0.5,0,0,0,random,2023-01-05 12:07:45
15950.0,2,2,1.0,1.0,0.5,0,0,0,random,2023-01-05 12:07:50
15955.0,2,2,1.0,1.0,0.5,0,0,0,random,2023-01-05 12:07:55
15960.0,2,2,1.0,1.0,0.5,0,0,0,random,2023-01-05 12:08:00
15965.0,2,2,1.0,1.0,0.5,0,0,0,random,2023-01-05 12:08:05
15970.0,2,2,1.0,1.0,0.5,0,0,0,random,2023-01-05 12:08:10
15975.0,2,2,1.0,1.0,0.5,0,0,0,random,2023-01-05 12:08:15
15980.0,2,2,1.0,1.0,0.5,0,0,0,random,2023-01-05 12:08:20
15985.0,2,2,1.0,1.0,0.5,0,0,0,random,2023-01-05 12:08:25
15990.0,2,2,1.0,1.0,0.5,0,0,0,random,2023-01-05 12:08:30
15995.0,2,2,1.0,1.0,0.5,0,0,0,random,2023-01-05 12:08:35
16000.0,2,2,1.0,1.0,0.5,0,0,0,random,2023-01-05 12:08:40
16005.0,2,2,1.0,1.0,0.5,0,0,0,random,2023-01-05 12:08:45
16010.0,2,2,1.0,1.0,0.5,0,0,0,random,2023-01-05 12:08:50
16015.0,2,2,1.0,1.0,0.5,0,0,0,random,2023-01-05 12:08:55
16020.0,2,2,1.0,1.0,0.5,0,0,0,random,2023-01-05 12:09:00
16025.0,2,2,1.0,1.0,0.5,0,0,0,random,2023-01-05 12:09:05
16030.0,2,2,1.0,1.0,0.5,0,0,0,random,2023-01-05 12:09:10
16035.0,2,2,1.0,1.0,0.5,0,0,0,random,2023-01-05 12:09:15
16040.0,2,2,1.0,1.0,0.5,0,0,0,random,2023-01-05 12:09:20
16045.0,2,2,1.0,1.0,0.5,0,0,0,random,2023-01-05 12:09:25
16050.0,2,2,1.0,1.0,0.5,0,0,0,random,2023-01-05 12:09:30
16055.0,2,2,1.0,1.0,0.5,0,0,0,random,2023-01-05 12:09:35
16060.0,2,2,1.0,1.0,0.5,0,0,0,random,2023-01-05 12:09:40
16065.0,2,2,1.0,1.0,0.5,0,0,0,random,2023-01-05 12:09:45
16070.0,2,2,1.0,1.0,0.5,0,0,0,random,2023-01-05 12:09:50
16075.0,2,2,1.0,1.0,0.5,0,0,0,random,2023-01-05 12:09:55
16080.0,2,2,1.0,1.0,0.5,0,0,0,random,2023-01-05 12:10:00
16085.0,2,2,1.0,1.0,0.5,0,0,0,random,2023-01-05 12:10:05
16090.0,2,2,1.0,1.0,0.5,0,0,0,random,2023-01-05 12:10:10
16095.0,2,2,1.0,1.0,0.5,0,0,0,random,2023-01-05 12:10:15
16100.0,2,2,1.0,1.0,0.5,0,0,0,random,2023-01-05 12:10:20
16105.0,2,2,1.0,1.0,0.5,0,0,0,random,2023-01-05 12:10:25
16110.0,2,2,1.0,1.0,0.5,0,0,0,random,2023-01-05 12:10:30
16115.0,2,2,1.0,1.0,0.5,0,0,0,random,2023-01-05 12:10:35
16120.0,2,2,1.0,1.0,0.5,0,0,0,random,2023-01-05 12:10:40
16125.0,2,2,1.0,1.0,0.5,0,0,0,random,2023-01-05 12:10:45
16130.0,2,2,1.0,1.0,0.5,0,0,0,random,2023-01-05 12:10:50
16135.0,2,2,1.0,1.0,0.5,0,0,0,random,2023-01-05 12:10:55
16140.0,2,2,1.0,1.0,0.5,0,0,0,random,2023-01-05 12:11:00
16145.0,2,2,1.0,1.0,0.5,0,0,0,random,2023-01-05 12:11:05
16150.0,2,2,1.0,1.0,0.5,0,0,0,random,2023-01-05 12:11:10
16155.0,2,2,1.0,1.0,0.5,0,0,0,random,2023-01-05 12:11:15
16160.0,2,2,1.0,1.0,0.5,0,0,0,random,2023-01-05 12:11:20
16165.0,2,2,1.0,1.0,0.5,0,0,0,random,2023-01-05 12:11:25
16170.0,2,2,1.0,1.0,0.5,0,0,0,random,2023-01-05 12:11:30
16175.0,2,2,1.0,1.0,0.5,0,0,0,random,2023-01-05 12:11:35
16180.0,2,2,1.0,1.0,0.5,0,0,0,random,2023-01-05 12:11:40
16185.0,2,2,1.0,1.0,0.5,0,0,0,random,2023-01-05 12:11:45
16190.0,2,2,1.0,1.0,0.5,0,0,0,random,2023-01-05 12:11:50
16195.0,2,2,1.0,1.0,0.5,0,0,0,random,2023-01-05 12:11:55
16200.0,2,2,1.0,1.0,0.5,0,0,0,random,2023-01-05 12:12:00
16205.0,2,2,1.0,1.0,0.5,0,0,0,random,2023-01-05 12:12:05
16210.0,2,2,1.0,1.0,0.5,0,0,0,random,2023-01-05 12:12:10
16215.0,2,2,1.0,1.0,0.5,0,0,0,random,2023-01-05 12:12:15
16220.0,2,2,1.0,1.0,0.5,0,0,0,random,2023-01-05 12:12:20
16225.0,2,2,1.0,1.0,0.5,0,0,0,random,2023-01-05 12:12:25
16230.0,2,2,1.0,1.0,0.5,0,0,0,random,2023-01-05 12:12:30
16235.0,2,2,1.0,1.0,0.5,0,0,0,random,2023-01-05 12:12:35
16240.0,2,2,1.0,1.0,0.5,0,0,0,random,2023-01-05 12:12:40
16245.0,2,2,1.0,1.0,0.5,0,0,0,random,2023-01-05 12:12:45
16250.0,2,2,1.0,1.0,0.5,0,0,0,random,2023-01-05 12:12:50
16255.0,2,2,1.0,1.0,0.5,0,0,0,random,2023-01-05 12:12:55
16260.0,2,2,1.0,1.0,0.5,0,0,0,random,2023-01-05 12:13:00
16265.0,2,2,1.0,1.0,0.5,0,0,0,random,2023-01-05 12:13:05
16270.0,2,2,1.0,1.0,0.5,0,0,0,random,2023-01-05 12:13:10
16275.0,2,2,1.0,1.0,0.5,0,0,0,random,2023-01-05 12:13:15
16280.0,2,2,1.0,1.0,0.5,0,0,0,random,2023-01-05 12:13:20
16285.0,2,2,1.0,1.0,0.5,0,0,0,random,2023-01-05 12:13:25
16290.0,2,2,1.0,1.0,0.5,0,0,0,random,2023-01-05 12:13:30
16295.0,2,2,1.0,1.0,0.5,0,0,0,random,2023-01-05 12:13:35
16300.0,2,2,1.0,1.0,0.5,0,0,0,random,2023-01-05 12:13:40
16305.0,2,2,1.0,1.0,0.5,0,0,0,random,2023-01-05 12:13:45
16310.0,2,2,1.0,1.0,0.5,0,0,0,random,2023-01-05 12:13:50
16315.0,2,2,1.0,1.0,0.5,0,0,0,random,2023-01-05 12:13:55
16320.0,2,2,1.0,1.0,0.5,0,0,0,random,2023-01-05 12:14:00
16325.0,2,2,1.0,1.0,0.5,0,0,0,random,2023-01-05 12:14:05
16330.0,2,2,1.0,1.0,0.5,0,0,0,random,2023-01-05 12:14:10
16335.0,2,2,1.0,1.0,0.5,0,0,0,random,2023-01-05 12:14:15
16340.0,2,2,1.0,1.0,0.5,0,0,0,random,2023-01-05 12:14:20
16345.0,2,2,1.0,1.0,0.5,0,0,0,random,2023-01-05 12:14:25
16350.0,2,2,1.0,1.0,0.5,0,0,0,random,2023-01-05 12:14:30
16355.0,2,2,1.0,1.0,0.5,0,0,0,random,2023-01-05 12:14:35
16360.0,2,2,1.0,1.0,0.5,0,0,0,random,2023-01-05 12:14:40
16365.0,1,1,0.0,0.0,1.0,0,0,0,random,2023-01-05 12:14:45
16370.0,1,1,0.0,0.0,1.0,0,0,0,random,2023-01-05 12:14:50
16375.0,1,1,0.0,0.0,1.0,0,0,0,random,2023-01-05 12:14:55
16380.0,1,1,0.0,0.0,1.0,0,0,0,random,2023-01-05 12:15:00
16385.0,1,1,0.0,0.0,1.0,0,0,0,random,2023-01-05 12:15:05
16390.0,1,1,0.0,0.0,1.0,0,0,0,random,2023-01-05 12:15:10
16395.0,1,1,0.0,0.0,1.0,0,0,0,random,2023-01-05 12:15:15
16400.0,1,1,0.0,0.0,1.0,0,0,0,random,2023-01-05 12:15:20
16405.0,1,1,0.0,0.0,1.0,0,0,0,random,2023-01-05 12:15:25
16410.0,1,1,0.0,0.0,1.0,0,0,0,random,2023-01-05 12:15:30
16415.0,1,1,0.0,0.0,1.0,0,0,0,random,2023-01-05 12:15:35
16420.0,1,1,0.0,0.0,1.0,0,0,0,random,2023-01-05 12:15:40
16425.0,1,1,0.0,0.0,1.0,0,0,0,random,2023-01-05 12:15:45
16430.0,1,1,0.0,0.0,1.0,0,0,0,random,2023-01-05 12:15:50
0.0,7,2,0.5916727785823274,0.21075809614719845,0.8571428571428571,1,6,5,equal,2023-01-05 07:42:00
5.0,7,7,2.807354922057604,1.0,0.14285714285714285,0,0,0,equal,2023-01-05 07:42:05
10.0,7,7,2.807354922057604,1.0,0.14285714285714285,0,0,0,equal,2023-01-05 07:42:10
15.0,7,7,2.807354922057604,1.0,0.14285714285714285,0,0,0,equal,2023-01-05 07:42:15
20.0,7,7,2.807354922057604,1.0,0.14285714285714285,0,0,0,equal,2023-01-05 07:42:20
25.0,7,7,2.807354922057604,1.0,0.14285714285714285,0,0,0,equal,2023-01-05 07:42:25
30.0,7,7,2.807354922057604,1.0,0.14285714285714285,0,0,0,equal,2023-01-05 07:42:30
35.0,7,7,2.807354922057604,1.0,0.14285714285714285,0,0,0,equal,2023-01-05 07:42:35
40.0,7,7,2.807354922057604,1.0,0.14285714285714285,0,0,0,equal,2023-01-05 07:42:40
45.0,7,7,2.807354922057604,1.0,0.14285714285714285,0,0,0,equal,2023-01-05 07:42:45
50.0,7,6,2.521640636343318,0.8982265179691364,0.2857142857142857,1,2,1,equal,2023-01-05 07:42:50
55.0,7,7,2.807354922057604,1.0,0.14285714285714285,0,0,0,equal,2023-01-05 07:42:55
60.0,8,8,3.0,1.0,0.125,0,0,0,equal,2023-01-05 07:43:00
65.0,8,8,3.0,1.0,0.125,0,0,0,equal,2023-01-05 07:43:05
70.0,8,8,3.0,1.0,0.125,0,0,0,equal,2023-01-05 07:43:10
75.0,8,7,2.75,0.9166666666666666,0.25,1,2,1,equal,2023-01-05 07:43:15
80.0,8,7,2.75,0.9166666666666666,0.25,1,2,1,equal,2023-01-05 07:43:20
85.0,8,8,3.0,1.0,0.125,0,0,0,equal,2023-01-05 07:43:25
90.0,8,8,3.0,1.0,0.125,0,0,0,equal,2023-01-05 07:43:30
95.0,7,7,2.807354922057604,1.0,0.14285714285714285,0,0,0,equal,2023-01-05 07:43:35
100.0,7,7,2.807354922057604,1.0,0.14285714285714285,0,0,0,equal,2023-01-05 07:43:40
105.0,6,6,2.584962500721156,1.0,0.16666666666666666,0,0,0,equal,2023-01-05 07:43:45
110.0,6,6,2.584962500721156,1.0,0.16666666666666666,0,0,0,equal,2023-01-05 07:43:50
115.0,6,6,2.584962500721156,1.0,0.16666666666666666,0,0,0,equal,2023-01-05 07:43:55
120.0,6,6,2.584962500721156,1.0,0.16666666666666666,0,0,0,equal,2023-01-05 07:44:00
125.0,6,6,2.584962500721156,1.0,0.16666666666666666,0,0,0,equal,2023-01-05 07:44:05
130.0,6,6,2.584962500721156,1.0,0.16666666666666666,0,0,0,equal,2023-01-05 07:44:10
135.0,6,6,2.584962500721156,1.0,0.16666666666666666,0,0,0,equal,2023-01-05 07:44:15
140.0,6,6,2.584962500721156,1.0,0.16666666666666666,0,0,0,equal,2023-01-05 07:44:20
145.0,6,6,2.584962500721156,1.0,0.16666666666666666,0,0,0,equal,2023-01-05 07:44:25
150.0,6,6,2.584962500721156,1.0,0.16666666666666666,0,0,0,equal,2023-01-05 07:44:30
155.0,6,6,2.584962500721156,1.0,0.16666666666666666,0,0,0,equal,2023-01-05 07:44:35
160.0,6,6,2.584962500721156,1.0,0.16666666666666666,0,0,0,equal,2023-01-05 07:44:40
165.0,6,6,2.584962500721156,1.0,0.16666666666666666,0,0,0,equal,2023-01-05 07:44:45
170.0,6,6,2.584962500721156,1.0,0.16666666666666666,0,0,0,equal,2023-01-05 07:44:50
175.0,6,6,2.584962500721156,1.0,0.16666666666666666,0,0,0,equal,2023-01-05 07:44:55
180.0,6,6,2.584962500721156,1.0,0.16666666666666666,0,0,0,equal,2023-01-05 07:45:00
185.0,5,5,2.3219280948873626,1.0,0.2,0,0,0,equal,2023-01-05 07:45:05
190.0,5,5,2.3219280948873626,1.0,0.2,0,0,0,equal,2023-01-05 07:45:10
195.0,5,5,2.3219280948873626,1.0,0.2,0,0,0,equal,2023-01-05 07:45:15
200.0,5,4,1.9219280948873623,0.8277293767706428,0.4,1,2,1,equal,2023-01-05 07:45:20
205.0,5,5,2.3219280948873626,1.0,0.2,0,0,0,equal,2023-01-05 07:45:25
210.0,5,5,2.3219280948873626,1.0,0.2,0,0,0,equal,2023-01-05 07:45:30
215.0,5,5,2.3219280948873626,1.0,0.2,0,0,0,equal,2023-01-05 07:45:35
220.0,5,5,2.3219280948873626,1.0,0.2,0,0,0,equal,2023-01-05 07:45:40
225.0,5,5,2.3219280948873626,1.0,0.2,0,0,0,equal,2023-01-05 07:45:45
230.0,5,5,2.3219280948873626,1.0,0.2,0,0,0,equal,2023-01-05 07:45:50
235.0,5,5,2.3219280948873626,1.0,0.2,0,0,0,equal,2023-01-05 07:45:55
240.0,5,5,2.3219280948873626,1.0,0.2,0,0,0,equal,2023-01-05 07:46:00
245.0,5,5,2.3219280948873626,1.0,0.2,0,0,0,equal,2023-01-05 07:46:05
250.0,5,5,2.3219280948873626,1.0,0.2,0,0,0,equal,2023-01-05 07:46:10
255.0,5,5,2.3219280948873626,1.0,0.2,0,0,0,equal,2023-01-05 07:46:15
260.0,5,5,2.3219280948873626,1.0,0.2,0,0,0,equal,2023-01-05 07:46:20
265.0,5,5,2.3219280948873626,1.0,0.2,0,0,0,equal,2023-01-05 07:46:25
270.0,5,5,2.3219280948873626,1.0,0.2,0,0,0,equal,2023-01-05 07:46:30
275.0,5,5,2.3219280948873626,1.0,0.2,0,0,0,equal,2023-01-05 07:46:35
280.0,5,5,2.3219280948873626,1.0,0.2,0,0,0,equal,2023-01-05 07:46:40
285.0,5,5,2.3219280948873626,1.0,0.2,0,0,0,equal,2023-01-05 07:46:45
290.0,5,5,2.3219280948873626,1.0,0.2,0,0,0,equal,2023-01-05 07:46:50
295.0,5,5,2.3219280948873626,1.0,0.2,0,0,0,equal,2023-01-05 07:46:55
300.0,5,5,2.3219280948873626,1.0,0.2,0,0,0,equal,2023-01-05 07:47:00
305.0,5,5,2.3219280948873626,1.0,0.2,0,0,0,equal,2023-01-05 07:47:05
310.0,5,5,2.3219280948873626,1.0,0.2,0,0,0,equal,2023-01-05 07:47:10
315.0,5,5,2.3219280948873626,1.0,0.2,0,0,0,equal,2023-01-05 07:47:15
320.0,5,5,2.3219280948873626,1.0,0.2,0,0,0,equal,2023-01-05 07:47:20
325.0,5,5,2.3219280948873626,1.0,0.2,0,0,0,equal,2023-01-05 07:47:25
330.0,5,5,2.3219280948873626,1.0,0.2,0,0,0,equal,2023-01-05 07:47:30
335.0,5,5,2.3219280948873626,1.0,0.2,0,0,0,equal,2023-01-05 07:47:35
340.0,5,5,2.3219280948873626,1.0,0.2,0,0,0,equal,2023-01-05 07:47:40
345.0,5,5,2.3219280948873626,1.0,0.2,0,0,0,equal,2023-01-05 07:47:45
350.0,5,5,2.3219280948873626,1.0,0.2,0,0,0,equal,2023-01-05 07:47:50
355.0,5,5,2.3219280948873626,1.0,0.2,0,0,0,equal,2023-01-05 07:47:55
360.0,5,5,2.3219280948873626,1.0,0.2,0,0,0,equal,2023-01-05 07:48:00
365.0,5,5,2.3219280948873626,1.0,0.2,0,0,0,equal,2023-01-05 07:48:05
370.0,5,5,2.3219280948873626,1.0,0.2,0,0,0,equal,2023-01-05 07:48:10
375.0,5,5,2.3219280948873626,1.0,0.2,0,0,0,equal,2023-01-05 07:48:15
380.0,5,4,1.9219280948873625,0.827729376770643,0.4,1,2,1,equal,2023-01-05 07:48:20
385.0,5,4,1.9219280948873625,0.827729376770643,0.4,1,2,1,equal,2023-01-05 07:48:25
390.0,5,5,2.3219280948873626,1.0,0.2,0,0,0,equal,2023-01-05 07:48:30
395.0,5,5,2.3219280948873626,1.0,0.2,0,0,0,equal,2023-01-05 07:48:35
400.0,5,5,2.3219280948873626,1.0,0.2,0,0,0,equal,2023-01-05 07:48:40
405.0,5,5,2.3219280948873626,1.0,0.2,0,0,0,equal,2023-01-05 07:48:45
410.0,5,5,2.3219280948873626,1.0,0.2,0,0,0,equal,2023-01-05 07:48:50
415.0,5,5,2.3219280948873626,1.0,0.2,0,0,0,equal,2023-01-05 07:48:55
420.0,5,5,2.3219280948873626,1.0,0.2,0,0,0,equal,2023-01-05 07:49:00
425.0,5,5,2.3219280948873626,1.0,0.2,0,0,0,equal,2023-01-05 07:49:05
430.0,5,5,2.3219280948873626,1.0,0.2,0,0,0,equal,2023-01-05 07:49:10
435.0,5,5,2.3219280948873626,1.0,0.2,0,0,0,equal,2023-01-05 07:49:15
440.0,5,5,2.3219280948873626,1.0,0.2,0,0,0,equal,2023-01-05 07:49:20
445.0,5,5,2.3219280948873626,1.0,0.2,0,0,0,equal,2023-01-05 07:49:25
450.0,5,5,2.3219280948873626,1.0,0.2,0,0,0,equal,2023-01-05 07:49:30
455.0,5,5,2.3219280948873626,1.0,0.2,0,0,0,equal,2023-01-05 07:49:35
460.0,5,5,2.3219280948873626,1.0,0.2,0,0,0,equal,2023-01-05 07:49:40
465.0,5,5,2.3219280948873626,1.0,0.2,0,0,0,equal,2023-01-05 07:49:45
470.0,5,5,2.3219280948873626,1.0,0.2,0,0,0,equal,2023-01-05 07:49:50
475.0,5,5,2.3219280948873626,1.0,0.2,0,0,0,equal,2023-01-05 07:49:55
480.0,5,5,2.3219280948873626,1.0,0.2,0,0,0,equal,2023-01-05 07:50:00
485.0,5,5,2.3219280948873626,1.0,0.2,0,0,0,equal,2023-01-05 07:50:05
490.0,5,5,2.3219280948873626,1.0,0.2,0,0,0,equal,2023-01-05 07:50:10
495.0,5,5,2.3219280948873626,1.0,0.2,0,0,0,equal,2023-01-05 07:50:15
500.0,5,5,2.3219280948873626,1.0,0.2,0,0,0,equal,2023-01-05 07:50:20
505.0,5,5,2.3219280948873626,1.0,0.2,0,0,0,equal,2023-01-05 07:50:25
510.0,5,5,2.3219280948873626,1.0,0.2,0,0,0,equal,2023-01-05 07:50:30
515.0,5,5,2.3219280948873626,1.0,0.2,0,0,0,equal,2023-01-05 07:50:35
520.0,5,5,2.3219280948873626,1.0,0.2,0,0,0,equal,2023-01-05 07:50:40
525.0,5,5,2.3219280948873626,1.0,0.2,0,0,0,equal,2023-01-05 07:50:45
530.0,5,5,2.3219280948873626,1.0,0.2,0,0,0,equal,2023-01-05 07:50:50
535.0,5,5,2.3219280948873626,1.0,0.2,0,0,0,equal,2023-01-05 07:50:55
540.0,5,5,2.3219280948873626,1.0,0.2,0,0,0,equal,2023-01-05 07:51:00
545.0,4,4,2.0,1.0,0.25,0,0,0,equal,2023-01-05 07:51:05
550.0,4,4,2.0,1.0,0.25,0,0,0,equal,2023-01-05 07:51:10
555.0,4,4,2.0,1.0,0.25,0,0,0,equal,2023-01-05 07:51:15
560.0,4,4,2.0,1.0,0.25,0,0,0,equal,2023-01-05 07:51:20
565.0,4,3,1.5,0.75,0.5,1,2,1,equal,2023-01-05 07:51:25
570.0,4,4,2.0,1.0,0.25,0,0,0,equal,2023-01-05 07:51:30
575.0,4,4,2.0,1.0,0.25,0,0,0,equal,2023-01-05 07:51:35
580.0,4,4,2.0,1.0,0.25,0,0,0,equal,2023-01-05 07:51:40
585.0,4,4,2.0,1.0,0.25,0,0,0,equal,2023-01-05 07:51:45
590.0,4,4,2.0,1.0,0.25,0,0,0,equal,2023-01-05 07:51:50
595.0,4,4,2.0,1.0,0.25,0,0,0,equal,2023-01-05 07:51:55
600.0,3,3,1.584962500721156,1.0,0.3333333333333333,0,0,0,equal,2023-01-05 07:52:00
605.0,3,3,1.584962500721156,1.0,0.3333333333333333,0,0,0,equal,2023-01-05 07:52:05
610.0,3,3,1.584962500721156,1.0,0.3333333333333333,0,0,0,equal,2023-01-05 07:52:10
615.0,3,3,1.584962500721156,1.0,0.3333333333333333,0,0,0,equal,2023-01-05 07:52:15
620.0,3,3,1.584962500721156,1.0,0.3333333333333333,0,0,0,equal,2023-01-05 07:52:20
625.0,3,3,1.584962500721156,1.0,0.3333333333333333,0,0,0,equal,2023-01-05 07:52:25
630.0,3,3,1.584962500721156,1.0,0.3333333333333333,0,0,0,equal,2023-01-05 07:52:30
635.0,3,3,1.584962500721156,1.0,0.3333333333333333,0,0,0,equal,2023-01-05 07:52:35
640.0,3,3,1.584962500721156,1.0,0.3333333333333333,0,0,0,equal,2023-01-05 07:52:40
645.0,3,3,1.584962500721156,1.0,0.3333333333333333,0,0,0,equal,2023-01-05 07:52:45
650.0,3,3,1.584962500721156,1.0,0.3333333333333333,0,0,0,equal,2023-01-05 07:52:50
655.0,3,3,1.584962500721156,1.0,0.3333333333333333,0,0,0,equal,2023-01-05 07:52:55
660.0,3,2,0.9182958340544896,0.579380164285695,0.6666666666666666,1,2,1,equal,2023-01-05 07:53:00
665.0,3,3,1.584962500721156,1.0,0.3333333333333333,0,0,0,equal,2023-01-05 07:53:05
670.0,3,3,1.584962500721156,1.0,0.3333333333333333,0,0,0,equal,2023-01-05 07:53:10
675.0,3,3,1.584962500721156,1.0,0.3333333333333333,0,0,0,equal,2023-01-05 07:53:15
680.0,3,3,1.584962500721156,1.0,0.3333333333333333,0,0,0,equal,2023-01-05 07:53:20
685.0,3,3,1.584962500721156,1.0,0.3333333333333333,0,0,0,equal,2023-01-05 07:53:25
690.0,3,3,1.584962500721156,1.0,0.3333333333333333,0,0,0,equal,2023-01-05 07:53:30
695.0,3,3,1.584962500721156,1.0,0.3333333333333333,0,0,0,equal,2023-01-05 07:53:35
700.0,3,3,1.584962500721156,1.0,0.3333333333333333,0,0,0,equal,2023-01-05 07:53:40
705.0,3,3,1.584962500721156,1.0,0.3333333333333333,0,0,0,equal,2023-01-05 07:53:45
710.0,3,3,1.584962500721156,1.0,0.3333333333333333,0,0,0,equal,2023-01-05 07:53:50
715.0,3,3,1.584962500721156,1.0,0.3333333333333333,0,0,0,equal,2023-01-05 07:53:55
720.0,3,3,1.584962500721156,1.0,0.3333333333333333,0,0,0,equal,2023-01-05 07:54:00
725.0,3,3,1.584962500721156,1.0,0.3333333333333333,0,0,0,equal,2023-01-05 07:54:05
730.0,3,3,1.584962500721156,1.0,0.3333333333333333,0,0,0,equal,2023-01-05 07:54:10
735.0,3,3,1.584962500721156,1.0,0.3333333333333333,0,0,0,equal,2023-01-05 07:54:15
740.0,3,3,1.584962500721156,1.0,0.3333333333333333,0,0,0,equal,2023-01-05 07:54:20
745.0,3,3,1.584962500721156,1.0,0.3333333333333333,0,0,0,equal,2023-01-05 07:54:25
750.0,3,3,1.584962500721156,1.0,0.3333333333333333,0,0,0,equal,2023-01-05 07:54:30
755.0,3,3,1.584962500721156,1.0,0.3333333333333333,0,0,0,equal,2023-01-05 07:54:35
760.0,3,3,1.584962500721156,1.0,0.3333333333333333,0,0,0,equal,2023-01-05 07:54:40
765.0,3,3,1.584962500721156,1.0,0.3333333333333333,0,0,0,equal,2023-01-05 07:54:45
770.0,3,3,1.584962500721156,1.0,0.3333333333333333,0,0,0,equal,2023-01-05 07:54:50
775.0,3,3,1.584962500721156,1.0,0.3333333333333333,0,0,0,equal,2023-01-05 07:54:55
780.0,3,3,1.584962500721156,1.0,0.3333333333333333,0,0,0,equal,2023-01-05 07:55:00
785.0,3,3,1.584962500721156,1.0,0.3333333333333333,0,0,0,equal,2023-01-05 07:55:05
790.0,3,3,1.584962500721156,1.0,0.3333333333333333,0,0,0,equal,2023-01-05 07:55:10
795.0,3,3,1.584962500721156,1.0,0.3333333333333333,0,0,0,equal,2023-01-05 07:55:15
800.0,3,3,1.584962500721156,1.0,0.3333333333333333,0,0,0,equal,2023-01-05 07:55:20
805.0,3,3,1.584962500721156,1.0,0.3333333333333333,0,0,0,equal,2023-01-05 07:55:25
810.0,3,3,1.584962500721156,1.0,0.3333333333333333,0,0,0,equal,2023-01-05 07:55:30
815.0,3,3,1.584962500721156,1.0,0.3333333333333333,0,0,0,equal,2023-01-05 07:55:35
820.0,3,3,1.584962500721156,1.0,0.3333333333333333,0,0,0,equal,2023-01-05 07:55:40
825.0,3,3,1.584962500721156,1.0,0.3333333333333333,0,0,0,equal,2023-01-05 07:55:45
830.0,3,3,1.584962500721156,1.0,0.3333333333333333,0,0,0,equal,2023-01-05 07:55:50
835.0,3,3,1.584962500721156,1.0,0.3333333333333333,0,0,0,equal,2023-01-05 07:55:55
840.0,3,3,1.584962500721156,1.0,0.3333333333333333,0,0,0,equal,2023-01-05 07:56:00
845.0,3,3,1.584962500721156,1.0,0.3333333333333333,0,0,0,equal,2023-01-05 07:56:05
850.0,3,3,1.584962500721156,1.0,0.3333333333333333,0,0,0,equal,2023-01-05 07:56:10
855.0,3,3,1.584962500721156,1.0,0.3333333333333333,0,0,0,equal,2023-01-05 07:56:15
860.0,3,3,1.584962500721156,1.0,0.3333333333333333,0,0,0,equal,2023-01-05 07:56:20
865.0,3,3,1.584962500721156,1.0,0.3333333333333333,0,0,0,equal,2023-01-05 07:56:25
870.0,3,3,1.584962500721156,1.0,0.3333333333333333,0,0,0,equal,2023-01-05 07:56:30
875.0,3,3,1.584962500721156,1.0,0.3333333333333333,0,0,0,equal,2023-01-05 07:56:35
880.0,3,3,1.584962500721156,1.0,0.3333333333333333,0,0,0,equal,2023-01-05 07:56:40
885.0,3,3,1.584962500721156,1.0,0.3333333333333333,0,0,0,equal,2023-01-05 07:56:45
890.0,3,3,1.584962500721156,1.0,0.3333333333333333,0,0,0,equal,2023-01-05 07:56:50
895.0,3,3,1.584962500721156,1.0,0.3333333333333333,0,0,0,equal,2023-01-05 07:56:55
900.0,3,3,1.584962500721156,1.0,0.3333333333333333,0,0,0,equal,2023-01-05 07:57:00
905.0,3,2,0.9182958340544896,0.579380164285695,0.6666666666666666,1,2,1,equal,2023-01-05 07:57:05
910.0,3,3,1.584962500721156,1.0,0.3333333333333333,0,0,0,equal,2023-01-05 07:57:10
915.0,3,3,1.584962500721156,1.0,0.3333333333333333,0,0,0,equal,2023-01-05 07:57:15
920.0,3,3,1.584962500721156,1.0,0.3333333333333333,0,0,0,equal,2023-01-05 07:57:20
925.0,3,3,1.584962500721156,1.0,0.3333333333333333,0,0,0,equal,2023-01-05 07:57:25
930.0,3,3,1.584962500721156,1.0,0.3333333333333333,0,0,0,equal,2023-01-05 07:57:30
935.0,3,3,1.584962500721156,1.0,0.3333333333333333,0,0,0,equal,2023-01-05 07:57:35
940.0,3,3,1.584962500721156,1.0,0.3333333333333333,0,0,0,equal,2023-01-05 07:57:40
945.0,3,3,1.584962500721156,1.0,0.3333333333333333,0,0,0,equal,2023-01-05 07:57:45
950.0,3,3,1.584962500721156,1.0,0.3333333333333333,0,0,0,equal,2023-01-05 07:57:50
955.0,3,3,1.584962500721156,1.0,0.3333333333333333,0,0,0,equal,2023-01-05 07:57:55
960.0,3,3,1.584962500721156,1.0,0.3333333333333333,0,0,0,equal,2023-01-05 07:58:00
965.0,3,3,1.584962500721156,1.0,0.3333333333333333,0,0,0,equal,2023-01-05 07:58:05
970.0,3,3,1.584962500721156,1.0,0.3333333333333333,0,0,0,equal,2023-01-05 07:58:10
975.0,3,3,1.584962500721156,1.0,0.3333333333333333,0,0,0,equal,2023-01-05 07:58:15
980.0,3,3,1.584962500721156,1.0,0.3333333333333333,0,0,0,equal,2023-01-05 07:58:20
985.0,3,3,1.584962500721156,1.0,0.3333333333333333,0,0,0,equal,2023-01-05 07:58:25
990.0,3,2,0.9182958340544896,0.579380164285695,0.6666666666666666,1,2,1,equal,2023-01-05 07:58:30
995.0,3,3,1.584962500721156,1.0,0.3333333333333333,0,0,0,equal,2023-01-05 07:58:35
1000.0,3,3,1.584962500721156,1.0,0.3333333333333333,0,0,0,equal,2023-01-05 07:58:40
1005.0,3,3,1.584962500721156,1.0,0.3333333333333333,0,0,0,equal,2023-01-05 07:58:45
1010.0,3,3,1.584962500721156,1.0,0.3333333333333333,0,0,0,equal,2023-01-05 07:58:50
1015.0,3,3,1.584962500721156,1.0,0.3333333333333333,0,0,0,equal,2023-01-05 07:58:55
1020.0,3,3,1.584962500721156,1.0,0.3333333333333333,0,0,0,equal,2023-01-05 07:59:00
1025.0,3,3,1.584962500721156,1.0,0.3333333333333333,0,0,0,equal,2023-01-05 07:59:05
1030.0,3,3,1.584962500721156,1.0,0.3333333333333333,0,0,0,equal,2023-01-05 07:59:10
1035.0,3,3,1.584962500721156,1.0,0.3333333333333333,0,0,0,equal,2023-01-05 07:59:15
1040.0,3,3,1.584962500721156,1.0,0.3333333333333333,0,0,0,equal,2023-01-05 07:59:20
1045.0,3,1,0.0,0.0,1.0,1,3,2,equal,2023-01-05 07:59:25
1050.0,3,1,0.0,0.0,1.0,1,3,2,equal,2023-01-05 07:59:30
1055.0,3,2,0.9182958340544896,0.579380164285695,0.6666666666666666,1,2,1,equal,2023-01-05 07:59:35
1060.0,3,2,0.9182958340544896,0.579380164285695,0.6666666666666666,1,2,1,equal,2023-01-05 07:59:40
1065.0,3,2,0.9182958340544896,0.579380164285695,0.6666666666666666,1,2,1,equal,2023-01-05 07:59:45
1070.0,3,2,0.9182958340544896,0.579380164285695,0.6666666666666666,1,2,1,equal,2023-01-05 07:59:50
1075.0,3,3,1.584962500721156,1.0,0.3333333333333333,0,0,0,equal,2023-01-05 07:59:55
1080.0,3,3,1.584962500721156,1.0,0.3333333333333333,0,0,0,equal,2023-01-05 08:00:00
1085.0,3,3,1.584962500721156,1.0,0.3333333333333333,0,0,0,equal,2023-01-05 08:00:05
1090.0,3,3,1.584962500721156,1.0,0.3333333333333333,0,0,0,equal,2023-01-05 08:00:10
1095.0,3,3,1.584962500721156,1.0,0.3333333333333333,0,0,0,equal,2023-01-05 08:00:15
1100.0,3,3,1.584962500721156,1.0,0.3333333333333333,0,0,0,equal,2023-01-05 08:00:20
1105.0,3,3,1.584962500721156,1.0,0.3333333333333333,0,0,0,equal,2023-01-05 08:00:25
1110.0,3,3,1.584962500721156,1.0,0.3333333333333333,0,0,0,equal,2023-01-05 08:00:30
1115.0,3,3,1.584962500721156,1.0,0.3333333333333333,0,0,0,equal,2023-01-05 08:00:35
1120.0,3,3,1.584962500721156,1.0,0.3333333333333333,0,0,0,equal,2023-01-05 08:00:40
1125.0,3,3,1.584962500721156,1.0,0.3333333333333333,0,0,0,equal,2023-01-05 08:00:45
1130.0,3,2,0.9182958340544896,0.579380164285695,0.6666666666666666,1,2,1,equal,2023-01-05 08:00:50
1135.0,3,2,0.9182958340544896,0.579380164285695,0.6666666666666666,1,2,1,equal,2023-01-05 08:00:55
1140.0,3,3,1.584962500721156,1.0,0.3333333333333333,0,0,0,equal,2023-01-05 08:01:00
1145.0,3,3,1.584962500721156,1.0,0.3333333333333333,0,0,0,equal,2023-01-05 08:01:05
1150.0,3,3,1.584962500721156,1.0,0.3333333333333333,0,0,0,equal,2023-01-05 08:01:10
1155.0,3,2,0.9182958340544896,0.579380164285695,0.6666666666666666,1,2,1,equal,2023-01-05 08:01:15
1160.0,3,3,1.584962500721156,1.0,0.3333333333333333,0,0,0,equal,2023-01-05 08:01:20
1165.0,3,3,1.584962500721156,1.0,0.3333333333333333,0,0,0,equal,2023-01-05 08:01:25
1170.0,3,3,1.584962500721156,1.0,0.3333333333333333,0,0,0,equal,2023-01-05 08:01:30
1175.0,3,3,1.584962500721156,1.0,0.3333333333333333,0,0,0,equal,2023-01-05 08:01:35
1180.0,3,3,1.584962500721156,1.0,0.3333333333333333,0,0,0,equal,2023-01-05 08:01:40
1185.0,3,3,1.584962500721156,1.0,0.3333333333333333,0,0,0,equal,2023-01-05 08:01:45
1190.0,3,3,1.584962500721156,1.0,0.3333333333333333,0,0,0,equal,2023-01-05 08:01:50
1195.0,3,3,1.584962500721156,1.0,0.3333333333333333,0,0,0,equal,2023-01-05 08:01:55
1200.0,3,3,1.584962500721156,1.0,0.3333333333333333,0,0,0,equal,2023-01-05 08:02:00
1205.0,2,2,1.0,1.0,0.5,0,0,0,equal,2023-01-05 08:02:05
1210.0,2,2,1.0,1.0,0.5,0,0,0,equal,2023-01-05 08:02:10
1215.0,2,2,1.0,1.0,0.5,0,0,0,equal,2023-01-05 08:02:15
1220.0,2,2,1.0,1.0,0.5,0,0,0,equal,2023-01-05 08:02:20
1225.0,2,2,1.0,1.0,0.5,0,0,0,equal,2023-01-05 08:02:25
1230.0,2,2,1.0,1.0,0.5,0,0,0,equal,2023-01-05 08:02:30
1235.0,2,2,1.0,1.0,0.5,0,0,0,equal,2023-01-05 08:02:35
1240.0,2,2,1.0,1.0,0.5,0,0,0,equal,2023-01-05 08:02:40
1245.0,2,2,1.0,1.0,0.5,0,0,0,equal,2023-01-05 08:02:45
1250.0,2,2,1.0,1.0,0.5,0,0,0,equal,2023-01-05 08:02:50
1255.0,2,2,1.0,1.0,0.5,0,0,0,equal,2023-01-05 08:02:55
1260.0,2,2,1.0,1.0,0.5,0,0,0,equal,2023-01-05 08:03:00
1265.0,2,2,1.0,1.0,0.5,0,0,0,equal,2023-01-05 08:03:05
1270.0,2,2,1.0,1.0,0.5,0,0,0,equal,2023-01-05 08:03:10
1275.0,2,2,1.0,1.0,0.5,0,0,0,equal,2023-01-05 08:03:15
1280.0,2,2,1.0,1.0,0.5,0,0,0,equal,2023-01-05 08:03:20
1285.0,2,2,1.0,1.0,0.5,0,0,0,equal,2023-01-05 08:03:25
1290.0,2,2,1.0,1.0,0.5,0,0,0,equal,2023-01-05 08:03:30
1295.0,2,2,1.0,1.0,0.5,0,0,0,equal,2023-01-05 08:03:35
14400.0,7,2,0.5916727785823274,0.21075809614719845,0.8571428571428571,1,6,5,equal,2023-01-05 11:42:00
14405.0,7,7,2.807354922057604,1.0,0.14285714285714285,0,0,0,equal,2023-01-05 11:42:05
14410.0,7,7,2.807354922057604,1.0,0.14285714285714285,0,0,0,equal,2023-01-05 11:42:10
14415.0,7,7,2.807354922057604,1.0,0.14285714285714285,0,0,0,equal,2023-01-05 11:42:15
14420.0,7,7,2.807354922057604,1.0,0.14285714285714285,0,0,0,equal,2023-01-05 11:42:20
14425.0,7,7,2.807354922057604,1.0,0.14285714285714285,0,0,0,equal,2023-01-05 11:42:25
14430.0,7,7,2.807354922057604,1.0,0.14285714285714285,0,0,0,equal,2023-01-05 11:42:30
14435.0,7,7,2.807354922057604,1.0,0.14285714285714285,0,0,0,equal,2023-01-05 11:42:35
14440.0,7,7,2.807354922057604,1.0,0.14285714285714285,0,0,0,equal,2023-01-05 11:42:40
14445.0,7,7,2.807354922057604,1.0,0.14285714285714285,0,0,0,equal,2023-01-05 11:42:45
14450.0,7,7,2.807354922057604,1.0,0.14285714285714285,0,0,0,equal,2023-01-05 11:42:50
14455.0,7,7,2.807354922057604,1.0,0.14285714285714285,0,0,0,equal,2023-01-05 11:42:55
14460.0,7,7,2.807354922057604,1.0,0.14285714285714285,0,0,0,equal,2023-01-05 11:43:00
14465.0,7,7,2.807354922057604,1.0,0.14285714285714285,0,0,0,equal,2023-01-05 11:43:05
14470.0,7,7,2.807354922057604,1.0,0.14285714285714285,0,0,0,equal,2023-01-05 11:43:10
14475.0,7,7,2.807354922057604,1.0,0.14285714285714285,0,0,0,equal,2023-01-05 11:43:15
14480.0,7,7,2.807354922057604,1.0,0.14285714285714285,0,0,0,equal,2023-01-05 11:43:20
14485.0,7,7,2.807354922057604,1.0,0.14285714285714285,0,0,0,equal,2023-01-05 11:43:25
14490.0,7,7,2.807354922057604,1.0,0.14285714285714285,0,0,0,equal,2023-01-05 11:43:30
14495.0,7,7,2.807354922057604,1.0,0.14285714285714285,0,0,0,equal,2023-01-05 11:43:35
14500.0,7,7,2.807354922057604,1.0,0.14285714285714285,0,0,0,equal,2023-01-05 11:43:40
14505.0,7,7,2.807354922057604,1.0,0.14285714285714285,0,0,0,equal,2023-01-05 11:43:45
14510.0,7,7,2.807354922057604,1.0,0.14285714285714285,0,0,0,equal,2023-01-05 11:43:50
14515.0,5,5,2.3219280948873626,1.0,0.2,0,0,0,equal,2023-01-05 11:43:55
14520.0,5,5,2.3219280948873626,1.0,0.2,0,0,0,equal,2023-01-05 11:44:00
14525.0,5,5,2.3219280948873626,1.0,0.2,0,0,0,equal,2023-01-05 11:44:05
14530.0,4,4,2.0,1.0,0.25,0,0,0,equal,2023-01-05 11:44:10
14535.0,4,4,2.0,1.0,0.25,0,0,0,equal,2023-01-05 11:44:15
14540.0,4,4,2.0,1.0,0.25,0,0,0,equal,2023-01-05 11:44:20
14545.0,4,4,2.0,1.0,0.25,0,0,0,equal,2023-01-05 11:44:25
14550.0,4,4,2.0,1.0,0.25,0,0,0,equal,2023-01-05 11:44:30
14555.0,4,4,2.0,1.0,0.25,0,0,0,equal,2023-01-05 11:44:35
14560.0,4,4,2.0,1.0,0.25,0,0,0,equal,2023-01-05 11:44:40
14565.0,4,4,2.0,1.0,0.25,0,0,0,equal,2023-01-05 11:44:45
14570.0,4,4,2.0,1.0,0.25,0,0,0,equal,2023-01-05 11:44:50
14575.0,4,4,2.0,1.0,0.25,0,0,0,equal,2023-01-05 11:44:55
14580.0,4,4,2.0,1.0,0.25,0,0,0,equal,2023-01-05 11:45:00
14585.0,4,4,2.0,1.0,0.25,0,0,0,equal,2023-01-05 11:45:05
14590.0,4,4,2.0,1.0,0.25,0,0,0,equal,2023-01-05 11:45:10
14595.0,4,4,2.0,1.0,0.25,0,0,0,equal,2023-01-05 11:45:15
14600.0,4,4,2.0,1.0,0.25,0,0,0,equal,2023-01-05 11:45:20
14605.0,4,4,2.0,1.0,0.25,0,0,0,equal,2023-01-05 11:45:25
14610.0,3,3,1.584962500721156,1.0,0.3333333333333333,0,0,0,equal,2023-01-05 11:45:30
14615.0,3,3,1.584962500721156,1.0,0.3333333333333333,0,0,0,equal,2023-01-05 11:45:35
14620.0,3,3,1.584962500721156,1.0,0.3333333333333333,0,0,0,equal,2023-01-05 11:45:40
14625.0,3,3,1.584962500721156,1.0,0.3333333333333333,0,0,0,equal,2023-01-05 11:45:45
14630.0,3,3,1.584962500721156,1.0,0.3333333333333333,0,0,0,equal,2023-01-05 11:45:50
14635.0,3,3,1.584962500721156,1.0,0.3333333333333333,0,0,0,equal,2023-01-05 11:45:55
14640.0,3,3,1.584962500721156,1.0,0.3333333333333333,0,0,0,equal,2023-01-05 11:46:00
14645.0,3,3,1.584962500721156,1.0,0.3333333333333333,0,0,0,equal,2023-01-05 11:46:05
14650.0,3,3,1.584962500721156,1.0,0.3333333333333333,0,0,0,equal,2023-01-05 11:46:10
14655.0,3,3,1.584962500721156,1.0,0.3333333333333333,0,0,0,equal,2023-01-05 11:46:15
14660.0,3,3,1.584962500721156,1.0,0.3333333333333333,0,0,0,equal,2023-01-05 11:46:20
14665.0,3,3,1.584962500721156,1.0,0.3333333333333333,0,0,0,equal,2023-01-05 11:46:25
14670.0,3,3,1.584962500721156,1.0,0.3333333333333333,0,0,0,equal,2023-01-05 11:46:30
14675.0,3,3,1.584962500721156,1.0,0.3333333333333333,0,0,0,equal,2023-01-05 11:46:35
14680.0,3,3,1.584962500721156,1.0,0.3333333333333333,0,0,0,equal,2023-01-05 11:46:40
14685.0,3,3,1.584962500721156,1.0,0.3333333333333333,0,0,0,equal,2023-01-05 11:46:45
14690.0,3,3,1.584962500721156,1.0,0.3333333333333333,0,0,0,equal,2023-01-05 11:46:50
14695.0,3,3,1.584962500721156,1.0,0.3333333333333333,0,0,0,equal,2023-01-05 11:46:55
14700.0,3,3,1.584962500721156,1.0,0.3333333333333333,0,0,0,equal,2023-01-05 11:47:00
14705.0,3,3,1.584962500721156,1.0,0.3333333333333333,0,0,0,equal,2023-01-05 11:47:05
14710.0,3,3,1.584962500721156,1.0,0.3333333333333333,0,0,0,equal,2023-01-05 11:47:10
14715.0,3,3,1.584962500721156,1.0,0.3333333333333333,0,0,0,equal,2023-01-05 11:47:15
14720.0,3,3,1.584962500721156,1.0,0.3333333333333333,0,0,0,equal,2023-01-05 11:47:20
14725.0,3,3,1.584962500721156,1.0,0.3333333333333333,0,0,0,equal,2023-01-05 11:47:25
14730.0,3,3,1.584962500721156,1.0,0.3333333333333333,0,0,0,equal,2023-01-05 11:47:30
14735.0,3,3,1.584962500721156,1.0,0.3333333333333333,0,0,0,equal,2023-01-05 11:47:35
14740.0,3,3,1.584962500721156,1.0,0.3333333333333333,0,0,0,equal,2023-01-05 11:47:40
14745.0,3,3,1.584962500721156,1.0,0.3333333333333333,0,0,0,equal,2023-01-05 11:47:45
14750.0,3,3,1.584962500721156,1.0,0.3333333333333333,0,0,0,equal,2023-01-05 11:47:50
14755.0,3,3,1.584962500721156,1.0,0.3333333333333333,0,0,0,equal,2023-01-05 11:47:55
14760.0,3,3,1.584962500721156,1.0,0.3333333333333333,0,0,0,equal,2023-01-05 11:48:00
14765.0,3,3,1.584962500721156,1.0,0.3333333333333333,0,0,0,equal,2023-01-05 11:48:05
14770.0,3,3,1.584962500721156,1.0,0.3333333333333333,0,0,0,equal,2023-01-05 11:48:10
14775.0,3,3,1.584962500721156,1.0,0.3333333333333333,0,0,0,equal,2023-01-05 11:48:15
14780.0,3,3,1.584962500721156,1.0,0.3333333333333333,0,0,0,equal,2023-01-05 11:48:20
14785.0,3,3,1.584962500721156,1.0,0.3333333333333333,0,0,0,equal,2023-01-05 11:48:25
14790.0,3,3,1.584962500721156,1.0,0.3333333333333333,0,0,0,equal,2023-01-05 11:48:30
14795.0,3,3,1.584962500721156,1.0,0.3333333333333333,0,0,0,equal,2023-01-05 11:48:35
14800.0,3,3,1.584962500721156,1.0,0.3333333333333333,0,0,0,equal,2023-01-05 11:48:40
14805.0,3,3,1.584962500721156,1.0,0.3333333333333333,0,0,0,equal,2023-01-05 11:48:45
14810.0,3,3,1.584962500721156,1.0,0.3333333333333333,0,0,0,equal,2023-01-05 11:48:50
14815.0,3,3,1.584962500721156,1.0,0.3333333333333333,0,0,0,equal,2023-01-05 11:48:55
14820.0,3,3,1.584962500721156,1.0,0.3333333333333333,0,0,0,equal,2023-01-05 11:49:00
14825.0,3,3,1.584962500721156,1.0,0.3333333333333333,0,0,0,equal,2023-01-05 11:49:05
14830.0,3,3,1.584962500721156,1.0,0.3333333333333333,0,0,0,equal,2023-01-05 11:49:10
14835.0,3,3,1.584962500721156,1.0,0.3333333333333333,0,0,0,equal,2023-01-05 11:49:15
14840.0,3,3,1.584962500721156,1.0,0.3333333333333333,0,0,0,equal,2023-01-05 11:49:20
14845.0,3,3,1.584962500721156,1.0,0.3333333333333333,0,0,0,equal,2023-01-05 11:49:25
14850.0,3,3,1.584962500721156,1.0,0.3333333333333333,0,0,0,equal,2023-01-05 11:49:30
14855.0,3,3,1.584962500721156,1.0,0.3333333333333333,0,0,0,equal,2023-01-05 11:49:35
14860.0,3,3,1.584962500721156,1.0,0.3333333333333333,0,0,0,equal,2023-01-05 11:49:40
14865.0,3,3,1.584962500721156,1.0,0.3333333333333333,0,0,0,equal,2023-01-05 11:49:45
14870.0,3,3,1.584962500721156,1.0,0.3333333333333333,0,0,0,equal,2023-01-05 11:49:50
14875.0,3,3,1.584962500721156,1.0,0.3333333333333333,0,0,0,equal,2023-01-05 11:49:55
14880.0,3,3,1.584962500721156,1.0,0.3333333333333333,0,0,0,equal,2023-01-05 11:50:00
14885.0,3,3,1.584962500721156,1.0,0.3333333333333333,0,0,0,equal,2023-01-05 11:50:05
14890.0,3,3,1.584962500721156,1.0,0.3333333333333333,0,0,0,equal,2023-01-05 11:50:10
14895.0,3,3,1.584962500721156,1.0,0.3333333333333333,0,0,0,equal,2023-01-05 11:50:15
14900.0,3,3,1.584962500721156,1.0,0.3333333333333333,0,0,0,equal,2023-01-05 11:50:20
14905.0,3,3,1.584962500721156,1.0,0.3333333333333333,0,0,0,equal,2023-01-05 11:50:25
14910.0,3,3,1.584962500721156,1.0,0.3333333333333333,0,0,0,equal,2023-01-05 11:50:30
14915.0,3,3,1.584962500721156,1.0,0.3333333333333333,0,0,0,equal,2023-01-05 11:50:35
14920.0,3,3,1.584962500721156,1.0,0.3333333333333333,0,0,0,equal,2023-01-05 11:50:40
14925.0,3,3,1.584962500721156,1.0,0.3333333333333333,0,0,0,equal,2023-01-05 11:50:45
14930.0,3,3,1.584962500721156,1.0,0.3333333333333333,0,0,0,equal,2023-01-05 11:50:50
14935.0,3,3,1.584962500721156,1.0,0.3333333333333333,0,0,0,equal,2023-01-05 11:50:55
14940.0,3,3,1.584962500721156,1.0,0.3333333333333333,0,0,0,equal,2023-01-05 11:51:00
14945.0,3,3,1.584962500721156,1.0,0.3333333333333333,0,0,0,equal,2023-01-05 11:51:05
14950.0,3,3,1.584962500721156,1.0,0.3333333333333333,0,0,0,equal,2023-01-05 11:51:10
14955.0,3,3,1.584962500721156,1.0,0.3333333333333333,0,0,0,equal,2023-01-05 11:51:15
14960.0,3,3,1.584962500721156,1.0,0.3333333333333333,0,0,0,equal,2023-01-05 11:51:20
14965.0,3,3,1.584962500721156,1.0,0.3333333333333333,0,0,0,equal,2023-01-05 11:51:25
14970.0,3,3,1.584962500721156,1.0,0.3333333333333333,0,0,0,equal,2023-01-05 11:51:30
14975.0,3,3,1.584962500721156,1.0,0.3333333333333333,0,0,0,equal,2023-01-05 11:51:35
14980.0,3,3,1.584962500721156,1.0,0.3333333333333333,0,0,0,equal,2023-01-05 11:51:40
14985.0,3,3,1.584962500721156,1.0,0.3333333333333333,0,0,0,equal,2023-01-05 11:51:45
14990.0,3,3,1.584962500721156,1.0,0.3333333333333333,0,0,0,equal,2023-01-05 11:51:50
14995.0,3,3,1.584962500721156,1.0,0.3333333333333333,0,0,0,equal,2023-01-05 11:51:55
15000.0,3,3,1.584962500721156,1.0,0.3333333333333333,0,0,0,equal,2023-01-05 11:52:00
15005.0,3,3,1.584962500721156,1.0,0.3333333333333333,0,0,0,equal,2023-01-05 11:52:05
15010.0,3,3,1.584962500721156,1.0,0.3333333333333333,0,0,0,equal,2023-01-05 11:52:10
15015.0,3,3,1.584962500721156,1.0,0.3333333333333333,0,0,0,equal,2023-01-05 11:52:15
15020.0,3,3,1.584962500721156,1.0,0.3333333333333333,0,0,0,equal,2023-01-05 11:52:20
15025.0,3,2,0.9182958340544896,0.579380164285695,0.6666666666666666,1,2,1,equal,2023-01-05 11:52:25
15030.0,3,3,1.584962500721156,1.0,0.3333333333333333,0,0,0,equal,2023-01-05 11:52:30
15035.0,3,3,1.584962500721156,1.0,0.3333333333333333,0,0,0,equal,2023-01-05 11:52:35
15040.0,3,3,1.584962500721156,1.0,0.3333333333333333,0,0,0,equal,2023-01-05 11:52:40
15045.0,3,3,1.584962500721156,1.0,0.3333333333333333,0,0,0,equal,2023-01-05 11:52:45
15050.0,3,3,1.584962500721156,1.0,0.3333333333333333,0,0,0,equal,2023-01-05 11:52:50
15055.0,3,3,1.584962500721156,1.0,0.3333333333333333,0,0,0,equal,2023-01-05 11:52:55
15060.0,3,3,1.584962500721156,1.0,0.3333333333333333,0,0,0,equal,2023-01-05 11:53:00
15065.0,3,3,1.584962500721156,1.0,0.3333333333333333,0,0,0,equal,2023-01-05 11:53:05
15070.0,3,3,1.584962500721156,1.0,0.3333333333333333,0,0,0,equal,2023-01-05 11:53:10
15075.0,3,3,1.584962500721156,1.0,0.3333333333333333,0,0,0,equal,2023-01-05 11:53:15
15080.0,3,3,1.584962500721156,1.0,0.3333333333333333,0,0,0,equal,2023-01-05 11:53:20
15085.0,3,3,1.584962500721156,1.0,0.3333333333333333,0,0,0,equal,2023-01-05 11:53:25
15090.0,3,3,1.584962500721156,1.0,0.3333333333333333,0,0,0,equal,2023-01-05 11:53:30
15095.0,3,3,1.584962500721156,1.0,0.3333333333333333,0,0,0,equal,2023-01-05 11:53:35
15100.0,3,3,1.584962500721156,1.0,0.3333333333333333,0,0,0,equal,2023-01-05 11:53:40
15105.0,3,3,1.584962500721156,1.0,0.3333333333333333,0,0,0,equal,2023-01-05 11:53:45
15110.0,3,3,1.584962500721156,1.0,0.3333333333333333,0,0,0,equal,2023-01-05 11:53:50
15115.0,3,3,1.584962500721156,1.0,0.3333333333333333,0,0,0,equal,2023-01-05 11:53:55
15120.0,3,3,1.584962500721156,1.0,0.3333333333333333,0,0,0,equal,2023-01-05 11:54:00
15125.0,3,3,1.584962500721156,1.0,0.3333333333333333,0,0,0,equal,2023-01-05 11:54:05
15130.0,3,3,1.584962500721156,1.0,0.3333333333333333,0,0,0,equal,2023-01-05 11:54:10
15135.0,3,3,1.584962500721156,1.0,0.3333333333333333,0,0,0,equal,2023-01-05 11:54:15
15140.0,3,3,1.584962500721156,1.0,0.3333333333333333,0,0,0,equal,2023-01-05 11:54:20
15145.0,3,3,1.584962500721156,1.0,0.3333333333333333,0,0,0,equal,2023-01-05 11:54:25
15150.0,3,3,1.584962500721156,1.0,0.3333333333333333,0,0,0,equal,2023-01-05 11:54:30
15155.0,3,3,1.584962500721156,1.0,0.3333333333333333,0,0,0,equal,2023-01-05 11:54:35
15160.0,3,3,1.584962500721156,1.0,0.3333333333333333,0,0,0,equal,2023-01-05 11:54:40
15165.0,3,3,1.584962500721156,1.0,0.3333333333333333,0,0,0,equal,2023-01-05 11:54:45
15170.0,3,3,1.584962500721156,1.0,0.3333333333333333,0,0,0,equal,2023-01-05 11:54:50
15175.0,3,3,1.584962500721156,1.0,0.3333333333333333,0,0,0,equal,2023-01-05 11:54:55
15180.0,3,3,1.584962500721156,1.0,0.3333333333333333,0,0,0,equal,2023-01-05 11:55:00
15185.0,3,3,1.584962500721156,1.0,0.3333333333333333,0,0,0,equal,2023-01-05 11:55:05
15190.0,3,3,1.584962500721156,1.0,0.3333333333333333,0,0,0,equal,2023-01-05 11:55:10
15195.0,3,3,1.584962500721156,1.0,0.3333333333333333,0,0,0,equal,2023-01-05 11:55:15
15200.0,3,3,1.584962500721156,1.0,0.3333333333333333,0,0,0,equal,2023-01-05 11:55:20
15205.0,3,3,1.584962500721156,1.0,0.3333333333333333,0,0,0,equal,2023-01-05 11:55:25
15210.0,3,3,1.584962500721156,1.0,0.3333333333333333,0,0,0,equal,2023-01-05 11:55:30
15215.0,3,3,1.584962500721156,1.0,0.3333333333333333,0,0,0,equal,2023-01-05 11:55:35
15220.0,3,3,1.584962500721156,1.0,0.3333333333333333,0,0,0,equal,2023-01-05 11:55:40
15225.0,3,3,1.584962500721156,1.0,0.3333333333333333,0,0,0,equal,2023-01-05 11:55:45
15230.0,3,3,1.584962500721156,1.0,0.3333333333333333,0,0,0,equal,2023-01-05 11:55:50
15235.0,3,3,1.584962500721156,1.0,0.3333333333333333,0,0,0,equal,2023-01-05 11:55:55
15240.0,3,3,1.584962500721156,1.0,0.3333333333333333,0,0,0,equal,2023-01-05 11:56:00
15245.0,3,3,1.584962500721156,1.0,0.3333333333333333,0,0,0,equal,2023-01-05 11:56:05
15250.0,3,3,1.584962500721156,1.0,0.3333333333333333,0,0,0,equal,2023-01-05 11:56:10
15255.0,3,3,1.584962500721156,1.0,0.3333333333333333,0,0,0,equal,2023-01-05 11:56:15
15260.0,3,3,1.584962500721156,1.0,0.3333333333333333,0,0,0,equal,2023-01-05 11:56:20
15265.0,3,3,1.584962500721156,1.0,0.3333333333333333,0,0,0,equal,2023-01-05 11:56:25
15270.0,3,3,1.584962500721156,1.0,0.3333333333333333,0,0,0,equal,2023-01-05 11:56:30
15275.0,3,3,1.584962500721156,1.0,0.3333333333333333,0,0,0,equal,2023-01-05 11:56:35
15280.0,3,3,1.584962500721156,1.0,0.3333333333333333,0,0,0,equal,2023-01-05 11:56:40
15285.0,3,3,1.584962500721156,1.0,0.3333333333333333,0,0,0,equal,2023-01-05 11:56:45
15290.0,3,3,1.584962500721156,1.0,0.3333333333333333,0,0,0,equal,2023-01-05 11:56:50
15295.0,3,3,1.584962500721156,1.0,0.3333333333333333,0,0,0,equal,2023-01-05 11:56:55
15300.0,3,3,1.584962500721156,1.0,0.3333333333333333,0,0,0,equal,2023-01-05 11:57:00
15305.0,3,3,1.584962500721156,1.0,0.3333333333333333,0,0,0,equal,2023-01-05 11:57:05
15310.0,3,3,1.584962500721156,1.0,0.3333333333333333,0,0,0,equal,2023-01-05 11:57:10
15315.0,3,3,1.584962500721156,1.0,0.3333333333333333,0,0,0,equal,2023-01-05 11:57:15
15320.0,3,3,1.584962500721156,1.0,0.3333333333333333,0,0,0,equal,2023-01-05 11:57:20
15325.0,3,3,1.584962500721156,1.0,0.3333333333333333,0,0,0,equal,2023-01-05 11:57:25
15330.0,3,3,1.584962500721156,1.0,0.3333333333333333,0,0,0,equal,2023-01-05 11:57:30
15335.0,3,3,1.584962500721156,1.0,0.3333333333333333,0,0,0,equal,2023-01-05 11:57:35
15340.0,3,3,1.584962500721156,1.0,0.3333333333333333,0,0,0,equal,2023-01-05 11:57:40
15345.0,3,3,1.584962500721156,1.0,0.3333333333333333,0,0,0,equal,2023-01-05 11:57:45
15350.0,3,3,1.584962500721156,1.0,0.3333333333333333,0,0,0,equal,2023-01-05 11:57:50
15355.0,3,3,1.584962500721156,1.0,0.3333333333333333,0,0,0,equal,2023-01-05 11:57:55
15360.0,3,3,1.584962500721156,1.0,0.3333333333333333,0,0,0,equal,2023-01-05 11:58:00
15365.0,3,3,1.584962500721156,1.0,0.3333333333333333,0,0,0,equal,2023-01-05 11:58:05
15370.0,3,3,1.584962500721156,1.0,0.3333333333333333,0,0,0,equal,2023-01-05 11:58:10
15375.0,3,3,1.584962500721156,1.0,0.3333333333333333,0,0,0,equal,2023-01-05 11:58:15
15380.0,3,3,1.584962500721156,1.0,0.3333333333333333,0,0,0,equal,2023-01-05 11:58:20
15385.0,3,3,1.584962500721156,1.0,0.3333333333333333,0,0,0,equal,2023-01-05 11:58:25
15390.0,3,3,1.584962500721156,1.0,0.3333333333333333,0,0,0,equal,2023-01-05 11:58:30
15395.0,3,3,1.584962500721156,1.0,0.3333333333333333,0,0,0,equal,2023-01-05 11:58:35
15400.0,3,3,1.584962500721156,1.0,0.3333333333333333,0,0,0,equal,2023-01-05 11:58:40
15405.0,3,3,1.584962500721156,1.0,0.3333333333333333,0,0,0,equal,2023-01-05 11:58:45
15410.0,3,2,0.9182958340544896,0.579380164285695,0.6666666666666666,1,2,1,equal,2023-01-05 11:58:50
15415.0,3,3,1.584962500721156,1.0,0.3333333333333333,0,0,0,equal,2023-01-05 11:58:55
15420.0,3,3,1.584962500721156,1.0,0.3333333333333333,0,0,0,equal,2023-01-05 11:59:00
15425.0,3,3,1.584962500721156,1.0,0.3333333333333333,0,0,0,equal,2023-01-05 11:59:05
15430.0,3,3,1.584962500721156,1.0,0.3333333333333333,0,0,0,equal,2023-01-05 11:59:10
15435.0,3,3,1.584962500721156,1.0,0.3333333333333333,0,0,0,equal,2023-01-05 11:59:15
15440.0,3,3,1.584962500721156,1.0,0.3333333333333333,0,0,0,equal,2023-01-05 11:59:20
15445.0,3,3,1.584962500721156,1.0,0.3333333333333333,0,0,0,equal,2023-01-05 11:59:25
15450.0,3,3,1.584962500721156,1.0,0.3333333333333333,0,0,0,equal,2023-01-05 11:59:30
15455.0,3,3,1.584962500721156,1.0,0.3333333333333333,0,0,0,equal,2023-01-05 11:59:35
15460.0,3,3,1.584962500721156,1.0,0.3333333333333333,0,0,0,equal,2023-01-05 11:59:40
15465.0,3,3,1.584962500721156,1.0,0.3333333333333333,0,0,0,equal,2023-01-05 11:59:45
15470.0,3,3,1.584962500721156,1.0,0.3333333333333333,0,0,0,equal,2023-01-05 11:59:50
15475.0,3,2,0.9182958340544896,0.579380164285695,0.6666666666666666,1,2,1,equal,2023-01-05 11:59:55
15480.0,3,2,0.9182958340544896,0.579380164285695,0.6666666666666666,1,2,1,equal,2023-01-05 12:00:00
15485.0,3,3,1.584962500721156,1.0,0.3333333333333333,0,0,0,equal,2023-01-05 12:00:05
15490.0,3,3,1.584962500721156,1.0,0.3333333333333333,0,0,0,equal,2023-01-05 12:00:10
15495.0,3,3,1.584962500721156,1.0,0.3333333333333333,0,0,0,equal,2023-01-05 12:00:15
15500.0,3,3,1.584962500721156,1.0,0.3333333333333333,0,0,0,equal,2023-01-05 12:00:20
15505.0,3,3,1.584962500721156,1.0,0.3333333333333333,0,0,0,equal,2023-01-05 12:00:25
15510.0,3,3,1.584962500721156,1.0,0.3333333333333333,0,0,0,equal,2023-01-05 12:00:30
15515.0,3,3,1.584962500721156,1.0,0.3333333333333333,0,0,0,equal,2023-01-05 12:00:35
15520.0,3,3,1.584962500721156,1.0,0.3333333333333333,0,0,0,equal,2023-01-05 12:00:40
15525.0,3,2,0.9182958340544896,0.579380164285695,0.6666666666666666,1,2,1,equal,2023-01-05 12:00:45
15530.0,3,3,1.584962500721156,1.0,0.3333333333333333,0,0,0,equal,2023-01-05 12:00:50
15535.0,3,3,1.584962500721156,1.0,0.3333333333333333,0,0,0,equal,2023-01-05 12:00:55
15540.0,3,3,1.584962500721156,1.0,0.3333333333333333,0,0,0,equal,2023-01-05 12:01:00
15545.0,3,3,1.584962500721156,1.0,0.3333333333333333,0,0,0,equal,2023-01-05 12:01:05
15550.0,3,3,1.584962500721156,1.0,0.3333333333333333,0,0,0,equal,2023-01-05 12:01:10
15555.0,3,3,1.584962500721156,1.0,0.3333333333333333,0,0,0,equal,2023-01-05 12:01:15
15560.0,3,3,1.584962500721156,1.0,0.3333333333333333,0,0,0,equal,2023-01-05 12:01:20
15565.0,3,3,1.584962500721156,1.0,0.3333333333333333,0,0,0,equal,2023-01-05 12:01:25
15570.0,3,3,1.584962500721156,1.0,0.3333333333333333,0,0,0,equal,2023-01-05 12:01:30
15575.0,3,3,1.584962500721156,1.0,0.3333333333333333,0,0,0,equal,2023-01-05 12:01:35
15580.0,3,3,1.584962500721156,1.0,0.3333333333333333,0,0,0,equal,2023-01-05 12:01:40
15585.0,3,3,1.584962500721156,1.0,0.3333333333333333,0,0,0,equal,2023-01-05 12:01:45
15590.0,3,3,1.584962500721156,1.0,0.3333333333333333,0,0,0,equal,2023-01-05 12:01:50
15595.0,3,3,1.584962500721156,1.0,0.3333333333333333,0,0,0,equal,2023-01-05 12:01:55
15600.0,3,3,1.584962500721156,1.0,0.3333333333333333,0,0,0,equal,2023-01-05 12:02:00
15605.0,3,3,1.584962500721156,1.0,0.3333333333333333,0,0,0,equal,2023-01-05 12:02:05
15610.0,3,3,1.584962500721156,1.0,0.3333333333333333,0,0,0,equal,2023-01-05 12:02:10
15615.0,3,3,1.584962500721156,1.0,0.3333333333333333,0,0,0,equal,2023-01-05 12:02:15
15620.0,3,3,1.584962500721156,1.0,0.3333333333333333,0,0,0,equal,2023-01-05 12:02:20
15625.0,3,3,1.584962500721156,1.0,0.3333333333333333,0,0,0,equal,2023-01-05 12:02:25
15630.0,3,3,1.584962500721156,1.0,0.3333333333333333,0,0,0,equal,2023-01-05 12:02:30
15635.0,3,3,1.584962500721156,1.0,0.3333333333333333,0,0,0,equal,2023-01-05 12:02:35
15640.0,3,3,1.584962500721156,1.0,0.3333333333333333,0,0,0,equal,2023-01-05 12:02:40
15645.0,3,3,1.584962500721156,1.0,0.3333333333333333,0,0,0,equal,2023-01-05 12:02:45
15650.0,3,3,1.584962500721156,1.0,0.3333333333333333,0,0,0,equal,2023-01-05 12:02:50
15655.0,3,3,1.584962500721156,1.0,0.3333333333333333,0,0,0,equal,2023-01-05 12:02:55
15660.0,3,3,1.584962500721156,1.0,0.3333333333333333,0,0,0,equal,2023-01-05 12:03:00
15665.0,2,2,1.0,1.0,0.5,0,0,0,equal,2023-01-05 12:03:05
15670.0,2,2,1.0,1.0,0.5,0,0,0,equal,2023-01-05 12:03:10
15675.0,2,2,1.0,1.0,0.5,0,0,0,equal,2023-01-05 12:03:15
15680.0,2,2,1.0,1.0,0.5,0,0,0,equal,2023-01-05 12:03:20
15685.0,2,2,1.0,1.0,0.5,0,0,0,equal,2023-01-05 12:03:25
15690.0,2,2,1.0,1.0,0.5,0,0,0,equal,2023-01-05 12:03:30
15695.0,2,2,1.0,1.0,0.5,0,0,0,equal,2023-01-05 12:03:35
15700.0,2,2,1.0,1.0,0.5,0,0,0,equal,2023-01-05 12:03:40
15705.0,2,2,1.0,1.0,0.5,0,0,0,equal,2023-01-05 12:03:45
15710.0,2,2,1.0,1.0,0.5,0,0,0,equal,2023-01-05 12:03:50
15715.0,2,2,1.0,1.0,0.5,0,0,0,equal,2023-01-05 12:03:55
15720.0,2,2,1.0,1.0,0.5,0,0,0,equal,2023-01-05 12:04:00
15725.0,2,2,1.0,1.0,0.5,0,0,0,equal,2023-01-05 12:04:05
15730.0,2,2,1.0,1.0,0.5,0,0,0,equal,2023-01-05 12:04:10
15735.0,2,2,1.0,1.0,0.5,0,0,0,equal,2023-01-05 12:04:15
15740.0,1,1,0.0,0.0,1.0,0,0,0,equal,2023-01-05 12:04:20
15745.0,1,1,0.0,0.0,1.0,0,0,0,equal,2023-01-05 12:04:25
15750.0,1,1,0.0,0.0,1.0,0,0,0,equal,2023-01-05 12:04:30
15755.0,1,1,0.0,0.0,1.0,0,0,0,equal,2023-01-05 12:04:35
15760.0,1,1,0.0,0.0,1.0,0,0,0,equal,2023-01-05 12:04:40
15765.0,1,1,0.0,0.0,1.0,0,0,0,equal,2023-01-05 12:04:45
0.0,8,2,0.5435644431995964,0.1811881477331988,0.875,1,7,6,volume_proportional,2023-01-05 07:42:00
5.0,8,8,3.0,1.0,0.125,0,0,0,volume_proportional,2023-01-05 07:42:05
10.0,8,7,2.75,0.9166666666666666,0.25,1,2,1,volume_proportional,2023-01-05 07:42:10
15.0,8,8,3.0,1.0,0.125,0,0,0,volume_proportional,2023-01-05 07:42:15
20.0,8,8,3.0,1.0,0.125,0,0,0,volume_proportional,2023-01-05 07:42:20
25.0,8,8,3.0,1.0,0.125,0,0,0,volume_proportional,2023-01-05 07:42:25
30.0,8,8,3.0,1.0,0.125,0,0,0,volume_proportional,2023-01-05 07:42:30
35.0,8,8,3.0,1.0,0.125,0,0,0,volume_proportional,2023-01-05 07:42:35
40.0,8,8,3.0,1.0,0.125,0,0,0,volume_proportional,2023-01-05 07:42:40
45.0,8,8,3.0,1.0,0.125,0,0,0,volume_proportional,2023-01-05 07:42:45
50.0,8,8,3.0,1.0,0.125,0,0,0,volume_proportional,2023-01-05 07:42:50
55.0,8,8,3.0,1.0,0.125,0,0,0,volume_proportional,2023-01-05 07:42:55
60.0,8,8,3.0,1.0,0.125,0,0,0,volume_proportional,2023-01-05 07:43:00
65.0,8,7,2.75,0.9166666666666666,0.25,1,2,1,volume_proportional,2023-01-05 07:43:05
70.0,8,8,3.0,1.0,0.125,0,0,0,volume_proportional,2023-01-05 07:43:10
75.0,8,8,3.0,1.0,0.125,0,0,0,volume_proportional,2023-01-05 07:43:15
80.0,8,8,3.0,1.0,0.125,0,0,0,volume_proportional,2023-01-05 07:43:20
85.0,8,8,3.0,1.0,0.125,0,0,0,volume_proportional,2023-01-05 07:43:25
90.0,8,8,3.0,1.0,0.125,0,0,0,volume_proportional,2023-01-05 07:43:30
95.0,8,8,3.0,1.0,0.125,0,0,0,volume_proportional,2023-01-05 07:43:35
100.0,8,7,2.75,0.9166666666666666,0.25,1,2,1,volume_proportional,2023-01-05 07:43:40
105.0,8,8,3.0,1.0,0.125,0,0,0,volume_proportional,2023-01-05 07:43:45
110.0,8,8,3.0,1.0,0.125,0,0,0,volume_proportional,2023-01-05 07:43:50
115.0,8,7,2.75,0.9166666666666666,0.25,1,2,1,volume_proportional,2023-01-05 07:43:55
120.0,8,7,2.75,0.9166666666666666,0.25,1,2,1,volume_proportional,2023-01-05 07:44:00
125.0,8,8,3.0,1.0,0.125,0,0,0,volume_proportional,2023-01-05 07:44:05
130.0,8,8,3.0,1.0,0.125,0,0,0,volume_proportional,2023-01-05 07:44:10
135.0,8,8,3.0,1.0,0.125,0,0,0,volume_proportional,2023-01-05 07:44:15
140.0,8,8,3.0,1.0,0.125,0,0,0,volume_proportional,2023-01-05 07:44:20
145.0,8,8,3.0,1.0,0.125,0,0,0,volume_proportional,2023-01-05 07:44:25
150.0,8,8,3.0,1.0,0.125,0,0,0,volume_proportional,2023-01-05 07:44:30
155.0,8,8,3.0,1.0,0.125,0,0,0,volume_proportional,2023-01-05 07:44:35
160.0,8,8,3.0,1.0,0.125,0,0,0,volume_proportional,2023-01-05 07:44:40
165.0,8,7,2.75,0.9166666666666666,0.25,1,2,1,volume_proportional,2023-01-05 07:44:45
170.0,8,8,3.0,1.0,0.125,0,0,0,volume_proportional,2023-01-05 07:44:50
175.0,8,8,3.0,1.0,0.125,0,0,0,volume_proportional,2023-01-05 07:44:55
180.0,8,8,3.0,1.0,0.125,0,0,0,volume_proportional,2023-01-05 07:45:00
185.0,8,8,3.0,1.0,0.125,0,0,0,volume_proportional,2023-01-05 07:45:05
190.0,8,8,3.0,1.0,0.125,0,0,0,volume_proportional,2023-01-05 07:45:10
195.0,8,8,3.0,1.0,0.125,0,0,0,volume_proportional,2023-01-05 07:45:15
200.0,8,8,3.0,1.0,0.125,0,0,0,volume_proportional,2023-01-05 07:45:20
205.0,8,8,3.0,1.0,0.125,0,0,0,volume_proportional,2023-01-05 07:45:25
210.0,8,8,3.0,1.0,0.125,0,0,0,volume_proportional,2023-01-05 07:45:30
215.0,8,8,3.0,1.0,0.125,0,0,0,volume_proportional,2023-01-05 07:45:35
220.0,8,8,3.0,1.0,0.125,0,0,0,volume_proportional,2023-01-05 07:45:40
225.0,8,8,3.0,1.0,0.125,0,0,0,volume_proportional,2023-01-05 07:45:45
230.0,8,8,3.0,1.0,0.125,0,0,0,volume_proportional,2023-01-05 07:45:50
235.0,8,8,3.0,1.0,0.125,0,0,0,volume_proportional,2023-01-05 07:45:55
240.0,8,8,3.0,1.0,0.125,0,0,0,volume_proportional,2023-01-05 07:46:00
245.0,8,8,3.0,1.0,0.125,0,0,0,volume_proportional,2023-01-05 07:46:05
250.0,8,8,3.0,1.0,0.125,0,0,0,volume_proportional,2023-01-05 07:46:10
255.0,8,8,3.0,1.0,0.125,0,0,0,volume_proportional,2023-01-05 07:46:15
260.0,8,8,3.0,1.0,0.125,0,0,0,volume_proportional,2023-01-05 07:46:20
265.0,8,8,3.0,1.0,0.125,0,0,0,volume_proportional,2023-01-05 07:46:25
270.0,8,8,3.0,1.0,0.125,0,0,0,volume_proportional,2023-01-05 07:46:30
275.0,8,8,3.0,1.0,0.125,0,0,0,volume_proportional,2023-01-05 07:46:35
280.0,8,8,3.0,1.0,0.125,0,0,0,volume_proportional,2023-01-05 07:46:40
285.0,8,8,3.0,1.0,0.125,0,0,0,volume_proportional,2023-01-05 07:46:45
290.0,8,8,3.0,1.0,0.125,0,0,0,volume_proportional,2023-01-05 07:46:50
295.0,8,8,3.0,1.0,0.125,0,0,0,volume_proportional,2023-01-05 07:46:55
300.0,8,8,3.0,1.0,0.125,0,0,0,volume_proportional,2023-01-05 07:47:00
305.0,8,8,3.0,1.0,0.125,0,0,0,volume_proportional,2023-01-05 07:47:05
310.0,8,8,3.0,1.0,0.125,0,0,0,volume_proportional,2023-01-05 07:47:10
315.0,8,8,3.0,1.0,0.125,0,0,0,volume_proportional,2023-01-05 07:47:15
320.0,8,8,3.0,1.0,0.125,0,0,0,volume_proportional,2023-01-05 07:47:20
325.0,7,7,2.807354922057604,1.0,0.14285714285714285,0,0,0,volume_proportional,2023-01-05 07:47:25
330.0,7,7,2.807354922057604,1.0,0.14285714285714285,0,0,0,volume_proportional,2023-01-05 07:47:30
335.0,7,7,2.807354922057604,1.0,0.14285714285714285,0,0,0,volume_proportional,2023-01-05 07:47:35
340.0,7,7,2.807354922057604,1.0,0.14285714285714285,0,0,0,volume_proportional,2023-01-05 07:47:40
345.0,7,6,2.5216406363433186,0.8982265179691366,0.2857142857142857,1,2,1,volume_proportional,2023-01-05 07:47:45
350.0,7,7,2.807354922057604,1.0,0.14285714285714285,0,0,0,volume_proportional,2023-01-05 07:47:50
355.0,7,7,2.807354922057604,1.0,0.14285714285714285,0,0,0,volume_proportional,2023-01-05 07:47:55
360.0,7,7,2.807354922057604,1.0,0.14285714285714285,0,0,0,volume_proportional,2023-01-05 07:48:00
365.0,7,7,2.807354922057604,1.0,0.14285714285714285,0,0,0,volume_proportional,2023-01-05 07:48:05
370.0,7,7,2.807354922057604,1.0,0.14285714285714285,0,0,0,volume_proportional,2023-01-05 07:48:10
375.0,7,7,2.807354922057604,1.0,0.14285714285714285,0,0,0,volume_proportional,2023-01-05 07:48:15
380.0,7,7,2.807354922057604,1.0,0.14285714285714285,0,0,0,volume_proportional,2023-01-05 07:48:20
385.0,7,7,2.807354922057604,1.0,0.14285714285714285,0,0,0,volume_proportional,2023-01-05 07:48:25
390.0,7,7,2.807354922057604,1.0,0.14285714285714285,0,0,0,volume_proportional,2023-01-05 07:48:30
395.0,7,7,2.807354922057604,1.0,0.14285714285714285,0,0,0,volume_proportional,2023-01-05 07:48:35
400.0,7,7,2.807354922057604,1.0,0.14285714285714285,0,0,0,volume_proportional,2023-01-05 07:48:40
405.0,7,7,2.807354922057604,1.0,0.14285714285714285,0,0,0,volume_proportional,2023-01-05 07:48:45
410.0,7,7,2.807354922057604,1.0,0.14285714285714285,0,0,0,volume_proportional,2023-01-05 07:48:50
415.0,7,7,2.807354922057604,1.0,0.14285714285714285,0,0,0,volume_proportional,2023-01-05 07:48:55
420.0,7,7,2.807354922057604,1.0,0.14285714285714285,0,0,0,volume_proportional,2023-01-05 07:49:00
425.0,7,7,2.807354922057604,1.0,0.14285714285714285,0,0,0,volume_proportional,2023-01-05 07:49:05
430.0,7,7,2.807354922057604,1.0,0.14285714285714285,0,0,0,volume_proportional,2023-01-05 07:49:10
435.0,7,7,2.807354922057604,1.0,0.14285714285714285,0,0,0,volume_proportional,2023-01-05 07:49:15
440.0,7,7,2.807354922057604,1.0,0.14285714285714285,0,0,0,volume_proportional,2023-01-05 07:49:20
445.0,7,7,2.807354922057604,1.0,0.14285714285714285,0,0,0,volume_proportional,2023-01-05 07:49:25
450.0,7,7,2.807354922057604,1.0,0.14285714285714285,0,0,0,volume_proportional,2023-01-05 07:49:30
455.0,7,6,2.5216406363433186,0.8982265179691366,0.2857142857142857,1,2,1,volume_proportional,2023-01-05 07:49:35
460.0,7,6,2.5216406363433186,0.8982265179691366,0.2857142857142857,1,2,1,volume_proportional,2023-01-05 07:49:40
465.0,7,6,2.5216406363433186,0.8982265179691366,0.2857142857142857,1,2,1,volume_proportional,2023-01-05 07:49:45
470.0,7,6,2.5216406363433186,0.8982265179691366,0.2857142857142857,1,2,1,volume_proportional,2023-01-05 07:49:50
475.0,7,7,2.807354922057604,1.0,0.14285714285714285,0,0,0,volume_proportional,2023-01-05 07:49:55
480.0,7,7,2.807354922057604,1.0,0.14285714285714285,0,0,0,volume_proportional,2023-01-05 07:50:00
485.0,7,7,2.807354922057604,1.0,0.14285714285714285,0,0,0,volume_proportional,2023-01-05 07:50:05
490.0,7,7,2.807354922057604,1.0,0.14285714285714285,0,0,0,volume_proportional,2023-01-05 07:50:10
495.0,7,7,2.807354922057604,1.0,0.14285714285714285,0,0,0,volume_proportional,2023-01-05 07:50:15
500.0,7,7,2.807354922057604,1.0,0.14285714285714285,0,0,0,volume_proportional,2023-01-05 07:50:20
505.0,7,6,2.521640636343318,0.8982265179691364,0.2857142857142857,1,2,1,volume_proportional,2023-01-05 07:50:25
510.0,7,5,2.2359263506290326,0.796453035938273,0.2857142857142857,2,4,2,volume_proportional,2023-01-05 07:50:30
515.0,7,6,2.5216406363433186,0.8982265179691366,0.2857142857142857,1,2,1,volume_proportional,2023-01-05 07:50:35
520.0,7,7,2.807354922057604,1.0,0.14285714285714285,0,0,0,volume_proportional,2023-01-05 07:50:40
525.0,7,7,2.807354922057604,1.0,0.14285714285714285,0,0,0,volume_proportional,2023-01-05 07:50:45
530.0,7,7,2.807354922057604,1.0,0.14285714285714285,0,0,0,volume_proportional,2023-01-05 07:50:50
535.0,7,7,2.807354922057604,1.0,0.14285714285714285,0,0,0,volume_proportional,2023-01-05 07:50:55
540.0,7,7,2.807354922057604,1.0,0.14285714285714285,0,0,0,volume_proportional,2023-01-05 07:51:00
545.0,7,6,2.5216406363433186,0.8982265179691366,0.2857142857142857,1,2,1,volume_proportional,2023-01-05 07:51:05
550.0,7,7,2.807354922057604,1.0,0.14285714285714285,0,0,0,volume_proportional,2023-01-05 07:51:10
555.0,7,7,2.807354922057604,1.0,0.14285714285714285,0,0,0,volume_proportional,2023-01-05 07:51:15
560.0,7,7,2.807354922057604,1.0,0.14285714285714285,0,0,0,volume_proportional,2023-01-05 07:51:20
565.0,7,6,2.521640636343318,0.8982265179691364,0.2857142857142857,1,2,1,volume_proportional,2023-01-05 07:51:25
570.0,7,6,2.521640636343318,0.8982265179691364,0.2857142857142857,1,2,1,volume_proportional,2023-01-05 07:51:30
575.0,7,6,2.521640636343318,0.8982265179691364,0.2857142857142857,1,2,1,volume_proportional,2023-01-05 07:51:35
580.0,7,6,2.521640636343318,0.8982265179691364,0.2857142857142857,1,2,1,volume_proportional,2023-01-05 07:51:40
585.0,7,6,2.521640636343318,0.8982265179691364,0.2857142857142857,1,2,1,volume_proportional,2023-01-05 07:51:45
590.0,7,7,2.807354922057604,1.0,0.14285714285714285,0,0,0,volume_proportional,2023-01-05 07:51:50
595.0,7,7,2.807354922057604,1.0,0.14285714285714285,0,0,0,volume_proportional,2023-01-05 07:51:55
600.0,7,7,2.807354922057604,1.0,0.14285714285714285,0,0,0,volume_proportional,2023-01-05 07:52:00
605.0,5,5,2.3219280948873626,1.0,0.2,0,0,0,volume_proportional,2023-01-05 07:52:05
610.0,4,4,2.0,1.0,0.25,0,0,0,volume_proportional,2023-01-05 07:52:10
615.0,4,4,2.0,1.0,0.25,0,0,0,volume_proportional,2023-01-05 07:52:15
620.0,4,4,2.0,1.0,0.25,0,0,0,volume_proportional,2023-01-05 07:52:20
625.0,3,3,1.584962500721156,1.0,0.3333333333333333,0,0,0,volume_proportional,2023-01-05 07:52:25
630.0,3,3,1.584962500721156,1.0,0.3333333333333333,0,0,0,volume_proportional,2023-01-05 07:52:30
635.0,3,3,1.584962500721156,1.0,0.3333333333333333,0,0,0,volume_proportional,2023-01-05 07:52:35
640.0,3,3,1.584962500721156,1.0,0.3333333333333333,0,0,0,volume_proportional,2023-01-05 07:52:40
645.0,3,3,1.584962500721156,1.0,0.3333333333333333,0,0,0,volume_proportional,2023-01-05 07:52:45
650.0,3,3,1.584962500721156,1.0,0.3333333333333333,0,0,0,volume_proportional,2023-01-05 07:52:50
655.0,3,3,1.584962500721156,1.0,0.3333333333333333,0,0,0,volume_proportional,2023-01-05 07:52:55
660.0,3,3,1.584962500721156,1.0,0.3333333333333333,0,0,0,volume_proportional,2023-01-05 07:53:00
665.0,3,3,1.584962500721156,1.0,0.3333333333333333,0,0,0,volume_proportional,2023-01-05 07:53:05
670.0,3,3,1.584962500721156,1.0,0.3333333333333333,0,0,0,volume_proportional,2023-01-05 07:53:10
675.0,3,3,1.584962500721156,1.0,0.3333333333333333,0,0,0,volume_proportional,2023-01-05 07:53:15
680.0,3,3,1.584962500721156,1.0,0.3333333333333333,0,0,0,volume_proportional,2023-01-05 07:53:20
685.0,3,3,1.584962500721156,1.0,0.3333333333333333,0,0,0,volume_proportional,2023-01-05 07:53:25
690.0,3,3,1.584962500721156,1.0,0.3333333333333333,0,0,0,volume_proportional,2023-01-05 07:53:30
695.0,3,3,1.584962500721156,1.0,0.3333333333333333,0,0,0,volume_proportional,2023-01-05 07:53:35
700.0,2,2,1.0,1.0,0.5,0,0,0,volume_proportional,2023-01-05 07:53:40
705.0,2,2,1.0,1.0,0.5,0,0,0,volume_proportional,2023-01-05 07:53:45
710.0,1,1,0.0,0.0,1.0,0,0,0,volume_proportional,2023-01-05 07:53:50
715.0,1,1,0.0,0.0,1.0,0,0,0,volume_proportional,2023-01-05 07:53:55
720.0,1,1,0.0,0.0,1.0,0,0,0,volume_proportional,2023-01-05 07:54:00
725.0,1,1,0.0,0.0,1.0,0,0,0,volume_proportional,2023-01-05 07:54:05
730.0,1,1,0.0,0.0,1.0,0,0,0,volume_proportional,2023-01-05 07:54:10
735.0,1,1,0.0,0.0,1.0,0,0,0,volume_proportional,2023-01-05 07:54:15
740.0,1,1,0.0,0.0,1.0,0,0,0,volume_proportional,2023-01-05 07:54:20
745.0,1,1,0.0,0.0,1.0,0,0,0,volume_proportional,2023-01-05 07:54:25
750.0,1,1,0.0,0.0,1.0,0,0,0,volume_proportional,2023-01-05 07:54:30
755.0,1,1,0.0,0.0,1.0,0,0,0,volume_proportional,2023-01-05 07:54:35
760.0,1,1,0.0,0.0,1.0,0,0,0,volume_proportional,2023-01-05 07:54:40
765.0,1,1,0.0,0.0,1.0,0,0,0,volume_proportional,2023-01-05 07:54:45
770.0,1,1,0.0,0.0,1.0,0,0,0,volume_proportional,2023-01-05 07:54:50
775.0,1,1,0.0,0.0,1.0,0,0,0,volume_proportional,2023-01-05 07:54:55
780.0,1,1,0.0,0.0,1.0,0,0,0,volume_proportional,2023-01-05 07:55:00
785.0,1,1,0.0,0.0,1.0,0,0,0,volume_proportional,2023-01-05 07:55:05
790.0,1,1,0.0,0.0,1.0,0,0,0,volume_proportional,2023-01-05 07:55:10
795.0,1,1,0.0,0.0,1.0,0,0,0,volume_proportional,2023-01-05 07:55:15
800.0,1,1,0.0,0.0,1.0,0,0,0,volume_proportional,2023-01-05 07:55:20
805.0,1,1,0.0,0.0,1.0,0,0,0,volume_proportional,2023-01-05 07:55:25
810.0,1,1,0.0,0.0,1.0,0,0,0,volume_proportional,2023-01-05 07:55:30
815.0,1,1,0.0,0.0,1.0,0,0,0,volume_proportional,2023-01-05 07:55:35
820.0,1,1,0.0,0.0,1.0,0,0,0,volume_proportional,2023-01-05 07:55:40
825.0,1,1,0.0,0.0,1.0,0,0,0,volume_proportional,2023-01-05 07:55:45
830.0,1,1,0.0,0.0,1.0,0,0,0,volume_proportional,2023-01-05 07:55:50
835.0,1,1,0.0,0.0,1.0,0,0,0,volume_proportional,2023-01-05 07:55:55
840.0,1,1,0.0,0.0,1.0,0,0,0,volume_proportional,2023-01-05 07:56:00
845.0,1,1,0.0,0.0,1.0,0,0,0,volume_proportional,2023-01-05 07:56:05
850.0,1,1,0.0,0.0,1.0,0,0,0,volume_proportional,2023-01-05 07:56:10
855.0,1,1,0.0,0.0,1.0,0,0,0,volume_proportional,2023-01-05 07:56:15
860.0,1,1,0.0,0.0,1.0,0,0,0,volume_proportional,2023-01-05 07:56:20
865.0,1,1,0.0,0.0,1.0,0,0,0,volume_proportional,2023-01-05 07:56:25
870.0,1,1,0.0,0.0,1.0,0,0,0,volume_proportional,2023-01-05 07:56:30
875.0,1,1,0.0,0.0,1.0,0,0,0,volume_proportional,2023-01-05 07:56:35
880.0,1,1,0.0,0.0,1.0,0,0,0,volume_proportional,2023-01-05 07:56:40
885.0,1,1,0.0,0.0,1.0,0,0,0,volume_proportional,2023-01-05 07:56:45
890.0,1,1,0.0,0.0,1.0,0,0,0,volume_proportional,2023-01-05 07:56:50
895.0,1,1,0.0,0.0,1.0,0,0,0,volume_proportional,2023-01-05 07:56:55
900.0,1,1,0.0,0.0,1.0,0,0,0,volume_proportional,2023-01-05 07:57:00
905.0,1,1,0.0,0.0,1.0,0,0,0,volume_proportional,2023-01-05 07:57:05
910.0,1,1,0.0,0.0,1.0,0,0,0,volume_proportional,2023-01-05 07:57:10
915.0,1,1,0.0,0.0,1.0,0,0,0,volume_proportional,2023-01-05 07:57:15
920.0,1,1,0.0,0.0,1.0,0,0,0,volume_proportional,2023-01-05 07:57:20
925.0,1,1,0.0,0.0,1.0,0,0,0,volume_proportional,2023-01-05 07:57:25
930.0,1,1,0.0,0.0,1.0,0,0,0,volume_proportional,2023-01-05 07:57:30
935.0,1,1,0.0,0.0,1.0,0,0,0,volume_proportional,2023-01-05 07:57:35
940.0,1,1,0.0,0.0,1.0,0,0,0,volume_proportional,2023-01-05 07:57:40
945.0,1,1,0.0,0.0,1.0,0,0,0,volume_proportional,2023-01-05 07:57:45
950.0,1,1,0.0,0.0,1.0,0,0,0,volume_proportional,2023-01-05 07:57:50
955.0,1,1,0.0,0.0,1.0,0,0,0,volume_proportional,2023-01-05 07:57:55
960.0,1,1,0.0,0.0,1.0,0,0,0,volume_proportional,2023-01-05 07:58:00
965.0,1,1,0.0,0.0,1.0,0,0,0,volume_proportional,2023-01-05 07:58:05
970.0,1,1,0.0,0.0,1.0,0,0,0,volume_proportional,2023-01-05 07:58:10
975.0,1,1,0.0,0.0,1.0,0,0,0,volume_proportional,2023-01-05 07:58:15
980.0,1,1,0.0,0.0,1.0,0,0,0,volume_proportional,2023-01-05 07:58:20
985.0,1,1,0.0,0.0,1.0,0,0,0,volume_proportional,2023-01-05 07:58:25
990.0,1,1,0.0,0.0,1.0,0,0,0,volume_proportional,2023-01-05 07:58:30
995.0,1,1,0.0,0.0,1.0,0,0,0,volume_proportional,2023-01-05 07:58:35
1000.0,1,1,0.0,0.0,1.0,0,0,0,volume_proportional,2023-01-05 07:58:40
1005.0,1,1,0.0,0.0,1.0,0,0,0,volume_proportional,2023-01-05 07:58:45
1010.0,1,1,0.0,0.0,1.0,0,0,0,volume_proportional,2023-01-05 07:58:50
1015.0,1,1,0.0,0.0,1.0,0,0,0,volume_proportional,2023-01-05 07:58:55
1020.0,1,1,0.0,0.0,1.0,0,0,0,volume_proportional,2023-01-05 07:59:00
1025.0,1,1,0.0,0.0,1.0,0,0,0,volume_proportional,2023-01-05 07:59:05
1030.0,1,1,0.0,0.0,1.0,0,0,0,volume_proportional,2023-01-05 07:59:10
1035.0,1,1,0.0,0.0,1.0,0,0,0,volume_proportional,2023-01-05 07:59:15
1040.0,1,1,0.0,0.0,1.0,0,0,0,volume_proportional,2023-01-05 07:59:20
1045.0,1,1,0.0,0.0,1.0,0,0,0,volume_proportional,2023-01-05 07:59:25
1050.0,1,1,0.0,0.0,1.0,0,0,0,volume_proportional,2023-01-05 07:59:30
1055.0,1,1,0.0,0.0,1.0,0,0,0,volume_proportional,2023-01-05 07:59:35
1060.0,1,1,0.0,0.0,1.0,0,0,0,volume_proportional,2023-01-05 07:59:40
1065.0,1,1,0.0,0.0,1.0,0,0,0,volume_proportional,2023-01-05 07:59:45
1070.0,1,1,0.0,0.0,1.0,0,0,0,volume_proportional,2023-01-05 07:59:50
1075.0,1,1,0.0,0.0,1.0,0,0,0,volume_proportional,2023-01-05 07:59:55
1080.0,1,1,0.0,0.0,1.0,0,0,0,volume_proportional,2023-01-05 08:00:00
1085.0,1,1,0.0,0.0,1.0,0,0,0,volume_proportional,2023-01-05 08:00:05
1090.0,1,1,0.0,0.0,1.0,0,0,0,volume_proportional,2023-01-05 08:00:10
1095.0,1,1,0.0,0.0,1.0,0,0,0,volume_proportional,2023-01-05 08:00:15
1100.0,1,1,0.0,0.0,1.0,0,0,0,volume_proportional,2023-01-05 08:00:20
1105.0,1,1,0.0,0.0,1.0,0,0,0,volume_proportional,2023-01-05 08:00:25
1110.0,1,1,0.0,0.0,1.0,0,0,0,volume_proportional,2023-01-05 08:00:30
1115.0,1,1,0.0,0.0,1.0,0,0,0,volume_proportional,2023-01-05 08:00:35
14400.0,8,2,0.5435644431995964,0.1811881477331988,0.875,1,7,6,volume_proportional,2023-01-05 11:42:00
14405.0,8,8,3.0,1.0,0.125,0,0,0,volume_proportional,2023-01-05 11:42:05
14410.0,8,7,2.75,0.9166666666666666,0.25,1,2,1,volume_proportional,2023-01-05 11:42:10
14415.0,8,8,3.0,1.0,0.125,0,0,0,volume_proportional,2023-01-05 11:42:15
14420.0,8,8,3.0,1.0,0.125,0,0,0,volume_proportional,2023-01-05 11:42:20
14425.0,8,7,2.75,0.9166666666666666,0.25,1,2,1,volume_proportional,2023-01-05 11:42:25
14430.0,8,8,3.0,1.0,0.125,0,0,0,volume_proportional,2023-01-05 11:42:30
14435.0,8,8,3.0,1.0,0.125,0,0,0,volume_proportional,2023-01-05 11:42:35
14440.0,8,8,3.0,1.0,0.125,0,0,0,volume_proportional,2023-01-05 11:42:40
14445.0,8,8,3.0,1.0,0.125,0,0,0,volume_proportional,2023-01-05 11:42:45
14450.0,8,8,3.0,1.0,0.125,0,0,0,volume_proportional,2023-01-05 11:42:50
14455.0,8,8,3.0,1.0,0.125,0,0,0,volume_proportional,2023-01-05 11:42:55
14460.0,8,8,3.0,1.0,0.125,0,0,0,volume_proportional,2023-01-05 11:43:00
14465.0,8,8,3.0,1.0,0.125,0,0,0,volume_proportional,2023-01-05 11:43:05
14470.0,8,8,3.0,1.0,0.125,0,0,0,volume_proportional,2023-01-05 11:43:10
14475.0,8,8,3.0,1.0,0.125,0,0,0,volume_proportional,2023-01-05 11:43:15
14480.0,8,8,3.0,1.0,0.125,0,0,0,volume_proportional,2023-01-05 11:43:20
14485.0,8,8,3.0,1.0,0.125,0,0,0,volume_proportional,2023-01-05 11:43:25
14490.0,8,8,3.0,1.0,0.125,0,0,0,volume_proportional,2023-01-05 11:43:30
14495.0,8,7,2.75,0.9166666666666666,0.25,1,2,1,volume_proportional,2023-01-05 11:43:35
14500.0,8,7,2.75,0.9166666666666666,0.25,1,2,1,volume_proportional,2023-01-05 11:43:40
14505.0,8,8,3.0,1.0,0.125,0,0,0,volume_proportional,2023-01-05 11:43:45
14510.0,8,8,3.0,1.0,0.125,0,0,0,volume_proportional,2023-01-05 11:43:50
14515.0,8,8,3.0,1.0,0.125,0,0,0,volume_proportional,2023-01-05 11:43:55
14520.0,8,8,3.0,1.0,0.125,0,0,0,volume_proportional,2023-01-05 11:44:00
14525.0,8,8,3.0,1.0,0.125,0,0,0,volume_proportional,2023-01-05 11:44:05
14530.0,8,8,3.0,1.0,0.125,0,0,0,volume_proportional,2023-01-05 11:44:10
14535.0,8,7,2.75,0.9166666666666666,0.25,1,2,1,volume_proportional,2023-01-05 11:44:15
14540.0,8,7,2.75,0.9166666666666666,0.25,1,2,1,volume_proportional,2023-01-05 11:44:20
14545.0,8,7,2.75,0.9166666666666666,0.25,1,2,1,volume_proportional,2023-01-05 11:44:25
14550.0,8,8,3.0,1.0,0.125,0,0,0,volume_proportional,2023-01-05 11:44:30
14555.0,8,8,3.0,1.0,0.125,0,0,0,volume_proportional,2023-01-05 11:44:35
14560.0,8,8,3.0,1.0,0.125,0,0,0,volume_proportional,2023-01-05 11:44:40
14565.0,8,7,2.75,0.9166666666666666,0.25,1,2,1,volume_proportional,2023-01-05 11:44:45
14570.0,8,8,3.0,1.0,0.125,0,0,0,volume_proportional,2023-01-05 11:44:50
14575.0,8,8,3.0,1.0,0.125,0,0,0,volume_proportional,2023-01-05 11:44:55
14580.0,8,8,3.0,1.0,0.125,0,0,0,volume_proportional,2023-01-05 11:45:00
14585.0,8,8,3.0,1.0,0.125,0,0,0,volume_proportional,2023-01-05 11:45:05
14590.0,8,7,2.75,0.9166666666666666,0.25,1,2,1,volume_proportional,2023-01-05 11:45:10
14595.0,8,7,2.75,0.9166666666666666,0.25,1,2,1,volume_proportional,2023-01-05 11:45:15
14600.0,8,7,2.75,0.9166666666666666,0.25,1,2,1,volume_proportional,2023-01-05 11:45:20
14605.0,8,7,2.75,0.9166666666666666,0.25,1,2,1,volume_proportional,2023-01-05 11:45:25
14610.0,8,8,3.0,1.0,0.125,0,0,0,volume_proportional,2023-01-05 11:45:30
14615.0,8,7,2.75,0.9166666666666666,0.25,1,2,1,volume_proportional,2023-01-05 11:45:35
14620.0,8,7,2.75,0.9166666666666666,0.25,1,2,1,volume_proportional,2023-01-05 11:45:40
14625.0,7,7,2.807354922057604,1.0,0.14285714285714285,0,0,0,volume_proportional,2023-01-05 11:45:45
14630.0,7,7,2.807354922057604,1.0,0.14285714285714285,0,0,0,volume_proportional,2023-01-05 11:45:50
14635.0,7,7,2.807354922057604,1.0,0.14285714285714285,0,0,0,volume_proportional,2023-01-05 11:45:55
14640.0,7,7,2.807354922057604,1.0,0.14285714285714285,0,0,0,volume_proportional,2023-01-05 11:46:00
14645.0,7,7,2.807354922057604,1.0,0.14285714285714285,0,0,0,volume_proportional,2023-01-05 11:46:05
14650.0,7,7,2.807354922057604,1.0,0.14285714285714285,0,0,0,volume_proportional,2023-01-05 11:46:10
14655.0,7,7,2.807354922057604,1.0,0.14285714285714285,0,0,0,volume_proportional,2023-01-05 11:46:15
14660.0,7,7,2.807354922057604,1.0,0.14285714285714285,0,0,0,volume_proportional,2023-01-05 11:46:20
14665.0,7,7,2.807354922057604,1.0,0.14285714285714285,0,0,0,volume_proportional,2023-01-05 11:46:25
14670.0,7,7,2.807354922057604,1.0,0.14285714285714285,0,0,0,volume_proportional,2023-01-05 11:46:30
14675.0,7,7,2.807354922057604,1.0,0.14285714285714285,0,0,0,volume_proportional,2023-01-05 11:46:35
14680.0,7,7,2.807354922057604,1.0,0.14285714285714285,0,0,0,volume_proportional,2023-01-05 11:46:40
14685.0,7,7,2.807354922057604,1.0,0.14285714285714285,0,0,0,volume_proportional,2023-01-05 11:46:45
14690.0,7,6,2.5216406363433186,0.8982265179691366,0.2857142857142857,1,2,1,volume_proportional,2023-01-05 11:46:50
14695.0,7,7,2.807354922057604,1.0,0.14285714285714285,0,0,0,volume_proportional,2023-01-05 11:46:55
14700.0,7,7,2.807354922057604,1.0,0.14285714285714285,0,0,0,volume_proportional,2023-01-05 11:47:00
14705.0,7,7,2.807354922057604,1.0,0.14285714285714285,0,0,0,volume_proportional,2023-01-05 11:47:05
14710.0,7,7,2.807354922057604,1.0,0.14285714285714285,0,0,0,volume_proportional,2023-01-05 11:47:10
14715.0,7,7,2.807354922057604,1.0,0.14285714285714285,0,0,0,volume_proportional,2023-01-05 11:47:15
14720.0,7,7,2.807354922057604,1.0,0.14285714285714285,0,0,0,volume_proportional,2023-01-05 11:47:20
14725.0,7,7,2.807354922057604,1.0,0.14285714285714285,0,0,0,volume_proportional,2023-01-05 11:47:25
14730.0,7,7,2.807354922057604,1.0,0.14285714285714285,0,0,0,volume_proportional,2023-01-05 11:47:30
14735.0,7,7,2.807354922057604,1.0,0.14285714285714285,0,0,0,volume_proportional,2023-01-05 11:47:35
14740.0,6,6,2.584962500721156,1.0,0.16666666666666666,0,0,0,volume_proportional,2023-01-05 11:47:40
14745.0,6,6,2.584962500721156,1.0,0.16666666666666666,0,0,0,volume_proportional,2023-01-05 11:47:45
14750.0,6,6,2.584962500721156,1.0,0.16666666666666666,0,0,0,volume_proportional,2023-01-05 11:47:50
14755.0,6,5,2.2516291673878226,0.8710490642551527,0.3333333333333333,1,2,1,volume_proportional,2023-01-05 11:47:55
14760.0,6,6,2.584962500721156,1.0,0.16666666666666666,0,0,0,volume_proportional,2023-01-05 11:48:00
14765.0,6,6,2.584962500721156,1.0,0.16666666666666666,0,0,0,volume_proportional,2023-01-05 11:48:05
14770.0,6,6,2.584962500721156,1.0,0.16666666666666666,0,0,0,volume_proportional,2023-01-05 11:48:10
14775.0,6,6,2.584962500721156,1.0,0.16666666666666666,0,0,0,volume_proportional,2023-01-05 11:48:15
14780.0,6,6,2.584962500721156,1.0,0.16666666666666666,0,0,0,volume_proportional,2023-01-05 11:48:20
14785.0,6,6,2.584962500721156,1.0,0.16666666666666666,0,0,0,volume_proportional,2023-01-05 11:48:25
14790.0,6,6,2.584962500721156,1.0,0.16666666666666666,0,0,0,volume_proportional,2023-01-05 11:48:30
14795.0,6,6,2.584962500721156,1.0,0.16666666666666666,0,0,0,volume_proportional,2023-01-05 11:48:35
14800.0,6,6,2.584962500721156,1.0,0.16666666666666666,0,0,0,volume_proportional,2023-01-05 11:48:40
14805.0,6,6,2.584962500721156,1.0,0.16666666666666666,0,0,0,volume_proportional,2023-01-05 11:48:45
14810.0,6,6,2.584962500721156,1.0,0.16666666666666666,0,0,0,volume_proportional,2023-01-05 11:48:50
14815.0,6,6,2.584962500721156,1.0,0.16666666666666666,0,0,0,volume_proportional,2023-01-05 11:48:55
14820.0,6,6,2.584962500721156,1.0,0.16666666666666666,0,0,0,volume_proportional,2023-01-05 11:49:00
14825.0,6,5,2.2516291673878226,0.8710490642551527,0.3333333333333333,1,2,1,volume_proportional,2023-01-05 11:49:05
14830.0,6,6,2.584962500721156,1.0,0.16666666666666666,0,0,0,volume_proportional,2023-01-05 11:49:10
14835.0,6,6,2.584962500721156,1.0,0.16666666666666666,0,0,0,volume_proportional,2023-01-05 11:49:15
14840.0,6,6,2.584962500721156,1.0,0.16666666666666666,0,0,0,volume_proportional,2023-01-05 11:49:20
14845.0,6,6,2.584962500721156,1.0,0.16666666666666666,0,0,0,volume_proportional,2023-01-05 11:49:25
14850.0,6,6,2.584962500721156,1.0,0.16666666666666666,0,0,0,volume_proportional,2023-01-05 11:49:30
14855.0,6,6,2.584962500721156,1.0,0.16666666666666666,0,0,0,volume_proportional,2023-01-05 11:49:35
14860.0,6,6,2.584962500721156,1.0,0.16666666666666666,0,0,0,volume_proportional,2023-01-05 11:49:40
14865.0,6,6,2.584962500721156,1.0,0.16666666666666666,0,0,0,volume_proportional,2023-01-05 11:49:45
14870.0,6,6,2.584962500721156,1.0,0.16666666666666666,0,0,0,volume_proportional,2023-01-05 11:49:50
14875.0,6,6,2.584962500721156,1.0,0.16666666666666666,0,0,0,volume_proportional,2023-01-05 11:49:55
14880.0,6,6,2.584962500721156,1.0,0.16666666666666666,0,0,0,volume_proportional,2023-01-05 11:50:00
14885.0,6,6,2.584962500721156,1.0,0.16666666666666666,0,0,0,volume_proportional,2023-01-05 11:50:05
14890.0,6,6,2.584962500721156,1.0,0.16666666666666666,0,0,0,volume_proportional,2023-01-05 11:50:10
14895.0,6,6,2.584962500721156,1.0,0.16666666666666666,0,0,0,volume_proportional,2023-01-05 11:50:15
14900.0,6,6,2.584962500721156,1.0,0.16666666666666666,0,0,0,volume_proportional,2023-01-05 11:50:20
14905.0,6,6,2.584962500721156,1.0,0.16666666666666666,0,0,0,volume_proportional,2023-01-05 11:50:25
14910.0,6,6,2.584962500721156,1.0,0.16666666666666666,0,0,0,volume_proportional,2023-01-05 11:50:30
14915.0,6,6,2.584962500721156,1.0,0.16666666666666666,0,0,0,volume_proportional,2023-01-05 11:50:35
14920.0,6,5,2.2516291673878226,0.8710490642551527,0.3333333333333333,1,2,1,volume_proportional,2023-01-05 11:50:40
14925.0,6,6,2.584962500721156,1.0,0.16666666666666666,0,0,0,volume_proportional,2023-01-05 11:50:45
14930.0,6,5,2.2516291673878226,0.8710490642551527,0.3333333333333333,1,2,1,volume_proportional,2023-01-05 11:50:50
14935.0,6,5,2.2516291673878226,0.8710490642551527,0.3333333333333333,1,2,1,volume_proportional,2023-01-05 11:50:55
14940.0,6,5,2.2516291673878226,0.8710490642551527,0.3333333333333333,1,2,1,volume_proportional,2023-01-05 11:51:00
14945.0,6,5,2.2516291673878226,0.8710490642551527,0.3333333333333333,1,2,1,volume_proportional,2023-01-05 11:51:05
14950.0,6,5,2.2516291673878226,0.8710490642551527,0.3333333333333333,1,2,1,volume_proportional,2023-01-05 11:51:10
14955.0,6,5,2.2516291673878226,0.8710490642551527,0.3333333333333333,1,2,1,volume_proportional,2023-01-05 11:51:15
14960.0,6,5,2.2516291673878226,0.8710490642551527,0.3333333333333333,1,2,1,volume_proportional,2023-01-05 11:51:20
14965.0,6,6,2.584962500721156,1.0,0.16666666666666666,0,0,0,volume_proportional,2023-01-05 11:51:25
14970.0,6,6,2.584962500721156,1.0,0.16666666666666666,0,0,0,volume_proportional,2023-01-05 11:51:30
14975.0,6,6,2.584962500721156,1.0,0.16666666666666666,0,0,0,volume_proportional,2023-01-05 11:51:35
14980.0,6,6,2.584962500721156,1.0,0.16666666666666666,0,0,0,volume_proportional,2023-01-05 11:51:40
14985.0,6,6,2.584962500721156,1.0,0.16666666666666666,0,0,0,volume_proportional,2023-01-05 11:51:45
14990.0,6,6,2.584962500721156,1.0,0.16666666666666666,0,0,0,volume_proportional,2023-01-05 11:51:50
14995.0,6,6,2.584962500721156,1.0,0.16666666666666666,0,0,0,volume_proportional,2023-01-05 11:51:55
15000.0,6,5,2.2516291673878226,0.8710490642551527,0.3333333333333333,1,2,1,volume_proportional,2023-01-05 11:52:00
15005.0,6,5,2.2516291673878226,0.8710490642551527,0.3333333333333333,1,2,1,volume_proportional,2023-01-05 11:52:05
15010.0,6,6,2.584962500721156,1.0,0.16666666666666666,0,0,0,volume_proportional,2023-01-05 11:52:10
15015.0,6,6,2.584962500721156,1.0,0.16666666666666666,0,0,0,volume_proportional,2023-01-05 11:52:15
15020.0,6,5,2.2516291673878226,0.8710490642551527,0.3333333333333333,1,2,1,volume_proportional,2023-01-05 11:52:20
15025.0,5,5,2.3219280948873626,1.0,0.2,0,0,0,volume_proportional,2023-01-05 11:52:25
15030.0,5,5,2.3219280948873626,1.0,0.2,0,0,0,volume_proportional,2023-01-05 11:52:30
15035.0,5,5,2.3219280948873626,1.0,0.2,0,0,0,volume_proportional,2023-01-05 11:52:35
15040.0,5,5,2.3219280948873626,1.0,0.2,0,0,0,volume_proportional,2023-01-05 11:52:40
15045.0,5,5,2.3219280948873626,1.0,0.2,0,0,0,volume_proportional,2023-01-05 11:52:45
15050.0,5,4,1.9219280948873623,0.8277293767706428,0.4,1,2,1,volume_proportional,2023-01-05 11:52:50
15055.0,5,5,2.3219280948873626,1.0,0.2,0,0,0,volume_proportional,2023-01-05 11:52:55
15060.0,5,5,2.3219280948873626,1.0,0.2,0,0,0,volume_proportional,2023-01-05 11:53:00
15065.0,5,5,2.3219280948873626,1.0,0.2,0,0,0,volume_proportional,2023-01-05 11:53:05
15070.0,5,4,1.9219280948873623,0.8277293767706428,0.4,1,2,1,volume_proportional,2023-01-05 11:53:10
15075.0,5,5,2.3219280948873626,1.0,0.2,0,0,0,volume_proportional,2023-01-05 11:53:15
15080.0,4,4,2.0,1.0,0.25,0,0,0,volume_proportional,2023-01-05 11:53:20
15085.0,4,4,2.0,1.0,0.25,0,0,0,volume_proportional,2023-01-05 11:53:25
15090.0,4,4,2.0,1.0,0.25,0,0,0,volume_proportional,2023-01-05 11:53:30
15095.0,2,2,1.0,1.0,0.5,0,0,0,volume_proportional,2023-01-05 11:53:35
15100.0,2,2,1.0,1.0,0.5,0,0,0,volume_proportional,2023-01-05 11:53:40
15105.0,2,2,1.0,1.0,0.5,0,0,0,volume_proportional,2023-01-05 11:53:45
15110.0,1,1,0.0,0.0,1.0,0,0,0,volume_proportional,2023-01-05 11:53:50
15115.0,1,1,0.0,0.0,1.0,0,0,0,volume_proportional,2023-01-05 11:53:55
15120.0,1,1,0.0,0.0,1.0,0,0,0,volume_proportional,2023-01-05 11:54:00
15125.0,1,1,0.0,0.0,1.0,0,0,0,volume_proportional,2023-01-05 11:54:05
15130.0,1,1,0.0,0.0,1.0,0,0,0,volume_proportional,2023-01-05 11:54:10
