cell_id,cell_type,interval_count,unique_workers,worker_seconds,move_worker_seconds,pick_worker_seconds,wait_worker_seconds,occupied_seconds,congested_seconds,max_concurrent_workers,method
EDGE:AISLE:x=10.236200:y=16.027400<->AISLE:x=9.347200:y=16.027400,edge,38,6,28.151666666665626,28.151666666665626,0.0,0.0,28.151666666665626,0.0,1,baseline
EDGE:AISLE:x=10.236200:y=19.075400<->AISLE:x=9.347200:y=19.075400,edge,36,6,26.669999999998623,26.669999999998623,0.0,0.0,26.669999999998623,0.0,1,baseline
EDGE:AISLE:x=10.236200:y=21.361400<->AISLE:x=9.347200:y=21.361400,edge,85,8,62.970833333330866,62.970833333330866,0.0,0.0,62.970833333330866,0.0,1,baseline
EDGE:AISLE:x=10.236200:y=23.647400<->AISLE:x=9.347200:y=23.647400,edge,68,8,50.37666666666412,50.37666666666412,0.0,0.0,50.37666666666412,0.0,1,baseline
EDGE:AISLE:x=10.236200:y=25.933400<->AISLE:x=9.347200:y=25.933400,edge,88,8,65.19333333332989,65.19333333332989,0.0,0.0,65.19333333332989,0.0,1,baseline
EDGE:AISLE:x=10.236200:y=28.219400<->AISLE:x=9.347200:y=28.219400,edge,57,8,42.227499999998315,42.227499999998315,0.0,0.0,42.227499999998315,0.0,1,baseline
EDGE:AISLE:x=10.236200:y=30.505400<->AISLE:x=9.347200:y=30.505400,edge,80,8,59.266666666664705,59.266666666664705,0.0,0.0,59.266666666664705,0.0,1,baseline
EDGE:AISLE:x=10.236200:y=32.791400<->AISLE:x=9.347200:y=32.791400,edge,73,8,54.08083333333093,54.08083333333093,0.0,0.0,54.08083333333093,0.0,1,baseline
EDGE:AISLE:x=10.236200:y=32.791400<->SUP:CC-15,edge,2,2,1.4210854715202004e-14,1.4210854715202004e-14,0.0,0.0,1.4210854715202004e-14,0.0,1,baseline
EDGE:AISLE:x=10.236200:y=35.077400<->AISLE:x=9.347200:y=35.077400,edge,49,6,36.300833333331525,36.300833333331525,0.0,0.0,36.300833333331525,0.0,1,baseline
EDGE:AISLE:x=10.236200:y=37.363400<->AISLE:x=9.347200:y=37.363400,edge,2,1,1.4816666666665697,1.4816666666665697,0.0,0.0,1.4816666666665697,0.0,1,baseline
EDGE:AISLE:x=11.023600:y=16.027400<->AISLE:x=11.430000:y=16.027400,edge,14,3,4.741333333333009,4.74133333333301,0.0,0.0,4.741333333333009,0.0,1,baseline
EDGE:AISLE:x=11.023600:y=16.027400<->SUP:CC-08,edge,14,3,9.186333333335067,9.186333333335067,0.0,0.0,9.186333333335067,0.0,1,baseline
EDGE:AISLE:x=11.023600:y=19.075400<->AISLE:x=11.430000:y=19.075400,edge,53,6,17.94933333332881,17.94933333332881,0.0,0.0,17.94933333332881,0.0,1,baseline
EDGE:AISLE:x=11.023600:y=19.075400<->SUP:CC-09,edge,63,6,41.33850000003994,41.33850000003994,0.0,0.0,41.33850000003994,0.0,1,baseline
EDGE:AISLE:x=11.023600:y=21.361400<->AISLE:x=11.430000:y=21.361400,edge,66,8,22.351999999996224,22.351999999996224,0.0,0.0,22.351999999996224,0.0,1,baseline
EDGE:AISLE:x=11.023600:y=21.361400<->SUP:CC-10,edge,90,8,59.05500000003872,59.05500000003872,0.0,0.0,59.05500000003872,0.0,1,baseline
EDGE:AISLE:x=11.023600:y=23.647400<->AISLE:x=11.430000:y=23.647400,edge,20,7,6.773333333332403,6.773333333332403,0.0,0.0,6.773333333332403,0.0,1,baseline
EDGE:AISLE:x=11.023600:y=23.647400<->SUP:CC-11,edge,32,7,20.997333333342,20.997333333342,0.0,0.0,20.997333333342,0.0,1,baseline
EDGE:AISLE:x=11.023600:y=25.933400<->AISLE:x=11.430000:y=25.933400,edge,23,6,7.789333333332024,7.789333333332024,0.0,0.0,7.789333333332024,0.0,1,baseline
EDGE:AISLE:x=11.023600:y=25.933400<->SUP:CC-12,edge,23,6,15.091833333343061,15.091833333343061,0.0,0.0,15.091833333343061,0.0,1,baseline
EDGE:AISLE:x=11.023600:y=28.219400<->AISLE:x=11.430000:y=28.219400,edge,111,8,37.59199999999337,37.59199999999337,0.0,0.0,37.59199999999337,0.0,1,baseline
EDGE:AISLE:x=11.023600:y=28.219400<->SUP:CC-13,edge,113,8,74.1468333333863,74.1468333333863,0.0,0.0,74.1468333333863,0.0,1,baseline
EDGE:AISLE:x=11.023600:y=30.505400<->AISLE:x=11.430000:y=30.505400,edge,36,6,12.19199999999833,12.19199999999833,0.0,0.0,12.19199999999833,0.0,1,baseline
EDGE:AISLE:x=11.023600:y=30.505400<->SUP:CC-14,edge,52,7,34.12066666668704,34.12066666668704,0.0,0.0,34.12066666668704,0.0,1,baseline
EDGE:AISLE:x=11.023600:y=32.791400<->AISLE:x=11.430000:y=32.791400,edge,33,6,11.17599999999858,11.17599999999858,0.0,0.0,11.17599999999858,0.0,1,baseline
EDGE:AISLE:x=11.023600:y=32.791400<->SUP:CC-15,edge,47,6,30.839833333344487,30.839833333344487,0.0,0.0,30.839833333344487,0.0,1,baseline
EDGE:AISLE:x=11.023600:y=35.077400<->AISLE:x=11.430000:y=35.077400,edge,29,8,9.82133333333185,9.82133333333185,0.0,0.0,9.82133333333185,0.0,1,baseline
EDGE:AISLE:x=11.023600:y=35.077400<->SUP:CC-16,edge,45,8,29.52750000000858,29.52750000000858,0.0,0.0,29.52750000000858,0.0,1,baseline
EDGE:AISLE:x=11.023600:y=37.363400<->AISLE:x=11.430000:y=37.363400,edge,3,2,1.0159999999997495,1.0159999999997495,0.0,0.0,1.0159999999997495,0.0,1,baseline
EDGE:AISLE:x=11.023600:y=37.363400<->SUP:CC-17,edge,5,3,3.2808333333351385,3.2808333333351385,0.0,0.0,3.2808333333351385,0.0,1,baseline
EDGE:AISLE:x=11.430000:y=16.027400<->AISLE:x=11.836400:y=16.027400,edge,14,3,4.741333333333002,4.741333333333003,0.0,0.0,4.741333333333002,0.0,1,baseline
EDGE:AISLE:x=11.430000:y=19.075400<->AISLE:x=11.836400:y=19.075400,edge,53,6,17.94933333332881,17.94933333332881,0.0,0.0,17.94933333332881,0.0,1,baseline
EDGE:AISLE:x=11.430000:y=21.361400<->AISLE:x=11.836400:y=21.361400,edge,60,8,20.319999999995844,20.319999999995844,0.0,0.0,20.319999999995844,0.0,1,baseline
EDGE:AISLE:x=11.430000:y=23.647400<->AISLE:x=11.836400:y=23.647400,edge,14,6,4.7413333333320224,4.7413333333320224,0.0,0.0,4.7413333333320224,0.0,1,baseline
EDGE:AISLE:x=11.430000:y=25.933400<->AISLE:x=11.836400:y=25.933400,edge,21,6,7.111999999998943,7.111999999998943,0.0,0.0,7.111999999998943,0.0,1,baseline
EDGE:AISLE:x=11.430000:y=28.219400<->AISLE:x=11.836400:y=28.219400,edge,107,8,36.23733333332675,36.23733333332675,0.0,0.0,36.23733333332675,0.0,1,baseline
EDGE:AISLE:x=11.430000:y=30.505400<->AISLE:x=11.836400:y=30.505400,edge,36,5,12.19199999999833,12.19199999999833,0.0,0.0,12.19199999999833,0.0,1,baseline
EDGE:AISLE:x=11.430000:y=32.791400<->AISLE:x=11.836400:y=32.791400,edge,29,6,9.821333333331964,9.821333333331964,0.0,0.0,9.821333333331964,0.0,1,baseline
EDGE:AISLE:x=11.430000:y=35.077400<->AISLE:x=11.836400:y=35.077400,edge,29,8,9.821333333332078,9.821333333332078,0.0,0.0,9.821333333332078,0.0,1,baseline
EDGE:AISLE:x=11.430000:y=37.363400<->AISLE:x=11.836400:y=37.363400,edge,3,2,1.0159999999997495,1.0159999999997495,0.0,0.0,1.0159999999997495,0.0,1,baseline
EDGE:AISLE:x=11.836400:y=16.027400<->AISLE:x=12.293600:y=16.027400,edge,14,3,5.333999999998753,5.333999999998753,0.0,0.0,5.333999999998753,0.0,1,baseline
EDGE:AISLE:x=11.836400:y=19.075400<->AISLE:x=12.293600:y=19.075400,edge,51,6,19.430999999979093,19.430999999979093,0.0,0.0,19.430999999979093,0.0,1,baseline
EDGE:AISLE:x=11.836400:y=21.361400<->AISLE:x=12.293600:y=21.361400,edge,54,8,20.57399999997969,20.57399999997969,0.0,0.0,20.57399999997969,0.0,1,baseline
EDGE:AISLE:x=11.836400:y=23.647400<->AISLE:x=12.293600:y=23.647400,edge,14,6,5.333999999993921,5.333999999993921,0.0,0.0,5.333999999993921,0.0,1,baseline
EDGE:AISLE:x=11.836400:y=25.933400<->AISLE:x=12.293600:y=25.933400,edge,15,6,5.714999999995882,5.714999999995882,0.0,0.0,5.714999999995882,0.0,1,baseline
EDGE:AISLE:x=11.836400:y=28.219400<->AISLE:x=12.293600:y=28.219400,edge,103,8,39.24299999996907,39.24299999996907,0.0,0.0,39.24299999996907,0.0,1,baseline
EDGE:AISLE:x=11.836400:y=30.505400<->AISLE:x=12.293600:y=30.505400,edge,18,3,6.857999999996821,6.857999999996821,0.0,0.0,6.857999999996821,0.0,1,baseline
EDGE:AISLE:x=11.836400:y=32.791400<->AISLE:x=12.293600:y=32.791400,edge,29,6,11.048999999994322,11.048999999994322,0.0,0.0,11.048999999994322,0.0,1,baseline
EDGE:AISLE:x=11.836400:y=35.077400<->AISLE:x=12.293600:y=35.077400,edge,19,7,7.238999999997247,7.238999999997247,0.0,0.0,7.238999999997247,0.0,1,baseline
EDGE:AISLE:x=11.836400:y=37.363400<->AISLE:x=12.293600:y=37.363400,edge,3,2,1.142999999998807,1.142999999998807,0.0,0.0,1.142999999998807,0.0,1,baseline
EDGE:AISLE:x=12.293600:y=16.027400<->AISLE:x=12.700000:y=16.027400,edge,14,3,4.741333333333008,4.741333333333008,0.0,0.0,4.741333333333008,0.0,1,baseline
EDGE:AISLE:x=12.293600:y=19.075400<->AISLE:x=12.700000:y=19.075400,edge,51,6,17.271999999995728,17.271999999995728,0.0,0.0,17.271999999995728,0.0,1,baseline
EDGE:AISLE:x=12.293600:y=21.361400<->AISLE:x=12.700000:y=21.361400,edge,52,8,17.61066666666261,17.61066666666261,0.0,0.0,17.61066666666261,0.0,1,baseline
EDGE:AISLE:x=12.293600:y=23.647400<->AISLE:x=12.700000:y=23.647400,edge,12,5,4.063999999998714,4.063999999998714,0.0,0.0,4.063999999998714,0.0,1,baseline
EDGE:AISLE:x=12.293600:y=25.933400<->AISLE:x=12.700000:y=25.933400,edge,15,6,5.079999999999245,5.079999999999245,0.0,0.0,5.079999999999245,0.0,1,baseline
EDGE:AISLE:x=12.293600:y=28.219400<->AISLE:x=12.700000:y=28.219400,edge,101,8,34.205333333327395,34.205333333327395,0.0,0.0,34.205333333327395,0.0,1,baseline
EDGE:AISLE:x=12.293600:y=30.505400<->AISLE:x=12.700000:y=30.505400,edge,18,3,6.095999999999236,6.095999999999236,0.0,0.0,6.095999999999236,0.0,1,baseline
EDGE:AISLE:x=12.293600:y=32.791400<->AISLE:x=12.700000:y=32.791400,edge,21,6,7.111999999998943,7.111999999998943,0.0,0.0,7.111999999998943,0.0,1,baseline
EDGE:AISLE:x=12.293600:y=35.077400<->AISLE:x=12.700000:y=35.077400,edge,19,7,6.43466666666599,6.43466666666599,0.0,0.0,6.43466666666599,0.0,1,baseline
EDGE:AISLE:x=12.293600:y=37.363400<->AISLE:x=12.700000:y=37.363400,edge,3,2,1.0159999999997495,1.0159999999997495,0.0,0.0,1.0159999999997495,0.0,1,baseline
EDGE:AISLE:x=12.700000:y=16.027400<->AISLE:x=13.106400:y=16.027400,edge,14,3,4.741333333333008,4.741333333333008,0.0,0.0,4.741333333333008,0.0,1,baseline
EDGE:AISLE:x=12.700000:y=19.075400<->AISLE:x=13.106400:y=19.075400,edge,47,6,15.917333333329566,15.917333333329566,0.0,0.0,15.917333333329566,0.0,1,baseline
EDGE:AISLE:x=12.700000:y=21.361400<->AISLE:x=13.106400:y=21.361400,edge,40,7,13.546666666663782,13.546666666663782,0.0,0.0,13.546666666663782,0.0,1,baseline
EDGE:AISLE:x=12.700000:y=23.647400<->AISLE:x=13.106400:y=23.647400,edge,12,5,4.063999999998714,4.063999999998714,0.0,0.0,4.063999999998714,0.0,1,baseline
EDGE:AISLE:x=12.700000:y=25.933400<->AISLE:x=13.106400:y=25.933400,edge,15,6,5.079999999999245,5.079999999999245,0.0,0.0,5.079999999999245,0.0,1,baseline
EDGE:AISLE:x=12.700000:y=28.219400<->AISLE:x=13.106400:y=28.219400,edge,99,8,33.527999999994314,33.527999999994314,0.0,0.0,33.527999999994314,0.0,1,baseline
EDGE:AISLE:x=12.700000:y=30.505400<->AISLE:x=13.106400:y=30.505400,edge,16,3,5.418666666665928,5.418666666665928,0.0,0.0,5.418666666665928,0.0,1,baseline
EDGE:AISLE:x=12.700000:y=32.791400<->AISLE:x=13.106400:y=32.791400,edge,21,6,7.111999999998943,7.111999999998943,0.0,0.0,7.111999999998943,0.0,1,baseline
EDGE:AISLE:x=12.700000:y=35.077400<->AISLE:x=13.106400:y=35.077400,edge,15,6,5.079999999999373,5.079999999999373,0.0,0.0,5.079999999999373,0.0,1,baseline
EDGE:AISLE:x=12.700000:y=37.363400<->AISLE:x=13.106400:y=37.363400,edge,3,2,1.0159999999997495,1.0159999999997495,0.0,0.0,1.0159999999997495,0.0,1,baseline
EDGE:AISLE:x=13.106400:y=16.027400<->AISLE:x=13.563600:y=16.027400,edge,14,3,5.333999999998696,5.333999999998696,0.0,0.0,5.333999999998696,0.0,1,baseline
EDGE:AISLE:x=13.106400:y=19.075400<->AISLE:x=13.563600:y=19.075400,edge,43,6,16.382999999982502,16.382999999982502,0.0,0.0,16.382999999982502,0.0,1,baseline
EDGE:AISLE:x=13.106400:y=21.361400<->AISLE:x=13.563600:y=21.361400,edge,40,7,15.239999999985713,15.239999999985713,0.0,0.0,15.239999999985713,0.0,1,baseline
EDGE:AISLE:x=13.106400:y=23.647400<->AISLE:x=13.563600:y=23.647400,edge,12,5,4.571999999993977,4.571999999993977,0.0,0.0,4.571999999993977,0.0,1,baseline
EDGE:AISLE:x=13.106400:y=25.933400<->AISLE:x=13.563600:y=25.933400,edge,15,6,5.714999999995882,5.714999999995882,0.0,0.0,5.714999999995882,0.0,1,baseline
EDGE:AISLE:x=13.106400:y=28.219400<->AISLE:x=13.563600:y=28.219400,edge,97,8,36.95699999997123,36.95699999997123,0.0,0.0,36.95699999997123,0.0,1,baseline
EDGE:AISLE:x=13.106400:y=30.505400<->AISLE:x=13.563600:y=30.505400,edge,14,3,5.333999999998014,5.333999999998014,0.0,0.0,5.333999999998014,0.0,1,baseline
EDGE:AISLE:x=13.106400:y=32.791400<->AISLE:x=13.563600:y=32.791400,edge,21,6,8.000999999995514,8.000999999995514,0.0,0.0,8.000999999995514,0.0,1,baseline
EDGE:AISLE:x=13.106400:y=35.077400<->AISLE:x=13.563600:y=35.077400,edge,15,6,5.71499999999736,5.71499999999736,0.0,0.0,5.71499999999736,0.0,1,baseline
EDGE:AISLE:x=13.106400:y=37.363400<->AISLE:x=13.563600:y=37.363400,edge,3,2,1.142999999998807,1.142999999998807,0.0,0.0,1.142999999998807,0.0,1,baseline
EDGE:AISLE:x=13.563600:y=16.027400<->AISLE:x=13.970000:y=16.027400,edge,10,3,3.3866666666666196,3.3866666666666196,0.0,0.0,3.3866666666666196,0.0,1,baseline
EDGE:AISLE:x=13.563600:y=19.075400<->AISLE:x=13.970000:y=19.075400,edge,41,6,13.88533333332964,13.88533333332964,0.0,0.0,13.88533333332964,0.0,1,baseline
EDGE:AISLE:x=13.563600:y=21.361400<->AISLE:x=13.970000:y=21.361400,edge,38,7,12.869333333330246,12.869333333330246,0.0,0.0,12.869333333330246,0.0,1,baseline
EDGE:AISLE:x=13.563600:y=23.647400<->AISLE:x=13.970000:y=23.647400,edge,10,5,3.386666666665633,3.386666666665633,0.0,0.0,3.386666666665633,0.0,1,baseline
EDGE:AISLE:x=13.563600:y=25.933400<->AISLE:x=13.970000:y=25.933400,edge,13,6,4.402666666665709,4.402666666665709,0.0,0.0,4.402666666665709,0.0,1,baseline
EDGE:AISLE:x=13.563600:y=28.219400<->AISLE:x=13.970000:y=28.219400,edge,95,8,32.1733333333277,32.1733333333277,0.0,0.0,32.1733333333277,0.0,1,baseline
EDGE:AISLE:x=13.563600:y=30.505400<->AISLE:x=13.970000:y=30.505400,edge,14,3,4.741333333332847,4.741333333332847,0.0,0.0,4.741333333332847,0.0,1,baseline
EDGE:AISLE:x=13.563600:y=32.791400<->AISLE:x=13.970000:y=32.791400,edge,19,6,6.434666666665663,6.434666666665663,0.0,0.0,6.434666666665663,0.0,1,baseline
EDGE:AISLE:x=13.563600:y=35.077400<->AISLE:x=13.970000:y=35.077400,edge,15,6,5.079999999999373,5.079999999999373,0.0,0.0,5.079999999999373,0.0,1,baseline
EDGE:AISLE:x=13.563600:y=37.363400<->AISLE:x=13.970000:y=37.363400,edge,3,2,1.0159999999997495,1.0159999999997495,0.0,0.0,1.0159999999997495,0.0,1,baseline
EDGE:AISLE:x=13.970000:y=16.027400<->AISLE:x=14.376400:y=16.027400,edge,10,3,3.3866666666666254,3.3866666666666254,0.0,0.0,3.3866666666666254,0.0,1,baseline
EDGE:AISLE:x=13.970000:y=19.075400<->AISLE:x=14.376400:y=19.075400,edge,41,6,13.88533333332964,13.88533333332964,0.0,0.0,13.88533333332964,0.0,1,baseline
EDGE:AISLE:x=13.970000:y=21.361400<->AISLE:x=14.376400:y=21.361400,edge,38,7,12.869333333330246,12.869333333330246,0.0,0.0,12.869333333330246,0.0,1,baseline
EDGE:AISLE:x=13.970000:y=23.647400<->AISLE:x=14.376400:y=23.647400,edge,6,4,2.0319999999994707,2.0319999999994707,0.0,0.0,2.0319999999994707,0.0,1,baseline
EDGE:AISLE:x=13.970000:y=25.933400<->AISLE:x=14.376400:y=25.933400,edge,13,6,4.402666666665709,4.402666666665709,0.0,0.0,4.402666666665709,0.0,1,baseline
EDGE:AISLE:x=13.970000:y=28.219400<->AISLE:x=14.376400:y=28.219400,edge,87,8,29.463999999994684,29.463999999994684,0.0,0.0,29.463999999994684,0.0,1,baseline
EDGE:AISLE:x=13.970000:y=30.505400<->AISLE:x=14.376400:y=30.505400,edge,12,3,4.063999999999538,4.063999999999538,0.0,0.0,4.063999999999538,0.0,1,baseline
EDGE:AISLE:x=13.970000:y=32.791400<->AISLE:x=14.376400:y=32.791400,edge,15,6,5.079999999999018,5.079999999999018,0.0,0.0,5.079999999999018,0.0,1,baseline
EDGE:AISLE:x=13.970000:y=35.077400<->AISLE:x=14.376400:y=35.077400,edge,15,6,5.079999999999373,5.079999999999373,0.0,0.0,5.079999999999373,0.0,1,baseline
EDGE:AISLE:x=13.970000:y=37.363400<->AISLE:x=14.376400:y=37.363400,edge,3,2,1.0159999999997495,1.0159999999997495,0.0,0.0,1.0159999999997495,0.0,1,baseline
EDGE:AISLE:x=14.376400:y=16.027400<->AISLE:x=14.833600:y=16.027400,edge,10,3,3.809999999999882,3.809999999999882,0.0,0.0,3.809999999999882,0.0,1,baseline
EDGE:AISLE:x=14.376400:y=19.075400<->AISLE:x=14.833600:y=19.075400,edge,39,6,14.858999999983752,14.858999999983752,0.0,0.0,14.858999999983752,0.0,1,baseline
EDGE:AISLE:x=14.376400:y=21.361400<->AISLE:x=14.833600:y=21.361400,edge,36,7,13.715999999986735,13.715999999986735,0.0,0.0,13.715999999986735,0.0,1,baseline
EDGE:AISLE:x=14.376400:y=23.647400<->AISLE:x=14.833600:y=23.647400,edge,6,4,2.285999999997557,2.285999999997557,0.0,0.0,2.285999999997557,0.0,1,baseline
EDGE:AISLE:x=14.376400:y=25.933400<->AISLE:x=14.833600:y=25.933400,edge,13,6,4.952999999995711,4.952999999995711,0.0,0.0,4.952999999995711,0.0,1,baseline
EDGE:AISLE:x=14.376400:y=28.219400<->AISLE:x=14.833600:y=28.219400,edge,81,8,30.860999999974013,30.860999999974013,0.0,0.0,30.860999999974013,0.0,1,baseline
EDGE:AISLE:x=14.376400:y=30.505400<->AISLE:x=14.833600:y=30.505400,edge,12,3,4.57199999999807,4.57199999999807,0.0,0.0,4.57199999999807,0.0,1,baseline
EDGE:AISLE:x=14.376400:y=32.791400<->AISLE:x=14.833600:y=32.791400,edge,13,6,4.952999999995711,4.952999999995711,0.0,0.0,4.952999999995711,0.0,1,baseline
EDGE:AISLE:x=14.376400:y=35.077400<->AISLE:x=14.833600:y=35.077400,edge,13,5,4.952999999997417,4.952999999997417,0.0,0.0,4.952999999997417,0.0,1,baseline
EDGE:AISLE:x=14.376400:y=37.363400<->AISLE:x=14.833600:y=37.363400,edge,3,2,1.142999999998807,1.142999999998807,0.0,0.0,1.142999999998807,0.0,1,baseline
EDGE:AISLE:x=14.833600:y=16.027400<->AISLE:x=15.240000:y=16.027400,edge,8,3,2.709333333333289,2.709333333333289,0.0,0.0,2.709333333333289,0.0,1,baseline
EDGE:AISLE:x=14.833600:y=19.075400<->AISLE:x=15.240000:y=19.075400,edge,39,6,13.20799999999656,13.20799999999656,0.0,0.0,13.20799999999656,0.0,1,baseline
EDGE:AISLE:x=14.833600:y=21.361400<->AISLE:x=15.240000:y=21.361400,edge,32,7,10.837333333330776,10.837333333330776,0.0,0.0,10.837333333330776,0.0,1,baseline
EDGE:AISLE:x=14.833600:y=23.647400<->AISLE:x=15.240000:y=23.647400,edge,6,4,2.0319999999994707,2.0319999999994707,0.0,0.0,2.0319999999994707,0.0,1,baseline
EDGE:AISLE:x=14.833600:y=25.933400<->AISLE:x=15.240000:y=25.933400,edge,11,6,3.725333333332401,3.725333333332401,0.0,0.0,3.725333333332401,0.0,1,baseline
EDGE:AISLE:x=14.833600:y=28.219400<->AISLE:x=15.240000:y=28.219400,edge,85,8,28.78666666666092,28.78666666666092,0.0,0.0,28.78666666666092,0.0,1,baseline
EDGE:AISLE:x=14.833600:y=30.505400<->AISLE:x=15.240000:y=30.505400,edge,12,3,4.063999999999538,4.063999999999538,0.0,0.0,4.063999999999538,0.0,1,baseline
EDGE:AISLE:x=14.833600:y=32.791400<->AISLE:x=15.240000:y=32.791400,edge,11,6,3.725333333332628,3.725333333332628,0.0,0.0,3.725333333332628,0.0,1,baseline
EDGE:AISLE:x=14.833600:y=35.077400<->AISLE:x=15.240000:y=35.077400,edge,11,5,3.7253333333329834,3.7253333333329834,0.0,0.0,3.7253333333329834,0.0,1,baseline
EDGE:AISLE:x=14.833600:y=37.363400<->AISLE:x=15.240000:y=37.363400,edge,3,2,1.0159999999997495,1.0159999999997495,0.0,0.0,1.0159999999997495,0.0,1,baseline
EDGE:AISLE:x=15.240000:y=16.027400<->AISLE:x=15.646400:y=16.027400,edge,6,2,2.031999999999977,2.031999999999977,0.0,0.0,2.031999999999977,0.0,1,baseline
EDGE:AISLE:x=15.240000:y=19.075400<->AISLE:x=15.646400:y=19.075400,edge,33,6,11.175999999997316,11.175999999997316,0.0,0.0,11.175999999997316,0.0,1,baseline
EDGE:AISLE:x=15.240000:y=21.361400<->AISLE:x=15.646400:y=21.361400,edge,28,7,9.482666666664386,9.482666666664386,0.0,0.0,9.482666666664386,0.0,1,baseline
EDGE:AISLE:x=15.240000:y=23.647400<->AISLE:x=15.646400:y=23.647400,edge,6,4,2.0319999999994707,2.0319999999994707,0.0,0.0,2.0319999999994707,0.0,1,baseline
EDGE:AISLE:x=15.240000:y=25.933400<->AISLE:x=15.646400:y=25.933400,edge,11,6,3.725333333332401,3.725333333332401,0.0,0.0,3.725333333332401,0.0,1,baseline
EDGE:AISLE:x=15.240000:y=28.219400<->AISLE:x=15.646400:y=28.219400,edge,87,8,29.4639999999947,29.4639999999947,0.0,0.0,29.4639999999947,0.0,1,baseline
EDGE:AISLE:x=15.240000:y=30.505400<->AISLE:x=15.646400:y=30.505400,edge,12,3,4.063999999999538,4.063999999999538,0.0,0.0,4.063999999999538,0.0,1,baseline
EDGE:AISLE:x=15.240000:y=32.791400<->AISLE:x=15.646400:y=32.791400,edge,9,6,3.0479999999993197,3.0479999999993197,0.0,0.0,3.0479999999993197,0.0,1,baseline
EDGE:AISLE:x=15.240000:y=35.077400<->AISLE:x=15.646400:y=35.077400,edge,9,4,3.047999999999675,3.047999999999675,0.0,0.0,3.047999999999675,0.0,1,baseline
EDGE:AISLE:x=15.240000:y=37.363400<->AISLE:x=15.646400:y=37.363400,edge,3,2,1.0159999999997495,1.0159999999997495,0.0,0.0,1.0159999999997495,0.0,1,baseline
EDGE:AISLE:x=15.646400:y=16.027400<->AISLE:x=16.103600:y=16.027400,edge,6,2,2.2859999999999445,2.2859999999999445,0.0,0.0,2.2859999999999445,0.0,1,baseline
EDGE:AISLE:x=15.646400:y=19.075400<->AISLE:x=16.103600:y=19.075400,edge,31,6,11.810999999988582,11.810999999988582,0.0,0.0,11.810999999988582,0.0,1,baseline
EDGE:AISLE:x=15.646400:y=21.361400<->AISLE:x=16.103600:y=21.361400,edge,22,7,8.381999999991677,8.381999999991677,0.0,0.0,8.381999999991677,0.0,1,baseline
EDGE:AISLE:x=15.646400:y=23.647400<->AISLE:x=16.103600:y=23.647400,edge,6,4,2.285999999997557,2.285999999997557,0.0,0.0,2.285999999997557,0.0,1,baseline
EDGE:AISLE:x=15.646400:y=25.933400<->AISLE:x=16.103600:y=25.933400,edge,15,6,5.714999999994632,5.714999999994632,0.0,0.0,5.714999999994632,0.0,1,baseline
EDGE:AISLE:x=15.646400:y=28.219400<->AISLE:x=16.103600:y=28.219400,edge,73,8,27.81299999997657,27.81299999997657,0.0,0.0,27.81299999997657,0.0,1,baseline
EDGE:AISLE:x=15.646400:y=30.505400<->AISLE:x=16.103600:y=30.505400,edge,8,2,3.047999999998126,3.047999999998126,0.0,0.0,3.047999999998126,0.0,1,baseline
EDGE:AISLE:x=15.646400:y=32.791400<->AISLE:x=16.103600:y=32.791400,edge,5,4,1.9049999999993474,1.9049999999993474,0.0,0.0,1.9049999999993474,0.0,1,baseline
EDGE:AISLE:x=15.646400:y=35.077400<->AISLE:x=16.103600:y=35.077400,edge,9,4,3.428999999998723,3.428999999998723,0.0,0.0,3.428999999998723,0.0,1,baseline
EDGE:AISLE:x=15.646400:y=37.363400<->AISLE:x=16.103600:y=37.363400,edge,3,2,1.142999999998807,1.142999999998807,0.0,0.0,1.142999999998807,0.0,1,baseline
EDGE:AISLE:x=16.103600:y=16.027400<->AISLE:x=16.510000:y=16.027400,edge,4,2,1.3546666666666596,1.3546666666666596,0.0,0.0,1.3546666666666596,0.0,1,baseline
EDGE:AISLE:x=16.103600:y=19.075400<->AISLE:x=16.510000:y=19.075400,edge,31,6,10.498666666664462,10.498666666664462,0.0,0.0,10.498666666664462,0.0,1,baseline
EDGE:AISLE:x=16.103600:y=21.361400<->AISLE:x=16.510000:y=21.361400,edge,22,7,7.450666666664915,7.450666666664915,0.0,0.0,7.450666666664915,0.0,1,baseline
EDGE:AISLE:x=16.103600:y=23.647400<->AISLE:x=16.510000:y=23.647400,edge,8,5,2.709333333332779,2.709333333332779,0.0,0.0,2.709333333332779,0.0,1,baseline
EDGE:AISLE:x=16.103600:y=25.933400<->AISLE:x=16.510000:y=25.933400,edge,15,6,5.07999999999879,5.07999999999879,0.0,0.0,5.07999999999879,0.0,1,baseline
EDGE:AISLE:x=16.103600:y=28.219400<->AISLE:x=16.510000:y=28.219400,edge,61,8,20.658666666662292,20.658666666662292,0.0,0.0,20.658666666662292,0.0,1,baseline
EDGE:AISLE:x=16.103600:y=30.505400<->AISLE:x=16.510000:y=30.505400,edge,4,2,1.3546666666662759,1.3546666666662759,0.0,0.0,1.3546666666662759,0.0,1,baseline
EDGE:AISLE:x=16.103600:y=32.791400<->AISLE:x=16.510000:y=32.791400,edge,3,3,1.015999999999849,1.015999999999849,0.0,0.0,1.015999999999849,0.0,1,baseline
EDGE:AISLE:x=16.103600:y=35.077400<->AISLE:x=16.510000:y=35.077400,edge,9,4,3.047999999999675,3.047999999999675,0.0,0.0,3.047999999999675,0.0,1,baseline
EDGE:AISLE:x=16.103600:y=37.363400<->AISLE:x=16.510000:y=37.363400,edge,3,2,1.0159999999997495,1.0159999999997495,0.0,0.0,1.0159999999997495,0.0,1,baseline
EDGE:AISLE:x=16.510000:y=16.027400<->AISLE:x=16.916400:y=16.027400,edge,2,1,0.677333333333336,0.677333333333336,0.0,0.0,0.677333333333336,0.0,1,baseline
EDGE:AISLE:x=16.510000:y=19.075400<->AISLE:x=16.916400:y=19.075400,edge,23,5,7.789333333331683,7.789333333331683,0.0,0.0,7.789333333331683,0.0,1,baseline
EDGE:AISLE:x=16.510000:y=21.361400<->AISLE:x=16.916400:y=21.361400,edge,22,7,7.450666666664915,7.450666666664915,0.0,0.0,7.450666666664915,0.0,1,baseline
EDGE:AISLE:x=16.510000:y=23.647400<->AISLE:x=16.916400:y=23.647400,edge,8,5,2.709333333332779,2.709333333332779,0.0,0.0,2.709333333332779,0.0,1,baseline
EDGE:AISLE:x=16.510000:y=25.933400<->AISLE:x=16.916400:y=25.933400,edge,15,6,5.07999999999879,5.07999999999879,0.0,0.0,5.07999999999879,0.0,1,baseline
EDGE:AISLE:x=16.510000:y=28.219400<->AISLE:x=16.916400:y=28.219400,edge,45,8,15.239999999996257,15.239999999996257,0.0,0.0,15.239999999996257,0.0,1,baseline
EDGE:AISLE:x=16.510000:y=30.505400<->AISLE:x=16.916400:y=30.505400,edge,6,2,2.0319999999995844,2.0319999999995844,0.0,0.0,2.0319999999995844,0.0,1,baseline
EDGE:AISLE:x=16.510000:y=32.791400<->AISLE:x=16.916400:y=32.791400,edge,3,3,1.015999999999849,1.015999999999849,0.0,0.0,1.015999999999849,0.0,1,baseline
EDGE:AISLE:x=16.510000:y=35.077400<->AISLE:x=16.916400:y=35.077400,edge,5,3,1.693333333333058,1.693333333333058,0.0,0.0,1.693333333333058,0.0,1,baseline
EDGE:AISLE:x=16.510000:y=37.363400<->AISLE:x=16.916400:y=37.363400,edge,3,2,1.0159999999997495,1.0159999999997495,0.0,0.0,1.0159999999997495,0.0,1,baseline
EDGE:AISLE:x=16.916400:y=19.075400<->SUP:RC-09,edge,13,5,5.503333333338674,5.503333333338674,0.0,0.0,5.503333333338674,0.0,1,baseline
EDGE:AISLE:x=16.916400:y=21.361400<->SUP:RC-10,edge,22,7,9.313333333343905,9.313333333343905,0.0,0.0,9.313333333343905,0.0,1,baseline
EDGE:AISLE:x=16.916400:y=23.647400<->SUP:RC-11,edge,8,5,3.386666666669612,3.386666666669612,0.0,0.0,3.386666666669612,0.0,1,baseline
EDGE:AISLE:x=16.916400:y=25.933400<->SUP:RC-12,edge,13,6,5.503333333338617,5.503333333338617,0.0,0.0,5.503333333338617,0.0,1,baseline
EDGE:AISLE:x=16.916400:y=28.219400<->SUP:RC-13,edge,25,8,10.583333333343944,10.583333333343944,0.0,0.0,10.583333333343944,0.0,1,baseline
EDGE:AISLE:x=16.916400:y=30.505400<->SUP:RC-14,edge,6,2,2.540000000002294,2.540000000002294,0.0,0.0,2.540000000002294,0.0,1,baseline
EDGE:AISLE:x=16.916400:y=32.791400<->SUP:RC-15,edge,3,3,1.2700000000007776,1.2700000000007776,0.0,0.0,1.2700000000007776,0.0,1,baseline
EDGE:AISLE:x=16.916400:y=35.077400<->SUP:RC-16,edge,5,3,2.116666666668195,2.116666666668195,0.0,0.0,2.116666666668195,0.0,1,baseline
EDGE:AISLE:x=16.916400:y=37.363400<->SUP:RC-17,edge,3,2,1.2700000000015024,1.2700000000015024,0.0,0.0,1.2700000000015024,0.0,1,baseline
EDGE:AISLE:x=2.184400:y=16.027400<->AISLE:x=2.590800:y=16.027400,edge,8,4,2.7093333333331344,2.7093333333331344,0.0,0.0,2.7093333333331344,0.0,1,baseline
EDGE:AISLE:x=2.184400:y=16.027400<->SUP:LC-08,edge,6,4,2.540000000001598,2.540000000001598,0.0,0.0,2.540000000001598,0.0,1,baseline
EDGE:AISLE:x=2.184400:y=19.075400<->AISLE:x=2.590800:y=19.075400,edge,12,4,4.0639999999986,4.0639999999986,0.0,0.0,4.0639999999986,0.0,1,baseline
EDGE:AISLE:x=2.184400:y=19.075400<->SUP:LC-09,edge,14,5,5.926666666674976,5.926666666674976,0.0,0.0,5.926666666674976,0.0,1,baseline
EDGE:AISLE:x=2.184400:y=21.361400<->AISLE:x=2.590800:y=21.361400,edge,19,8,6.434666666666104,6.434666666666104,0.0,0.0,6.434666666666104,0.0,1,baseline
EDGE:AISLE:x=2.184400:y=21.361400<->SUP:LC-10,edge,21,8,8.890000000005486,8.890000000005486,0.0,0.0,8.890000000005486,0.0,1,baseline
EDGE:AISLE:x=2.184400:y=23.647400<->AISLE:x=2.590800:y=23.647400,edge,36,8,12.191999999997577,12.191999999997577,0.0,0.0,12.191999999997577,0.0,1,baseline
EDGE:AISLE:x=2.184400:y=23.647400<->SUP:LC-11,edge,38,8,16.086666666682433,16.086666666682433,0.0,0.0,16.086666666682433,0.0,1,baseline
EDGE:AISLE:x=2.184400:y=25.933400<->AISLE:x=2.590800:y=25.933400,edge,22,6,7.450666666665711,7.450666666665711,0.0,0.0,7.450666666665711,0.0,1,baseline
EDGE:AISLE:x=2.184400:y=25.933400<->SUP:LC-12,edge,22,6,9.31333333334004,9.31333333334004,0.0,0.0,9.31333333334004,0.0,1,baseline
EDGE:AISLE:x=2.184400:y=28.219400<->AISLE:x=2.590800:y=28.219400,edge,23,7,7.789333333332181,7.789333333332181,0.0,0.0,7.789333333332181,0.0,1,baseline
EDGE:AISLE:x=2.184400:y=28.219400<->SUP:LC-13,edge,25,7,10.583333333340605,10.583333333340605,0.0,0.0,10.583333333340605,0.0,1,baseline
EDGE:AISLE:x=2.184400:y=30.505400<->AISLE:x=2.590800:y=30.505400,edge,24,8,8.127999999999034,8.127999999999034,0.0,0.0,8.127999999999034,0.0,1,baseline
EDGE:AISLE:x=2.184400:y=30.505400<->SUP:LC-14,edge,20,8,8.466666666670264,8.466666666670264,0.0,0.0,8.466666666670264,0.0,1,baseline
EDGE:AISLE:x=2.184400:y=32.791400<->AISLE:x=2.590800:y=32.791400,edge,21,7,7.111999999999085,7.111999999999085,0.0,0.0,7.111999999999085,0.0,1,baseline
EDGE:AISLE:x=2.184400:y=32.791400<->SUP:LC-15,edge,21,7,8.890000000004278,8.890000000004278,0.0,0.0,8.890000000004278,0.0,1,baseline
EDGE:AISLE:x=2.184400:y=35.077400<->AISLE:x=2.590800:y=35.077400,edge,11,5,3.7253333333328698,3.7253333333328698,0.0,0.0,3.7253333333328698,0.0,1,baseline
EDGE:AISLE:x=2.184400:y=35.077400<->SUP:LC-16,edge,11,5,4.6566666666688405,4.6566666666688405,0.0,0.0,4.6566666666688405,0.0,1,baseline
EDGE:AISLE:x=2.590800:y=16.027400<->AISLE:x=2.997200:y=16.027400,edge,8,4,2.7093333333331344,2.7093333333331344,0.0,0.0,2.7093333333331344,0.0,1,baseline
EDGE:AISLE:x=2.590800:y=19.075400<->AISLE:x=2.997200:y=19.075400,edge,12,4,4.0639999999986,4.0639999999986,0.0,0.0,4.0639999999986,0.0,1,baseline
EDGE:AISLE:x=2.590800:y=21.361400<->AISLE:x=2.997200:y=21.361400,edge,19,8,6.434666666666104,6.434666666666104,0.0,0.0,6.434666666666104,0.0,1,baseline
EDGE:AISLE:x=2.590800:y=23.647400<->AISLE:x=2.997200:y=23.647400,edge,36,8,12.191999999997805,12.191999999997805,0.0,0.0,12.191999999997805,0.0,1,baseline
EDGE:AISLE:x=2.590800:y=25.933400<->AISLE:x=2.997200:y=25.933400,edge,22,6,7.450666666665711,7.450666666665711,0.0,0.0,7.450666666665711,0.0,1,baseline
EDGE:AISLE:x=2.590800:y=28.219400<->AISLE:x=2.997200:y=28.219400,edge,23,7,7.789333333332181,7.789333333332181,0.0,0.0,7.789333333332181,0.0,1,baseline
EDGE:AISLE:x=2.590800:y=30.505400<->AISLE:x=2.997200:y=30.505400,edge,20,8,6.773333333332644,6.773333333332644,0.0,0.0,6.773333333332644,0.0,1,baseline
EDGE:AISLE:x=2.590800:y=32.791400<->AISLE:x=2.997200:y=32.791400,edge,19,6,6.434666666665777,6.434666666665777,0.0,0.0,6.434666666665777,0.0,1,baseline
EDGE:AISLE:x=2.590800:y=35.077400<->AISLE:x=2.997200:y=35.077400,edge,11,5,3.7253333333328698,3.7253333333328698,0.0,0.0,3.7253333333328698,0.0,1,baseline
EDGE:AISLE:x=2.997200:y=16.027400<->AISLE:x=3.454400:y=16.027400,edge,8,4,3.0479999999987797,3.0479999999987797,0.0,0.0,3.0479999999987797,0.0,1,baseline
EDGE:AISLE:x=2.997200:y=19.075400<->AISLE:x=3.454400:y=19.075400,edge,12,4,4.571999999993437,4.571999999993437,0.0,0.0,4.571999999993437,0.0,1,baseline
EDGE:AISLE:x=2.997200:y=21.361400<->AISLE:x=3.454400:y=21.361400,edge,21,8,8.00099999999486,8.00099999999486,0.0,0.0,8.00099999999486,0.0,1,baseline
EDGE:AISLE:x=2.997200:y=23.647400<->AISLE:x=3.454400:y=23.647400,edge,32,8,12.19199999999114,12.19199999999114,0.0,0.0,12.19199999999114,0.0,1,baseline
EDGE:AISLE:x=2.997200:y=25.933400<->AISLE:x=3.454400:y=25.933400,edge,22,6,8.38199999999469,8.38199999999469,0.0,0.0,8.38199999999469,0.0,1,baseline
EDGE:AISLE:x=2.997200:y=28.219400<->AISLE:x=3.454400:y=28.219400,edge,23,7,8.762999999994918,8.762999999994918,0.0,0.0,8.762999999994918,0.0,1,baseline
EDGE:AISLE:x=2.997200:y=30.505400<->AISLE:x=3.454400:y=30.505400,edge,20,8,7.619999999996793,7.619999999996793,0.0,0.0,7.619999999996793,0.0,1,baseline
EDGE:AISLE:x=2.997200:y=32.791400<->AISLE:x=3.454400:y=32.791400,edge,21,6,8.00099999999614,8.00099999999614,0.0,0.0,8.00099999999614,0.0,1,baseline
EDGE:AISLE:x=2.997200:y=35.077400<->AISLE:x=3.454400:y=35.077400,edge,11,5,4.190999999998041,4.190999999998041,0.0,0.0,4.190999999998041,0.0,1,baseline
EDGE:AISLE:x=3.454400:y=16.027400<->AISLE:x=3.860800:y=16.027400,edge,6,3,2.031999999999826,2.031999999999826,0.0,0.0,2.031999999999826,0.0,1,baseline
EDGE:AISLE:x=3.454400:y=19.075400<->AISLE:x=3.860800:y=19.075400,edge,12,4,4.0639999999986,4.0639999999986,0.0,0.0,4.0639999999986,0.0,1,baseline
EDGE:AISLE:x=3.454400:y=21.361400<->AISLE:x=3.860800:y=21.361400,edge,23,8,7.789333333332493,7.789333333332493,0.0,0.0,7.789333333332493,0.0,1,baseline
EDGE:AISLE:x=3.454400:y=23.647400<->AISLE:x=3.860800:y=23.647400,edge,28,8,9.482666666665025,9.482666666665025,0.0,0.0,9.482666666665025,0.0,1,baseline
EDGE:AISLE:x=3.454400:y=25.933400<->AISLE:x=3.860800:y=25.933400,edge,20,6,6.773333333332403,6.773333333332403,0.0,0.0,6.773333333332403,0.0,1,baseline
EDGE:AISLE:x=3.454400:y=28.219400<->AISLE:x=3.860800:y=28.219400,edge,23,7,7.789333333332181,7.789333333332181,0.0,0.0,7.789333333332181,0.0,1,baseline
EDGE:AISLE:x=3.454400:y=30.505400<->AISLE:x=3.860800:y=30.505400,edge,20,8,6.773333333332644,6.773333333332644,0.0,0.0,6.773333333332644,0.0,1,baseline
EDGE:AISLE:x=3.454400:y=32.791400<->AISLE:x=3.860800:y=32.791400,edge,23,6,7.789333333332394,7.789333333332394,0.0,0.0,7.789333333332394,0.0,1,baseline
EDGE:AISLE:x=3.454400:y=35.077400<->AISLE:x=3.860800:y=35.077400,edge,11,5,3.7253333333328698,3.7253333333328698,0.0,0.0,3.7253333333328698,0.0,1,baseline
EDGE:AISLE:x=3.860800:y=16.027400<->AISLE:x=4.267200:y=16.027400,edge,14,4,4.7413333333328325,4.7413333333328325,0.0,0.0,4.7413333333328325,0.0,1,baseline
EDGE:AISLE:x=3.860800:y=19.075400<->AISLE:x=4.267200:y=19.075400,edge,12,4,4.0639999999986,4.0639999999986,0.0,0.0,4.0639999999986,0.0,1,baseline
EDGE:AISLE:x=3.860800:y=21.361400<->AISLE:x=4.267200:y=21.361400,edge,21,7,7.111999999998957,7.111999999998957,0.0,0.0,7.111999999998957,0.0,1,baseline
EDGE:AISLE:x=3.860800:y=23.647400<->AISLE:x=4.267200:y=23.647400,edge,24,8,8.127999999998863,8.127999999998863,0.0,0.0,8.127999999998863,0.0,1,baseline
EDGE:AISLE:x=3.860800:y=25.933400<->AISLE:x=4.267200:y=25.933400,edge,24,6,8.12799999999902,8.12799999999902,0.0,0.0,8.12799999999902,0.0,1,baseline
EDGE:AISLE:x=3.860800:y=28.219400<->AISLE:x=4.267200:y=28.219400,edge,21,7,7.111999999998872,7.111999999998872,0.0,0.0,7.111999999998872,0.0,1,baseline
EDGE:AISLE:x=3.860800:y=30.505400<->AISLE:x=4.267200:y=30.505400,edge,22,8,7.450666666665953,7.450666666665953,0.0,0.0,7.450666666665953,0.0,1,baseline
EDGE:AISLE:x=3.860800:y=32.791400<->AISLE:x=4.267200:y=32.791400,edge,25,6,8.46666666666573,8.46666666666573,0.0,0.0,8.46666666666573,0.0,1,baseline
EDGE:AISLE:x=3.860800:y=35.077400<->AISLE:x=4.267200:y=35.077400,edge,13,5,4.402666666665951,4.402666666665951,0.0,0.0,4.402666666665951,0.0,1,baseline
EDGE:AISLE:x=4.267200:y=16.027400<->AISLE:x=4.724400:y=16.027400,edge,16,4,6.095999999997474,6.095999999997474,0.0,0.0,6.095999999997474,0.0,1,baseline
EDGE:AISLE:x=4.267200:y=19.075400<->AISLE:x=4.724400:y=19.075400,edge,12,4,4.571999999993437,4.571999999993437,0.0,0.0,4.571999999993437,0.0,1,baseline
EDGE:AISLE:x=4.267200:y=21.361400<->AISLE:x=4.724400:y=21.361400,edge,25,7,9.524999999994861,9.524999999994861,0.0,0.0,9.524999999994861,0.0,1,baseline
EDGE:AISLE:x=4.267200:y=23.647400<->AISLE:x=4.724400:y=23.647400,edge,24,8,9.143999999993582,9.143999999993582,0.0,0.0,9.143999999993582,0.0,1,baseline
EDGE:AISLE:x=4.267200:y=25.933400<->AISLE:x=4.724400:y=25.933400,edge,26,6,9.90599999999344,9.90599999999344,0.0,0.0,9.90599999999344,0.0,1,baseline
EDGE:AISLE:x=4.267200:y=28.219400<->AISLE:x=4.724400:y=28.219400,edge,23,7,8.762999999993838,8.762999999993838,0.0,0.0,8.762999999993838,0.0,1,baseline
EDGE:AISLE:x=4.267200:y=30.505400<->AISLE:x=4.724400:y=30.505400,edge,24,8,9.143999999996794,9.143999999996794,0.0,0.0,9.143999999996794,0.0,1,baseline
EDGE:AISLE:x=4.267200:y=32.791400<->AISLE:x=4.724400:y=32.791400,edge,25,6,9.524999999996197,9.524999999996197,0.0,0.0,9.524999999996197,0.0,1,baseline
EDGE:AISLE:x=4.267200:y=35.077400<->AISLE:x=4.724400:y=35.077400,edge,15,6,5.714999999995712,5.714999999995712,0.0,0.0,5.714999999995712,0.0,1,baseline
EDGE:AISLE:x=4.724400:y=16.027400<->AISLE:x=5.130800:y=16.027400,edge,20,4,6.773333333333014,6.773333333333014,0.0,0.0,6.773333333333014,0.0,1,baseline
EDGE:AISLE:x=4.724400:y=19.075400<->AISLE:x=5.130800:y=19.075400,edge,14,5,4.741333333331681,4.741333333331681,0.0,0.0,4.741333333331681,0.0,1,baseline
EDGE:AISLE:x=4.724400:y=21.361400<->AISLE:x=5.130800:y=21.361400,edge,27,7,9.143999999999352,9.143999999999352,0.0,0.0,9.143999999999352,0.0,1,baseline
EDGE:AISLE:x=4.724400:y=23.647400<->AISLE:x=5.130800:y=23.647400,edge,28,7,9.482666666665253,9.482666666665253,0.0,0.0,9.482666666665253,0.0,1,baseline
EDGE:AISLE:x=4.724400:y=25.933400<->AISLE:x=5.130800:y=25.933400,edge,24,6,8.127999999998792,8.127999999998792,0.0,0.0,8.127999999998792,0.0,1,baseline
EDGE:AISLE:x=4.724400:y=28.219400<->AISLE:x=5.130800:y=28.219400,edge,27,7,9.143999999998371,9.143999999998371,0.0,0.0,9.143999999998371,0.0,1,baseline
EDGE:AISLE:x=4.724400:y=30.505400<->AISLE:x=5.130800:y=30.505400,edge,20,8,6.773333333332673,6.773333333332673,0.0,0.0,6.773333333332673,0.0,1,baseline
EDGE:AISLE:x=4.724400:y=32.791400<->AISLE:x=5.130800:y=32.791400,edge,23,6,7.789333333332408,7.789333333332408,0.0,0.0,7.789333333332408,0.0,1,baseline
EDGE:AISLE:x=4.724400:y=35.077400<->AISLE:x=5.130800:y=35.077400,edge,17,6,5.757333333332113,5.757333333332113,0.0,0.0,5.757333333332113,0.0,1,baseline
EDGE:AISLE:x=5.130800:y=16.027400<->AISLE:x=5.537200:y=16.027400,edge,20,4,6.773333333333014,6.773333333333014,0.0,0.0,6.773333333333014,0.0,1,baseline
EDGE:AISLE:x=5.130800:y=19.075400<->AISLE:x=5.537200:y=19.075400,edge,14,5,4.741333333331909,4.741333333331909,0.0,0.0,4.741333333331909,0.0,1,baseline
EDGE:AISLE:x=5.130800:y=21.361400<->AISLE:x=5.537200:y=21.361400,edge,29,7,9.82133333333266,9.82133333333266,0.0,0.0,9.82133333333266,0.0,1,baseline
EDGE:AISLE:x=5.130800:y=23.647400<->AISLE:x=5.537200:y=23.647400,edge,34,7,11.514666666664496,11.514666666664496,0.0,0.0,11.514666666664496,0.0,1,baseline
EDGE:AISLE:x=5.130800:y=25.933400<->AISLE:x=5.537200:y=25.933400,edge,24,6,8.127999999998792,8.127999999998792,0.0,0.0,8.127999999998792,0.0,1,baseline
EDGE:AISLE:x=5.130800:y=28.219400<->AISLE:x=5.537200:y=28.219400,edge,31,7,10.498666666664533,10.498666666664533,0.0,0.0,10.498666666664533,0.0,1,baseline
EDGE:AISLE:x=5.130800:y=30.505400<->AISLE:x=5.537200:y=30.505400,edge,20,8,6.773333333332673,6.773333333332673,0.0,0.0,6.773333333332673,0.0,1,baseline
EDGE:AISLE:x=5.130800:y=32.791400<->AISLE:x=5.537200:y=32.791400,edge,25,6,8.466666666665716,8.466666666665716,0.0,0.0,8.466666666665716,0.0,1,baseline
EDGE:AISLE:x=5.130800:y=35.077400<->AISLE:x=5.537200:y=35.077400,edge,17,5,5.757333333332113,5.757333333332113,0.0,0.0,5.757333333332113,0.0,1,baseline
EDGE:AISLE:x=5.537200:y=16.027400<->AISLE:x=5.994400:y=16.027400,edge,20,4,7.6199999999976455,7.6199999999976455,0.0,0.0,7.6199999999976455,0.0,1,baseline
EDGE:AISLE:x=5.537200:y=19.075400<->AISLE:x=5.994400:y=19.075400,edge,18,5,6.857999999992188,6.857999999992188,0.0,0.0,6.857999999992188,0.0,1,baseline
EDGE:AISLE:x=5.537200:y=21.361400<->AISLE:x=5.994400:y=21.361400,edge,29,6,11.048999999995772,11.048999999995772,0.0,0.0,11.048999999995772,0.0,1,baseline
EDGE:AISLE:x=5.537200:y=23.647400<->AISLE:x=5.994400:y=23.647400,edge,38,7,14.477999999985173,14.477999999985173,0.0,0.0,14.477999999985173,0.0,1,baseline
EDGE:AISLE:x=5.537200:y=25.933400<->AISLE:x=5.994400:y=25.933400,edge,32,6,12.191999999990998,12.191999999990998,0.0,0.0,12.191999999990998,0.0,1,baseline
EDGE:AISLE:x=5.537200:y=28.219400<->AISLE:x=5.994400:y=28.219400,edge,29,7,11.048999999990201,11.048999999990201,0.0,0.0,11.048999999990201,0.0,1,baseline
EDGE:AISLE:x=5.537200:y=30.505400<->AISLE:x=5.994400:y=30.505400,edge,18,8,6.857999999998043,6.857999999998043,0.0,0.0,6.857999999998043,0.0,1,baseline
EDGE:AISLE:x=5.537200:y=32.791400<->AISLE:x=5.994400:y=32.791400,edge,25,6,9.524999999996112,9.524999999996112,0.0,0.0,9.524999999996112,0.0,1,baseline
EDGE:AISLE:x=5.537200:y=35.077400<->AISLE:x=5.994400:y=35.077400,edge,17,5,6.476999999994462,6.476999999994462,0.0,0.0,6.476999999994462,0.0,1,baseline
EDGE:AISLE:x=5.994400:y=16.027400<->AISLE:x=6.400800:y=16.027400,edge,20,4,6.773333333333014,6.773333333333014,0.0,0.0,6.773333333333014,0.0,1,baseline
EDGE:AISLE:x=5.994400:y=19.075400<->AISLE:x=6.400800:y=19.075400,edge,18,5,6.095999999998298,6.095999999998298,0.0,0.0,6.095999999998298,0.0,1,baseline
EDGE:AISLE:x=5.994400:y=21.361400<->AISLE:x=6.400800:y=21.361400,edge,31,6,10.498666666666196,10.498666666666196,0.0,0.0,10.498666666666196,0.0,1,baseline
EDGE:AISLE:x=5.994400:y=23.647400<->AISLE:x=6.400800:y=23.647400,edge,48,7,16.255999999996263,16.255999999996263,0.0,0.0,16.255999999996263,0.0,1,baseline
EDGE:AISLE:x=5.994400:y=25.933400<->AISLE:x=6.400800:y=25.933400,edge,34,6,11.514666666664652,11.514666666664652,0.0,0.0,11.514666666664652,0.0,1,baseline
EDGE:AISLE:x=5.994400:y=28.219400<->AISLE:x=6.400800:y=28.219400,edge,31,7,10.49866666666405,10.49866666666405,0.0,0.0,10.49866666666405,0.0,1,baseline
EDGE:AISLE:x=5.994400:y=30.505400<->AISLE:x=6.400800:y=30.505400,edge,18,8,6.0959999999995915,6.0959999999995915,0.0,0.0,6.0959999999995915,0.0,1,baseline
EDGE:AISLE:x=5.994400:y=32.791400<->AISLE:x=6.400800:y=32.791400,edge,27,6,9.143999999999025,9.143999999999025,0.0,0.0,9.143999999999025,0.0,1,baseline
EDGE:AISLE:x=5.994400:y=35.077400<->AISLE:x=6.400800:y=35.077400,edge,21,5,7.111999999998503,7.111999999998503,0.0,0.0,7.111999999998503,0.0,1,baseline
EDGE:AISLE:x=6.400800:y=16.027400<->AISLE:x=6.807200:y=16.027400,edge,22,5,7.450666666666351,7.450666666666351,0.0,0.0,7.450666666666351,0.0,1,baseline
EDGE:AISLE:x=6.400800:y=19.075400<->AISLE:x=6.807200:y=19.075400,edge,18,5,6.095999999998298,6.095999999998298,0.0,0.0,6.095999999998298,0.0,1,baseline
EDGE:AISLE:x=6.400800:y=21.361400<->AISLE:x=6.807200:y=21.361400,edge,31,6,10.498666666666196,10.498666666666196,0.0,0.0,10.498666666666196,0.0,1,baseline
EDGE:AISLE:x=6.400800:y=23.647400<->AISLE:x=6.807200:y=23.647400,edge,52,7,17.61066666666288,17.61066666666288,0.0,0.0,17.61066666666288,0.0,1,baseline
EDGE:AISLE:x=6.400800:y=25.933400<->AISLE:x=6.807200:y=25.933400,edge,44,6,14.901333333330513,14.901333333330513,0.0,0.0,14.901333333330513,0.0,1,baseline
EDGE:AISLE:x=6.400800:y=28.219400<->AISLE:x=6.807200:y=28.219400,edge,29,7,9.82133333333097,9.82133333333097,0.0,0.0,9.82133333333097,0.0,1,baseline
EDGE:AISLE:x=6.400800:y=30.505400<->AISLE:x=6.807200:y=30.505400,edge,22,8,7.450666666665981,7.450666666665981,0.0,0.0,7.450666666665981,0.0,1,baseline
EDGE:AISLE:x=6.400800:y=32.791400<->AISLE:x=6.807200:y=32.791400,edge,29,6,9.82133333333256,9.82133333333256,0.0,0.0,9.82133333333256,0.0,1,baseline
EDGE:AISLE:x=6.400800:y=35.077400<->AISLE:x=6.807200:y=35.077400,edge,21,5,7.111999999998503,7.111999999998503,0.0,0.0,7.111999999998503,0.0,1,baseline
EDGE:AISLE:x=6.807200:y=16.027400<->AISLE:x=7.264400:y=16.027400,edge,22,5,8.381999999997646,8.381999999997646,0.0,0.0,8.381999999997646,0.0,1,baseline
EDGE:AISLE:x=6.807200:y=19.075400<->AISLE:x=7.264400:y=19.075400,edge,22,5,8.381999999989802,8.381999999989802,0.0,0.0,8.381999999989802,0.0,1,baseline
EDGE:AISLE:x=6.807200:y=21.361400<->AISLE:x=7.264400:y=21.361400,edge,37,7,14.096999999992363,14.096999999992363,0.0,0.0,14.096999999992363,0.0,1,baseline
EDGE:AISLE:x=6.807200:y=23.647400<->AISLE:x=7.264400:y=23.647400,edge,50,7,19.04999999998148,19.04999999998148,0.0,0.0,19.04999999998148,0.0,1,baseline
EDGE:AISLE:x=6.807200:y=25.933400<->AISLE:x=7.264400:y=25.933400,edge,48,6,18.28799999998418,18.28799999998418,0.0,0.0,18.28799999998418,0.0,1,baseline
EDGE:AISLE:x=6.807200:y=28.219400<->AISLE:x=7.264400:y=28.219400,edge,35,7,13.334999999987815,13.334999999987815,0.0,0.0,13.334999999987815,0.0,1,baseline
EDGE:AISLE:x=6.807200:y=30.505400<->AISLE:x=7.264400:y=30.505400,edge,24,8,9.143999999996794,9.143999999996794,0.0,0.0,9.143999999996794,0.0,1,baseline
EDGE:AISLE:x=6.807200:y=32.791400<->AISLE:x=7.264400:y=32.791400,edge,29,6,11.04899999999617,11.04899999999617,0.0,0.0,11.04899999999617,0.0,1,baseline
EDGE:AISLE:x=6.807200:y=35.077400<->AISLE:x=7.264400:y=35.077400,edge,21,5,8.000999999993212,8.000999999993212,0.0,0.0,8.000999999993212,0.0,1,baseline
EDGE:AISLE:x=7.264400:y=16.027400<->AISLE:x=7.670800:y=16.027400,edge,26,5,8.805333333332968,8.805333333332968,0.0,0.0,8.805333333332968,0.0,1,baseline
EDGE:AISLE:x=7.264400:y=19.075400<->AISLE:x=7.670800:y=19.075400,edge,20,5,6.773333333331379,6.773333333331379,0.0,0.0,6.773333333331379,0.0,1,baseline
EDGE:AISLE:x=7.264400:y=21.361400<->AISLE:x=7.670800:y=21.361400,edge,39,8,13.207999999998293,13.207999999998293,0.0,0.0,13.207999999998293,0.0,1,baseline
EDGE:AISLE:x=7.264400:y=23.647400<->AISLE:x=7.670800:y=23.647400,edge,50,7,16.93333333332957,16.93333333332957,0.0,0.0,16.93333333332957,0.0,1,baseline
EDGE:AISLE:x=7.264400:y=25.933400<->AISLE:x=7.670800:y=25.933400,edge,58,7,19.642666666662763,19.642666666662763,0.0,0.0,19.642666666662763,0.0,1,baseline
EDGE:AISLE:x=7.264400:y=28.219400<->AISLE:x=7.670800:y=28.219400,edge,37,7,12.530666666664004,12.530666666664004,0.0,0.0,12.530666666664004,0.0,1,baseline
EDGE:AISLE:x=7.264400:y=30.505400<->AISLE:x=7.670800:y=30.505400,edge,30,8,10.159999999998789,10.159999999998789,0.0,0.0,10.159999999998789,0.0,1,baseline
EDGE:AISLE:x=7.264400:y=32.791400<->AISLE:x=7.670800:y=32.791400,edge,39,6,13.207999999998194,13.207999999998194,0.0,0.0,13.207999999998194,0.0,1,baseline
EDGE:AISLE:x=7.264400:y=35.077400<->AISLE:x=7.670800:y=35.077400,edge,25,5,8.46666666666512,8.46666666666512,0.0,0.0,8.46666666666512,0.0,1,baseline
EDGE:AISLE:x=7.670800:y=16.027400<->AISLE:x=8.077200:y=16.027400,edge,26,5,8.805333333332964,8.805333333332964,0.0,0.0,8.805333333332964,0.0,1,baseline
EDGE:AISLE:x=7.670800:y=19.075400<->AISLE:x=8.077200:y=19.075400,edge,20,5,6.773333333331379,6.773333333331379,0.0,0.0,6.773333333331379,0.0,1,baseline
EDGE:AISLE:x=7.670800:y=21.361400<->AISLE:x=8.077200:y=21.361400,edge,57,8,19.303999999998325,19.303999999998325,0.0,0.0,19.303999999998325,0.0,1,baseline
EDGE:AISLE:x=7.670800:y=23.647400<->AISLE:x=8.077200:y=23.647400,edge,58,7,19.642666666662578,19.642666666662578,0.0,0.0,19.642666666662578,0.0,1,baseline
EDGE:AISLE:x=7.670800:y=25.933400<->AISLE:x=8.077200:y=25.933400,edge,66,7,22.35199999999486,22.35199999999486,0.0,0.0,22.35199999999486,0.0,1,baseline
EDGE:AISLE:x=7.670800:y=28.219400<->AISLE:x=8.077200:y=28.219400,edge,39,7,13.207999999997085,13.207999999997085,0.0,0.0,13.207999999997085,0.0,1,baseline
EDGE:AISLE:x=7.670800:y=30.505400<->AISLE:x=8.077200:y=30.505400,edge,36,8,12.191999999998487,12.191999999998487,0.0,0.0,12.191999999998487,0.0,1,baseline
EDGE:AISLE:x=7.670800:y=32.791400<->AISLE:x=8.077200:y=32.791400,edge,45,6,15.239999999997437,15.239999999997437,0.0,0.0,15.239999999997437,0.0,1,baseline
EDGE:AISLE:x=7.670800:y=35.077400<->AISLE:x=8.077200:y=35.077400,edge,33,5,11.175999999998126,11.175999999998126,0.0,0.0,11.175999999998126,0.0,1,baseline
EDGE:AISLE:x=8.077200:y=16.027400<->AISLE:x=8.534400:y=16.027400,edge,26,5,9.90599999999759,9.90599999999759,0.0,0.0,9.90599999999759,0.0,1,baseline
EDGE:AISLE:x=8.077200:y=19.075400<->AISLE:x=8.534400:y=19.075400,edge,22,5,8.381999999989802,8.381999999989802,0.0,0.0,8.381999999989802,0.0,1,baseline
EDGE:AISLE:x=8.077200:y=21.361400<->AISLE:x=8.534400:y=21.361400,edge,65,8,24.76499999998805,24.76499999998805,0.0,0.0,24.76499999998805,0.0,1,baseline
EDGE:AISLE:x=8.077200:y=23.647400<->AISLE:x=8.534400:y=23.647400,edge,64,7,24.38399999997779,24.38399999997779,0.0,0.0,24.38399999997779,0.0,1,baseline
EDGE:AISLE:x=8.077200:y=25.933400<->AISLE:x=8.534400:y=25.933400,edge,68,7,25.907999999972418,25.907999999972418,0.0,0.0,25.907999999972418,0.0,1,baseline
EDGE:AISLE:x=8.077200:y=28.219400<->AISLE:x=8.534400:y=28.219400,edge,39,7,14.858999999986679,14.858999999986679,0.0,0.0,14.858999999986679,0.0,1,baseline
EDGE:AISLE:x=8.077200:y=30.505400<->AISLE:x=8.534400:y=30.505400,edge,42,8,16.001999999993103,16.001999999993103,0.0,0.0,16.001999999993103,0.0,1,baseline
EDGE:AISLE:x=8.077200:y=32.791400<->AISLE:x=8.534400:y=32.791400,edge,47,6,17.906999999986567,17.906999999986567,0.0,0.0,17.906999999986567,0.0,1,baseline
EDGE:AISLE:x=8.077200:y=35.077400<->AISLE:x=8.534400:y=35.077400,edge,33,5,12.572999999991907,12.572999999991907,0.0,0.0,12.572999999991907,0.0,1,baseline
EDGE:AISLE:x=8.077200:y=37.363400<->AISLE:x=8.534400:y=37.363400,edge,2,1,0.7619999999999436,0.7619999999999436,0.0,0.0,0.7619999999999436,0.0,1,baseline
EDGE:AISLE:x=8.534400:y=16.027400<->AISLE:x=8.940800:y=16.027400,edge,26,5,8.805333333332964,8.805333333332964,0.0,0.0,8.805333333332964,0.0,1,baseline
EDGE:AISLE:x=8.534400:y=19.075400<->AISLE:x=8.940800:y=19.075400,edge,26,5,8.805333333330623,8.805333333330623,0.0,0.0,8.805333333330623,0.0,1,baseline
EDGE:AISLE:x=8.534400:y=21.361400<->AISLE:x=8.940800:y=21.361400,edge,69,8,23.367999999997963,23.367999999997963,0.0,0.0,23.367999999997963,0.0,1,baseline
EDGE:AISLE:x=8.534400:y=23.647400<->AISLE:x=8.940800:y=23.647400,edge,64,7,21.67466666666205,21.67466666666205,0.0,0.0,21.67466666666205,0.0,1,baseline
EDGE:AISLE:x=8.534400:y=25.933400<->AISLE:x=8.940800:y=25.933400,edge,74,7,25.06133333332764,25.06133333332764,0.0,0.0,25.06133333332764,0.0,1,baseline
EDGE:AISLE:x=8.534400:y=28.219400<->AISLE:x=8.940800:y=28.219400,edge,43,7,14.562666666663702,14.562666666663702,0.0,0.0,14.562666666663702,0.0,1,baseline
EDGE:AISLE:x=8.534400:y=30.505400<->AISLE:x=8.940800:y=30.505400,edge,50,8,16.93333333333119,16.93333333333119,0.0,0.0,16.93333333333119,0.0,1,baseline
EDGE:AISLE:x=8.534400:y=32.791400<->AISLE:x=8.940800:y=32.791400,edge,51,7,17.271999999997163,17.271999999997163,0.0,0.0,17.271999999997163,0.0,1,baseline
EDGE:AISLE:x=8.534400:y=35.077400<->AISLE:x=8.940800:y=35.077400,edge,35,5,11.853333333331435,11.853333333331435,0.0,0.0,11.853333333331435,0.0,1,baseline
EDGE:AISLE:x=8.534400:y=37.363400<->AISLE:x=8.940800:y=37.363400,edge,2,1,0.6773333333333085,0.6773333333333085,0.0,0.0,0.6773333333333085,0.0,1,baseline
EDGE:AISLE:x=8.940800:y=16.027400<->AISLE:x=9.347200:y=16.027400,edge,30,5,10.159999999999126,10.159999999999126,0.0,0.0,10.159999999999126,0.0,1,baseline
EDGE:AISLE:x=8.940800:y=19.075400<->AISLE:x=9.347200:y=19.075400,edge,26,5,8.805333333330623,8.805333333330623,0.0,0.0,8.805333333330623,0.0,1,baseline
EDGE:AISLE:x=8.940800:y=21.361400<->AISLE:x=9.347200:y=21.361400,edge,71,8,24.045333333331044,24.045333333331044,0.0,0.0,24.045333333331044,0.0,1,baseline
EDGE:AISLE:x=8.940800:y=23.647400<->AISLE:x=9.347200:y=23.647400,edge,66,7,22.351999999995357,22.351999999995357,0.0,0.0,22.351999999995357,0.0,1,baseline
EDGE:AISLE:x=8.940800:y=25.933400<->AISLE:x=9.347200:y=25.933400,edge,74,7,25.061333333327866,25.061333333327866,0.0,0.0,25.061333333327866,0.0,1,baseline
EDGE:AISLE:x=8.940800:y=28.219400<->AISLE:x=9.347200:y=28.219400,edge,49,7,16.594666666663173,16.594666666663173,0.0,0.0,16.594666666663173,0.0,1,baseline
EDGE:AISLE:x=8.940800:y=30.505400<->AISLE:x=9.347200:y=30.505400,edge,62,8,20.997333333331042,20.997333333331042,0.0,0.0,20.997333333331042,0.0,1,baseline
EDGE:AISLE:x=8.940800:y=32.791400<->AISLE:x=9.347200:y=32.791400,edge,55,8,18.626666666663773,18.626666666663773,0.0,0.0,18.626666666663773,0.0,1,baseline
EDGE:AISLE:x=8.940800:y=35.077400<->AISLE:x=9.347200:y=35.077400,edge,47,6,15.91733333333157,15.91733333333157,0.0,0.0,15.91733333333157,0.0,1,baseline
EDGE:AISLE:x=8.940800:y=37.363400<->AISLE:x=9.347200:y=37.363400,edge,2,1,0.6773333333333085,0.6773333333333085,0.0,0.0,0.6773333333333085,0.0,1,baseline
EDGE:SUP:CC-08<->SUP:CC-09,edge,180,8,457.20000000007195,457.2000000000719,0.0,0.0,457.20000000007195,0.0,1,baseline
EDGE:SUP:CC-09<->SUP:CC-10,edge,181,8,344.80500000005327,344.80500000005316,0.0,0.0,344.80500000005327,0.0,1,baseline
EDGE:SUP:CC-10<->SUP:CC-11,edge,182,8,346.71000000004966,346.7100000000496,0.0,0.0,346.71000000004966,0.0,1,baseline
EDGE:SUP:CC-11<->SUP:CC-12,edge,170,8,323.85000000004544,323.85000000004544,0.0,0.0,323.8500000000455,0.0,1,baseline
EDGE:SUP:CC-12<->SUP:CC-13,edge,193,8,367.66500000005846,367.6650000000584,0.0,0.0,367.66500000005846,0.0,1,baseline
EDGE:SUP:CC-13<->SUP:CC-14,edge,155,8,295.27500000003613,295.27500000003613,0.0,0.0,295.27500000003613,0.0,1,baseline
EDGE:SUP:CC-14<->SUP:CC-15,edge,129,8,245.74500000002706,245.74500000002706,0.0,0.0,245.74500000002706,0.0,1,baseline
EDGE:SUP:CC-15<->SUP:CC-16,edge,83,8,158.1150000000155,158.1150000000155,0.0,0.0,158.1150000000155,0.0,1,baseline
EDGE:SUP:CC-16<->SUP:CC-17,edge,7,3,13.335000000001259,13.335000000001259,0.0,0.0,13.335000000001259,0.0,1,baseline
EDGE:SUP:LC-08<->SUP:LC-09,edge,6,4,15.240000000001743,15.240000000001743,0.0,0.0,15.240000000001743,0.0,1,baseline
EDGE:SUP:LC-09<->SUP:LC-10,edge,18,7,34.290000000007126,34.290000000007126,0.0,0.0,34.290000000007126,0.0,1,baseline
EDGE:SUP:LC-10<->SUP:LC-11,edge,27,8,51.43500000000893,51.43500000000893,0.0,0.0,51.43500000000893,0.0,1,baseline
EDGE:SUP:LC-11<->SUP:LC-12,edge,31,8,59.05500000000828,59.05500000000828,0.0,0.0,59.05500000000828,0.0,1,baseline
EDGE:SUP:LC-12<->SUP:LC-13,edge,29,8,55.245000000007735,55.245000000007735,0.0,0.0,55.245000000007735,0.0,1,baseline
EDGE:SUP:LC-13<->SUP:LC-14,edge,20,8,38.100000000005,38.100000000005,0.0,0.0,38.100000000005,0.0,1,baseline
EDGE:SUP:LC-14<->SUP:LC-15,edge,18,7,34.29000000000431,34.29000000000431,0.0,0.0,34.29000000000431,0.0,1,baseline
EDGE:SUP:LC-15<->SUP:LC-16,edge,11,5,20.955000000001917,20.955000000001917,0.0,0.0,20.955000000001917,0.0,1,baseline
EDGE:SUP:RC-09<->SUP:RC-10,edge,13,5,24.76500000000459,24.76500000000459,0.0,0.0,24.76500000000459,0.0,1,baseline
EDGE:SUP:RC-10<->SUP:RC-11,edge,13,6,24.76500000000445,24.76500000000445,0.0,0.0,24.76500000000445,0.0,1,baseline
EDGE:SUP:RC-11<->SUP:RC-12,edge,15,7,28.575000000005872,28.575000000005872,0.0,0.0,28.575000000005872,0.0,1,baseline
EDGE:SUP:RC-12<->SUP:RC-13,edge,16,7,30.48000000000522,30.48000000000522,0.0,0.0,30.48000000000522,0.0,1,baseline
EDGE:SUP:RC-13<->SUP:RC-14,edge,11,6,20.955000000003878,20.955000000003878,0.0,0.0,20.955000000003878,0.0,1,baseline
EDGE:SUP:RC-14<->SUP:RC-15,edge,7,5,13.33500000000194,13.33500000000194,0.0,0.0,13.33500000000194,0.0,1,baseline
EDGE:SUP:RC-15<->SUP:RC-16,edge,4,3,7.62000000000134,7.62000000000134,0.0,0.0,7.62000000000134,0.0,1,baseline
EDGE:SUP:RC-16<->SUP:RC-17,edge,3,2,5.715000000001311,5.715000000001311,0.0,0.0,5.715000000001311,0.0,1,baseline
NODE:AISLE:x=10.236200:y=19.075400,node,1,1,0.08883333333506016,0.0,0.0,0.08883333333506016,0.08883333333506016,0.0,1,baseline
NODE:AISLE:x=10.236200:y=25.933400,node,2,2,1.405666666666292,0.0,0.0,1.405666666666292,1.405666666666292,0.0,1,baseline
NODE:AISLE:x=10.236200:y=28.219400,node,2,2,0.7676666666660168,0.0,0.0,0.7676666666660168,0.7676666666660168,0.0,1,baseline
NODE:AISLE:x=10.236200:y=32.791400,node,1,1,0.3443333333334522,0.0,0.0,0.3443333333334522,0.3443333333334522,0.0,1,baseline
NODE:AISLE:x=11.023600:y=19.075400,node,10,4,30.0,0.0,30.0,0.0,30.0,0.0,1,baseline
NODE:AISLE:x=11.023600:y=21.361400,node,22,6,66.0,0.0,66.0,0.0,66.0,0.0,1,baseline
NODE:AISLE:x=11.023600:y=23.647400,node,16,5,48.0,0.0,48.0,0.0,48.0,0.0,1,baseline
NODE:AISLE:x=11.023600:y=25.933400,node,1,1,3.0,0.0,3.0,0.0,3.0,0.0,1,baseline
NODE:AISLE:x=11.023600:y=28.219400,node,31,5,85.8415,0.0,84.0,1.8414999999999964,85.8415,0.0,1,baseline
NODE:AISLE:x=11.023600:y=30.505400,node,18,6,51.18633333333855,0.0,51.0,0.18633333333855262,51.0,0.18633333333855262,2,baseline
NODE:AISLE:x=11.023600:y=32.791400,node,13,5,36.35983333333934,0.0,36.0,0.3598333333393384,36.35983333333934,0.0,1,baseline
NODE:AISLE:x=11.023600:y=35.077400,node,13,5,36.105833333333294,0.0,36.0,0.10583333333329392,36.105833333333294,0.0,1,baseline
NODE:AISLE:x=11.023600:y=37.363400,node,1,1,3.0,0.0,3.0,0.0,3.0,0.0,1,baseline
NODE:AISLE:x=11.430000:y=21.361400,node,10,4,30.0,0.0,30.0,0.0,30.0,0.0,1,baseline
NODE:AISLE:x=11.430000:y=23.647400,node,12,3,36.0,0.0,36.0,0.0,36.0,0.0,1,baseline
NODE:AISLE:x=11.430000:y=25.933400,node,3,2,9.0,0.0,9.0,0.0,9.0,0.0,1,baseline
NODE:AISLE:x=11.430000:y=28.219400,node,30,5,84.46299999999992,0.0,84.0,0.4629999999999228,84.46299999999992,0.0,1,baseline
NODE:AISLE:x=11.430000:y=30.505400,node,8,3,24.0,0.0,24.0,0.0,24.0,0.0,1,baseline
NODE:AISLE:x=11.430000:y=32.791400,node,5,2,15.0,0.0,15.0,0.0,15.0,0.0,1,baseline
NODE:AISLE:x=11.430000:y=35.077400,node,3,2,9.0,0.0,9.0,0.0,9.0,0.0,1,baseline
NODE:AISLE:x=11.836400:y=19.075400,node,6,5,18.0,0.0,18.0,0.0,18.0,0.0,1,baseline
NODE:AISLE:x=11.836400:y=21.361400,node,4,3,12.0,0.0,12.0,0.0,12.0,0.0,1,baseline
NODE:AISLE:x=11.836400:y=25.933400,node,5,3,15.0,0.0,15.0,0.0,15.0,0.0,1,baseline
NODE:AISLE:x=11.836400:y=28.219400,node,30,3,90.0,0.0,90.0,0.0,90.0,0.0,1,baseline
NODE:AISLE:x=11.836400:y=30.505400,node,26,4,78.00000000000003,0.0,78.00000000000003,0.0,78.00000000000003,0.0,1,baseline
NODE:AISLE:x=11.836400:y=35.077400,node,7,5,21.0,0.0,21.0,0.0,21.0,0.0,1,baseline
NODE:AISLE:x=12.293600:y=19.075400,node,8,4,24.0,0.0,24.0,0.0,24.0,0.0,1,baseline
NODE:AISLE:x=12.293600:y=21.361400,node,9,5,27.0,0.0,27.0,0.0,27.0,0.0,1,baseline
NODE:AISLE:x=12.293600:y=23.647400,node,1,1,3.0,0.0,3.0,0.0,3.0,0.0,1,baseline
NODE:AISLE:x=12.293600:y=25.933400,node,1,1,3.0,0.0,3.0,0.0,3.0,0.0,1,baseline
NODE:AISLE:x=12.293600:y=28.219400,node,24,5,63.34999999999593,0.0,63.000000000000114,0.3499999999958163,63.34999999999593,0.0,1,baseline
NODE:AISLE:x=12.293600:y=32.791400,node,4,2,12.0,0.0,12.0,0.0,12.0,0.0,1,baseline
NODE:AISLE:x=12.293600:y=37.363400,node,1,1,3.0,0.0,3.0,0.0,3.0,0.0,1,baseline
NODE:AISLE:x=12.700000:y=19.075400,node,10,4,30.0,0.0,30.0,0.0,30.0,0.0,1,baseline
NODE:AISLE:x=12.700000:y=21.361400,node,15,5,45.0,0.0,45.0,0.0,45.0,0.0,1,baseline
NODE:AISLE:x=12.700000:y=28.219400,node,5,3,12.16933333333327,0.0,12.0,0.16933333333327028,12.16933333333327,0.0,1,baseline
NODE:AISLE:x=12.700000:y=30.505400,node,2,2,6.0,0.0,6.0,0.0,6.0,0.0,1,baseline
NODE:AISLE:x=12.700000:y=35.077400,node,4,3,10.862666666666655,0.0,9.0,1.8626666666666551,9.0,1.8626666666666551,2,baseline
NODE:AISLE:x=13.106400:y=19.075400,node,9,3,27.0,0.0,27.0,0.0,27.0,0.0,1,baseline
NODE:AISLE:x=13.106400:y=28.219400,node,16,7,39.51933333333329,0.0,39.0,0.519333333333293,39.51933333333329,0.0,1,baseline
NODE:AISLE:x=13.106400:y=30.505400,node,2,2,6.0,0.0,6.0,0.0,6.0,0.0,1,baseline
NODE:AISLE:x=13.106400:y=35.077400,node,1,1,3.0,0.0,3.0,0.0,3.0,0.0,1,baseline
NODE:AISLE:x=13.563600:y=16.027400,node,12,3,36.0,0.0,36.0,0.0,36.0,0.0,1,baseline
NODE:AISLE:x=13.563600:y=19.075400,node,11,3,33.0,0.0,33.0,0.0,33.0,0.0,1,baseline
NODE:AISLE:x=13.563600:y=21.361400,node,4,3,12.0,0.0,12.0,0.0,12.0,0.0,1,baseline
NODE:AISLE:x=13.563600:y=23.647400,node,1,1,3.0,0.0,3.0,0.0,3.0,0.0,1,baseline
NODE:AISLE:x=13.563600:y=25.933400,node,2,1,6.0,0.0,6.0,0.0,6.0,0.0,1,baseline
NODE:AISLE:x=13.563600:y=28.219400,node,14,4,42.0,0.0,42.0,0.0,42.0,0.0,1,baseline
NODE:AISLE:x=13.563600:y=32.791400,node,2,1,6.0,0.0,6.0,0.0,6.0,0.0,1,baseline
NODE:AISLE:x=13.970000:y=16.027400,node,5,1,15.0,0.0,15.0,0.0,15.0,0.0,1,baseline
NODE:AISLE:x=13.970000:y=23.647400,node,2,2,6.0,0.0,6.0,0.0,6.0,0.0,1,baseline
NODE:AISLE:x=13.970000:y=28.219400,node,18,5,51.10166666666669,0.0,51.0,0.10166666666668789,51.10166666666669,0.0,1,baseline
NODE:AISLE:x=13.970000:y=30.505400,node,3,1,9.0,0.0,9.0,0.0,9.0,0.0,1,baseline
NODE:AISLE:x=13.970000:y=32.791400,node,4,2,12.0,0.0,12.0,0.0,12.0,0.0,1,baseline
NODE:AISLE:x=14.376400:y=16.027400,node,5,1,15.0,0.0,15.0,0.0,15.0,0.0,1,baseline
NODE:AISLE:x=14.376400:y=19.075400,node,10,3,30.0,0.0,30.0,0.0,30.0,0.0,1,baseline
NODE:AISLE:x=14.376400:y=21.361400,node,3,3,9.0,0.0,9.0,0.0,9.0,0.0,1,baseline
NODE:AISLE:x=14.376400:y=25.933400,node,4,3,12.0,0.0,12.0,0.0,12.0,0.0,1,baseline
NODE:AISLE:x=14.376400:y=28.219400,node,13,5,39.0,0.0,39.0,0.0,39.0,0.0,1,baseline
NODE:AISLE:x=14.376400:y=32.791400,node,5,2,15.0,0.0,15.0,0.0,15.0,0.0,1,baseline
NODE:AISLE:x=14.376400:y=35.077400,node,3,2,9.0,0.0,9.0,0.0,9.0,0.0,1,baseline
NODE:AISLE:x=14.833600:y=16.027400,node,7,2,21.0,0.0,21.0,0.0,21.0,0.0,1,baseline
NODE:AISLE:x=14.833600:y=21.361400,node,21,5,63.0,0.0,63.0,0.0,63.0,0.0,1,baseline
NODE:AISLE:x=14.833600:y=25.933400,node,8,3,24.0,0.0,24.0,0.0,24.0,0.0,1,baseline
NODE:AISLE:x=14.833600:y=28.219400,node,29,7,87.0,0.0,87.0,0.0,87.0,0.0,1,baseline
NODE:AISLE:x=14.833600:y=32.791400,node,5,1,15.0,0.0,15.0,0.0,15.0,0.0,1,baseline
NODE:AISLE:x=14.833600:y=35.077400,node,2,2,6.0,0.0,6.0,0.0,6.0,0.0,1,baseline
NODE:AISLE:x=15.240000:y=16.027400,node,1,1,3.0,0.0,3.0,0.0,3.0,0.0,1,baseline
NODE:AISLE:x=15.240000:y=19.075400,node,8,3,24.0,0.0,24.0,0.0,24.0,0.0,1,baseline
NODE:AISLE:x=15.240000:y=21.361400,node,16,6,48.0,0.0,48.0,0.0,48.0,0.0,1,baseline
NODE:AISLE:x=15.240000:y=23.647400,node,1,1,3.0,0.0,3.0,0.0,3.0,0.0,1,baseline
NODE:AISLE:x=15.240000:y=25.933400,node,1,1,3.0,0.0,3.0,0.0,3.0,0.0,1,baseline
NODE:AISLE:x=15.240000:y=28.219400,node,36,7,107.52333333330716,0.0,102.0,5.523333333307164,102.0,5.523333333307164,2,baseline
NODE:AISLE:x=15.240000:y=32.791400,node,1,1,3.0,0.0,3.0,0.0,3.0,0.0,1,baseline
NODE:AISLE:x=15.240000:y=35.077400,node,3,1,9.0,0.0,9.0,0.0,9.0,0.0,1,baseline
NODE:AISLE:x=15.240000:y=37.363400,node,2,1,6.0,0.0,6.0,0.0,6.0,0.0,1,baseline
NODE:AISLE:x=15.646400:y=19.075400,node,3,2,9.0,0.0,9.0,0.0,9.0,0.0,1,baseline
NODE:AISLE:x=15.646400:y=21.361400,node,14,3,42.0,0.0,42.0,0.0,42.0,0.0,1,baseline
NODE:AISLE:x=15.646400:y=23.647400,node,3,2,9.0,0.0,9.0,0.0,9.0,0.0,1,baseline
NODE:AISLE:x=15.646400:y=25.933400,node,2,2,6.0,0.0,6.0,0.0,6.0,0.0,1,baseline
NODE:AISLE:x=15.646400:y=28.219400,node,48,7,138.22299999999956,0.0,138.0,0.22299999999955844,138.22299999999956,0.0,1,baseline
NODE:AISLE:x=15.646400:y=30.505400,node,4,2,12.0,0.0,12.0,0.0,12.0,0.0,1,baseline
NODE:AISLE:x=15.646400:y=32.791400,node,6,2,18.0,0.0,18.0,0.0,18.0,0.0,1,baseline
NODE:AISLE:x=15.646400:y=35.077400,node,2,2,6.0,0.0,6.0,0.0,6.0,0.0,1,baseline
NODE:AISLE:x=15.646400:y=37.363400,node,1,1,3.0,0.0,3.0,0.0,3.0,0.0,1,baseline
NODE:AISLE:x=16.103600:y=16.027400,node,10,1,30.000000000000004,0.0,30.000000000000004,0.0,30.000000000000004,0.0,1,baseline
NODE:AISLE:x=16.103600:y=19.075400,node,9,3,24.08733333336204,0.0,24.0,0.08733333336203941,24.08733333336204,0.0,1,baseline
NODE:AISLE:x=16.103600:y=21.361400,node,5,3,15.0,0.0,15.0,0.0,15.0,0.0,1,baseline
NODE:AISLE:x=16.103600:y=23.647400,node,2,2,6.0,0.0,6.0,0.0,6.0,0.0,1,baseline
NODE:AISLE:x=16.103600:y=25.933400,node,1,1,3.0,0.0,3.0,0.0,3.0,0.0,1,baseline
NODE:AISLE:x=16.103600:y=28.219400,node,30,6,90.0,0.0,90.0,0.0,90.0,0.0,1,baseline
NODE:AISLE:x=16.103600:y=30.505400,node,5,1,15.0,0.0,15.0,0.0,15.0,0.0,1,baseline
NODE:AISLE:x=16.103600:y=32.791400,node,1,1,3.0,0.0,3.0,0.0,3.0,0.0,1,baseline
NODE:AISLE:x=16.510000:y=16.027400,node,4,1,12.000000000000002,0.0,12.000000000000002,0.0,12.000000000000002,0.0,1,baseline
NODE:AISLE:x=16.510000:y=19.075400,node,14,6,42.0,0.0,42.0,0.0,42.0,0.0,1,baseline
NODE:AISLE:x=16.510000:y=21.361400,node,5,3,15.0,0.0,15.0,0.0,15.0,0.0,1,baseline
NODE:AISLE:x=16.510000:y=25.933400,node,1,1,3.0,0.0,3.0,0.0,3.0,0.0,1,baseline
NODE:AISLE:x=16.510000:y=28.219400,node,54,7,158.66549999999938,0.0,150.0,8.665499999999383,150.0,8.665499999999383,2,baseline
NODE:AISLE:x=16.510000:y=30.505400,node,3,2,9.0,0.0,9.0,0.0,9.0,0.0,1,baseline
NODE:AISLE:x=16.510000:y=35.077400,node,3,2,9.0,0.0,9.0,0.0,9.0,0.0,1,baseline
NODE:AISLE:x=16.916400:y=16.027400,node,1,1,3.0,0.0,3.0,0.0,3.0,0.0,1,baseline
NODE:AISLE:x=16.916400:y=19.075400,node,14,4,42.0,0.0,42.0,0.0,42.0,0.0,1,baseline
NODE:AISLE:x=16.916400:y=21.361400,node,1,1,3.0,0.0,3.0,0.0,3.0,0.0,1,baseline
NODE:AISLE:x=16.916400:y=23.647400,node,1,1,3.0,0.0,3.0,0.0,3.0,0.0,1,baseline
NODE:AISLE:x=16.916400:y=25.933400,node,3,3,9.0,0.0,9.0,0.0,9.0,0.0,1,baseline
NODE:AISLE:x=16.916400:y=28.219400,node,31,6,90.25966666667955,0.0,90.0,0.25966666667954996,90.25966666667955,0.0,1,baseline
NODE:AISLE:x=16.916400:y=30.505400,node,1,1,3.0,0.0,3.0,0.0,3.0,0.0,1,baseline
NODE:AISLE:x=2.184400:y=16.027400,node,2,1,6.0,0.0,6.0,0.0,6.0,0.0,1,baseline
NODE:AISLE:x=2.184400:y=19.075400,node,2,2,6.0,0.0,6.0,0.0,6.0,0.0,1,baseline
NODE:AISLE:x=2.184400:y=21.361400,node,2,2,6.0,0.0,6.0,0.0,6.0,0.0,1,baseline
NODE:AISLE:x=2.184400:y=23.647400,node,12,3,36.0,0.0,36.0,0.0,36.0,0.0,1,baseline
NODE:AISLE:x=2.184400:y=28.219400,node,6,3,18.0,0.0,18.0,0.0,18.0,0.0,1,baseline
NODE:AISLE:x=2.184400:y=30.505400,node,4,4,12.0,0.0,12.0,0.0,12.0,0.0,1,baseline
NODE:AISLE:x=2.184400:y=32.791400,node,2,1,6.0,0.0,6.0,0.0,6.0,0.0,1,baseline
NODE:AISLE:x=2.590800:y=16.027400,node,1,1,3.0,0.0,3.0,0.0,3.0,0.0,1,baseline
NODE:AISLE:x=2.590800:y=21.361400,node,3,2,9.0,0.0,9.0,0.0,9.0,0.0,1,baseline
NODE:AISLE:x=2.590800:y=23.647400,node,18,4,54.00000000000003,0.0,54.00000000000003,0.0,54.00000000000003,0.0,1,baseline
NODE:AISLE:x=2.590800:y=30.505400,node,9,2,27.00000000000003,0.0,27.00000000000003,0.0,27.00000000000003,0.0,1,baseline
NODE:AISLE:x=2.590800:y=32.791400,node,7,6,21.0,0.0,21.0,0.0,21.0,0.0,1,baseline
NODE:AISLE:x=2.590800:y=35.077400,node,7,3,21.0,0.0,21.0,0.0,21.0,0.0,1,baseline
NODE:AISLE:x=2.997200:y=16.027400,node,2,1,6.0,0.0,6.0,0.0,6.0,0.0,1,baseline
NODE:AISLE:x=2.997200:y=21.361400,node,4,2,12.0,0.0,12.0,0.0,12.0,0.0,1,baseline
NODE:AISLE:x=2.997200:y=23.647400,node,7,3,19.568999999966763,0.0,15.0,4.568999999966763,15.0,4.568999999966763,2,baseline
NODE:AISLE:x=2.997200:y=28.219400,node,1,1,3.0,0.0,3.0,0.0,3.0,0.0,1,baseline
NODE:AISLE:x=2.997200:y=32.791400,node,1,1,3.0,0.0,3.0,0.0,3.0,0.0,1,baseline
NODE:AISLE:x=3.454400:y=16.027400,node,4,1,12.0,0.0,12.0,0.0,12.0,0.0,1,baseline
NODE:AISLE:x=3.454400:y=19.075400,node,1,1,3.0,0.0,3.0,0.0,3.0,0.0,1,baseline
NODE:AISLE:x=3.454400:y=21.361400,node,2,1,6.0,0.0,6.0,0.0,6.0,0.0,1,baseline
NODE:AISLE:x=3.454400:y=23.647400,node,6,3,15.045333333366216,0.0,15.0,0.04533333336621581,15.045333333366216,0.0,1,baseline
NODE:AISLE:x=3.454400:y=25.933400,node,1,1,3.0,0.0,3.0,0.0,3.0,0.0,1,baseline
NODE:AISLE:x=3.454400:y=28.219400,node,5,2,15.0,0.0,15.0,0.0,15.0,0.0,1,baseline
NODE:AISLE:x=3.454400:y=30.505400,node,3,2,9.0,0.0,9.0,0.0,9.0,0.0,1,baseline
NODE:AISLE:x=3.454400:y=32.791400,node,1,1,3.0,0.0,3.0,0.0,3.0,0.0,1,baseline
NODE:AISLE:x=3.860800:y=16.027400,node,7,3,21.0,0.0,21.0,0.0,21.0,0.0,1,baseline
NODE:AISLE:x=3.860800:y=19.075400,node,2,2,6.0,0.0,6.0,0.0,6.0,0.0,1,baseline
NODE:AISLE:x=3.860800:y=21.361400,node,4,3,12.0,0.0,12.0,0.0,12.0,0.0,1,baseline
NODE:AISLE:x=3.860800:y=23.647400,node,11,4,33.0,0.0,33.0,0.0,33.0,0.0,1,baseline
NODE:AISLE:x=3.860800:y=25.933400,node,12,4,36.0,0.0,36.0,0.0,36.0,0.0,1,baseline
NODE:AISLE:x=3.860800:y=28.219400,node,4,2,12.0,0.0,12.0,0.0,12.0,0.0,1,baseline
NODE:AISLE:x=3.860800:y=30.505400,node,9,2,27.0,0.0,27.0,0.0,27.0,0.0,1,baseline
NODE:AISLE:x=3.860800:y=32.791400,node,5,3,15.0,0.0,15.0,0.0,15.0,0.0,1,baseline
NODE:AISLE:x=3.860800:y=35.077400,node,5,3,15.0,0.0,15.0,0.0,15.0,0.0,1,baseline
NODE:AISLE:x=4.267200:y=16.027400,node,8,1,24.0,0.0,24.0,0.0,24.0,0.0,1,baseline
NODE:AISLE:x=4.267200:y=21.361400,node,4,2,12.0,0.0,12.0,0.0,12.0,0.0,1,baseline
NODE:AISLE:x=4.267200:y=23.647400,node,2,2,6.0,0.0,6.0,0.0,6.0,0.0,1,baseline
NODE:AISLE:x=4.267200:y=25.933400,node,22,4,66.0,0.0,66.0,0.0,66.0,0.0,1,baseline
NODE:AISLE:x=4.267200:y=28.219400,node,3,3,9.0,0.0,9.0,0.0,9.0,0.0,1,baseline
NODE:AISLE:x=4.267200:y=30.505400,node,3,2,9.0,0.0,9.0,0.0,9.0,0.0,1,baseline
NODE:AISLE:x=4.267200:y=35.077400,node,2,2,6.0,0.0,6.0,0.0,6.0,0.0,1,baseline
NODE:AISLE:x=4.724400:y=16.027400,node,9,3,27.0,0.0,27.0,0.0,27.0,0.0,1,baseline
NODE:AISLE:x=4.724400:y=19.075400,node,6,2,18.0,0.0,18.0,0.0,18.0,0.0,1,baseline
NODE:AISLE:x=4.724400:y=21.361400,node,10,5,30.0,0.0,30.0,0.0,30.0,0.0,1,baseline
NODE:AISLE:x=4.724400:y=23.647400,node,11,7,30.717000000000013,0.0,30.0,0.717000000000013,30.0,0.717000000000013,2,baseline
NODE:AISLE:x=4.724400:y=25.933400,node,9,4,27.0,0.0,27.0,0.0,27.0,0.0,1,baseline
NODE:AISLE:x=4.724400:y=28.219400,node,16,5,48.0,0.0,48.0,0.0,48.0,0.0,1,baseline
NODE:AISLE:x=4.724400:y=30.505400,node,4,3,12.0,0.0,12.0,0.0,12.0,0.0,1,baseline
NODE:AISLE:x=4.724400:y=32.791400,node,9,3,26.999999999999986,0.0,26.999999999999986,0.0,26.999999999999986,0.0,1,baseline
NODE:AISLE:x=4.724400:y=35.077400,node,2,2,6.0,0.0,6.0,0.0,6.0,0.0,1,baseline
NODE:AISLE:x=5.130800:y=16.027400,node,7,1,21.000000000000007,0.0,21.000000000000007,0.0,21.000000000000007,0.0,1,baseline
NODE:AISLE:x=5.130800:y=19.075400,node,4,2,12.0,0.0,12.0,0.0,12.0,0.0,1,baseline
NODE:AISLE:x=5.130800:y=21.361400,node,7,2,21.0,0.0,21.0,0.0,21.0,0.0,1,baseline
NODE:AISLE:x=5.130800:y=23.647400,node,11,4,32.59933333333335,0.0,27.0,5.599333333333348,27.0,5.599333333333348,2,baseline
NODE:AISLE:x=5.130800:y=25.933400,node,9,4,27.0,0.0,27.0,0.0,27.0,0.0,1,baseline
NODE:AISLE:x=5.130800:y=28.219400,node,3,2,9.0,0.0,9.0,0.0,9.0,0.0,1,baseline
NODE:AISLE:x=5.130800:y=30.505400,node,3,1,9.0,0.0,9.0,0.0,9.0,0.0,1,baseline
NODE:AISLE:x=5.130800:y=32.791400,node,19,2,57.0,0.0,57.0,0.0,57.0,0.0,1,baseline
NODE:AISLE:x=5.130800:y=35.077400,node,2,2,6.0,0.0,6.0,0.0,6.0,0.0,1,baseline
NODE:AISLE:x=5.537200:y=19.075400,node,5,2,15.0,0.0,15.0,0.0,15.0,0.0,1,baseline
NODE:AISLE:x=5.537200:y=21.361400,node,10,4,30.0,0.0,30.0,0.0,30.0,0.0,1,baseline
NODE:AISLE:x=5.537200:y=23.647400,node,11,6,33.0,0.0,33.0,0.0,33.0,0.0,1,baseline
NODE:AISLE:x=5.537200:y=25.933400,node,8,4,24.0,0.0,24.0,0.0,24.0,0.0,1,baseline
NODE:AISLE:x=5.537200:y=28.219400,node,16,6,48.0,0.0,48.0,0.0,48.0,0.0,1,baseline
NODE:AISLE:x=5.537200:y=30.505400,node,4,1,12.0,0.0,12.0,0.0,12.0,0.0,1,baseline
NODE:AISLE:x=5.537200:y=32.791400,node,1,1,3.0,0.0,3.0,0.0,3.0,0.0,1,baseline
NODE:AISLE:x=5.994400:y=19.075400,node,5,2,15.0,0.0,15.0,0.0,15.0,0.0,1,baseline
NODE:AISLE:x=5.994400:y=21.361400,node,2,2,6.0,0.0,6.0,0.0,6.0,0.0,1,baseline
NODE:AISLE:x=5.994400:y=23.647400,node,14,4,42.0,0.0,42.0,0.0,42.0,0.0,1,baseline
NODE:AISLE:x=5.994400:y=25.933400,node,4,3,12.0,0.0,12.0,0.0,12.0,0.0,1,baseline
NODE:AISLE:x=5.994400:y=28.219400,node,13,3,38.25916666666667,0.0,36.0,2.2591666666666725,36.0,2.2591666666666725,2,baseline
NODE:AISLE:x=5.994400:y=32.791400,node,3,2,9.0,0.0,9.0,0.0,9.0,0.0,1,baseline
NODE:AISLE:x=5.994400:y=35.077400,node,3,1,9.0,0.0,9.0,0.0,9.0,0.0,1,baseline
NODE:AISLE:x=6.400800:y=16.027400,node,4,1,12.0,0.0,12.0,0.0,12.0,0.0,1,baseline
NODE:AISLE:x=6.400800:y=19.075400,node,6,3,18.0,0.0,18.0,0.0,18.0,0.0,1,baseline
NODE:AISLE:x=6.400800:y=23.647400,node,9,5,27.0,0.0,27.0,0.0,27.0,0.0,1,baseline
NODE:AISLE:x=6.400800:y=25.933400,node,20,4,60.0,0.0,60.0,0.0,60.0,0.0,1,baseline
NODE:AISLE:x=6.400800:y=28.219400,node,13,3,39.0,0.0,39.0,0.0,39.0,0.0,1,baseline
NODE:AISLE:x=6.400800:y=30.505400,node,2,2,6.0,0.0,6.0,0.0,6.0,0.0,1,baseline
NODE:AISLE:x=6.400800:y=32.791400,node,6,4,18.0,0.0,18.0,0.0,18.0,0.0,1,baseline
NODE:AISLE:x=6.807200:y=19.075400,node,7,2,21.0,0.0,21.0,0.0,21.0,0.0,1,baseline
NODE:AISLE:x=6.807200:y=21.361400,node,8,3,24.0,0.0,24.0,0.0,24.0,0.0,1,baseline
NODE:AISLE:x=6.807200:y=23.647400,node,14,5,42.0,0.0,42.0,0.0,42.0,0.0,1,baseline
NODE:AISLE:x=6.807200:y=25.933400,node,39,4,114.03133333337246,0.0,105.0,9.031333333372459,105.0,9.031333333372459,2,baseline
NODE:AISLE:x=6.807200:y=28.219400,node,4,2,12.0,0.0,12.0,0.0,12.0,0.0,1,baseline
NODE:AISLE:x=6.807200:y=30.505400,node,1,1,3.0,0.0,3.0,0.0,3.0,0.0,1,baseline
NODE:AISLE:x=6.807200:y=32.791400,node,1,1,3.0,0.0,3.0,0.0,3.0,0.0,1,baseline
NODE:AISLE:x=6.807200:y=35.077400,node,2,1,6.0,0.0,6.0,0.0,6.0,0.0,1,baseline
NODE:AISLE:x=7.264400:y=16.027400,node,14,2,42.0,0.0,42.0,0.0,42.0,0.0,1,baseline
NODE:AISLE:x=7.264400:y=19.075400,node,3,1,9.0,0.0,9.0,0.0,9.0,0.0,1,baseline
NODE:AISLE:x=7.264400:y=21.361400,node,18,4,53.99999999999999,0.0,53.99999999999999,0.0,53.99999999999999,0.0,1,baseline
NODE:AISLE:x=7.264400:y=23.647400,node,9,5,27.0,0.0,27.0,0.0,27.0,0.0,1,baseline
NODE:AISLE:x=7.264400:y=25.933400,node,32,6,96.0,0.0,96.0,0.0,96.0,0.0,1,baseline
NODE:AISLE:x=7.264400:y=28.219400,node,2,2,6.0,0.0,6.0,0.0,6.0,0.0,1,baseline
NODE:AISLE:x=7.264400:y=30.505400,node,3,3,9.0,0.0,9.0,0.0,9.0,0.0,1,baseline
NODE:AISLE:x=7.264400:y=32.791400,node,7,2,21.0,0.0,21.0,0.0,21.0,0.0,1,baseline
NODE:AISLE:x=7.264400:y=35.077400,node,5,2,15.0,0.0,15.0,0.0,15.0,0.0,1,baseline
NODE:AISLE:x=7.670800:y=19.075400,node,4,1,12.0,0.0,12.0,0.0,12.0,0.0,1,baseline
NODE:AISLE:x=7.670800:y=21.361400,node,23,6,69.0,0.0,69.0,0.0,69.0,0.0,1,baseline
NODE:AISLE:x=7.670800:y=23.647400,node,11,4,33.0,0.0,33.0,0.0,33.0,0.0,1,baseline
NODE:AISLE:x=7.670800:y=25.933400,node,29,5,87.0,0.0,87.0,0.0,87.0,0.0,1,baseline
NODE:AISLE:x=7.670800:y=28.219400,node,4,3,12.0,0.0,12.0,0.0,12.0,0.0,1,baseline
NODE:AISLE:x=7.670800:y=30.505400,node,23,6,67.33466666666675,0.0,57.0,10.334666666666749,57.0,10.334666666666749,2,baseline
NODE:AISLE:x=7.670800:y=32.791400,node,8,5,21.17650000000006,0.0,21.0,0.17650000000006116,21.17650000000006,0.0,1,baseline
NODE:AISLE:x=7.670800:y=35.077400,node,5,3,15.0,0.0,15.0,0.0,15.0,0.0,1,baseline
NODE:AISLE:x=8.077200:y=19.075400,node,2,1,6.0,0.0,6.0,0.0,6.0,0.0,1,baseline
NODE:AISLE:x=8.077200:y=21.361400,node,28,7,82.05233333333365,0.0,81.0,1.0523333333336495,81.0,1.0523333333336495,2,baseline
NODE:AISLE:x=8.077200:y=23.647400,node,12,4,36.0,0.0,36.0,0.0,36.0,0.0,1,baseline
NODE:AISLE:x=8.077200:y=25.933400,node,18,4,54.0,0.0,54.0,0.0,54.0,0.0,1,baseline
NODE:AISLE:x=8.077200:y=28.219400,node,2,2,6.0,0.0,6.0,0.0,6.0,0.0,1,baseline
NODE:AISLE:x=8.077200:y=30.505400,node,15,4,45.0,0.0,45.0,0.0,45.0,0.0,1,baseline
NODE:AISLE:x=8.077200:y=32.791400,node,2,1,6.0,0.0,6.0,0.0,6.0,0.0,1,baseline
NODE:AISLE:x=8.077200:y=37.363400,node,1,1,3.0,0.0,3.0,0.0,3.0,0.0,1,baseline
NODE:AISLE:x=8.534400:y=19.075400,node,5,3,15.0,0.0,15.0,0.0,15.0,0.0,1,baseline
NODE:AISLE:x=8.534400:y=21.361400,node,8,3,24.0,0.0,24.0,0.0,24.0,0.0,1,baseline
NODE:AISLE:x=8.534400:y=23.647400,node,5,2,12.104333333309114,0.0,12.0,0.1043333333091141,12.104333333309114,0.0,1,baseline
NODE:AISLE:x=8.534400:y=25.933400,node,15,4,42.141333333347575,0.0,42.0,0.1413333333475748,42.141333333347575,0.0,1,baseline
NODE:AISLE:x=8.534400:y=28.219400,node,9,2,27.0,0.0,27.0,0.0,27.0,0.0,1,baseline
NODE:AISLE:x=8.534400:y=30.505400,node,13,5,39.0,0.0,39.0,0.0,39.0,0.0,1,baseline
NODE:AISLE:x=8.534400:y=32.791400,node,9,4,27.0,0.0,27.0,0.0,27.0,0.0,1,baseline
NODE:AISLE:x=8.534400:y=35.077400,node,1,1,3.0,0.0,3.0,0.0,3.0,0.0,1,baseline
NODE:AISLE:x=8.940800:y=16.027400,node,4,2,12.0,0.0,12.0,0.0,12.0,0.0,1,baseline
NODE:AISLE:x=8.940800:y=21.361400,node,1,1,3.0,0.0,3.0,0.0,3.0,0.0,1,baseline
NODE:AISLE:x=8.940800:y=23.647400,node,2,2,6.0,0.0,6.0,0.0,6.0,0.0,1,baseline
NODE:AISLE:x=8.940800:y=25.933400,node,14,3,42.0,0.0,42.0,0.0,42.0,0.0,1,baseline
NODE:AISLE:x=8.940800:y=28.219400,node,6,3,18.0,0.0,18.0,0.0,18.0,0.0,1,baseline
NODE:AISLE:x=8.940800:y=30.505400,node,11,4,30.23400000000123,0.0,30.0,0.234000000001231,30.0,0.234000000001231,2,baseline
NODE:AISLE:x=8.940800:y=32.791400,node,7,6,18.033666666666647,0.0,18.0,0.033666666666647416,18.033666666666647,0.0,1,baseline
NODE:AISLE:x=8.940800:y=35.077400,node,8,5,21.12100000002829,0.0,21.0,0.12100000002828892,21.12100000002829,0.0,1,baseline
NODE:AISLE:x=9.347200:y=16.027400,node,8,4,24.0,0.0,24.0,0.0,24.0,0.0,1,baseline
NODE:AISLE:x=9.347200:y=19.075400,node,9,6,27.0,0.0,27.0,0.0,27.0,0.0,1,baseline
NODE:AISLE:x=9.347200:y=21.361400,node,15,5,45.0,0.0,45.0,0.0,45.0,0.0,1,baseline
NODE:AISLE:x=9.347200:y=23.647400,node,8,4,21.172333333324787,0.0,21.0,0.1723333333247865,21.172333333324787,0.0,1,baseline
NODE:AISLE:x=9.347200:y=25.933400,node,13,5,39.0,0.0,39.0,0.0,39.0,0.0,1,baseline
NODE:AISLE:x=9.347200:y=28.219400,node,16,4,48.0,0.0,48.0,0.0,48.0,0.0,1,baseline
NODE:AISLE:x=9.347200:y=30.505400,node,35,7,102.1353333333333,0.0,102.0,0.13533333333330688,102.0,0.13533333333330688,2,baseline
NODE:AISLE:x=9.347200:y=32.791400,node,24,5,66.68299999999181,0.0,66.0,0.6829999999918073,66.68299999999181,0.0,1,baseline
NODE:AISLE:x=9.347200:y=35.077400,node,1,1,3.0,0.0,3.0,0.0,3.0,0.0,1,baseline
NODE:SUP:CC-08,node,23,8,79.50316666668319,0.0,0.0,79.50316666668319,54.67466666667621,15.240000000004365,4,baseline
NODE:SUP:CC-09,node,22,8,28.847500000024866,0.0,0.0,28.847500000024866,25.037500000023556,3.8100000000013097,2,baseline
NODE:SUP:CC-10,node,13,6,8.857500000066835,0.0,0.0,8.857500000066835,8.857500000066835,0.0,1,baseline
NODE:SUP:CC-11,node,9,6,9.221000000078334,0.0,0.0,9.221000000078334,9.221000000078334,0.0,1,baseline
NODE:SUP:CC-12,node,9,5,13.596333333374872,0.0,0.0,13.596333333374872,11.93166666670723,1.6646666666676424,2,baseline
NODE:SUP:CC-13,node,13,6,13.604499999957085,0.0,0.0,13.604499999957085,13.55649999995714,0.047999999999944976,2,baseline
NODE:SUP:CC-14,node,16,7,22.919666666673322,0.0,0.0,22.919666666673322,20.043333333340797,2.876333333332525,2,baseline
NODE:SUP:CC-15,node,5,4,5.015000000009309,0.0,0.0,5.015000000009309,4.720166666672299,0.2948333333370101,2,baseline
NODE:SUP:CC-16,node,2,2,2.0898333333336723,0.0,0.0,2.0898333333336723,2.0898333333336723,0.0,1,baseline
NODE:SUP:LC-10,node,1,1,1.2220000000015716,0.0,0.0,1.2220000000015716,1.2220000000015716,0.0,1,baseline
NODE:SUP:LC-12,node,1,1,0.16366666666664287,0.0,0.0,0.16366666666664287,0.16366666666664287,0.0,1,baseline
NODE:SUP:LC-13,node,1,1,0.9509999999999934,0.0,0.0,0.9509999999999934,0.9509999999999934,0.0,1,baseline
EDGE:AISLE:x=10.236200:y=16.027400<->AISLE:x=9.347200:y=16.027400,edge,38,7,28.151666666665854,28.151666666665854,0.0,0.0,28.151666666665854,0.0,1,random
EDGE:AISLE:x=10.236200:y=19.075400<->AISLE:x=9.347200:y=19.075400,edge,36,7,26.669999999998595,26.669999999998595,0.0,0.0,26.669999999998595,0.0,1,random
EDGE:AISLE:x=10.236200:y=21.361400<->AISLE:x=9.347200:y=21.361400,edge,85,8,62.97083333333057,62.97083333333057,0.0,0.0,62.97083333333057,0.0,1,random
EDGE:AISLE:x=10.236200:y=23.647400<->AISLE:x=9.347200:y=23.647400,edge,68,7,50.376666666664306,50.376666666664306,0.0,0.0,50.376666666664306,0.0,1,random
EDGE:AISLE:x=10.236200:y=25.933400<->AISLE:x=9.347200:y=25.933400,edge,88,8,65.19333333332978,65.19333333332978,0.0,0.0,65.19333333332978,0.0,1,random
EDGE:AISLE:x=10.236200:y=28.219400<->AISLE:x=9.347200:y=28.219400,edge,57,7,42.22749999999827,42.22749999999827,0.0,0.0,42.22749999999827,0.0,1,random
EDGE:AISLE:x=10.236200:y=30.505400<->AISLE:x=9.347200:y=30.505400,edge,80,6,59.26666666666394,59.26666666666394,0.0,0.0,59.26666666666394,0.0,1,random
EDGE:AISLE:x=10.236200:y=32.791400<->AISLE:x=9.347200:y=32.791400,edge,73,8,54.08083333333062,54.08083333333062,0.0,0.0,54.08083333333062,0.0,1,random
EDGE:AISLE:x=10.236200:y=35.077400<->AISLE:x=9.347200:y=35.077400,edge,49,8,36.30083333333175,36.30083333333175,0.0,0.0,36.30083333333175,0.0,1,random
EDGE:AISLE:x=10.236200:y=37.363400<->AISLE:x=9.347200:y=37.363400,edge,2,1,1.4816666666666833,1.4816666666666833,0.0,0.0,1.4816666666666833,0.0,1,random
EDGE:AISLE:x=11.023600:y=16.027400<->AISLE:x=11.430000:y=16.027400,edge,14,5,4.741333333333237,4.741333333333237,0.0,0.0,4.741333333333237,0.0,1,random
EDGE:AISLE:x=11.023600:y=16.027400<->SUP:CC-08,edge,14,5,9.186333333335067,9.186333333335067,0.0,0.0,9.186333333335067,0.0,1,random
EDGE:AISLE:x=11.023600:y=19.075400<->AISLE:x=11.430000:y=19.075400,edge,53,8,17.949333333328745,17.949333333328745,0.0,0.0,17.949333333328745,0.0,1,random
EDGE:AISLE:x=11.023600:y=19.075400<->SUP:CC-09,edge,63,8,41.33850000003998,41.33850000003997,0.0,0.0,41.33850000003998,0.0,1,random
EDGE:AISLE:x=11.023600:y=21.361400<->AISLE:x=11.430000:y=21.361400,edge,66,8,22.35199999999533,22.35199999999533,0.0,0.0,22.35199999999533,0.0,1,random
EDGE:AISLE:x=11.023600:y=21.361400<->SUP:CC-10,edge,90,8,59.05500000003873,59.05500000003873,0.0,0.0,59.05500000003873,0.0,1,random
EDGE:AISLE:x=11.023600:y=23.647400<->AISLE:x=11.430000:y=23.647400,edge,20,6,6.773333333332516,6.773333333332516,0.0,0.0,6.773333333332516,0.0,1,random
EDGE:AISLE:x=11.023600:y=23.647400<->SUP:CC-11,edge,32,6,20.997333333341885,20.997333333341885,0.0,0.0,20.997333333341885,0.0,1,random
EDGE:AISLE:x=11.023600:y=25.933400<->AISLE:x=11.430000:y=25.933400,edge,23,7,7.789333333332053,7.789333333332053,0.0,0.0,7.789333333332053,0.0,1,random
EDGE:AISLE:x=11.023600:y=25.933400<->SUP:CC-12,edge,23,7,15.091833333343061,15.091833333343061,0.0,0.0,15.091833333343061,0.0,1,random
EDGE:AISLE:x=11.023600:y=28.219400<->AISLE:x=11.430000:y=28.219400,edge,111,7,37.591999999994464,37.59199999999446,0.0,0.0,37.591999999994464,0.0,1,random
EDGE:AISLE:x=11.023600:y=28.219400<->SUP:CC-13,edge,113,8,74.14683333338623,74.14683333338621,0.0,0.0,74.14683333338621,0.0,1,random
EDGE:AISLE:x=11.023600:y=30.505400<->AISLE:x=11.430000:y=30.505400,edge,36,7,12.191999999998558,12.191999999998558,0.0,0.0,12.191999999998558,0.0,1,random
EDGE:AISLE:x=11.023600:y=30.505400<->SUP:CC-14,edge,52,8,34.12066666668693,34.12066666668693,0.0,0.0,34.12066666668693,0.0,1,random
EDGE:AISLE:x=11.023600:y=32.791400<->AISLE:x=11.430000:y=32.791400,edge,33,7,11.175999999999064,11.175999999999064,0.0,0.0,11.175999999999064,0.0,1,random
EDGE:AISLE:x=11.023600:y=32.791400<->SUP:CC-15,edge,47,8,30.839833333344572,30.839833333344572,0.0,0.0,30.839833333344572,0.0,1,random
EDGE:AISLE:x=11.023600:y=35.077400<->AISLE:x=11.430000:y=35.077400,edge,29,7,9.82133333333232,9.82133333333232,0.0,0.0,9.82133333333232,0.0,1,random
EDGE:AISLE:x=11.023600:y=35.077400<->SUP:CC-16,edge,45,8,29.527500000008565,29.527500000008565,0.0,0.0,29.527500000008565,0.0,1,random
EDGE:AISLE:x=11.023600:y=37.363400<->AISLE:x=11.430000:y=37.363400,edge,3,3,1.0159999999997353,1.0159999999997353,0.0,0.0,1.0159999999997353,0.0,1,random
EDGE:AISLE:x=11.023600:y=37.363400<->SUP:CC-17,edge,5,4,3.2808333333350674,3.2808333333350674,0.0,0.0,3.2808333333350674,0.0,1,random
EDGE:AISLE:x=11.430000:y=16.027400<->AISLE:x=11.836400:y=16.027400,edge,14,5,4.741333333333237,4.741333333333237,0.0,0.0,4.741333333333237,0.0,1,random
EDGE:AISLE:x=11.430000:y=19.075400<->AISLE:x=11.836400:y=19.075400,edge,53,8,17.94933333332873,17.94933333332873,0.0,0.0,17.94933333332873,0.0,1,random
EDGE:AISLE:x=11.430000:y=21.361400<->AISLE:x=11.836400:y=21.361400,edge,60,8,20.319999999995403,20.319999999995403,0.0,0.0,20.319999999995403,0.0,1,random
EDGE:AISLE:x=11.430000:y=23.647400<->AISLE:x=11.836400:y=23.647400,edge,14,4,4.7413333333323635,4.7413333333323635,0.0,0.0,4.7413333333323635,0.0,1,random
EDGE:AISLE:x=11.430000:y=25.933400<->AISLE:x=11.836400:y=25.933400,edge,21,7,7.111999999998972,7.111999999998972,0.0,0.0,7.111999999998972,0.0,1,random
EDGE:AISLE:x=11.430000:y=28.219400<->AISLE:x=11.836400:y=28.219400,edge,107,7,36.23733333332775,36.23733333332774,0.0,0.0,36.23733333332775,0.0,1,random
EDGE:AISLE:x=11.430000:y=30.505400<->AISLE:x=11.836400:y=30.505400,edge,36,7,12.191999999998558,12.191999999998558,0.0,0.0,12.191999999998558,0.0,1,random
EDGE:AISLE:x=11.430000:y=32.791400<->AISLE:x=11.836400:y=32.791400,edge,29,7,9.821333333332007,9.821333333332007,0.0,0.0,9.821333333332007,0.0,1,random
EDGE:AISLE:x=11.430000:y=35.077400<->AISLE:x=11.836400:y=35.077400,edge,29,7,9.821333333332774,9.821333333332774,0.0,0.0,9.821333333332774,0.0,1,random
EDGE:AISLE:x=11.430000:y=37.363400<->AISLE:x=11.836400:y=37.363400,edge,3,3,1.0159999999997353,1.0159999999997353,0.0,0.0,1.0159999999997353,0.0,1,random
EDGE:AISLE:x=11.836400:y=16.027400<->AISLE:x=12.293600:y=16.027400,edge,14,5,5.33399999999898,5.33399999999898,0.0,0.0,5.33399999999898,0.0,1,random
EDGE:AISLE:x=11.836400:y=19.075400<->AISLE:x=12.293600:y=19.075400,edge,51,8,19.430999999979065,19.430999999979065,0.0,0.0,19.430999999979065,0.0,1,random
EDGE:AISLE:x=11.836400:y=21.361400<->AISLE:x=12.293600:y=21.361400,edge,54,8,20.573999999979378,20.573999999979378,0.0,0.0,20.573999999979378,0.0,1,random
EDGE:AISLE:x=11.836400:y=23.647400<->AISLE:x=12.293600:y=23.647400,edge,14,4,5.333999999994319,5.333999999994319,0.0,0.0,5.333999999994319,0.0,1,random
EDGE:AISLE:x=11.836400:y=25.933400<->AISLE:x=12.293600:y=25.933400,edge,15,7,5.714999999995911,5.714999999995911,0.0,0.0,5.714999999995911,0.0,1,random
EDGE:AISLE:x=11.836400:y=28.219400<->AISLE:x=12.293600:y=28.219400,edge,103,7,39.24299999996984,39.24299999996984,0.0,0.0,39.24299999996984,0.0,1,random
EDGE:AISLE:x=11.836400:y=30.505400<->AISLE:x=12.293600:y=30.505400,edge,18,7,6.85799999999702,6.85799999999702,0.0,0.0,6.85799999999702,0.0,1,random
EDGE:AISLE:x=11.836400:y=32.791400<->AISLE:x=12.293600:y=32.791400,edge,29,7,11.048999999994294,11.048999999994294,0.0,0.0,11.048999999994294,0.0,1,random
EDGE:AISLE:x=11.836400:y=35.077400<->AISLE:x=12.293600:y=35.077400,edge,19,7,7.238999999997958,7.238999999997958,0.0,0.0,7.238999999997958,0.0,1,random
EDGE:AISLE:x=11.836400:y=37.363400<->AISLE:x=12.293600:y=37.363400,edge,3,3,1.1429999999987785,1.1429999999987785,0.0,0.0,1.1429999999987785,0.0,1,random
EDGE:AISLE:x=12.293600:y=16.027400<->AISLE:x=12.700000:y=16.027400,edge,14,5,4.741333333333229,4.741333333333229,0.0,0.0,4.741333333333229,0.0,1,random
EDGE:AISLE:x=12.293600:y=19.075400<->AISLE:x=12.700000:y=19.075400,edge,51,8,17.27199999999565,17.27199999999565,0.0,0.0,17.27199999999565,0.0,1,random
EDGE:AISLE:x=12.293600:y=21.361400<->AISLE:x=12.700000:y=21.361400,edge,52,8,17.610666666662397,17.610666666662397,0.0,0.0,17.610666666662397,0.0,1,random
EDGE:AISLE:x=12.293600:y=23.647400<->AISLE:x=12.700000:y=23.647400,edge,12,4,4.063999999998828,4.063999999998828,0.0,0.0,4.063999999998828,0.0,1,random
EDGE:AISLE:x=12.293600:y=25.933400<->AISLE:x=12.700000:y=25.933400,edge,15,7,5.0799999999992735,5.0799999999992735,0.0,0.0,5.0799999999992735,0.0,1,random
EDGE:AISLE:x=12.293600:y=28.219400<->AISLE:x=12.700000:y=28.219400,edge,101,7,34.20533333332839,34.20533333332838,0.0,0.0,34.20533333332839,0.0,1,random
EDGE:AISLE:x=12.293600:y=30.505400<->AISLE:x=12.700000:y=30.505400,edge,18,7,6.095999999999464,6.095999999999464,0.0,0.0,6.095999999999464,0.0,1,random
EDGE:AISLE:x=12.293600:y=32.791400<->AISLE:x=12.700000:y=32.791400,edge,21,6,7.111999999998972,7.111999999998972,0.0,0.0,7.111999999998972,0.0,1,random
EDGE:AISLE:x=12.293600:y=35.077400<->AISLE:x=12.700000:y=35.077400,edge,19,7,6.434666666666658,6.434666666666658,0.0,0.0,6.434666666666658,0.0,1,random
EDGE:AISLE:x=12.293600:y=37.363400<->AISLE:x=12.700000:y=37.363400,edge,3,3,1.0159999999997353,1.0159999999997353,0.0,0.0,1.0159999999997353,0.0,1,random
EDGE:AISLE:x=12.700000:y=16.027400<->AISLE:x=13.106400:y=16.027400,edge,14,5,4.741333333333236,4.741333333333236,0.0,0.0,4.741333333333236,0.0,1,random
EDGE:AISLE:x=12.700000:y=19.075400<->AISLE:x=13.106400:y=19.075400,edge,47,8,15.91733333332949,15.91733333332949,0.0,0.0,15.91733333332949,0.0,1,random
EDGE:AISLE:x=12.700000:y=21.361400<->AISLE:x=13.106400:y=21.361400,edge,40,8,13.546666666663455,13.546666666663455,0.0,0.0,13.546666666663455,0.0,1,random
EDGE:AISLE:x=12.700000:y=23.647400<->AISLE:x=13.106400:y=23.647400,edge,12,4,4.063999999998828,4.063999999998828,0.0,0.0,4.063999999998828,0.0,1,random
EDGE:AISLE:x=12.700000:y=25.933400<->AISLE:x=13.106400:y=25.933400,edge,15,7,5.0799999999992735,5.0799999999992735,0.0,0.0,5.0799999999992735,0.0,1,random
EDGE:AISLE:x=12.700000:y=28.219400<->AISLE:x=13.106400:y=28.219400,edge,99,7,33.52799999999531,33.5279999999953,0.0,0.0,33.52799999999531,0.0,1,random
EDGE:AISLE:x=12.700000:y=30.505400<->AISLE:x=13.106400:y=30.505400,edge,16,7,5.418666666666155,5.418666666666155,0.0,0.0,5.418666666666155,0.0,1,random
EDGE:AISLE:x=12.700000:y=32.791400<->AISLE:x=13.106400:y=32.791400,edge,21,6,7.111999999999,7.111999999999,0.0,0.0,7.111999999999,0.0,1,random
EDGE:AISLE:x=12.700000:y=35.077400<->AISLE:x=13.106400:y=35.077400,edge,15,7,5.079999999999586,5.079999999999586,0.0,0.0,5.079999999999586,0.0,1,random
EDGE:AISLE:x=12.700000:y=37.363400<->AISLE:x=13.106400:y=37.363400,edge,3,3,1.0159999999997353,1.0159999999997353,0.0,0.0,1.0159999999997353,0.0,1,random
EDGE:AISLE:x=13.106400:y=16.027400<->AISLE:x=13.563600:y=16.027400,edge,14,5,5.333999999998923,5.333999999998923,0.0,0.0,5.333999999998923,0.0,1,random
EDGE:AISLE:x=13.106400:y=19.075400<->AISLE:x=13.563600:y=19.075400,edge,43,8,16.382999999982474,16.382999999982474,0.0,0.0,16.382999999982474,0.0,1,random
EDGE:AISLE:x=13.106400:y=21.361400<->AISLE:x=13.563600:y=21.361400,edge,40,8,15.2399999999854,15.2399999999854,0.0,0.0,15.2399999999854,0.0,1,random
EDGE:AISLE:x=13.106400:y=23.647400<->AISLE:x=13.563600:y=23.647400,edge,12,4,4.571999999994091,4.571999999994091,0.0,0.0,4.571999999994091,0.0,1,random
EDGE:AISLE:x=13.106400:y=25.933400<->AISLE:x=13.563600:y=25.933400,edge,15,7,5.714999999995911,5.714999999995911,0.0,0.0,5.714999999995911,0.0,1,random
EDGE:AISLE:x=13.106400:y=28.219400<->AISLE:x=13.563600:y=28.219400,edge,97,7,36.956999999972396,36.956999999972396,0.0,0.0,36.956999999972396,0.0,1,random
EDGE:AISLE:x=13.106400:y=30.505400<->AISLE:x=13.563600:y=30.505400,edge,14,6,5.3339999999982695,5.3339999999982695,0.0,0.0,5.3339999999982695,0.0,1,random
EDGE:AISLE:x=13.106400:y=32.791400<->AISLE:x=13.563600:y=32.791400,edge,21,6,8.000999999995543,8.000999999995543,0.0,0.0,8.000999999995543,0.0,1,random
EDGE:AISLE:x=13.106400:y=35.077400<->AISLE:x=13.563600:y=35.077400,edge,15,7,5.714999999997616,5.714999999997616,0.0,0.0,5.714999999997616,0.0,1,random
EDGE:AISLE:x=13.106400:y=37.363400<->AISLE:x=13.563600:y=37.363400,edge,3,3,1.1429999999987785,1.1429999999987785,0.0,0.0,1.1429999999987785,0.0,1,random
EDGE:AISLE:x=13.563600:y=16.027400<->AISLE:x=13.970000:y=16.027400,edge,10,4,3.386666666666847,3.386666666666847,0.0,0.0,3.386666666666847,0.0,1,random
EDGE:AISLE:x=13.563600:y=19.075400<->AISLE:x=13.970000:y=19.075400,edge,41,8,13.885333333329564,13.885333333329564,0.0,0.0,13.885333333329564,0.0,1,random
EDGE:AISLE:x=13.563600:y=21.361400<->AISLE:x=13.970000:y=21.361400,edge,38,8,12.869333333330147,12.869333333330147,0.0,0.0,12.869333333330147,0.0,1,random
EDGE:AISLE:x=13.563600:y=23.647400<->AISLE:x=13.970000:y=23.647400,edge,10,3,3.3866666666657466,3.3866666666657466,0.0,0.0,3.3866666666657466,0.0,1,random
EDGE:AISLE:x=13.563600:y=25.933400<->AISLE:x=13.970000:y=25.933400,edge,13,7,4.402666666665738,4.402666666665738,0.0,0.0,4.402666666665738,0.0,1,random
EDGE:AISLE:x=13.563600:y=28.219400<->AISLE:x=13.970000:y=28.219400,edge,95,7,32.17333333332869,32.173333333328685,0.0,0.0,32.17333333332869,0.0,1,random
EDGE:AISLE:x=13.563600:y=30.505400<->AISLE:x=13.970000:y=30.505400,edge,14,6,4.741333333333074,4.741333333333074,0.0,0.0,4.741333333333074,0.0,1,random
EDGE:AISLE:x=13.563600:y=32.791400<->AISLE:x=13.970000:y=32.791400,edge,19,6,6.434666666665663,6.434666666665663,0.0,0.0,6.434666666665663,0.0,1,random
EDGE:AISLE:x=13.563600:y=35.077400<->AISLE:x=13.970000:y=35.077400,edge,15,7,5.079999999999586,5.079999999999586,0.0,0.0,5.079999999999586,0.0,1,random
EDGE:AISLE:x=13.563600:y=37.363400<->AISLE:x=13.970000:y=37.363400,edge,3,3,1.0159999999997353,1.0159999999997353,0.0,0.0,1.0159999999997353,0.0,1,random
EDGE:AISLE:x=13.970000:y=16.027400<->AISLE:x=14.376400:y=16.027400,edge,10,4,3.386666666666853,3.386666666666853,0.0,0.0,3.386666666666853,0.0,1,random
EDGE:AISLE:x=13.970000:y=19.075400<->AISLE:x=14.376400:y=19.075400,edge,41,8,13.88533333332957,13.88533333332957,0.0,0.0,13.88533333332957,0.0,1,random
EDGE:AISLE:x=13.970000:y=21.361400<->AISLE:x=14.376400:y=21.361400,edge,38,8,12.869333333330147,12.869333333330147,0.0,0.0,12.869333333330147,0.0,1,random
EDGE:AISLE:x=13.970000:y=23.647400<->AISLE:x=14.376400:y=23.647400,edge,6,3,2.0319999999995844,2.0319999999995844,0.0,0.0,2.0319999999995844,0.0,1,random
EDGE:AISLE:x=13.970000:y=25.933400<->AISLE:x=14.376400:y=25.933400,edge,13,7,4.402666666665738,4.402666666665738,0.0,0.0,4.402666666665738,0.0,1,random
EDGE:AISLE:x=13.970000:y=28.219400<->AISLE:x=14.376400:y=28.219400,edge,87,7,29.463999999995238,29.463999999995238,0.0,0.0,29.463999999995238,0.0,1,random
EDGE:AISLE:x=13.970000:y=30.505400<->AISLE:x=14.376400:y=30.505400,edge,12,6,4.063999999999538,4.063999999999538,0.0,0.0,4.063999999999538,0.0,1,random
EDGE:AISLE:x=13.970000:y=32.791400<->AISLE:x=14.376400:y=32.791400,edge,15,6,5.079999999998819,5.079999999998819,0.0,0.0,5.079999999998819,0.0,1,random
EDGE:AISLE:x=13.970000:y=35.077400<->AISLE:x=14.376400:y=35.077400,edge,15,7,5.079999999999586,5.079999999999586,0.0,0.0,5.079999999999586,0.0,1,random
EDGE:AISLE:x=13.970000:y=37.363400<->AISLE:x=14.376400:y=37.363400,edge,3,3,1.0159999999997353,1.0159999999997353,0.0,0.0,1.0159999999997353,0.0,1,random
EDGE:AISLE:x=14.376400:y=16.027400<->AISLE:x=14.833600:y=16.027400,edge,10,4,3.8100000000001093,3.8100000000001093,0.0,0.0,3.8100000000001093,0.0,1,random
EDGE:AISLE:x=14.376400:y=19.075400<->AISLE:x=14.833600:y=19.075400,edge,39,8,14.858999999983721,14.858999999983721,0.0,0.0,14.858999999983721,0.0,1,random
EDGE:AISLE:x=14.376400:y=21.361400<->AISLE:x=14.833600:y=21.361400,edge,36,8,13.71599999998665,13.71599999998665,0.0,0.0,13.71599999998665,0.0,1,random
EDGE:AISLE:x=14.376400:y=23.647400<->AISLE:x=14.833600:y=23.647400,edge,6,3,2.285999999997671,2.285999999997671,0.0,0.0,2.285999999997671,0.0,1,random
EDGE:AISLE:x=14.376400:y=25.933400<->AISLE:x=14.833600:y=25.933400,edge,13,7,4.95299999999574,4.95299999999574,0.0,0.0,4.95299999999574,0.0,1,random
EDGE:AISLE:x=14.376400:y=28.219400<->AISLE:x=14.833600:y=28.219400,edge,81,7,30.86099999997404,30.86099999997404,0.0,0.0,30.86099999997404,0.0,1,random
EDGE:AISLE:x=14.376400:y=30.505400<->AISLE:x=14.833600:y=30.505400,edge,12,6,4.5719999999980985,4.5719999999980985,0.0,0.0,4.5719999999980985,0.0,1,random
EDGE:AISLE:x=14.376400:y=32.791400<->AISLE:x=14.833600:y=32.791400,edge,13,6,4.952999999995768,4.952999999995768,0.0,0.0,4.952999999995768,0.0,1,random
EDGE:AISLE:x=14.376400:y=35.077400<->AISLE:x=14.833600:y=35.077400,edge,13,7,4.952999999997672,4.952999999997672,0.0,0.0,4.952999999997672,0.0,1,random
EDGE:AISLE:x=14.376400:y=37.363400<->AISLE:x=14.833600:y=37.363400,edge,3,3,1.1429999999987785,1.1429999999987785,0.0,0.0,1.1429999999987785,0.0,1,random
EDGE:AISLE:x=14.833600:y=16.027400<->AISLE:x=15.240000:y=16.027400,edge,8,3,2.7093333333335163,2.7093333333335163,0.0,0.0,2.7093333333335163,0.0,1,random
EDGE:AISLE:x=14.833600:y=19.075400<->AISLE:x=15.240000:y=19.075400,edge,39,8,13.207999999996488,13.207999999996488,0.0,0.0,13.207999999996488,0.0,1,random
EDGE:AISLE:x=14.833600:y=21.361400<->AISLE:x=15.240000:y=21.361400,edge,32,8,10.837333333330704,10.837333333330704,0.0,0.0,10.837333333330704,0.0,1,random
EDGE:AISLE:x=14.833600:y=23.647400<->AISLE:x=15.240000:y=23.647400,edge,6,3,2.0319999999995844,2.0319999999995844,0.0,0.0,2.0319999999995844,0.0,1,random
EDGE:AISLE:x=14.833600:y=25.933400<->AISLE:x=15.240000:y=25.933400,edge,11,6,3.725333333332401,3.725333333332401,0.0,0.0,3.725333333332401,0.0,1,random
EDGE:AISLE:x=14.833600:y=28.219400<->AISLE:x=15.240000:y=28.219400,edge,85,7,28.78666666666105,28.78666666666105,0.0,0.0,28.78666666666105,0.0,1,random
EDGE:AISLE:x=14.833600:y=30.505400<->AISLE:x=15.240000:y=30.505400,edge,12,6,4.063999999999538,4.063999999999538,0.0,0.0,4.063999999999538,0.0,1,random
EDGE:AISLE:x=14.833600:y=32.791400<->AISLE:x=15.240000:y=32.791400,edge,11,6,3.7253333333326566,3.7253333333326566,0.0,0.0,3.7253333333326566,0.0,1,random
EDGE:AISLE:x=14.833600:y=35.077400<->AISLE:x=15.240000:y=35.077400,edge,11,6,3.7253333333331966,3.7253333333331966,0.0,0.0,3.7253333333331966,0.0,1,random
EDGE:AISLE:x=14.833600:y=37.363400<->AISLE:x=15.240000:y=37.363400,edge,3,3,1.0159999999997353,1.0159999999997353,0.0,0.0,1.0159999999997353,0.0,1,random
EDGE:AISLE:x=15.240000:y=16.027400<->AISLE:x=15.646400:y=16.027400,edge,6,3,2.031999999999977,2.031999999999977,0.0,0.0,2.031999999999977,0.0,1,random
EDGE:AISLE:x=15.240000:y=19.075400<->AISLE:x=15.646400:y=19.075400,edge,33,8,11.17599999999724,11.17599999999724,0.0,0.0,11.17599999999724,0.0,1,random
EDGE:AISLE:x=15.240000:y=21.361400<->AISLE:x=15.646400:y=21.361400,edge,28,8,9.482666666664286,9.482666666664286,0.0,0.0,9.482666666664286,0.0,1,random
EDGE:AISLE:x=15.240000:y=23.647400<->AISLE:x=15.646400:y=23.647400,edge,6,3,2.0319999999995844,2.0319999999995844,0.0,0.0,2.0319999999995844,0.0,1,random
EDGE:AISLE:x=15.240000:y=25.933400<->AISLE:x=15.646400:y=25.933400,edge,11,6,3.725333333332401,3.725333333332401,0.0,0.0,3.725333333332401,0.0,1,random
EDGE:AISLE:x=15.240000:y=28.219400<->AISLE:x=15.646400:y=28.219400,edge,87,8,29.46399999999457,29.463999999994567,0.0,0.0,29.46399999999457,0.0,1,random
EDGE:AISLE:x=15.240000:y=30.505400<->AISLE:x=15.646400:y=30.505400,edge,12,6,4.063999999999538,4.063999999999538,0.0,0.0,4.063999999999538,0.0,1,random
EDGE:AISLE:x=15.240000:y=32.791400<->AISLE:x=15.646400:y=32.791400,edge,9,5,3.047999999999348,3.047999999999348,0.0,0.0,3.047999999999348,0.0,1,random
EDGE:AISLE:x=15.240000:y=35.077400<->AISLE:x=15.646400:y=35.077400,edge,9,6,3.047999999999888,3.047999999999888,0.0,0.0,3.047999999999888,0.0,1,random
EDGE:AISLE:x=15.240000:y=37.363400<->AISLE:x=15.646400:y=37.363400,edge,3,3,1.0159999999997353,1.0159999999997353,0.0,0.0,1.0159999999997353,0.0,1,random
EDGE:AISLE:x=15.646400:y=16.027400<->AISLE:x=16.103600:y=16.027400,edge,6,3,2.2859999999999445,2.2859999999999445,0.0,0.0,2.2859999999999445,0.0,1,random
EDGE:AISLE:x=15.646400:y=19.075400<->AISLE:x=16.103600:y=19.075400,edge,31,8,11.810999999988553,11.810999999988553,0.0,0.0,11.810999999988553,0.0,1,random
EDGE:AISLE:x=15.646400:y=21.361400<->AISLE:x=16.103600:y=21.361400,edge,22,7,8.381999999991478,8.381999999991478,0.0,0.0,8.381999999991478,0.0,1,random
EDGE:AISLE:x=15.646400:y=23.647400<->AISLE:x=16.103600:y=23.647400,edge,6,3,2.285999999997671,2.285999999997671,0.0,0.0,2.285999999997671,0.0,1,random
EDGE:AISLE:x=15.646400:y=25.933400<->AISLE:x=16.103600:y=25.933400,edge,15,7,5.71499999999466,5.71499999999466,0.0,0.0,5.71499999999466,0.0,1,random
EDGE:AISLE:x=15.646400:y=28.219400<->AISLE:x=16.103600:y=28.219400,edge,73,8,27.81299999997637,27.81299999997637,0.0,0.0,27.81299999997637,0.0,1,random
EDGE:AISLE:x=15.646400:y=30.505400<->AISLE:x=16.103600:y=30.505400,edge,8,5,3.0479999999982113,3.0479999999982113,0.0,0.0,3.0479999999982113,0.0,1,random
EDGE:AISLE:x=15.646400:y=32.791400<->AISLE:x=16.103600:y=32.791400,edge,5,3,1.9049999999993474,1.9049999999993474,0.0,0.0,1.9049999999993474,0.0,1,random
EDGE:AISLE:x=15.646400:y=35.077400<->AISLE:x=16.103600:y=35.077400,edge,9,6,3.428999999998865,3.428999999998865,0.0,0.0,3.428999999998865,0.0,1,random
EDGE:AISLE:x=15.646400:y=37.363400<->AISLE:x=16.103600:y=37.363400,edge,3,3,1.1429999999987785,1.1429999999987785,0.0,0.0,1.1429999999987785,0.0,1,random
EDGE:AISLE:x=16.103600:y=16.027400<->AISLE:x=16.510000:y=16.027400,edge,4,2,1.3546666666666596,1.3546666666666596,0.0,0.0,1.3546666666666596,0.0,1,random
EDGE:AISLE:x=16.103600:y=19.075400<->AISLE:x=16.510000:y=19.075400,edge,31,8,10.498666666664384,10.498666666664384,0.0,0.0,10.498666666664384,0.0,1,random
EDGE:AISLE:x=16.103600:y=21.361400<->AISLE:x=16.510000:y=21.361400,edge,22,7,7.450666666664816,7.450666666664816,0.0,0.0,7.450666666664816,0.0,1,random
EDGE:AISLE:x=16.103600:y=23.647400<->AISLE:x=16.510000:y=23.647400,edge,8,4,2.7093333333329213,2.7093333333329213,0.0,0.0,2.7093333333329213,0.0,1,random
EDGE:AISLE:x=16.103600:y=25.933400<->AISLE:x=16.510000:y=25.933400,edge,15,7,5.079999999998819,5.079999999998819,0.0,0.0,5.079999999998819,0.0,1,random
EDGE:AISLE:x=16.103600:y=28.219400<->AISLE:x=16.510000:y=28.219400,edge,61,8,20.65866666666196,20.65866666666196,0.0,0.0,20.65866666666196,0.0,1,random
EDGE:AISLE:x=16.103600:y=30.505400<->AISLE:x=16.510000:y=30.505400,edge,4,3,1.3546666666662759,1.3546666666662759,0.0,0.0,1.3546666666662759,0.0,1,random
EDGE:AISLE:x=16.103600:y=32.791400<->AISLE:x=16.510000:y=32.791400,edge,3,3,1.015999999999849,1.015999999999849,0.0,0.0,1.015999999999849,0.0,1,random
EDGE:AISLE:x=16.103600:y=35.077400<->AISLE:x=16.510000:y=35.077400,edge,9,6,3.047999999999888,3.047999999999888,0.0,0.0,3.047999999999888,0.0,1,random
EDGE:AISLE:x=16.103600:y=37.363400<->AISLE:x=16.510000:y=37.363400,edge,3,3,1.0159999999997353,1.0159999999997353,0.0,0.0,1.0159999999997353,0.0,1,random
EDGE:AISLE:x=16.510000:y=16.027400<->AISLE:x=16.916400:y=16.027400,edge,2,1,0.677333333333336,0.677333333333336,0.0,0.0,0.677333333333336,0.0,1,random
EDGE:AISLE:x=16.510000:y=19.075400<->AISLE:x=16.916400:y=19.075400,edge,23,6,7.789333333331584,7.789333333331584,0.0,0.0,7.789333333331584,0.0,1,random
EDGE:AISLE:x=16.510000:y=21.361400<->AISLE:x=16.916400:y=21.361400,edge,22,7,7.450666666664816,7.450666666664816,0.0,0.0,7.450666666664816,0.0,1,random
EDGE:AISLE:x=16.510000:y=23.647400<->AISLE:x=16.916400:y=23.647400,edge,8,4,2.7093333333329213,2.7093333333329213,0.0,0.0,2.7093333333329213,0.0,1,random
EDGE:AISLE:x=16.510000:y=25.933400<->AISLE:x=16.916400:y=25.933400,edge,15,7,5.079999999998819,5.079999999998819,0.0,0.0,5.079999999998819,0.0,1,random
EDGE:AISLE:x=16.510000:y=28.219400<->AISLE:x=16.916400:y=28.219400,edge,45,8,15.239999999996385,15.239999999996385,0.0,0.0,15.239999999996385,0.0,1,random
EDGE:AISLE:x=16.510000:y=30.505400<->AISLE:x=16.916400:y=30.505400,edge,6,3,2.0319999999995844,2.0319999999995844,0.0,0.0,2.0319999999995844,0.0,1,random
EDGE:AISLE:x=16.510000:y=32.791400<->AISLE:x=16.916400:y=32.791400,edge,3,3,1.015999999999849,1.015999999999849,0.0,0.0,1.015999999999849,0.0,1,random
EDGE:AISLE:x=16.510000:y=35.077400<->AISLE:x=16.916400:y=35.077400,edge,5,5,1.6933333333330438,1.6933333333330438,0.0,0.0,1.6933333333330438,0.0,1,random
EDGE:AISLE:x=16.510000:y=37.363400<->AISLE:x=16.916400:y=37.363400,edge,3,3,1.0159999999997353,1.0159999999997353,0.0,0.0,1.0159999999997353,0.0,1,random
EDGE:AISLE:x=16.916400:y=19.075400<->SUP:RC-09,edge,13,6,5.503333333338489,5.503333333338489,0.0,0.0,5.503333333338489,0.0,1,random
EDGE:AISLE:x=16.916400:y=21.361400<->SUP:RC-10,edge,22,7,9.31333333334372,9.31333333334372,0.0,0.0,9.31333333334372,0.0,1,random
EDGE:AISLE:x=16.916400:y=23.647400<->SUP:RC-11,edge,8,4,3.386666666669754,3.386666666669754,0.0,0.0,3.386666666669754,0.0,1,random
EDGE:AISLE:x=16.916400:y=25.933400<->SUP:RC-12,edge,13,7,5.503333333338588,5.503333333338588,0.0,0.0,5.503333333338588,0.0,1,random
EDGE:AISLE:x=16.916400:y=28.219400<->SUP:RC-13,edge,25,7,10.583333333343873,10.583333333343873,0.0,0.0,10.583333333343873,0.0,1,random
EDGE:AISLE:x=16.916400:y=30.505400<->SUP:RC-14,edge,6,3,2.540000000002294,2.540000000002294,0.0,0.0,2.540000000002294,0.0,1,random
EDGE:AISLE:x=16.916400:y=32.791400<->SUP:RC-15,edge,3,3,1.2700000000007208,1.2700000000007208,0.0,0.0,1.2700000000007208,0.0,1,random
EDGE:AISLE:x=16.916400:y=35.077400<->SUP:RC-16,edge,5,5,2.116666666668152,2.116666666668152,0.0,0.0,2.116666666668152,0.0,1,random
EDGE:AISLE:x=16.916400:y=37.363400<->SUP:RC-17,edge,3,3,1.2700000000014597,1.2700000000014597,0.0,0.0,1.2700000000014597,0.0,1,random
EDGE:AISLE:x=2.184400:y=16.027400<->AISLE:x=2.590800:y=16.027400,edge,8,4,2.7093333333327934,2.7093333333327934,0.0,0.0,2.7093333333327934,0.0,1,random
EDGE:AISLE:x=2.184400:y=16.027400<->SUP:LC-08,edge,6,3,2.540000000001143,2.540000000001143,0.0,0.0,2.540000000001143,0.0,1,random
EDGE:AISLE:x=2.184400:y=19.075400<->AISLE:x=2.590800:y=19.075400,edge,12,4,4.0639999999986,4.0639999999986,0.0,0.0,4.0639999999986,0.0,1,random
EDGE:AISLE:x=2.184400:y=19.075400<->SUP:LC-09,edge,14,4,5.926666666674805,5.926666666674805,0.0,0.0,5.926666666674805,0.0,1,random
EDGE:AISLE:x=2.184400:y=21.361400<->AISLE:x=2.590800:y=21.361400,edge,19,5,6.434666666665407,6.434666666665407,0.0,0.0,6.434666666665407,0.0,1,random
EDGE:AISLE:x=2.184400:y=21.361400<->SUP:LC-10,edge,21,5,8.890000000004534,8.890000000004534,0.0,0.0,8.890000000004534,0.0,1,random
EDGE:AISLE:x=2.184400:y=23.647400<->AISLE:x=2.590800:y=23.647400,edge,36,6,12.19199999999745,12.19199999999745,0.0,0.0,12.19199999999745,0.0,1,random
EDGE:AISLE:x=2.184400:y=23.647400<->SUP:LC-11,edge,38,6,16.086666666682163,16.086666666682163,0.0,0.0,16.086666666682163,0.0,1,random
EDGE:AISLE:x=2.184400:y=25.933400<->AISLE:x=2.590800:y=25.933400,edge,22,6,7.450666666665484,7.450666666665484,0.0,0.0,7.450666666665484,0.0,1,random
EDGE:AISLE:x=2.184400:y=25.933400<->SUP:LC-12,edge,22,6,9.313333333339813,9.313333333339813,0.0,0.0,9.313333333339813,0.0,1,random
EDGE:AISLE:x=2.184400:y=28.219400<->AISLE:x=2.590800:y=28.219400,edge,23,6,7.789333333332522,7.789333333332522,0.0,0.0,7.789333333332522,0.0,1,random
EDGE:AISLE:x=2.184400:y=28.219400<->SUP:LC-13,edge,25,6,10.583333333340832,10.583333333340832,0.0,0.0,10.583333333340832,0.0,1,random
EDGE:AISLE:x=2.184400:y=30.505400<->AISLE:x=2.590800:y=30.505400,edge,24,4,8.12799999999983,8.12799999999983,0.0,0.0,8.12799999999983,0.0,1,random
EDGE:AISLE:x=2.184400:y=30.505400<->SUP:LC-14,edge,20,4,8.466666666670662,8.466666666670662,0.0,0.0,8.466666666670662,0.0,1,random
EDGE:AISLE:x=2.184400:y=32.791400<->AISLE:x=2.590800:y=32.791400,edge,21,6,7.111999999999767,7.111999999999767,0.0,0.0,7.111999999999767,0.0,1,random
EDGE:AISLE:x=2.184400:y=32.791400<->SUP:LC-15,edge,21,6,8.890000000004733,8.890000000004733,0.0,0.0,8.890000000004733,0.0,1,random
EDGE:AISLE:x=2.184400:y=35.077400<->AISLE:x=2.590800:y=35.077400,edge,11,4,3.7253333333333245,3.7253333333333245,0.0,0.0,3.7253333333333245,0.0,1,random
EDGE:AISLE:x=2.184400:y=35.077400<->SUP:LC-16,edge,11,4,4.656666666669182,4.656666666669182,0.0,0.0,4.656666666669182,0.0,1,random
EDGE:AISLE:x=2.590800:y=16.027400<->AISLE:x=2.997200:y=16.027400,edge,8,4,2.7093333333327934,2.7093333333327934,0.0,0.0,2.7093333333327934,0.0,1,random
EDGE:AISLE:x=2.590800:y=19.075400<->AISLE:x=2.997200:y=19.075400,edge,12,4,4.0639999999986,4.0639999999986,0.0,0.0,4.0639999999986,0.0,1,random
EDGE:AISLE:x=2.590800:y=21.361400<->AISLE:x=2.997200:y=21.361400,edge,19,5,6.434666666665407,6.434666666665407,0.0,0.0,6.434666666665407,0.0,1,random
EDGE:AISLE:x=2.590800:y=23.647400<->AISLE:x=2.997200:y=23.647400,edge,36,6,12.191999999997648,12.191999999997648,0.0,0.0,12.191999999997648,0.0,1,random
EDGE:AISLE:x=2.590800:y=25.933400<->AISLE:x=2.997200:y=25.933400,edge,22,6,7.450666666665484,7.450666666665484,0.0,0.0,7.450666666665484,0.0,1,random
EDGE:AISLE:x=2.590800:y=28.219400<->AISLE:x=2.997200:y=28.219400,edge,23,6,7.789333333332522,7.789333333332522,0.0,0.0,7.789333333332522,0.0,1,random
EDGE:AISLE:x=2.590800:y=30.505400<->AISLE:x=2.997200:y=30.505400,edge,20,4,6.773333333333213,6.773333333333213,0.0,0.0,6.773333333333213,0.0,1,random
EDGE:AISLE:x=2.590800:y=32.791400<->AISLE:x=2.997200:y=32.791400,edge,19,6,6.434666666666459,6.434666666666459,0.0,0.0,6.434666666666459,0.0,1,random
EDGE:AISLE:x=2.590800:y=35.077400<->AISLE:x=2.997200:y=35.077400,edge,11,4,3.7253333333333245,3.7253333333333245,0.0,0.0,3.7253333333333245,0.0,1,random
EDGE:AISLE:x=2.997200:y=16.027400<->AISLE:x=3.454400:y=16.027400,edge,8,4,3.0479999999984386,3.0479999999984386,0.0,0.0,3.0479999999984386,0.0,1,random
EDGE:AISLE:x=2.997200:y=19.075400<->AISLE:x=3.454400:y=19.075400,edge,12,4,4.571999999993409,4.571999999993409,0.0,0.0,4.571999999993409,0.0,1,random
EDGE:AISLE:x=2.997200:y=21.361400<->AISLE:x=3.454400:y=21.361400,edge,21,5,8.000999999994065,8.000999999994065,0.0,0.0,8.000999999994065,0.0,1,random
EDGE:AISLE:x=2.997200:y=23.647400<->AISLE:x=3.454400:y=23.647400,edge,32,6,12.191999999990884,12.191999999990884,0.0,0.0,12.191999999990884,0.0,1,random
EDGE:AISLE:x=2.997200:y=25.933400<->AISLE:x=3.454400:y=25.933400,edge,22,6,8.381999999994434,8.381999999994434,0.0,0.0,8.381999999994434,0.0,1,random
EDGE:AISLE:x=2.997200:y=28.219400<->AISLE:x=3.454400:y=28.219400,edge,23,6,8.762999999995259,8.762999999995259,0.0,0.0,8.762999999995259,0.0,1,random
EDGE:AISLE:x=2.997200:y=30.505400<->AISLE:x=3.454400:y=30.505400,edge,20,4,7.6199999999973045,7.6199999999973045,0.0,0.0,7.6199999999973045,0.0,1,random
EDGE:AISLE:x=2.997200:y=32.791400<->AISLE:x=3.454400:y=32.791400,edge,21,6,8.000999999996793,8.000999999996793,0.0,0.0,8.000999999996793,0.0,1,random
EDGE:AISLE:x=2.997200:y=35.077400<->AISLE:x=3.454400:y=35.077400,edge,11,4,4.190999999998468,4.190999999998468,0.0,0.0,4.190999999998468,0.0,1,random
EDGE:AISLE:x=3.454400:y=16.027400<->AISLE:x=3.860800:y=16.027400,edge,6,4,2.0319999999997123,2.0319999999997123,0.0,0.0,2.0319999999997123,0.0,1,random
EDGE:AISLE:x=3.454400:y=19.075400<->AISLE:x=3.860800:y=19.075400,edge,12,4,4.0639999999986,4.0639999999986,0.0,0.0,4.0639999999986,0.0,1,random
EDGE:AISLE:x=3.454400:y=21.361400<->AISLE:x=3.860800:y=21.361400,edge,23,6,7.789333333331825,7.789333333331825,0.0,0.0,7.789333333331825,0.0,1,random
EDGE:AISLE:x=3.454400:y=23.647400<->AISLE:x=3.860800:y=23.647400,edge,28,5,9.48266666666487,9.48266666666487,0.0,0.0,9.48266666666487,0.0,1,random
EDGE:AISLE:x=3.454400:y=25.933400<->AISLE:x=3.860800:y=25.933400,edge,20,6,6.773333333332175,6.773333333332175,0.0,0.0,6.773333333332175,0.0,1,random
EDGE:AISLE:x=3.454400:y=28.219400<->AISLE:x=3.860800:y=28.219400,edge,23,6,7.789333333332522,7.789333333332522,0.0,0.0,7.789333333332522,0.0,1,random
EDGE:AISLE:x=3.454400:y=30.505400<->AISLE:x=3.860800:y=30.505400,edge,20,4,6.773333333333213,6.773333333333213,0.0,0.0,6.773333333333213,0.0,1,random
EDGE:AISLE:x=3.454400:y=32.791400<->AISLE:x=3.860800:y=32.791400,edge,23,6,7.789333333333076,7.789333333333076,0.0,0.0,7.789333333333076,0.0,1,random
EDGE:AISLE:x=3.454400:y=35.077400<->AISLE:x=3.860800:y=35.077400,edge,11,4,3.7253333333333245,3.7253333333333245,0.0,0.0,3.7253333333333245,0.0,1,random
EDGE:AISLE:x=3.860800:y=16.027400<->AISLE:x=4.267200:y=16.027400,edge,14,5,4.7413333333331735,4.7413333333331735,0.0,0.0,4.7413333333331735,0.0,1,random
EDGE:AISLE:x=3.860800:y=19.075400<->AISLE:x=4.267200:y=19.075400,edge,12,4,4.0639999999986,4.0639999999986,0.0,0.0,4.0639999999986,0.0,1,random
EDGE:AISLE:x=3.860800:y=21.361400<->AISLE:x=4.267200:y=21.361400,edge,21,5,7.111999999998744,7.111999999998744,0.0,0.0,7.111999999998744,0.0,1,random
EDGE:AISLE:x=3.860800:y=23.647400<->AISLE:x=4.267200:y=23.647400,edge,24,5,8.127999999998707,8.127999999998707,0.0,0.0,8.127999999998707,0.0,1,random
EDGE:AISLE:x=3.860800:y=25.933400<->AISLE:x=4.267200:y=25.933400,edge,24,6,8.127999999998792,8.127999999998792,0.0,0.0,8.127999999998792,0.0,1,random
EDGE:AISLE:x=3.860800:y=28.219400<->AISLE:x=4.267200:y=28.219400,edge,21,6,7.111999999999213,7.111999999999213,0.0,0.0,7.111999999999213,0.0,1,random
EDGE:AISLE:x=3.860800:y=30.505400<->AISLE:x=4.267200:y=30.505400,edge,22,4,7.4506666666667485,7.4506666666667485,0.0,0.0,7.4506666666667485,0.0,1,random
EDGE:AISLE:x=3.860800:y=32.791400<->AISLE:x=4.267200:y=32.791400,edge,25,6,8.466666666666413,8.466666666666413,0.0,0.0,8.466666666666413,0.0,1,random
EDGE:AISLE:x=3.860800:y=35.077400<->AISLE:x=4.267200:y=35.077400,edge,13,4,4.402666666666406,4.402666666666406,0.0,0.0,4.402666666666406,0.0,1,random
EDGE:AISLE:x=4.267200:y=16.027400<->AISLE:x=4.724400:y=16.027400,edge,16,5,6.095999999997815,6.095999999997815,0.0,0.0,6.095999999997815,0.0,1,random
EDGE:AISLE:x=4.267200:y=19.075400<->AISLE:x=4.724400:y=19.075400,edge,12,4,4.571999999993409,4.571999999993409,0.0,0.0,4.571999999993409,0.0,1,random
EDGE:AISLE:x=4.267200:y=21.361400<->AISLE:x=4.724400:y=21.361400,edge,25,6,9.52499999999452,9.52499999999452,0.0,0.0,9.52499999999452,0.0,1,random
EDGE:AISLE:x=4.267200:y=23.647400<->AISLE:x=4.724400:y=23.647400,edge,24,5,9.143999999993497,9.143999999993497,0.0,0.0,9.143999999993497,0.0,1,random
EDGE:AISLE:x=4.267200:y=25.933400<->AISLE:x=4.724400:y=25.933400,edge,26,6,9.905999999993242,9.905999999993242,0.0,0.0,9.905999999993242,0.0,1,random
EDGE:AISLE:x=4.267200:y=28.219400<->AISLE:x=4.724400:y=28.219400,edge,23,6,8.762999999994122,8.762999999994122,0.0,0.0,8.762999999994122,0.0,1,random
EDGE:AISLE:x=4.267200:y=30.505400<->AISLE:x=4.724400:y=30.505400,edge,24,4,9.143999999997476,9.143999999997476,0.0,0.0,9.143999999997476,0.0,1,random
EDGE:AISLE:x=4.267200:y=32.791400<->AISLE:x=4.724400:y=32.791400,edge,25,6,9.524999999996737,9.524999999996737,0.0,0.0,9.524999999996737,0.0,1,random
EDGE:AISLE:x=4.267200:y=35.077400<->AISLE:x=4.724400:y=35.077400,edge,15,5,5.714999999996138,5.714999999996138,0.0,0.0,5.714999999996138,0.0,1,random
EDGE:AISLE:x=4.724400:y=16.027400<->AISLE:x=5.130800:y=16.027400,edge,20,6,6.773333333333355,6.773333333333355,0.0,0.0,6.773333333333355,0.0,1,random
EDGE:AISLE:x=4.724400:y=19.075400<->AISLE:x=5.130800:y=19.075400,edge,14,4,4.741333333331681,4.741333333331681,0.0,0.0,4.741333333331681,0.0,1,random
EDGE:AISLE:x=4.724400:y=21.361400<->AISLE:x=5.130800:y=21.361400,edge,27,6,9.143999999999153,9.143999999999153,0.0,0.0,9.143999999999153,0.0,1,random
EDGE:AISLE:x=4.724400:y=23.647400<->AISLE:x=5.130800:y=23.647400,edge,28,6,9.482666666665096,9.482666666665096,0.0,0.0,9.482666666665096,0.0,1,random
EDGE:AISLE:x=4.724400:y=25.933400<->AISLE:x=5.130800:y=25.933400,edge,24,6,8.127999999998565,8.127999999998565,0.0,0.0,8.127999999998565,0.0,1,random
EDGE:AISLE:x=4.724400:y=28.219400<->AISLE:x=5.130800:y=28.219400,edge,27,6,9.143999999998684,9.143999999998684,0.0,0.0,9.143999999998684,0.0,1,random
EDGE:AISLE:x=4.724400:y=30.505400<->AISLE:x=5.130800:y=30.505400,edge,20,3,6.773333333333213,6.773333333333213,0.0,0.0,6.773333333333213,0.0,1,random
EDGE:AISLE:x=4.724400:y=32.791400<->AISLE:x=5.130800:y=32.791400,edge,23,6,7.789333333332877,7.789333333332877,0.0,0.0,7.789333333332877,0.0,1,random
EDGE:AISLE:x=4.724400:y=35.077400<->AISLE:x=5.130800:y=35.077400,edge,17,6,5.757333333332568,5.757333333332568,0.0,0.0,5.757333333332568,0.0,1,random
EDGE:AISLE:x=5.130800:y=16.027400<->AISLE:x=5.537200:y=16.027400,edge,20,6,6.773333333333355,6.773333333333355,0.0,0.0,6.773333333333355,0.0,1,random
EDGE:AISLE:x=5.130800:y=19.075400<->AISLE:x=5.537200:y=19.075400,edge,14,5,4.741333333331909,4.741333333331909,0.0,0.0,4.741333333331909,0.0,1,random
EDGE:AISLE:x=5.130800:y=21.361400<->AISLE:x=5.537200:y=21.361400,edge,29,6,9.821333333332461,9.821333333332461,0.0,0.0,9.821333333332461,0.0,1,random
EDGE:AISLE:x=5.130800:y=23.647400<->AISLE:x=5.537200:y=23.647400,edge,34,7,11.51466666666434,11.51466666666434,0.0,0.0,11.51466666666434,0.0,1,random
EDGE:AISLE:x=5.130800:y=25.933400<->AISLE:x=5.537200:y=25.933400,edge,24,6,8.127999999998565,8.127999999998565,0.0,0.0,8.127999999998565,0.0,1,random
EDGE:AISLE:x=5.130800:y=28.219400<->AISLE:x=5.537200:y=28.219400,edge,31,6,10.498666666664846,10.498666666664846,0.0,0.0,10.498666666664846,0.0,1,random
EDGE:AISLE:x=5.130800:y=30.505400<->AISLE:x=5.537200:y=30.505400,edge,20,3,6.773333333333213,6.773333333333213,0.0,0.0,6.773333333333213,0.0,1,random
EDGE:AISLE:x=5.130800:y=32.791400<->AISLE:x=5.537200:y=32.791400,edge,25,6,8.466666666666185,8.466666666666185,0.0,0.0,8.466666666666185,0.0,1,random
EDGE:AISLE:x=5.130800:y=35.077400<->AISLE:x=5.537200:y=35.077400,edge,17,6,5.757333333332568,5.757333333332568,0.0,0.0,5.757333333332568,0.0,1,random
EDGE:AISLE:x=5.537200:y=16.027400<->AISLE:x=5.994400:y=16.027400,edge,20,6,7.619999999997987,7.619999999997987,0.0,0.0,7.619999999997987,0.0,1,random
EDGE:AISLE:x=5.537200:y=19.075400<->AISLE:x=5.994400:y=19.075400,edge,18,5,6.85799999999216,6.85799999999216,0.0,0.0,6.85799999999216,0.0,1,random
EDGE:AISLE:x=5.537200:y=21.361400<->AISLE:x=5.994400:y=21.361400,edge,29,6,11.048999999995885,11.048999999995885,0.0,0.0,11.048999999995885,0.0,1,random
EDGE:AISLE:x=5.537200:y=23.647400<->AISLE:x=5.994400:y=23.647400,edge,38,7,14.477999999985087,14.477999999985087,0.0,0.0,14.477999999985087,0.0,1,random
EDGE:AISLE:x=5.537200:y=25.933400<->AISLE:x=5.994400:y=25.933400,edge,32,7,12.191999999990912,12.191999999990912,0.0,0.0,12.191999999990912,0.0,1,random
EDGE:AISLE:x=5.537200:y=28.219400<->AISLE:x=5.994400:y=28.219400,edge,29,6,11.048999999990542,11.048999999990542,0.0,0.0,11.048999999990542,0.0,1,random
EDGE:AISLE:x=5.537200:y=30.505400<->AISLE:x=5.994400:y=30.505400,edge,18,3,6.857999999998498,6.857999999998498,0.0,0.0,6.857999999998498,0.0,1,random
EDGE:AISLE:x=5.537200:y=32.791400<->AISLE:x=5.994400:y=32.791400,edge,25,6,9.52499999999651,9.52499999999651,0.0,0.0,9.52499999999651,0.0,1,random
EDGE:AISLE:x=5.537200:y=35.077400<->AISLE:x=5.994400:y=35.077400,edge,17,6,6.476999999994888,6.476999999994888,0.0,0.0,6.476999999994888,0.0,1,random
EDGE:AISLE:x=5.994400:y=16.027400<->AISLE:x=6.400800:y=16.027400,edge,20,6,6.773333333333355,6.773333333333355,0.0,0.0,6.773333333333355,0.0,1,random
EDGE:AISLE:x=5.994400:y=19.075400<->AISLE:x=6.400800:y=19.075400,edge,18,5,6.095999999998298,6.095999999998298,0.0,0.0,6.095999999998298,0.0,1,random
EDGE:AISLE:x=5.994400:y=21.361400<->AISLE:x=6.400800:y=21.361400,edge,31,6,10.498666666665997,10.498666666665997,0.0,0.0,10.498666666665997,0.0,1,random
EDGE:AISLE:x=5.994400:y=23.647400<->AISLE:x=6.400800:y=23.647400,edge,48,7,16.255999999996135,16.255999999996135,0.0,0.0,16.255999999996135,0.0,1,random
EDGE:AISLE:x=5.994400:y=25.933400<->AISLE:x=6.400800:y=25.933400,edge,34,7,11.514666666664425,11.514666666664425,0.0,0.0,11.514666666664425,0.0,1,random
EDGE:AISLE:x=5.994400:y=28.219400<->AISLE:x=6.400800:y=28.219400,edge,31,6,10.498666666664391,10.498666666664391,0.0,0.0,10.498666666664391,0.0,1,random
EDGE:AISLE:x=5.994400:y=30.505400<->AISLE:x=6.400800:y=30.505400,edge,18,3,6.0960000000001315,6.0960000000001315,0.0,0.0,6.0960000000001315,0.0,1,random
EDGE:AISLE:x=5.994400:y=32.791400<->AISLE:x=6.400800:y=32.791400,edge,27,6,9.143999999999721,9.143999999999721,0.0,0.0,9.143999999999721,0.0,1,random
EDGE:AISLE:x=5.994400:y=35.077400<->AISLE:x=6.400800:y=35.077400,edge,21,7,7.111999999998986,7.111999999998986,0.0,0.0,7.111999999998986,0.0,1,random
EDGE:AISLE:x=6.400800:y=16.027400<->AISLE:x=6.807200:y=16.027400,edge,22,7,7.450666666666692,7.450666666666692,0.0,0.0,7.450666666666692,0.0,1,random
EDGE:AISLE:x=6.400800:y=19.075400<->AISLE:x=6.807200:y=19.075400,edge,18,5,6.095999999998298,6.095999999998298,0.0,0.0,6.095999999998298,0.0,1,random
EDGE:AISLE:x=6.400800:y=21.361400<->AISLE:x=6.807200:y=21.361400,edge,31,6,10.498666666665997,10.498666666665997,0.0,0.0,10.498666666665997,0.0,1,random
EDGE:AISLE:x=6.400800:y=23.647400<->AISLE:x=6.807200:y=23.647400,edge,52,7,17.610666666662752,17.610666666662752,0.0,0.0,17.610666666662752,0.0,1,random
EDGE:AISLE:x=6.400800:y=25.933400<->AISLE:x=6.807200:y=25.933400,edge,44,7,14.901333333330058,14.901333333330058,0.0,0.0,14.901333333330058,0.0,1,random
EDGE:AISLE:x=6.400800:y=28.219400<->AISLE:x=6.807200:y=28.219400,edge,29,6,9.82133333333131,9.82133333333131,0.0,0.0,9.82133333333131,0.0,1,random
EDGE:AISLE:x=6.400800:y=30.505400<->AISLE:x=6.807200:y=30.505400,edge,22,4,7.450666666666521,7.450666666666521,0.0,0.0,7.450666666666521,0.0,1,random
EDGE:AISLE:x=6.400800:y=32.791400<->AISLE:x=6.807200:y=32.791400,edge,29,6,9.82133333333303,9.82133333333303,0.0,0.0,9.82133333333303,0.0,1,random
EDGE:AISLE:x=6.400800:y=35.077400<->AISLE:x=6.807200:y=35.077400,edge,21,7,7.111999999998986,7.111999999998986,0.0,0.0,7.111999999998986,0.0,1,random
EDGE:AISLE:x=6.807200:y=16.027400<->AISLE:x=7.264400:y=16.027400,edge,22,7,8.381999999997987,8.381999999997987,0.0,0.0,8.381999999997987,0.0,1,random
EDGE:AISLE:x=6.807200:y=19.075400<->AISLE:x=7.264400:y=19.075400,edge,22,5,8.381999999989773,8.381999999989773,0.0,0.0,8.381999999989773,0.0,1,random
EDGE:AISLE:x=6.807200:y=21.361400<->AISLE:x=7.264400:y=21.361400,edge,37,7,14.09699999999225,14.09699999999225,0.0,0.0,14.09699999999225,0.0,1,random
EDGE:AISLE:x=6.807200:y=23.647400<->AISLE:x=7.264400:y=23.647400,edge,50,7,19.049999999981395,19.049999999981395,0.0,0.0,19.049999999981395,0.0,1,random
EDGE:AISLE:x=6.807200:y=25.933400<->AISLE:x=7.264400:y=25.933400,edge,48,7,18.28799999998364,18.28799999998364,0.0,0.0,18.28799999998364,0.0,1,random
EDGE:AISLE:x=6.807200:y=28.219400<->AISLE:x=7.264400:y=28.219400,edge,35,6,13.334999999988213,13.334999999988213,0.0,0.0,13.334999999988213,0.0,1,random
EDGE:AISLE:x=6.807200:y=30.505400<->AISLE:x=7.264400:y=30.505400,edge,24,4,9.143999999997249,9.143999999997249,0.0,0.0,9.143999999997249,0.0,1,random
EDGE:AISLE:x=6.807200:y=32.791400<->AISLE:x=7.264400:y=32.791400,edge,29,6,11.048999999996624,11.048999999996624,0.0,0.0,11.048999999996624,0.0,1,random
EDGE:AISLE:x=6.807200:y=35.077400<->AISLE:x=7.264400:y=35.077400,edge,21,7,8.000999999993695,8.000999999993695,0.0,0.0,8.000999999993695,0.0,1,random
EDGE:AISLE:x=7.264400:y=16.027400<->AISLE:x=7.670800:y=16.027400,edge,26,7,8.805333333333309,8.805333333333309,0.0,0.0,8.805333333333309,0.0,1,random
EDGE:AISLE:x=7.264400:y=19.075400<->AISLE:x=7.670800:y=19.075400,edge,20,5,6.773333333331379,6.773333333331379,0.0,0.0,6.773333333331379,0.0,1,random
EDGE:AISLE:x=7.264400:y=21.361400<->AISLE:x=7.670800:y=21.361400,edge,39,7,13.207999999998322,13.207999999998322,0.0,0.0,13.207999999998322,0.0,1,random
EDGE:AISLE:x=7.264400:y=23.647400<->AISLE:x=7.670800:y=23.647400,edge,50,7,16.933333333329443,16.933333333329443,0.0,0.0,16.933333333329443,0.0,1,random
EDGE:AISLE:x=7.264400:y=25.933400<->AISLE:x=7.670800:y=25.933400,edge,58,8,19.64266666666208,19.64266666666208,0.0,0.0,19.64266666666208,0.0,1,random
EDGE:AISLE:x=7.264400:y=28.219400<->AISLE:x=7.670800:y=28.219400,edge,37,7,12.530666666664331,12.530666666664331,0.0,0.0,12.530666666664331,0.0,1,random
EDGE:AISLE:x=7.264400:y=30.505400<->AISLE:x=7.670800:y=30.505400,edge,30,5,10.159999999999329,10.159999999999329,0.0,0.0,10.159999999999329,0.0,1,random
EDGE:AISLE:x=7.264400:y=32.791400<->AISLE:x=7.670800:y=32.791400,edge,39,7,13.20799999999889,13.20799999999889,0.0,0.0,13.20799999999889,0.0,1,random
EDGE:AISLE:x=7.264400:y=35.077400<->AISLE:x=7.670800:y=35.077400,edge,25,7,8.466666666666057,8.466666666666057,0.0,0.0,8.466666666666057,0.0,1,random
EDGE:AISLE:x=7.670800:y=16.027400<->AISLE:x=8.077200:y=16.027400,edge,26,7,8.805333333333301,8.805333333333301,0.0,0.0,8.805333333333301,0.0,1,random
EDGE:AISLE:x=7.670800:y=19.075400<->AISLE:x=8.077200:y=19.075400,edge,20,5,6.773333333331379,6.773333333331379,0.0,0.0,6.773333333331379,0.0,1,random
EDGE:AISLE:x=7.670800:y=21.361400<->AISLE:x=8.077200:y=21.361400,edge,57,8,19.30399999999881,19.30399999999881,0.0,0.0,19.30399999999881,0.0,1,random
EDGE:AISLE:x=7.670800:y=23.647400<->AISLE:x=8.077200:y=23.647400,edge,58,7,19.642666666662677,19.642666666662677,0.0,0.0,19.642666666662677,0.0,1,random
EDGE:AISLE:x=7.670800:y=25.933400<->AISLE:x=8.077200:y=25.933400,edge,66,8,22.351999999994177,22.351999999994177,0.0,0.0,22.351999999994177,0.0,1,random
EDGE:AISLE:x=7.670800:y=28.219400<->AISLE:x=8.077200:y=28.219400,edge,39,7,13.207999999997412,13.207999999997412,0.0,0.0,13.207999999997412,0.0,1,random
EDGE:AISLE:x=7.670800:y=30.505400<->AISLE:x=8.077200:y=30.505400,edge,36,5,12.191999999999254,12.191999999999254,0.0,0.0,12.191999999999254,0.0,1,random
EDGE:AISLE:x=7.670800:y=32.791400<->AISLE:x=8.077200:y=32.791400,edge,45,7,15.239999999998133,15.239999999998133,0.0,0.0,15.239999999998133,0.0,1,random
EDGE:AISLE:x=7.670800:y=35.077400<->AISLE:x=8.077200:y=35.077400,edge,33,7,11.175999999999291,11.175999999999291,0.0,0.0,11.175999999999291,0.0,1,random
EDGE:AISLE:x=8.077200:y=16.027400<->AISLE:x=8.534400:y=16.027400,edge,26,7,9.905999999998045,9.905999999998045,0.0,0.0,9.905999999998045,0.0,1,random
EDGE:AISLE:x=8.077200:y=19.075400<->AISLE:x=8.534400:y=19.075400,edge,22,5,8.381999999989773,8.381999999989773,0.0,0.0,8.381999999989773,0.0,1,random
EDGE:AISLE:x=8.077200:y=21.361400<->AISLE:x=8.534400:y=21.361400,edge,65,8,24.764999999988106,24.764999999988106,0.0,0.0,24.764999999988106,0.0,1,random
EDGE:AISLE:x=8.077200:y=23.647400<->AISLE:x=8.534400:y=23.647400,edge,64,7,24.383999999977817,24.383999999977817,0.0,0.0,24.383999999977817,0.0,1,random
EDGE:AISLE:x=8.077200:y=25.933400<->AISLE:x=8.534400:y=25.933400,edge,68,8,25.907999999971707,25.907999999971707,0.0,0.0,25.907999999971707,0.0,1,random
EDGE:AISLE:x=8.077200:y=28.219400<->AISLE:x=8.534400:y=28.219400,edge,39,7,14.858999999987077,14.858999999987077,0.0,0.0,14.858999999987077,0.0,1,random
EDGE:AISLE:x=8.077200:y=30.505400<->AISLE:x=8.534400:y=30.505400,edge,42,5,16.00199999999424,16.00199999999424,0.0,0.0,16.00199999999424,0.0,1,random
EDGE:AISLE:x=8.077200:y=32.791400<->AISLE:x=8.534400:y=32.791400,edge,47,7,17.90699999998725,17.90699999998725,0.0,0.0,17.90699999998725,0.0,1,random
EDGE:AISLE:x=8.077200:y=35.077400<->AISLE:x=8.534400:y=35.077400,edge,33,7,12.572999999992959,12.572999999992959,0.0,0.0,12.572999999992959,0.0,1,random
EDGE:AISLE:x=8.077200:y=37.363400<->AISLE:x=8.534400:y=37.363400,edge,2,1,0.7620000000000005,0.7620000000000005,0.0,0.0,0.7620000000000005,0.0,1,random
EDGE:AISLE:x=8.534400:y=16.027400<->AISLE:x=8.940800:y=16.027400,edge,26,7,8.805333333333303,8.805333333333303,0.0,0.0,8.805333333333303,0.0,1,random
EDGE:AISLE:x=8.534400:y=19.075400<->AISLE:x=8.940800:y=19.075400,edge,26,5,8.805333333330623,8.805333333330623,0.0,0.0,8.805333333330623,0.0,1,random
EDGE:AISLE:x=8.534400:y=21.361400<->AISLE:x=8.940800:y=21.361400,edge,69,8,23.367999999998673,23.367999999998673,0.0,0.0,23.367999999998673,0.0,1,random
EDGE:AISLE:x=8.534400:y=23.647400<->AISLE:x=8.940800:y=23.647400,edge,64,7,21.67466666666192,21.67466666666192,0.0,0.0,21.67466666666192,0.0,1,random
EDGE:AISLE:x=8.534400:y=25.933400<->AISLE:x=8.940800:y=25.933400,edge,74,8,25.061333333327184,25.061333333327184,0.0,0.0,25.061333333327184,0.0,1,random
EDGE:AISLE:x=8.534400:y=28.219400<->AISLE:x=8.940800:y=28.219400,edge,43,7,14.562666666664256,14.562666666664256,0.0,0.0,14.562666666664256,0.0,1,random
EDGE:AISLE:x=8.534400:y=30.505400<->AISLE:x=8.940800:y=30.505400,edge,50,5,16.933333333332214,16.933333333332214,0.0,0.0,16.933333333332214,0.0,1,random
EDGE:AISLE:x=8.534400:y=32.791400<->AISLE:x=8.940800:y=32.791400,edge,51,7,17.271999999998087,17.271999999998087,0.0,0.0,17.271999999998087,0.0,1,random
EDGE:AISLE:x=8.534400:y=35.077400<->AISLE:x=8.940800:y=35.077400,edge,35,8,11.8533333333326,11.8533333333326,0.0,0.0,11.8533333333326,0.0,1,random
EDGE:AISLE:x=8.534400:y=37.363400<->AISLE:x=8.940800:y=37.363400,edge,2,1,0.6773333333333085,0.6773333333333085,0.0,0.0,0.6773333333333085,0.0,1,random
EDGE:AISLE:x=8.940800:y=16.027400<->AISLE:x=9.347200:y=16.027400,edge,30,7,10.159999999999469,10.159999999999469,0.0,0.0,10.159999999999469,0.0,1,random
EDGE:AISLE:x=8.940800:y=19.075400<->AISLE:x=9.347200:y=19.075400,edge,26,5,8.805333333330623,8.805333333330623,0.0,0.0,8.805333333330623,0.0,1,random
EDGE:AISLE:x=8.940800:y=21.361400<->AISLE:x=9.347200:y=21.361400,edge,71,8,24.045333333331754,24.045333333331754,0.0,0.0,24.045333333331754,0.0,1,random
EDGE:AISLE:x=8.940800:y=23.647400<->AISLE:x=9.347200:y=23.647400,edge,66,7,22.35199999999523,22.35199999999523,0.0,0.0,22.35199999999523,0.0,1,random
EDGE:AISLE:x=8.940800:y=25.933400<->AISLE:x=9.347200:y=25.933400,edge,74,8,25.06133333332741,25.06133333332741,0.0,0.0,25.06133333332741,0.0,1,random
EDGE:AISLE:x=8.940800:y=28.219400<->AISLE:x=9.347200:y=28.219400,edge,49,7,16.594666666663727,16.594666666663727,0.0,0.0,16.594666666663727,0.0,1,random
EDGE:AISLE:x=8.940800:y=30.505400<->AISLE:x=9.347200:y=30.505400,edge,62,6,20.99733333333141,20.99733333333141,0.0,0.0,20.99733333333141,0.0,1,random
EDGE:AISLE:x=8.940800:y=32.791400<->AISLE:x=9.347200:y=32.791400,edge,55,7,18.626666666664704,18.626666666664704,0.0,0.0,18.626666666664704,0.0,1,random
EDGE:AISLE:x=8.940800:y=35.077400<->AISLE:x=9.347200:y=35.077400,edge,47,8,15.91733333333248,15.91733333333248,0.0,0.0,15.91733333333248,0.0,1,random
EDGE:AISLE:x=8.940800:y=37.363400<->AISLE:x=9.347200:y=37.363400,edge,2,1,0.6773333333333085,0.6773333333333085,0.0,0.0,0.6773333333333085,0.0,1,random
EDGE:SUP:CC-08<->SUP:CC-09,edge,180,8,457.2000000000717,457.2000000000717,0.0,0.0,457.2000000000717,0.0,1,random
EDGE:SUP:CC-09<->SUP:CC-10,edge,181,8,344.805000000054,344.8050000000539,0.0,0.0,344.80500000005406,0.0,1,random
EDGE:SUP:CC-10<->SUP:CC-11,edge,182,8,346.71000000005034,346.7100000000503,0.0,0.0,346.7100000000504,0.0,1,random
EDGE:SUP:CC-11<->SUP:CC-12,edge,170,8,323.850000000046,323.850000000046,0.0,0.0,323.850000000046,0.0,1,random
EDGE:SUP:CC-12<->SUP:CC-13,edge,193,8,367.6650000000592,367.6650000000591,0.0,0.0,367.6650000000592,0.0,1,random
EDGE:SUP:CC-13<->SUP:CC-14,edge,155,8,295.2750000000369,295.2750000000369,0.0,0.0,295.2750000000369,0.0,1,random
EDGE:SUP:CC-14<->SUP:CC-15,edge,129,8,245.74500000002783,245.74500000002783,0.0,0.0,245.74500000002783,0.0,1,random
EDGE:SUP:CC-15<->SUP:CC-16,edge,83,8,158.11500000001524,158.11500000001524,0.0,0.0,158.11500000001524,0.0,1,random
EDGE:SUP:CC-16<->SUP:CC-17,edge,7,5,13.33500000000123,13.33500000000123,0.0,0.0,13.33500000000123,0.0,1,random
EDGE:SUP:LC-08<->SUP:LC-09,edge,6,3,15.24000000000163,15.24000000000163,0.0,0.0,15.24000000000163,0.0,1,random
EDGE:SUP:LC-09<->SUP:LC-10,edge,18,5,34.290000000007495,34.290000000007495,0.0,0.0,34.290000000007495,0.0,1,random
EDGE:SUP:LC-10<->SUP:LC-11,edge,27,6,51.435000000009296,51.435000000009296,0.0,0.0,51.435000000009296,0.0,1,random
EDGE:SUP:LC-11<->SUP:LC-12,edge,31,6,59.05500000000865,59.05500000000865,0.0,0.0,59.05500000000865,0.0,1,random
EDGE:SUP:LC-12<->SUP:LC-13,edge,29,6,55.24500000000819,55.24500000000819,0.0,0.0,55.24500000000819,0.0,1,random
EDGE:SUP:LC-13<->SUP:LC-14,edge,20,6,38.10000000000542,38.10000000000542,0.0,0.0,38.10000000000542,0.0,1,random
EDGE:SUP:LC-14<->SUP:LC-15,edge,18,6,34.29000000000454,34.29000000000454,0.0,0.0,34.29000000000454,0.0,1,random
EDGE:SUP:LC-15<->SUP:LC-16,edge,11,4,20.95500000000183,20.95500000000183,0.0,0.0,20.95500000000183,0.0,1,random
EDGE:SUP:RC-09<->SUP:RC-10,edge,13,6,24.765000000004534,24.765000000004534,0.0,0.0,24.765000000004534,0.0,1,random
EDGE:SUP:RC-10<->SUP:RC-11,edge,13,6,24.765000000004534,24.765000000004534,0.0,0.0,24.765000000004534,0.0,1,random
EDGE:SUP:RC-11<->SUP:RC-12,edge,15,6,28.57500000000583,28.57500000000583,0.0,0.0,28.57500000000583,0.0,1,random
EDGE:SUP:RC-12<->SUP:RC-13,edge,16,8,30.48000000000522,30.48000000000522,0.0,0.0,30.48000000000522,0.0,1,random
EDGE:SUP:RC-13<->SUP:RC-14,edge,11,6,20.95500000000385,20.95500000000385,0.0,0.0,20.95500000000385,0.0,1,random
EDGE:SUP:RC-14<->SUP:RC-15,edge,7,5,13.335000000001884,13.335000000001884,0.0,0.0,13.335000000001884,0.0,1,random
EDGE:SUP:RC-15<->SUP:RC-16,edge,4,3,7.62000000000134,7.62000000000134,0.0,0.0,7.62000000000134,0.0,1,random
EDGE:SUP:RC-16<->SUP:RC-17,edge,3,3,5.715000000001282,5.715000000001282,0.0,0.0,5.715000000001282,0.0,1,random
NODE:AISLE:x=10.236200:y=21.361400,node,2,2,0.6308333333332996,0.0,0.0,0.6308333333332996,0.6308333333332996,0.0,1,random
NODE:AISLE:x=10.236200:y=25.933400,node,2,1,0.4554999999947995,0.0,0.0,0.4554999999947995,0.4554999999947995,0.0,1,random
NODE:AISLE:x=10.236200:y=28.219400,node,1,1,0.03250000000298314,0.0,0.0,0.03250000000298314,0.03250000000298314,0.0,1,random
NODE:AISLE:x=10.236200:y=30.505400,node,1,1,0.10433333333361361,0.0,0.0,0.10433333333361361,0.10433333333361361,0.0,1,random
NODE:AISLE:x=11.023600:y=19.075400,node,10,6,30.0,0.0,30.0,0.0,30.0,0.0,1,random
NODE:AISLE:x=11.023600:y=21.361400,node,23,6,66.00983333333897,0.0,66.0,0.009833333338974626,66.00983333333897,0.0,1,random
NODE:AISLE:x=11.023600:y=23.647400,node,16,5,48.0,0.0,48.0,0.0,48.0,0.0,1,random
NODE:AISLE:x=11.023600:y=25.933400,node,1,1,3.0,0.0,3.0,0.0,3.0,0.0,1,random
NODE:AISLE:x=11.023600:y=28.219400,node,30,5,89.41300000001138,0.0,84.0,5.41300000001138,84.0,5.41300000001138,2,random
NODE:AISLE:x=11.023600:y=30.505400,node,17,6,51.0,0.0,51.0,0.0,51.0,0.0,1,random
NODE:AISLE:x=11.023600:y=32.791400,node,12,6,36.0,0.0,36.0,0.0,36.0,0.0,1,random
NODE:AISLE:x=11.023600:y=35.077400,node,13,6,36.10999999999876,0.0,36.0,0.10999999999876309,36.10999999999876,0.0,1,random
NODE:AISLE:x=11.023600:y=37.363400,node,1,1,3.0,0.0,3.0,0.0,3.0,0.0,1,random
NODE:AISLE:x=11.430000:y=19.075400,node,1,1,0.1666666666715173,0.0,0.0,0.1666666666715173,0.1666666666715173,0.0,1,random
NODE:AISLE:x=11.430000:y=21.361400,node,11,4,30.078999999997905,0.0,30.0,0.07899999999790452,30.078999999997905,0.0,1,random
NODE:AISLE:x=11.430000:y=23.647400,node,13,5,36.21733333333759,0.0,36.0,0.2173333333375922,36.21733333333759,0.0,1,random
NODE:AISLE:x=11.430000:y=25.933400,node,3,2,9.0,0.0,9.0,0.0,9.0,0.0,1,random
NODE:AISLE:x=11.430000:y=28.219400,node,28,3,84.0,0.0,84.0,0.0,84.0,0.0,1,random
NODE:AISLE:x=11.430000:y=30.505400,node,8,2,24.0,0.0,24.0,0.0,24.0,0.0,1,random
NODE:AISLE:x=11.430000:y=32.791400,node,5,1,15.0,0.0,15.0,0.0,15.0,0.0,1,random
NODE:AISLE:x=11.430000:y=35.077400,node,3,2,9.0,0.0,9.0,0.0,9.0,0.0,1,random
NODE:AISLE:x=11.836400:y=19.075400,node,6,3,18.0,0.0,18.0,0.0,18.0,0.0,1,random
NODE:AISLE:x=11.836400:y=21.361400,node,4,3,12.0,0.0,12.0,0.0,12.0,0.0,1,random
NODE:AISLE:x=11.836400:y=25.933400,node,5,3,15.0,0.0,15.0,0.0,15.0,0.0,1,random
NODE:AISLE:x=11.836400:y=28.219400,node,32,4,90.17949999999985,0.0,90.0,0.17949999999984811,90.17949999999985,0.0,1,random
NODE:AISLE:x=11.836400:y=30.505400,node,27,4,78.28500000000014,0.0,78.0,0.2850000000001387,78.28500000000014,0.0,1,random
NODE:AISLE:x=11.836400:y=35.077400,node,7,3,21.0,0.0,21.0,0.0,21.0,0.0,1,random
NODE:AISLE:x=12.293600:y=19.075400,node,10,4,24.263833333328876,0.0,24.0,0.2638333333288756,24.263833333328876,0.0,1,random
NODE:AISLE:x=12.293600:y=21.361400,node,10,5,27.17916666666497,0.0,27.0,0.17916666666496894,27.17916666666497,0.0,1,random
NODE:AISLE:x=12.293600:y=23.647400,node,1,1,3.0,0.0,3.0,0.0,3.0,0.0,1,random
NODE:AISLE:x=12.293600:y=25.933400,node,1,1,3.0,0.0,3.0,0.0,3.0,0.0,1,random
NODE:AISLE:x=12.293600:y=28.219400,node,22,2,63.234333333332984,0.0,63.0,0.23433333333298378,63.234333333332984,0.0,1,random
NODE:AISLE:x=12.293600:y=32.791400,node,4,4,12.0,0.0,12.0,0.0,12.0,0.0,1,random
NODE:AISLE:x=12.293600:y=37.363400,node,1,1,3.0,0.0,3.0,0.0,3.0,0.0,1,random
NODE:AISLE:x=12.700000:y=19.075400,node,10,4,30.0,0.0,30.0,0.0,30.0,0.0,1,random
NODE:AISLE:x=12.700000:y=21.361400,node,15,6,45.0,0.0,45.0,0.0,45.0,0.0,1,random
NODE:AISLE:x=12.700000:y=28.219400,node,4,2,12.0,0.0,12.0,0.0,12.0,0.0,1,random
NODE:AISLE:x=12.700000:y=30.505400,node,2,2,6.0,0.0,6.0,0.0,6.0,0.0,1,random
NODE:AISLE:x=12.700000:y=35.077400,node,3,2,9.0,0.0,9.0,0.0,9.0,0.0,1,random
NODE:AISLE:x=13.106400:y=19.075400,node,9,5,27.0,0.0,27.0,0.0,27.0,0.0,1,random
NODE:AISLE:x=13.106400:y=28.219400,node,13,3,39.0,0.0,39.0,0.0,39.0,0.0,1,random
NODE:AISLE:x=13.106400:y=30.505400,node,2,2,6.0,0.0,6.0,0.0,6.0,0.0,1,random
NODE:AISLE:x=13.106400:y=35.077400,node,1,1,3.0,0.0,3.0,0.0,3.0,0.0,1,random
NODE:AISLE:x=13.563600:y=16.027400,node,12,3,36.0,0.0,36.0,0.0,36.0,0.0,1,random
NODE:AISLE:x=13.563600:y=19.075400,node,12,4,33.97783333334155,0.0,33.0,0.9778333333415503,33.0,0.9778333333415503,2,random
NODE:AISLE:x=13.563600:y=21.361400,node,4,2,12.0,0.0,12.0,0.0,12.0,0.0,1,random
NODE:AISLE:x=13.563600:y=23.647400,node,1,1,3.0,0.0,3.0,0.0,3.0,0.0,1,random
NODE:AISLE:x=13.563600:y=25.933400,node,2,1,6.0,0.0,6.0,0.0,6.0,0.0,1,random
NODE:AISLE:x=13.563600:y=28.219400,node,18,6,42.38133333334554,0.0,42.0,0.38133333334553754,42.38133333334554,0.0,1,random
NODE:AISLE:x=13.563600:y=32.791400,node,2,2,6.0,0.0,6.0,0.0,6.0,0.0,1,random
NODE:AISLE:x=13.970000:y=16.027400,node,5,1,15.0,0.0,15.0,0.0,15.0,0.0,1,random
NODE:AISLE:x=13.970000:y=23.647400,node,2,2,6.0,0.0,6.0,0.0,6.0,0.0,1,random
NODE:AISLE:x=13.970000:y=28.219400,node,17,2,51.0,0.0,51.0,0.0,51.0,0.0,1,random
NODE:AISLE:x=13.970000:y=30.505400,node,3,2,9.0,0.0,9.0,0.0,9.0,0.0,1,random
NODE:AISLE:x=13.970000:y=32.791400,node,4,2,12.0,0.0,12.0,0.0,12.0,0.0,1,random
NODE:AISLE:x=14.376400:y=16.027400,node,5,1,15.0,0.0,15.0,0.0,15.0,0.0,1,random
NODE:AISLE:x=14.376400:y=19.075400,node,11,3,30.053666666673962,0.0,30.0,0.05366666667396203,30.053666666673962,0.0,1,random
NODE:AISLE:x=14.376400:y=21.361400,node,3,3,9.0,0.0,9.0,0.0,9.0,0.0,1,random
NODE:AISLE:x=14.376400:y=25.933400,node,4,3,12.0,0.0,12.0,0.0,12.0,0.0,1,random
NODE:AISLE:x=14.376400:y=28.219400,node,14,4,39.04233333333286,0.0,39.0,0.04233333333286282,39.04233333333286,0.0,1,random
NODE:AISLE:x=14.376400:y=32.791400,node,5,3,15.0,0.0,15.0,0.0,15.0,0.0,1,random
NODE:AISLE:x=14.376400:y=35.077400,node,3,2,9.0,0.0,9.0,0.0,9.0,0.0,1,random
NODE:AISLE:x=14.833600:y=16.027400,node,7,3,21.0,0.0,21.0,0.0,21.0,0.0,1,random
NODE:AISLE:x=14.833600:y=21.361400,node,21,6,63.0,0.0,63.0,0.0,63.0,0.0,1,random
NODE:AISLE:x=14.833600:y=25.933400,node,8,4,24.0,0.0,24.0,0.0,24.0,0.0,1,random
NODE:AISLE:x=14.833600:y=28.219400,node,29,5,87.0,0.0,87.0,0.0,87.0,0.0,1,random
NODE:AISLE:x=14.833600:y=32.791400,node,5,1,15.0,0.0,15.0,0.0,15.0,0.0,1,random
NODE:AISLE:x=14.833600:y=35.077400,node,2,2,6.0,0.0,6.0,0.0,6.0,0.0,1,random
NODE:AISLE:x=15.240000:y=16.027400,node,1,1,3.0,0.0,3.0,0.0,3.0,0.0,1,random
NODE:AISLE:x=15.240000:y=19.075400,node,8,5,24.0,0.0,24.0,0.0,24.0,0.0,1,random
NODE:AISLE:x=15.240000:y=21.361400,node,16,5,48.0,0.0,48.0,0.0,48.0,0.0,1,random
NODE:AISLE:x=15.240000:y=23.647400,node,1,1,3.0,0.0,3.0,0.0,3.0,0.0,1,random
NODE:AISLE:x=15.240000:y=25.933400,node,1,1,3.0,0.0,3.0,0.0,3.0,0.0,1,random
NODE:AISLE:x=15.240000:y=28.219400,node,38,7,103.57733333334193,0.0,102.0,1.577333333341926,102.5416666666755,1.0356666666664296,2,random
NODE:AISLE:x=15.240000:y=32.791400,node,1,1,3.0,0.0,3.0,0.0,3.0,0.0,1,random
NODE:AISLE:x=15.240000:y=35.077400,node,3,1,9.0,0.0,9.0,0.0,9.0,0.0,1,random
NODE:AISLE:x=15.240000:y=37.363400,node,2,1,6.0,0.0,6.0,0.0,6.0,0.0,1,random
NODE:AISLE:x=15.646400:y=19.075400,node,3,2,9.0,0.0,9.0,0.0,9.0,0.0,1,random
NODE:AISLE:x=15.646400:y=21.361400,node,14,5,42.0,0.0,42.0,0.0,42.0,0.0,1,random
NODE:AISLE:x=15.646400:y=23.647400,node,3,3,9.0,0.0,9.0,0.0,9.0,0.0,1,random
NODE:AISLE:x=15.646400:y=25.933400,node,2,2,6.0,0.0,6.0,0.0,6.0,0.0,1,random
NODE:AISLE:x=15.646400:y=28.219400,node,47,5,138.04233333333286,0.0,138.0,0.04233333333286282,138.04233333333286,0.0,1,random
NODE:AISLE:x=15.646400:y=30.505400,node,4,2,12.0,0.0,12.0,0.0,12.0,0.0,1,random
NODE:AISLE:x=15.646400:y=32.791400,node,6,2,18.0,0.0,18.0,0.0,18.0,0.0,1,random
NODE:AISLE:x=15.646400:y=35.077400,node,2,2,6.0,0.0,6.0,0.0,6.0,0.0,1,random
NODE:AISLE:x=15.646400:y=37.363400,node,1,1,3.0,0.0,3.0,0.0,3.0,0.0,1,random
NODE:AISLE:x=16.103600:y=16.027400,node,10,2,30.000000000000004,0.0,30.000000000000004,0.0,30.000000000000004,0.0,1,random
NODE:AISLE:x=16.103600:y=19.075400,node,9,3,24.31033333333326,0.0,24.0,0.3103333333332614,24.31033333333326,0.0,1,random
NODE:AISLE:x=16.103600:y=21.361400,node,5,2,15.0,0.0,15.0,0.0,15.0,0.0,1,random
NODE:AISLE:x=16.103600:y=23.647400,node,2,2,6.0,0.0,6.0,0.0,6.0,0.0,1,random
NODE:AISLE:x=16.103600:y=25.933400,node,1,1,3.0,0.0,3.0,0.0,3.0,0.0,1,random
NODE:AISLE:x=16.103600:y=28.219400,node,32,6,94.36299999999994,0.0,90.0,4.362999999999943,90.0,4.362999999999943,2,random
NODE:AISLE:x=16.103600:y=30.505400,node,5,3,15.0,0.0,15.0,0.0,15.0,0.0,1,random
NODE:AISLE:x=16.103600:y=32.791400,node,1,1,3.0,0.0,3.0,0.0,3.0,0.0,1,random
NODE:AISLE:x=16.510000:y=16.027400,node,4,1,12.000000000000002,0.0,12.000000000000002,0.0,12.000000000000002,0.0,1,random
NODE:AISLE:x=16.510000:y=19.075400,node,14,6,42.0,0.0,42.0,0.0,42.0,0.0,1,random
NODE:AISLE:x=16.510000:y=21.361400,node,5,2,15.0,0.0,15.0,0.0,15.0,0.0,1,random
NODE:AISLE:x=16.510000:y=25.933400,node,1,1,3.0,0.0,3.0,0.0,3.0,0.0,1,random
NODE:AISLE:x=16.510000:y=28.219400,node,58,7,167.8333333333311,0.0,150.0,17.833333333331097,150.04233333333468,17.790999999996416,2,random
NODE:AISLE:x=16.510000:y=30.505400,node,3,2,9.0,0.0,9.0,0.0,9.0,0.0,1,random
NODE:AISLE:x=16.510000:y=35.077400,node,3,2,9.0,0.0,9.0,0.0,9.0,0.0,1,random
NODE:AISLE:x=16.916400:y=16.027400,node,1,1,3.000000000000001,0.0,3.000000000000001,0.0,3.000000000000001,0.0,1,random
NODE:AISLE:x=16.916400:y=19.075400,node,14,4,42.0,0.0,42.0,0.0,42.0,0.0,1,random
NODE:AISLE:x=16.916400:y=21.361400,node,1,1,3.0,0.0,3.0,0.0,3.0,0.0,1,random
NODE:AISLE:x=16.916400:y=23.647400,node,1,1,3.0,0.0,3.0,0.0,3.0,0.0,1,random
NODE:AISLE:x=16.916400:y=25.933400,node,3,3,9.0,0.0,9.0,0.0,9.0,0.0,1,random
NODE:AISLE:x=16.916400:y=28.219400,node,31,6,90.87916666666752,0.0,90.0,0.8791666666675155,90.0,0.8791666666675155,2,random
NODE:AISLE:x=16.916400:y=30.505400,node,1,1,3.0,0.0,3.0,0.0,3.0,0.0,1,random
NODE:AISLE:x=2.184400:y=16.027400,node,2,1,6.0,0.0,6.0,0.0,6.0,0.0,1,random
NODE:AISLE:x=2.184400:y=19.075400,node,2,2,6.0,0.0,6.0,0.0,6.0,0.0,1,random
NODE:AISLE:x=2.184400:y=21.361400,node,2,2,6.0,0.0,6.0,0.0,6.0,0.0,1,random
NODE:AISLE:x=2.184400:y=23.647400,node,12,4,36.0,0.0,36.0,0.0,36.0,0.0,1,random
NODE:AISLE:x=2.184400:y=28.219400,node,6,2,18.0,0.0,18.0,0.0,18.0,0.0,1,random
NODE:AISLE:x=2.184400:y=30.505400,node,4,3,12.0,0.0,12.0,0.0,12.0,0.0,1,random
NODE:AISLE:x=2.184400:y=32.791400,node,2,1,6.0,0.0,6.0,0.0,6.0,0.0,1,random
NODE:AISLE:x=2.590800:y=16.027400,node,1,1,3.0,0.0,3.0,0.0,3.0,0.0,1,random
NODE:AISLE:x=2.590800:y=21.361400,node,3,1,9.0,0.0,9.0,0.0,9.0,0.0,1,random
NODE:AISLE:x=2.590800:y=23.647400,node,21,4,61.52400000000125,0.0,54.0,7.5240000000012515,54.0,7.5240000000012515,2,random
NODE:AISLE:x=2.590800:y=30.505400,node,9,3,27.0,0.0,27.0,0.0,27.0,0.0,1,random
NODE:AISLE:x=2.590800:y=32.791400,node,7,4,21.0,0.0,21.0,0.0,21.0,0.0,1,random
NODE:AISLE:x=2.590800:y=35.077400,node,7,1,21.0,0.0,21.0,0.0,21.0,0.0,1,random
NODE:AISLE:x=2.997200:y=16.027400,node,2,1,6.0,0.0,6.0,0.0,6.0,0.0,1,random
NODE:AISLE:x=2.997200:y=21.361400,node,4,3,12.0,0.0,12.0,0.0,12.0,0.0,1,random
NODE:AISLE:x=2.997200:y=23.647400,node,5,3,15.0,0.0,15.0,0.0,15.0,0.0,1,random
NODE:AISLE:x=2.997200:y=28.219400,node,1,1,3.0,0.0,3.0,0.0,3.0,0.0,1,random
NODE:AISLE:x=2.997200:y=32.791400,node,1,1,3.0,0.0,3.0,0.0,3.0,0.0,1,random
NODE:AISLE:x=3.454400:y=16.027400,node,4,1,12.0,0.0,12.0,0.0,12.0,0.0,1,random
NODE:AISLE:x=3.454400:y=19.075400,node,2,2,3.0438333333404444,0.0,3.0,0.04383333334044437,3.0438333333404444,0.0,1,random
NODE:AISLE:x=3.454400:y=21.361400,node,2,1,6.0,0.0,6.0,0.0,6.0,0.0,1,random
NODE:AISLE:x=3.454400:y=23.647400,node,5,3,15.0,0.0,15.0,0.0,15.0,0.0,1,random
NODE:AISLE:x=3.454400:y=25.933400,node,1,1,3.0,0.0,3.0,0.0,3.0,0.0,1,random
NODE:AISLE:x=3.454400:y=28.219400,node,5,1,15.0,0.0,15.0,0.0,15.0,0.0,1,random
NODE:AISLE:x=3.454400:y=30.505400,node,3,2,9.0,0.0,9.0,0.0,9.0,0.0,1,random
NODE:AISLE:x=3.454400:y=32.791400,node,1,1,3.0,0.0,3.0,0.0,3.0,0.0,1,random
NODE:AISLE:x=3.860800:y=16.027400,node,7,3,21.0,0.0,21.0,0.0,21.0,0.0,1,random
NODE:AISLE:x=3.860800:y=19.075400,node,2,2,6.0,0.0,6.0,0.0,6.0,0.0,1,random
NODE:AISLE:x=3.860800:y=21.361400,node,4,2,12.0,0.0,12.0,0.0,12.0,0.0,1,random
NODE:AISLE:x=3.860800:y=23.647400,node,11,4,33.0,0.0,33.0,0.0,33.0,0.0,1,random
NODE:AISLE:x=3.860800:y=25.933400,node,12,4,36.0,0.0,36.0,0.0,36.0,0.0,1,random
NODE:AISLE:x=3.860800:y=28.219400,node,4,2,12.0,0.0,12.0,0.0,12.0,0.0,1,random
NODE:AISLE:x=3.860800:y=30.505400,node,9,1,27.0,0.0,27.0,0.0,27.0,0.0,1,random
NODE:AISLE:x=3.860800:y=32.791400,node,5,1,15.0,0.0,15.0,0.0,15.0,0.0,1,random
NODE:AISLE:x=3.860800:y=35.077400,node,5,3,15.0,0.0,15.0,0.0,15.0,0.0,1,random
NODE:AISLE:x=4.267200:y=16.027400,node,8,1,24.0,0.0,24.0,0.0,24.0,0.0,1,random
NODE:AISLE:x=4.267200:y=21.361400,node,4,2,12.0,0.0,12.0,0.0,12.0,0.0,1,random
NODE:AISLE:x=4.267200:y=23.647400,node,2,2,6.0,0.0,6.0,0.0,6.0,0.0,1,random
NODE:AISLE:x=4.267200:y=25.933400,node,23,5,66.07899999999981,0.0,66.0,0.07899999999980878,66.07899999999981,0.0,1,random
NODE:AISLE:x=4.267200:y=28.219400,node,3,2,9.0,0.0,9.0,0.0,9.0,0.0,1,random
NODE:AISLE:x=4.267200:y=30.505400,node,3,1,9.0,0.0,9.0,0.0,9.0,0.0,1,random
NODE:AISLE:x=4.267200:y=35.077400,node,2,2,6.0,0.0,6.0,0.0,6.0,0.0,1,random
NODE:AISLE:x=4.724400:y=16.027400,node,9,3,27.0,0.0,27.0,0.0,27.0,0.0,1,random
NODE:AISLE:x=4.724400:y=19.075400,node,6,2,18.0,0.0,18.0,0.0,18.0,0.0,1,random
NODE:AISLE:x=4.724400:y=21.361400,node,10,3,30.0,0.0,30.0,0.0,30.0,0.0,1,random
NODE:AISLE:x=4.724400:y=23.647400,node,10,5,30.0,0.0,30.0,0.0,30.0,0.0,1,random
NODE:AISLE:x=4.724400:y=25.933400,node,9,5,27.0,0.0,27.0,0.0,27.0,0.0,1,random
NODE:AISLE:x=4.724400:y=28.219400,node,16,6,48.0,0.0,48.0,0.0,48.0,0.0,1,random
NODE:AISLE:x=4.724400:y=30.505400,node,4,3,12.0,0.0,12.0,0.0,12.0,0.0,1,random
NODE:AISLE:x=4.724400:y=32.791400,node,10,4,27.21166666665158,0.0,27.0,0.21166666665158118,27.21166666665158,0.0,1,random
NODE:AISLE:x=4.724400:y=35.077400,node,2,2,6.0,0.0,6.0,0.0,6.0,0.0,1,random
NODE:AISLE:x=5.130800:y=16.027400,node,7,1,21.000000000000007,0.0,21.000000000000007,0.0,21.000000000000007,0.0,1,random
NODE:AISLE:x=5.130800:y=19.075400,node,4,2,12.0,0.0,12.0,0.0,12.0,0.0,1,random
NODE:AISLE:x=5.130800:y=21.361400,node,7,2,21.0,0.0,21.0,0.0,21.0,0.0,1,random
NODE:AISLE:x=5.130800:y=23.647400,node,10,4,30.0,0.0,27.0,3.0,27.0,3.0,2,random
NODE:AISLE:x=5.130800:y=25.933400,node,9,4,27.0,0.0,27.0,0.0,27.0,0.0,1,random
NODE:AISLE:x=5.130800:y=28.219400,node,3,2,9.0,0.0,9.0,0.0,9.0,0.0,1,random
NODE:AISLE:x=5.130800:y=30.505400,node,3,1,9.0,0.0,9.0,0.0,9.0,0.0,1,random
NODE:AISLE:x=5.130800:y=32.791400,node,19,3,57.0,0.0,57.0,0.0,57.0,0.0,1,random
NODE:AISLE:x=5.130800:y=35.077400,node,2,1,6.0,0.0,6.0,0.0,6.0,0.0,1,random
NODE:AISLE:x=5.537200:y=19.075400,node,5,3,15.0,0.0,15.0,0.0,15.0,0.0,1,random
NODE:AISLE:x=5.537200:y=21.361400,node,10,3,30.0,0.0,30.0,0.0,30.0,0.0,1,random
NODE:AISLE:x=5.537200:y=23.647400,node,12,5,33.3809999999994,0.0,33.0,0.38099999999940337,33.3809999999994,0.0,1,random
NODE:AISLE:x=5.537200:y=25.933400,node,9,4,24.121333333333382,0.0,24.0,0.12133333333338214,24.121333333333382,0.0,1,random
NODE:AISLE:x=5.537200:y=28.219400,node,16,5,48.0,0.0,48.0,0.0,48.0,0.0,1,random
NODE:AISLE:x=5.537200:y=30.505400,node,4,2,12.0,0.0,12.0,0.0,12.0,0.0,1,random
NODE:AISLE:x=5.537200:y=32.791400,node,1,1,3.0,0.0,3.0,0.0,3.0,0.0,1,random
NODE:AISLE:x=5.994400:y=19.075400,node,5,2,15.0,0.0,15.0,0.0,15.0,0.0,1,random
NODE:AISLE:x=5.994400:y=21.361400,node,2,2,6.0,0.0,6.0,0.0,6.0,0.0,1,random
NODE:AISLE:x=5.994400:y=23.647400,node,15,5,42.17499999999745,0.0,42.0,0.17499999999745341,42.0,0.17499999999745341,2,random
NODE:AISLE:x=5.994400:y=25.933400,node,4,3,12.0,0.0,12.0,0.0,12.0,0.0,1,random
NODE:AISLE:x=5.994400:y=28.219400,node,12,3,36.0,0.0,36.0,0.0,36.0,0.0,1,random
NODE:AISLE:x=5.994400:y=32.791400,node,3,2,9.0,0.0,9.0,0.0,9.0,0.0,1,random
NODE:AISLE:x=5.994400:y=35.077400,node,3,2,9.0,0.0,9.0,0.0,9.0,0.0,1,random
NODE:AISLE:x=6.400800:y=16.027400,node,4,1,12.0,0.0,12.0,0.0,12.0,0.0,1,random
NODE:AISLE:x=6.400800:y=19.075400,node,6,3,18.0,0.0,18.0,0.0,18.0,0.0,1,random
NODE:AISLE:x=6.400800:y=23.647400,node,9,5,27.0,0.0,27.0,0.0,27.0,0.0,1,random
NODE:AISLE:x=6.400800:y=25.933400,node,20,5,60.0,0.0,60.0,0.0,60.0,0.0,1,random
NODE:AISLE:x=6.400800:y=28.219400,node,13,5,39.0,0.0,39.0,0.0,39.0,0.0,1,random
NODE:AISLE:x=6.400800:y=30.505400,node,2,1,6.0,0.0,6.0,0.0,6.0,0.0,1,random
NODE:AISLE:x=6.400800:y=32.791400,node,6,3,18.0,0.0,18.0,0.0,18.0,0.0,1,random
NODE:AISLE:x=6.807200:y=19.075400,node,7,2,21.0,0.0,21.0,0.0,21.0,0.0,1,random
NODE:AISLE:x=6.807200:y=21.361400,node,8,4,24.0,0.0,24.0,0.0,24.0,0.0,1,random
NODE:AISLE:x=6.807200:y=23.647400,node,14,5,42.0,0.0,42.0,0.0,42.0,0.0,1,random
NODE:AISLE:x=6.807200:y=25.933400,node,35,5,105.0,0.0,105.0,0.0,105.0,0.0,1,random
NODE:AISLE:x=6.807200:y=28.219400,node,4,2,12.0,0.0,12.0,0.0,12.0,0.0,1,random
NODE:AISLE:x=6.807200:y=30.505400,node,1,1,3.0,0.0,3.0,0.0,3.0,0.0,1,random
NODE:AISLE:x=6.807200:y=32.791400,node,1,1,3.0,0.0,3.0,0.0,3.0,0.0,1,random
NODE:AISLE:x=6.807200:y=35.077400,node,2,1,6.0,0.0,6.0,0.0,6.0,0.0,1,random
NODE:AISLE:x=7.264400:y=16.027400,node,14,2,42.0,0.0,42.0,0.0,42.0,0.0,1,random
NODE:AISLE:x=7.264400:y=19.075400,node,3,1,9.0,0.0,9.0,0.0,9.0,0.0,1,random
NODE:AISLE:x=7.264400:y=21.361400,node,18,4,54.0,0.0,54.0,0.0,54.0,0.0,1,random
NODE:AISLE:x=7.264400:y=23.647400,node,10,4,27.232833333349845,0.0,27.0,0.2328333333498449,27.232833333349845,0.0,1,random
NODE:AISLE:x=7.264400:y=25.933400,node,37,5,110.39600000000064,0.0,96.0,14.39600000000064,96.0,14.39600000000064,2,random
NODE:AISLE:x=7.264400:y=28.219400,node,2,2,5.999999999999986,0.0,5.999999999999986,0.0,5.999999999999986,0.0,1,random
NODE:AISLE:x=7.264400:y=30.505400,node,3,3,9.0,0.0,9.0,0.0,9.0,0.0,1,random
NODE:AISLE:x=7.264400:y=32.791400,node,8,5,22.905000000000655,0.0,21.0,1.9050000000006548,21.0,1.9050000000006548,2,random
NODE:AISLE:x=7.264400:y=35.077400,node,5,1,15.0,0.0,15.0,0.0,15.0,0.0,1,random
NODE:AISLE:x=7.670800:y=19.075400,node,4,1,12.0,0.0,12.0,0.0,12.0,0.0,1,random
NODE:AISLE:x=7.670800:y=21.361400,node,23,6,69.0,0.0,69.0,0.0,69.0,0.0,1,random
NODE:AISLE:x=7.670800:y=23.647400,node,12,4,33.33300000001691,0.0,33.0,0.3330000000169093,33.33300000001691,0.0,1,random
NODE:AISLE:x=7.670800:y=25.933400,node,29,6,87.0,0.0,87.0,0.0,87.0,0.0,1,random
NODE:AISLE:x=7.670800:y=28.219400,node,4,3,12.0,0.0,12.0,0.0,12.0,0.0,1,random
NODE:AISLE:x=7.670800:y=30.505400,node,19,3,57.0,0.0,57.0,0.0,57.0,0.0,1,random
NODE:AISLE:x=7.670800:y=32.791400,node,7,3,21.0,0.0,21.0,0.0,21.0,0.0,1,random
NODE:AISLE:x=7.670800:y=35.077400,node,5,3,15.0,0.0,15.0,0.0,15.0,0.0,1,random
NODE:AISLE:x=8.077200:y=19.075400,node,2,1,6.0,0.0,6.0,0.0,6.0,0.0,1,random
NODE:AISLE:x=8.077200:y=21.361400,node,28,6,81.74083333333328,0.0,81.0,0.7408333333332848,81.0,0.7408333333332848,2,random
NODE:AISLE:x=8.077200:y=23.647400,node,13,6,36.06766666666664,0.0,36.0,0.06766666666663923,36.06766666666664,0.0,1,random
NODE:AISLE:x=8.077200:y=25.933400,node,19,5,54.05366666666657,0.0,54.0,0.05366666666657238,54.05366666666657,0.0,1,random
NODE:AISLE:x=8.077200:y=28.219400,node,2,2,6.0,0.0,6.0,0.0,6.0,0.0,1,random
NODE:AISLE:x=8.077200:y=30.505400,node,15,2,45.0,0.0,45.0,0.0,45.0,0.0,1,random
NODE:AISLE:x=8.077200:y=32.791400,node,3,2,6.365500000000225,0.0,6.0,0.36550000000022465,6.365500000000225,0.0,1,random
NODE:AISLE:x=8.077200:y=37.363400,node,1,1,3.0,0.0,3.0,0.0,3.0,0.0,1,random
NODE:AISLE:x=8.534400:y=19.075400,node,5,3,15.0,0.0,15.0,0.0,15.0,0.0,1,random
NODE:AISLE:x=8.534400:y=21.361400,node,8,3,24.0,0.0,24.0,0.0,24.0,0.0,1,random
NODE:AISLE:x=8.534400:y=23.647400,node,4,1,12.0,0.0,12.0,0.0,12.0,0.0,1,random
NODE:AISLE:x=8.534400:y=25.933400,node,14,5,42.0,0.0,42.0,0.0,42.0,0.0,1,random
NODE:AISLE:x=8.534400:y=28.219400,node,9,1,27.000000000000227,0.0,27.000000000000227,0.0,27.000000000000227,0.0,1,random
NODE:AISLE:x=8.534400:y=30.505400,node,13,3,39.0,0.0,39.0,0.0,39.0,0.0,1,random
NODE:AISLE:x=8.534400:y=32.791400,node,9,2,27.0,0.0,27.0,0.0,27.0,0.0,1,random
NODE:AISLE:x=8.534400:y=35.077400,node,1,1,3.0,0.0,3.0,0.0,3.0,0.0,1,random
NODE:AISLE:x=8.940800:y=16.027400,node,4,3,12.0,0.0,12.0,0.0,12.0,0.0,1,random
NODE:AISLE:x=8.940800:y=21.361400,node,1,1,3.0,0.0,3.0,0.0,3.0,0.0,1,random
NODE:AISLE:x=8.940800:y=23.647400,node,2,2,6.0,0.0,6.0,0.0,6.0,0.0,1,random
NODE:AISLE:x=8.940800:y=25.933400,node,14,4,42.0,0.0,42.0,0.0,42.0,0.0,1,random
NODE:AISLE:x=8.940800:y=28.219400,node,6,3,18.0,0.0,18.0,0.0,18.0,0.0,1,random
NODE:AISLE:x=8.940800:y=30.505400,node,10,4,30.0,0.0,30.0,0.0,30.0,0.0,1,random
NODE:AISLE:x=8.940800:y=32.791400,node,6,4,18.0,0.0,18.0,0.0,18.0,0.0,1,random
NODE:AISLE:x=8.940800:y=35.077400,node,7,4,21.0,0.0,21.0,0.0,21.0,0.0,1,random
NODE:AISLE:x=9.347200:y=16.027400,node,8,3,24.0,0.0,24.0,0.0,24.0,0.0,1,random
NODE:AISLE:x=9.347200:y=19.075400,node,10,6,27.59266666665826,0.0,27.0,0.5926666666582605,27.59266666665826,0.0,1,random
NODE:AISLE:x=9.347200:y=21.361400,node,16,5,45.340999999988526,0.0,45.0,0.3409999999885258,45.340999999988526,0.0,1,random
NODE:AISLE:x=9.347200:y=23.647400,node,9,6,21.47283333334053,0.0,21.0,0.4728333333405317,21.47283333334053,0.0,1,random
NODE:AISLE:x=9.347200:y=25.933400,node,15,4,39.64066666666713,0.0,39.0,0.6406666666671299,39.64066666666713,0.0,1,random
NODE:AISLE:x=9.347200:y=28.219400,node,16,5,48.0,0.0,48.0,0.0,48.0,0.0,1,random
NODE:AISLE:x=9.347200:y=30.505400,node,35,6,102.66299999999997,0.0,102.0,0.6629999999999683,102.66299999999997,0.0,1,random
NODE:AISLE:x=9.347200:y=32.791400,node,23,7,66.24833333333117,0.0,66.0,0.2483333333311748,66.0,0.2483333333311748,2,random
NODE:AISLE:x=9.347200:y=35.077400,node,1,1,3.0,0.0,3.0,0.0,3.0,0.0,1,random
NODE:SUP:CC-08,node,18,8,102.40283333336029,0.0,0.0,102.40283333336029,39.47433333334197,20.320000000005237,7,random
NODE:SUP:CC-09,node,24,8,25.41999999998015,0.0,0.0,25.41999999998015,25.41999999998015,0.0,1,random
NODE:SUP:CC-10,node,14,6,14.748666666684791,0.0,0.0,14.748666666684791,14.748666666684791,0.0,1,random
NODE:SUP:CC-11,node,18,7,15.65766666674321,0.0,0.0,15.65766666674321,15.65766666674321,0.0,1,random
NODE:SUP:CC-12,node,16,6,15.887166666666644,0.0,0.0,15.887166666666644,15.415833333333126,0.47133333333351857,2,random
NODE:SUP:CC-13,node,19,6,21.626666666684667,0.0,0.0,21.626666666684667,21.626666666684667,0.0,1,random
NODE:SUP:CC-14,node,10,6,11.632166666674095,0.0,0.0,11.632166666674095,11.632166666674095,0.0,1,random
NODE:SUP:CC-15,node,7,6,11.023333333338314,0.0,0.0,11.023333333338314,10.38266666667161,0.6406666666667036,2,random
NODE:SUP:CC-16,node,1,1,0.5643333333331668,0.0,0.0,0.5643333333331668,0.5643333333331668,0.0,1,random
NODE:SUP:LC-09,node,1,1,0.8874999999970896,0.0,0.0,0.8874999999970896,0.8874999999970896,0.0,1,random
NODE:SUP:LC-11,node,2,2,1.9893333333343435,0.0,0.0,1.9893333333343435,1.9893333333343435,0.0,1,random
NODE:SUP:LC-12,node,2,2,2.764166666651363,0.0,0.0,2.764166666651363,2.764166666651363,0.0,1,random
NODE:SUP:RC-13,node,1,1,0.2736666666670544,0.0,0.0,0.2736666666670544,0.2736666666670544,0.0,1,random
EDGE:AISLE:x=10.236200:y=16.027400<->AISLE:x=9.347200:y=16.027400,edge,38,8,28.15166666666572,28.15166666666572,0.0,0.0,28.15166666666572,0.0,1,equal
EDGE:AISLE:x=10.236200:y=19.075400<->AISLE:x=9.347200:y=19.075400,edge,36,8,26.669999999998765,26.669999999998765,0.0,0.0,26.669999999998765,0.0,1,equal
EDGE:AISLE:x=10.236200:y=21.361400<->AISLE:x=9.347200:y=21.361400,edge,85,8,62.97083333333068,62.97083333333068,0.0,0.0,62.97083333333068,0.0,1,equal
EDGE:AISLE:x=10.236200:y=23.647400<->AISLE:x=9.347200:y=23.647400,edge,68,8,50.37666666666442,50.37666666666442,0.0,0.0,50.37666666666442,0.0,1,equal
EDGE:AISLE:x=10.236200:y=25.933400<->AISLE:x=9.347200:y=25.933400,edge,88,8,65.19333333333006,65.19333333333006,0.0,0.0,65.19333333333006,0.0,1,equal
EDGE:AISLE:x=10.236200:y=28.219400<->AISLE:x=9.347200:y=28.219400,edge,57,8,42.227499999998145,42.227499999998145,0.0,0.0,42.227499999998145,0.0,1,equal
EDGE:AISLE:x=10.236200:y=30.505400<->AISLE:x=9.347200:y=30.505400,edge,80,8,59.266666666664094,59.266666666664094,0.0,0.0,59.266666666664094,0.0,1,equal
EDGE:AISLE:x=10.236200:y=32.791400<->AISLE:x=9.347200:y=32.791400,edge,73,8,54.08083333333085,54.08083333333085,0.0,0.0,54.08083333333085,0.0,1,equal
EDGE:AISLE:x=10.236200:y=32.791400<->SUP:CC-15,edge,1,1,7.105427357601002e-15,7.105427357601002e-15,0.0,0.0,7.105427357601002e-15,0.0,1,equal
EDGE:AISLE:x=10.236200:y=35.077400<->AISLE:x=9.347200:y=35.077400,edge,49,8,36.30083333333194,36.30083333333194,0.0,0.0,36.30083333333194,0.0,1,equal
EDGE:AISLE:x=10.236200:y=37.363400<->AISLE:x=9.347200:y=37.363400,edge,2,1,1.4816666666666833,1.4816666666666833,0.0,0.0,1.4816666666666833,0.0,1,equal
EDGE:AISLE:x=11.023600:y=16.027400<->AISLE:x=11.430000:y=16.027400,edge,14,5,4.741333333333038,4.741333333333038,0.0,0.0,4.741333333333038,0.0,1,equal
EDGE:AISLE:x=11.023600:y=16.027400<->SUP:CC-08,edge,14,5,9.186333333335096,9.186333333335096,0.0,0.0,9.186333333335096,0.0,1,equal
EDGE:AISLE:x=11.023600:y=19.075400<->AISLE:x=11.430000:y=19.075400,edge,53,8,17.94933333332851,17.94933333332851,0.0,0.0,17.94933333332851,0.0,1,equal
EDGE:AISLE:x=11.023600:y=19.075400<->SUP:CC-09,edge,63,8,41.338500000039986,41.338500000039986,0.0,0.0,41.338500000039986,0.0,1,equal
EDGE:AISLE:x=11.023600:y=21.361400<->AISLE:x=11.430000:y=21.361400,edge,66,8,22.351999999995556,22.351999999995556,0.0,0.0,22.351999999995556,0.0,1,equal
EDGE:AISLE:x=11.023600:y=21.361400<->SUP:CC-10,edge,90,8,59.055000000038675,59.055000000038675,0.0,0.0,59.055000000038675,0.0,1,equal
EDGE:AISLE:x=11.023600:y=23.647400<->AISLE:x=11.430000:y=23.647400,edge,20,7,6.773333333332175,6.773333333332175,0.0,0.0,6.773333333332175,0.0,1,equal
EDGE:AISLE:x=11.023600:y=23.647400<->SUP:CC-11,edge,32,7,20.997333333341913,20.997333333341913,0.0,0.0,20.997333333341913,0.0,1,equal
EDGE:AISLE:x=11.023600:y=25.933400<->AISLE:x=11.430000:y=25.933400,edge,23,7,7.789333333331797,7.789333333331797,0.0,0.0,7.789333333331797,0.0,1,equal
EDGE:AISLE:x=11.023600:y=25.933400<->SUP:CC-12,edge,23,7,15.091833333343061,15.091833333343061,0.0,0.0,15.091833333343061,0.0,1,equal
EDGE:AISLE:x=11.023600:y=28.219400<->AISLE:x=11.430000:y=28.219400,edge,111,8,37.59199999999264,37.59199999999264,0.0,0.0,37.59199999999264,0.0,1,equal
EDGE:AISLE:x=11.023600:y=28.219400<->SUP:CC-13,edge,113,8,74.14683333338617,74.14683333338617,0.0,0.0,74.14683333338617,0.0,1,equal
EDGE:AISLE:x=11.023600:y=30.505400<->AISLE:x=11.430000:y=30.505400,edge,36,8,12.19199999999838,12.19199999999838,0.0,0.0,12.19199999999838,0.0,1,equal
EDGE:AISLE:x=11.023600:y=30.505400<->SUP:CC-14,edge,52,8,34.12066666668705,34.12066666668705,0.0,0.0,34.12066666668705,0.0,1,equal
EDGE:AISLE:x=11.023600:y=32.791400<->AISLE:x=11.430000:y=32.791400,edge,33,8,11.175999999998822,11.175999999998822,0.0,0.0,11.175999999998822,0.0,1,equal
EDGE:AISLE:x=11.023600:y=32.791400<->SUP:CC-15,edge,47,8,30.8398333333446,30.8398333333446,0.0,0.0,30.8398333333446,0.0,1,equal
EDGE:AISLE:x=11.023600:y=35.077400<->AISLE:x=11.430000:y=35.077400,edge,29,7,9.821333333331864,9.821333333331864,0.0,0.0,9.821333333331864,0.0,1,equal
EDGE:AISLE:x=11.023600:y=35.077400<->SUP:CC-16,edge,45,8,29.52750000000851,29.52750000000851,0.0,0.0,29.52750000000851,0.0,1,equal
EDGE:AISLE:x=11.023600:y=37.363400<->AISLE:x=11.430000:y=37.363400,edge,3,3,1.0159999999997353,1.0159999999997353,0.0,0.0,1.0159999999997353,0.0,1,equal
EDGE:AISLE:x=11.023600:y=37.363400<->SUP:CC-17,edge,5,3,3.280833333335096,3.280833333335096,0.0,0.0,3.280833333335096,0.0,1,equal
EDGE:AISLE:x=11.430000:y=16.027400<->AISLE:x=11.836400:y=16.027400,edge,14,5,4.741333333333038,4.741333333333038,0.0,0.0,4.741333333333038,0.0,1,equal
EDGE:AISLE:x=11.430000:y=19.075400<->AISLE:x=11.836400:y=19.075400,edge,53,8,17.949333333328497,17.949333333328497,0.0,0.0,17.949333333328497,0.0,1,equal
EDGE:AISLE:x=11.430000:y=21.361400<->AISLE:x=11.836400:y=21.361400,edge,60,8,20.319999999995176,20.319999999995176,0.0,0.0,20.319999999995176,0.0,1,equal
EDGE:AISLE:x=11.430000:y=23.647400<->AISLE:x=11.836400:y=23.647400,edge,14,5,4.7413333333320224,4.7413333333320224,0.0,0.0,4.7413333333320224,0.0,1,equal
EDGE:AISLE:x=11.430000:y=25.933400<->AISLE:x=11.836400:y=25.933400,edge,21,7,7.111999999998716,7.111999999998716,0.0,0.0,7.111999999998716,0.0,1,equal
EDGE:AISLE:x=11.430000:y=28.219400<->AISLE:x=11.836400:y=28.219400,edge,107,8,36.237333333325964,36.237333333325964,0.0,0.0,36.237333333325964,0.0,1,equal
EDGE:AISLE:x=11.430000:y=30.505400<->AISLE:x=11.836400:y=30.505400,edge,36,8,12.19199999999838,12.19199999999838,0.0,0.0,12.19199999999838,0.0,1,equal
EDGE:AISLE:x=11.430000:y=32.791400<->AISLE:x=11.836400:y=32.791400,edge,29,8,9.821333333332205,9.821333333332205,0.0,0.0,9.821333333332205,0.0,1,equal
EDGE:AISLE:x=11.430000:y=35.077400<->AISLE:x=11.836400:y=35.077400,edge,29,7,9.821333333332092,9.821333333332092,0.0,0.0,9.821333333332092,0.0,1,equal
EDGE:AISLE:x=11.430000:y=37.363400<->AISLE:x=11.836400:y=37.363400,edge,3,3,1.0159999999997353,1.0159999999997353,0.0,0.0,1.0159999999997353,0.0,1,equal
EDGE:AISLE:x=11.836400:y=16.027400<->AISLE:x=12.293600:y=16.027400,edge,14,5,5.333999999998753,5.333999999998753,0.0,0.0,5.333999999998753,0.0,1,equal
EDGE:AISLE:x=11.836400:y=19.075400<->AISLE:x=12.293600:y=19.075400,edge,51,8,19.430999999978837,19.430999999978837,0.0,0.0,19.430999999978837,0.0,1,equal
EDGE:AISLE:x=11.836400:y=21.361400<->AISLE:x=12.293600:y=21.361400,edge,54,8,20.573999999979378,20.573999999979378,0.0,0.0,20.573999999979378,0.0,1,equal
EDGE:AISLE:x=11.836400:y=23.647400<->AISLE:x=12.293600:y=23.647400,edge,14,5,5.333999999993978,5.333999999993978,0.0,0.0,5.333999999993978,0.0,1,equal
EDGE:AISLE:x=11.836400:y=25.933400<->AISLE:x=12.293600:y=25.933400,edge,15,7,5.714999999995655,5.714999999995655,0.0,0.0,5.714999999995655,0.0,1,equal
EDGE:AISLE:x=11.836400:y=28.219400<->AISLE:x=12.293600:y=28.219400,edge,103,8,39.24299999996808,39.24299999996808,0.0,0.0,39.24299999996808,0.0,1,equal
EDGE:AISLE:x=11.836400:y=30.505400<->AISLE:x=12.293600:y=30.505400,edge,18,7,6.857999999996849,6.857999999996849,0.0,0.0,6.857999999996849,0.0,1,equal
EDGE:AISLE:x=11.836400:y=32.791400<->AISLE:x=12.293600:y=32.791400,edge,29,8,11.048999999994578,11.048999999994578,0.0,0.0,11.048999999994578,0.0,1,equal
EDGE:AISLE:x=11.836400:y=35.077400<->AISLE:x=12.293600:y=35.077400,edge,19,7,7.238999999997247,7.238999999997247,0.0,0.0,7.238999999997247,0.0,1,equal
EDGE:AISLE:x=11.836400:y=37.363400<->AISLE:x=12.293600:y=37.363400,edge,3,3,1.142999999998807,1.142999999998807,0.0,0.0,1.142999999998807,0.0,1,equal
EDGE:AISLE:x=12.293600:y=16.027400<->AISLE:x=12.700000:y=16.027400,edge,14,5,4.741333333333037,4.741333333333037,0.0,0.0,4.741333333333037,0.0,1,equal
EDGE:AISLE:x=12.293600:y=19.075400<->AISLE:x=12.700000:y=19.075400,edge,51,8,17.271999999995415,17.271999999995415,0.0,0.0,17.271999999995415,0.0,1,equal
EDGE:AISLE:x=12.293600:y=21.361400<->AISLE:x=12.700000:y=21.361400,edge,52,8,17.610666666662397,17.610666666662397,0.0,0.0,17.610666666662397,0.0,1,equal
EDGE:AISLE:x=12.293600:y=23.647400<->AISLE:x=12.700000:y=23.647400,edge,12,5,4.063999999998714,4.063999999998714,0.0,0.0,4.063999999998714,0.0,1,equal
EDGE:AISLE:x=12.293600:y=25.933400<->AISLE:x=12.700000:y=25.933400,edge,15,7,5.079999999999018,5.079999999999018,0.0,0.0,5.079999999999018,0.0,1,equal
EDGE:AISLE:x=12.293600:y=28.219400<->AISLE:x=12.700000:y=28.219400,edge,101,8,34.20533333332672,34.20533333332672,0.0,0.0,34.20533333332672,0.0,1,equal
EDGE:AISLE:x=12.293600:y=30.505400<->AISLE:x=12.700000:y=30.505400,edge,18,7,6.095999999999236,6.095999999999236,0.0,0.0,6.095999999999236,0.0,1,equal
EDGE:AISLE:x=12.293600:y=32.791400<->AISLE:x=12.700000:y=32.791400,edge,21,6,7.1119999999991705,7.1119999999991705,0.0,0.0,7.1119999999991705,0.0,1,equal
EDGE:AISLE:x=12.293600:y=35.077400<->AISLE:x=12.700000:y=35.077400,edge,19,7,6.434666666665976,6.434666666665976,0.0,0.0,6.434666666665976,0.0,1,equal
EDGE:AISLE:x=12.293600:y=37.363400<->AISLE:x=12.700000:y=37.363400,edge,3,3,1.0159999999997353,1.0159999999997353,0.0,0.0,1.0159999999997353,0.0,1,equal
EDGE:AISLE:x=12.700000:y=16.027400<->AISLE:x=13.106400:y=16.027400,edge,14,5,4.741333333333037,4.741333333333037,0.0,0.0,4.741333333333037,0.0,1,equal
EDGE:AISLE:x=12.700000:y=19.075400<->AISLE:x=13.106400:y=19.075400,edge,47,8,15.917333333329253,15.917333333329253,0.0,0.0,15.917333333329253,0.0,1,equal
EDGE:AISLE:x=12.700000:y=21.361400<->AISLE:x=13.106400:y=21.361400,edge,40,8,13.546666666663455,13.546666666663455,0.0,0.0,13.546666666663455,0.0,1,equal
EDGE:AISLE:x=12.700000:y=23.647400<->AISLE:x=13.106400:y=23.647400,edge,12,5,4.063999999998714,4.063999999998714,0.0,0.0,4.063999999998714,0.0,1,equal
EDGE:AISLE:x=12.700000:y=25.933400<->AISLE:x=13.106400:y=25.933400,edge,15,7,5.079999999999018,5.079999999999018,0.0,0.0,5.079999999999018,0.0,1,equal
EDGE:AISLE:x=12.700000:y=28.219400<->AISLE:x=13.106400:y=28.219400,edge,99,8,33.52799999999364,33.52799999999364,0.0,0.0,33.52799999999364,0.0,1,equal
EDGE:AISLE:x=12.700000:y=30.505400<->AISLE:x=13.106400:y=30.505400,edge,16,7,5.418666666665928,5.418666666665928,0.0,0.0,5.418666666665928,0.0,1,equal
EDGE:AISLE:x=12.700000:y=32.791400<->AISLE:x=13.106400:y=32.791400,edge,21,6,7.1119999999991705,7.1119999999991705,0.0,0.0,7.1119999999991705,0.0,1,equal
EDGE:AISLE:x=12.700000:y=35.077400<->AISLE:x=13.106400:y=35.077400,edge,15,6,5.079999999999359,5.079999999999359,0.0,0.0,5.079999999999359,0.0,1,equal
EDGE:AISLE:x=12.700000:y=37.363400<->AISLE:x=13.106400:y=37.363400,edge,3,3,1.0159999999997353,1.0159999999997353,0.0,0.0,1.0159999999997353,0.0,1,equal
EDGE:AISLE:x=13.106400:y=16.027400<->AISLE:x=13.563600:y=16.027400,edge,14,5,5.333999999998753,5.333999999998753,0.0,0.0,5.333999999998753,0.0,1,equal
EDGE:AISLE:x=13.106400:y=19.075400<->AISLE:x=13.563600:y=19.075400,edge,43,8,16.382999999982474,16.382999999982474,0.0,0.0,16.382999999982474,0.0,1,equal
EDGE:AISLE:x=13.106400:y=21.361400<->AISLE:x=13.563600:y=21.361400,edge,40,8,15.2399999999854,15.2399999999854,0.0,0.0,15.2399999999854,0.0,1,equal
EDGE:AISLE:x=13.106400:y=23.647400<->AISLE:x=13.563600:y=23.647400,edge,12,5,4.571999999993977,4.571999999993977,0.0,0.0,4.571999999993977,0.0,1,equal
EDGE:AISLE:x=13.106400:y=25.933400<->AISLE:x=13.563600:y=25.933400,edge,15,7,5.714999999995655,5.714999999995655,0.0,0.0,5.714999999995655,0.0,1,equal
EDGE:AISLE:x=13.106400:y=28.219400<->AISLE:x=13.563600:y=28.219400,edge,97,8,36.956999999970236,36.956999999970236,0.0,0.0,36.956999999970236,0.0,1,equal
EDGE:AISLE:x=13.106400:y=30.505400<->AISLE:x=13.563600:y=30.505400,edge,14,6,5.333999999998042,5.333999999998042,0.0,0.0,5.333999999998042,0.0,1,equal
EDGE:AISLE:x=13.106400:y=32.791400<->AISLE:x=13.563600:y=32.791400,edge,21,6,8.00099999999577,8.00099999999577,0.0,0.0,8.00099999999577,0.0,1,equal
EDGE:AISLE:x=13.106400:y=35.077400<->AISLE:x=13.563600:y=35.077400,edge,15,6,5.714999999997303,5.714999999997303,0.0,0.0,5.714999999997303,0.0,1,equal
EDGE:AISLE:x=13.106400:y=37.363400<->AISLE:x=13.563600:y=37.363400,edge,3,3,1.142999999998807,1.142999999998807,0.0,0.0,1.142999999998807,0.0,1,equal
EDGE:AISLE:x=13.563600:y=16.027400<->AISLE:x=13.970000:y=16.027400,edge,10,4,3.3866666666666196,3.3866666666666196,0.0,0.0,3.3866666666666196,0.0,1,equal
EDGE:AISLE:x=13.563600:y=19.075400<->AISLE:x=13.970000:y=19.075400,edge,41,8,13.885333333329555,13.885333333329555,0.0,0.0,13.885333333329555,0.0,1,equal
EDGE:AISLE:x=13.563600:y=21.361400<->AISLE:x=13.970000:y=21.361400,edge,38,8,12.869333333330147,12.869333333330147,0.0,0.0,12.869333333330147,0.0,1,equal
EDGE:AISLE:x=13.563600:y=23.647400<->AISLE:x=13.970000:y=23.647400,edge,10,4,3.386666666665633,3.386666666665633,0.0,0.0,3.386666666665633,0.0,1,equal
EDGE:AISLE:x=13.563600:y=25.933400<->AISLE:x=13.970000:y=25.933400,edge,13,7,4.402666666665709,4.402666666665709,0.0,0.0,4.402666666665709,0.0,1,equal
EDGE:AISLE:x=13.563600:y=28.219400<->AISLE:x=13.970000:y=28.219400,edge,95,8,32.17333333332678,32.17333333332678,0.0,0.0,32.17333333332678,0.0,1,equal
EDGE:AISLE:x=13.563600:y=30.505400<->AISLE:x=13.970000:y=30.505400,edge,14,6,4.741333333332847,4.741333333332847,0.0,0.0,4.741333333332847,0.0,1,equal
EDGE:AISLE:x=13.563600:y=32.791400<->AISLE:x=13.970000:y=32.791400,edge,19,6,6.434666666665862,6.434666666665862,0.0,0.0,6.434666666665862,0.0,1,equal
EDGE:AISLE:x=13.563600:y=35.077400<->AISLE:x=13.970000:y=35.077400,edge,15,6,5.079999999999359,5.079999999999359,0.0,0.0,5.079999999999359,0.0,1,equal
EDGE:AISLE:x=13.563600:y=37.363400<->AISLE:x=13.970000:y=37.363400,edge,3,3,1.0159999999997353,1.0159999999997353,0.0,0.0,1.0159999999997353,0.0,1,equal
EDGE:AISLE:x=13.970000:y=16.027400<->AISLE:x=14.376400:y=16.027400,edge,10,4,3.3866666666666254,3.3866666666666254,0.0,0.0,3.3866666666666254,0.0,1,equal
EDGE:AISLE:x=13.970000:y=19.075400<->AISLE:x=14.376400:y=19.075400,edge,41,8,13.885333333329555,13.885333333329555,0.0,0.0,13.885333333329555,0.0,1,equal
EDGE:AISLE:x=13.970000:y=21.361400<->AISLE:x=14.376400:y=21.361400,edge,38,8,12.869333333330147,12.869333333330147,0.0,0.0,12.869333333330147,0.0,1,equal
EDGE:AISLE:x=13.970000:y=23.647400<->AISLE:x=14.376400:y=23.647400,edge,6,4,2.0319999999994707,2.0319999999994707,0.0,0.0,2.0319999999994707,0.0,1,equal
EDGE:AISLE:x=13.970000:y=25.933400<->AISLE:x=14.376400:y=25.933400,edge,13,7,4.402666666665709,4.402666666665709,0.0,0.0,4.402666666665709,0.0,1,equal
EDGE:AISLE:x=13.970000:y=28.219400<->AISLE:x=14.376400:y=28.219400,edge,87,8,29.46399999999379,29.46399999999379,0.0,0.0,29.46399999999379,0.0,1,equal
EDGE:AISLE:x=13.970000:y=30.505400<->AISLE:x=14.376400:y=30.505400,edge,12,5,4.063999999999538,4.063999999999538,0.0,0.0,4.063999999999538,0.0,1,equal
EDGE:AISLE:x=13.970000:y=32.791400<->AISLE:x=14.376400:y=32.791400,edge,15,6,5.079999999999245,5.079999999999245,0.0,0.0,5.079999999999245,0.0,1,equal
EDGE:AISLE:x=13.970000:y=35.077400<->AISLE:x=14.376400:y=35.077400,edge,15,6,5.079999999999359,5.079999999999359,0.0,0.0,5.079999999999359,0.0,1,equal
EDGE:AISLE:x=13.970000:y=37.363400<->AISLE:x=14.376400:y=37.363400,edge,3,3,1.0159999999997353,1.0159999999997353,0.0,0.0,1.0159999999997353,0.0,1,equal
EDGE:AISLE:x=14.376400:y=16.027400<->AISLE:x=14.833600:y=16.027400,edge,10,4,3.8099999999999388,3.8099999999999388,0.0,0.0,3.8099999999999388,0.0,1,equal
EDGE:AISLE:x=14.376400:y=19.075400<->AISLE:x=14.833600:y=19.075400,edge,39,8,14.858999999983723,14.858999999983723,0.0,0.0,14.858999999983723,0.0,1,equal
EDGE:AISLE:x=14.376400:y=21.361400<->AISLE:x=14.833600:y=21.361400,edge,36,8,13.71599999998665,13.71599999998665,0.0,0.0,13.71599999998665,0.0,1,equal
EDGE:AISLE:x=14.376400:y=23.647400<->AISLE:x=14.833600:y=23.647400,edge,6,4,2.285999999997557,2.285999999997557,0.0,0.0,2.285999999997557,0.0,1,equal
EDGE:AISLE:x=14.376400:y=25.933400<->AISLE:x=14.833600:y=25.933400,edge,13,7,4.952999999995711,4.952999999995711,0.0,0.0,4.952999999995711,0.0,1,equal
EDGE:AISLE:x=14.376400:y=28.219400<->AISLE:x=14.833600:y=28.219400,edge,81,8,30.860999999973018,30.860999999973018,0.0,0.0,30.860999999973018,0.0,1,equal
EDGE:AISLE:x=14.376400:y=30.505400<->AISLE:x=14.833600:y=30.505400,edge,12,5,4.5719999999980985,4.5719999999980985,0.0,0.0,4.5719999999980985,0.0,1,equal
EDGE:AISLE:x=14.376400:y=32.791400<->AISLE:x=14.833600:y=32.791400,edge,13,5,4.952999999995711,4.952999999995711,0.0,0.0,4.952999999995711,0.0,1,equal
EDGE:AISLE:x=14.376400:y=35.077400<->AISLE:x=14.833600:y=35.077400,edge,13,6,4.95299999999736,4.95299999999736,0.0,0.0,4.95299999999736,0.0,1,equal
EDGE:AISLE:x=14.376400:y=37.363400<->AISLE:x=14.833600:y=37.363400,edge,3,3,1.142999999998807,1.142999999998807,0.0,0.0,1.142999999998807,0.0,1,equal
EDGE:AISLE:x=14.833600:y=16.027400<->AISLE:x=15.240000:y=16.027400,edge,8,3,2.709333333333289,2.709333333333289,0.0,0.0,2.709333333333289,0.0,1,equal
EDGE:AISLE:x=14.833600:y=19.075400<->AISLE:x=15.240000:y=19.075400,edge,39,8,13.207999999996474,13.207999999996474,0.0,0.0,13.207999999996474,0.0,1,equal
EDGE:AISLE:x=14.833600:y=21.361400<->AISLE:x=15.240000:y=21.361400,edge,32,8,10.837333333330704,10.837333333330704,0.0,0.0,10.837333333330704,0.0,1,equal
EDGE:AISLE:x=14.833600:y=23.647400<->AISLE:x=15.240000:y=23.647400,edge,6,4,2.0319999999994707,2.0319999999994707,0.0,0.0,2.0319999999994707,0.0,1,equal
EDGE:AISLE:x=14.833600:y=25.933400<->AISLE:x=15.240000:y=25.933400,edge,11,7,3.725333333332401,3.725333333332401,0.0,0.0,3.725333333332401,0.0,1,equal
EDGE:AISLE:x=14.833600:y=28.219400<->AISLE:x=15.240000:y=28.219400,edge,85,8,28.786666666660054,28.786666666660054,0.0,0.0,28.786666666660054,0.0,1,equal
EDGE:AISLE:x=14.833600:y=30.505400<->AISLE:x=15.240000:y=30.505400,edge,12,5,4.063999999999538,4.063999999999538,0.0,0.0,4.063999999999538,0.0,1,equal
EDGE:AISLE:x=14.833600:y=32.791400<->AISLE:x=15.240000:y=32.791400,edge,11,5,3.725333333332628,3.725333333332628,0.0,0.0,3.725333333332628,0.0,1,equal
EDGE:AISLE:x=14.833600:y=35.077400<->AISLE:x=15.240000:y=35.077400,edge,11,6,3.7253333333329692,3.7253333333329692,0.0,0.0,3.7253333333329692,0.0,1,equal
EDGE:AISLE:x=14.833600:y=37.363400<->AISLE:x=15.240000:y=37.363400,edge,3,3,1.0159999999997353,1.0159999999997353,0.0,0.0,1.0159999999997353,0.0,1,equal
EDGE:AISLE:x=15.240000:y=16.027400<->AISLE:x=15.646400:y=16.027400,edge,6,3,2.031999999999977,2.031999999999977,0.0,0.0,2.031999999999977,0.0,1,equal
EDGE:AISLE:x=15.240000:y=19.075400<->AISLE:x=15.646400:y=19.075400,edge,33,8,11.17599999999723,11.17599999999723,0.0,0.0,11.17599999999723,0.0,1,equal
EDGE:AISLE:x=15.240000:y=21.361400<->AISLE:x=15.646400:y=21.361400,edge,28,8,9.482666666664286,9.482666666664286,0.0,0.0,9.482666666664286,0.0,1,equal
EDGE:AISLE:x=15.240000:y=23.647400<->AISLE:x=15.646400:y=23.647400,edge,6,4,2.0319999999994707,2.0319999999994707,0.0,0.0,2.0319999999994707,0.0,1,equal
EDGE:AISLE:x=15.240000:y=25.933400<->AISLE:x=15.646400:y=25.933400,edge,11,7,3.725333333332401,3.725333333332401,0.0,0.0,3.725333333332401,0.0,1,equal
EDGE:AISLE:x=15.240000:y=28.219400<->AISLE:x=15.646400:y=28.219400,edge,87,8,29.463999999993824,29.463999999993828,0.0,0.0,29.463999999993824,0.0,1,equal
EDGE:AISLE:x=15.240000:y=30.505400<->AISLE:x=15.646400:y=30.505400,edge,12,5,4.063999999999538,4.063999999999538,0.0,0.0,4.063999999999538,0.0,1,equal
EDGE:AISLE:x=15.240000:y=32.791400<->AISLE:x=15.646400:y=32.791400,edge,9,4,3.0479999999993197,3.0479999999993197,0.0,0.0,3.0479999999993197,0.0,1,equal
EDGE:AISLE:x=15.240000:y=35.077400<->AISLE:x=15.646400:y=35.077400,edge,9,6,3.0479999999996608,3.0479999999996608,0.0,0.0,3.0479999999996608,0.0,1,equal
EDGE:AISLE:x=15.240000:y=37.363400<->AISLE:x=15.646400:y=37.363400,edge,3,3,1.0159999999997353,1.0159999999997353,0.0,0.0,1.0159999999997353,0.0,1,equal
EDGE:AISLE:x=15.646400:y=16.027400<->AISLE:x=16.103600:y=16.027400,edge,6,3,2.2860000000000014,2.2860000000000014,0.0,0.0,2.2860000000000014,0.0,1,equal
EDGE:AISLE:x=15.646400:y=19.075400<->AISLE:x=16.103600:y=19.075400,edge,31,8,11.810999999988667,11.810999999988667,0.0,0.0,11.810999999988667,0.0,1,equal
EDGE:AISLE:x=15.646400:y=21.361400<->AISLE:x=16.103600:y=21.361400,edge,22,7,8.381999999991478,8.381999999991478,0.0,0.0,8.381999999991478,0.0,1,equal
EDGE:AISLE:x=15.646400:y=23.647400<->AISLE:x=16.103600:y=23.647400,edge,6,4,2.285999999997557,2.285999999997557,0.0,0.0,2.285999999997557,0.0,1,equal
EDGE:AISLE:x=15.646400:y=25.933400<->AISLE:x=16.103600:y=25.933400,edge,15,8,5.7149999999946886,5.7149999999946886,0.0,0.0,5.7149999999946886,0.0,1,equal
EDGE:AISLE:x=15.646400:y=28.219400<->AISLE:x=16.103600:y=28.219400,edge,73,8,27.81299999997549,27.81299999997549,0.0,0.0,27.81299999997549,0.0,1,equal
EDGE:AISLE:x=15.646400:y=30.505400<->AISLE:x=16.103600:y=30.505400,edge,8,4,3.0479999999982113,3.0479999999982113,0.0,0.0,3.0479999999982113,0.0,1,equal
EDGE:AISLE:x=15.646400:y=32.791400<->AISLE:x=16.103600:y=32.791400,edge,5,3,1.9049999999993474,1.9049999999993474,0.0,0.0,1.9049999999993474,0.0,1,equal
EDGE:AISLE:x=15.646400:y=35.077400<->AISLE:x=16.103600:y=35.077400,edge,9,6,3.428999999998723,3.428999999998723,0.0,0.0,3.428999999998723,0.0,1,equal
EDGE:AISLE:x=15.646400:y=37.363400<->AISLE:x=16.103600:y=37.363400,edge,3,3,1.142999999998807,1.142999999998807,0.0,0.0,1.142999999998807,0.0,1,equal
EDGE:AISLE:x=16.103600:y=16.027400<->AISLE:x=16.510000:y=16.027400,edge,4,2,1.3546666666666596,1.3546666666666596,0.0,0.0,1.3546666666666596,0.0,1,equal
EDGE:AISLE:x=16.103600:y=19.075400<->AISLE:x=16.510000:y=19.075400,edge,31,8,10.498666666664377,10.498666666664377,0.0,0.0,10.498666666664377,0.0,1,equal
EDGE:AISLE:x=16.103600:y=21.361400<->AISLE:x=16.510000:y=21.361400,edge,22,7,7.450666666664816,7.450666666664816,0.0,0.0,7.450666666664816,0.0,1,equal
EDGE:AISLE:x=16.103600:y=23.647400<->AISLE:x=16.510000:y=23.647400,edge,8,5,2.709333333332779,2.709333333332779,0.0,0.0,2.709333333332779,0.0,1,equal
EDGE:AISLE:x=16.103600:y=25.933400<->AISLE:x=16.510000:y=25.933400,edge,15,8,5.07999999999879,5.07999999999879,0.0,0.0,5.07999999999879,0.0,1,equal
EDGE:AISLE:x=16.103600:y=28.219400<->AISLE:x=16.510000:y=28.219400,edge,61,8,20.65866666666162,20.65866666666162,0.0,0.0,20.65866666666162,0.0,1,equal
EDGE:AISLE:x=16.103600:y=30.505400<->AISLE:x=16.510000:y=30.505400,edge,4,2,1.3546666666662759,1.3546666666662759,0.0,0.0,1.3546666666662759,0.0,1,equal
EDGE:AISLE:x=16.103600:y=32.791400<->AISLE:x=16.510000:y=32.791400,edge,3,2,1.015999999999849,1.015999999999849,0.0,0.0,1.015999999999849,0.0,1,equal
EDGE:AISLE:x=16.103600:y=35.077400<->AISLE:x=16.510000:y=35.077400,edge,9,6,3.0479999999996608,3.0479999999996608,0.0,0.0,3.0479999999996608,0.0,1,equal
EDGE:AISLE:x=16.103600:y=37.363400<->AISLE:x=16.510000:y=37.363400,edge,3,3,1.0159999999997353,1.0159999999997353,0.0,0.0,1.0159999999997353,0.0,1,equal
EDGE:AISLE:x=16.510000:y=16.027400<->AISLE:x=16.916400:y=16.027400,edge,2,1,0.677333333333336,0.677333333333336,0.0,0.0,0.677333333333336,0.0,1,equal
EDGE:AISLE:x=16.510000:y=19.075400<->AISLE:x=16.916400:y=19.075400,edge,23,7,7.7893333333315695,7.7893333333315695,0.0,0.0,7.7893333333315695,0.0,1,equal
EDGE:AISLE:x=16.510000:y=21.361400<->AISLE:x=16.916400:y=21.361400,edge,22,7,7.450666666664816,7.450666666664816,0.0,0.0,7.450666666664816,0.0,1,equal
EDGE:AISLE:x=16.510000:y=23.647400<->AISLE:x=16.916400:y=23.647400,edge,8,5,2.709333333332779,2.709333333332779,0.0,0.0,2.709333333332779,0.0,1,equal
EDGE:AISLE:x=16.510000:y=25.933400<->AISLE:x=16.916400:y=25.933400,edge,15,8,5.07999999999879,5.07999999999879,0.0,0.0,5.07999999999879,0.0,1,equal
EDGE:AISLE:x=16.510000:y=28.219400<->AISLE:x=16.916400:y=28.219400,edge,45,8,15.239999999996044,15.239999999996044,0.0,0.0,15.239999999996044,0.0,1,equal
EDGE:AISLE:x=16.510000:y=30.505400<->AISLE:x=16.916400:y=30.505400,edge,6,2,2.0319999999995844,2.0319999999995844,0.0,0.0,2.0319999999995844,0.0,1,equal
EDGE:AISLE:x=16.510000:y=32.791400<->AISLE:x=16.916400:y=32.791400,edge,3,2,1.015999999999849,1.015999999999849,0.0,0.0,1.015999999999849,0.0,1,equal
EDGE:AISLE:x=16.510000:y=35.077400<->AISLE:x=16.916400:y=35.077400,edge,5,4,1.6933333333330438,1.6933333333330438,0.0,0.0,1.6933333333330438,0.0,1,equal
EDGE:AISLE:x=16.510000:y=37.363400<->AISLE:x=16.916400:y=37.363400,edge,3,3,1.0159999999997353,1.0159999999997353,0.0,0.0,1.0159999999997353,0.0,1,equal
EDGE:AISLE:x=16.916400:y=19.075400<->SUP:RC-09,edge,13,7,5.503333333338617,5.503333333338617,0.0,0.0,5.503333333338617,0.0,1,equal
EDGE:AISLE:x=16.916400:y=21.361400<->SUP:RC-10,edge,22,7,9.313333333343834,9.313333333343834,0.0,0.0,9.313333333343834,0.0,1,equal
EDGE:AISLE:x=16.916400:y=23.647400<->SUP:RC-11,edge,8,5,3.3866666666696688,3.3866666666696688,0.0,0.0,3.3866666666696688,0.0,1,equal
EDGE:AISLE:x=16.916400:y=25.933400<->SUP:RC-12,edge,13,8,5.503333333338617,5.503333333338617,0.0,0.0,5.503333333338617,0.0,1,equal
EDGE:AISLE:x=16.916400:y=28.219400<->SUP:RC-13,edge,25,7,10.583333333343816,10.583333333343816,0.0,0.0,10.583333333343816,0.0,1,equal
EDGE:AISLE:x=16.916400:y=30.505400<->SUP:RC-14,edge,6,2,2.540000000002266,2.540000000002266,0.0,0.0,2.540000000002266,0.0,1,equal
EDGE:AISLE:x=16.916400:y=32.791400<->SUP:RC-15,edge,3,2,1.2700000000007208,1.2700000000007208,0.0,0.0,1.2700000000007208,0.0,1,equal
EDGE:AISLE:x=16.916400:y=35.077400<->SUP:RC-16,edge,5,4,2.116666666668152,2.116666666668152,0.0,0.0,2.116666666668152,0.0,1,equal
EDGE:AISLE:x=16.916400:y=37.363400<->SUP:RC-17,edge,3,3,1.2700000000015166,1.2700000000015166,0.0,0.0,1.2700000000015166,0.0,1,equal
EDGE:AISLE:x=2.184400:y=16.027400<->AISLE:x=2.590800:y=16.027400,edge,8,4,2.709333333333248,2.709333333333248,0.0,0.0,2.709333333333248,0.0,1,equal
EDGE:AISLE:x=2.184400:y=16.027400<->SUP:LC-08,edge,6,3,2.540000000001598,2.540000000001598,0.0,0.0,2.540000000001598,0.0,1,equal
EDGE:AISLE:x=2.184400:y=19.075400<->AISLE:x=2.590800:y=19.075400,edge,12,4,4.0639999999986,4.0639999999986,0.0,0.0,4.0639999999986,0.0,1,equal
EDGE:AISLE:x=2.184400:y=19.075400<->SUP:LC-09,edge,14,4,5.926666666674862,5.926666666674862,0.0,0.0,5.926666666674862,0.0,1,equal
EDGE:AISLE:x=2.184400:y=21.361400<->AISLE:x=2.590800:y=21.361400,edge,19,5,6.434666666665876,6.434666666665876,0.0,0.0,6.434666666665876,0.0,1,equal
EDGE:AISLE:x=2.184400:y=21.361400<->SUP:LC-10,edge,21,5,8.890000000005259,8.890000000005259,0.0,0.0,8.890000000005259,0.0,1,equal
EDGE:AISLE:x=2.184400:y=23.647400<->AISLE:x=2.590800:y=23.647400,edge,36,7,12.191999999997478,12.191999999997478,0.0,0.0,12.191999999997478,0.0,1,equal
EDGE:AISLE:x=2.184400:y=23.647400<->SUP:LC-11,edge,38,7,16.086666666682362,16.086666666682362,0.0,0.0,16.086666666682362,0.0,1,equal
EDGE:AISLE:x=2.184400:y=25.933400<->AISLE:x=2.590800:y=25.933400,edge,22,7,7.450666666665484,7.450666666665484,0.0,0.0,7.450666666665484,0.0,1,equal
EDGE:AISLE:x=2.184400:y=25.933400<->SUP:LC-12,edge,22,7,9.313333333340097,9.313333333340097,0.0,0.0,9.313333333340097,0.0,1,equal
EDGE:AISLE:x=2.184400:y=28.219400<->AISLE:x=2.590800:y=28.219400,edge,23,7,7.7893333333323085,7.7893333333323085,0.0,0.0,7.7893333333323085,0.0,1,equal
EDGE:AISLE:x=2.184400:y=28.219400<->SUP:LC-13,edge,25,7,10.58333333334076,10.58333333334076,0.0,0.0,10.58333333334076,0.0,1,equal
EDGE:AISLE:x=2.184400:y=30.505400<->AISLE:x=2.590800:y=30.505400,edge,24,6,8.127999999999034,8.127999999999034,0.0,0.0,8.127999999999034,0.0,1,equal
EDGE:AISLE:x=2.184400:y=30.505400<->SUP:LC-14,edge,20,6,8.466666666670093,8.466666666670093,0.0,0.0,8.466666666670093,0.0,1,equal
EDGE:AISLE:x=2.184400:y=32.791400<->AISLE:x=2.590800:y=32.791400,edge,21,7,7.111999999999185,7.111999999999185,0.0,0.0,7.111999999999185,0.0,1,equal
EDGE:AISLE:x=2.184400:y=32.791400<->SUP:LC-15,edge,21,7,8.890000000004235,8.890000000004235,0.0,0.0,8.890000000004235,0.0,1,equal
EDGE:AISLE:x=2.184400:y=35.077400<->AISLE:x=2.590800:y=35.077400,edge,11,5,3.7253333333328555,3.7253333333328555,0.0,0.0,3.7253333333328555,0.0,1,equal
EDGE:AISLE:x=2.184400:y=35.077400<->SUP:LC-16,edge,11,5,4.656666666668684,4.656666666668684,0.0,0.0,4.656666666668684,0.0,1,equal
EDGE:AISLE:x=2.590800:y=16.027400<->AISLE:x=2.997200:y=16.027400,edge,8,4,2.709333333333248,2.709333333333248,0.0,0.0,2.709333333333248,0.0,1,equal
EDGE:AISLE:x=2.590800:y=19.075400<->AISLE:x=2.997200:y=19.075400,edge,12,4,4.0639999999986,4.0639999999986,0.0,0.0,4.0639999999986,0.0,1,equal
EDGE:AISLE:x=2.590800:y=21.361400<->AISLE:x=2.997200:y=21.361400,edge,19,5,6.434666666665876,6.434666666665876,0.0,0.0,6.434666666665876,0.0,1,equal
EDGE:AISLE:x=2.590800:y=23.647400<->AISLE:x=2.997200:y=23.647400,edge,36,6,12.19199999999745,12.19199999999745,0.0,0.0,12.19199999999745,0.0,1,equal
EDGE:AISLE:x=2.590800:y=25.933400<->AISLE:x=2.997200:y=25.933400,edge,22,7,7.450666666665484,7.450666666665484,0.0,0.0,7.450666666665484,0.0,1,equal
EDGE:AISLE:x=2.590800:y=28.219400<->AISLE:x=2.997200:y=28.219400,edge,23,7,7.7893333333323085,7.7893333333323085,0.0,0.0,7.7893333333323085,0.0,1,equal
EDGE:AISLE:x=2.590800:y=30.505400<->AISLE:x=2.997200:y=30.505400,edge,20,6,6.773333333332644,6.773333333332644,0.0,0.0,6.773333333332644,0.0,1,equal
EDGE:AISLE:x=2.590800:y=32.791400<->AISLE:x=2.997200:y=32.791400,edge,19,7,6.434666666665876,6.434666666665876,0.0,0.0,6.434666666665876,0.0,1,equal
EDGE:AISLE:x=2.590800:y=35.077400<->AISLE:x=2.997200:y=35.077400,edge,11,5,3.7253333333328555,3.7253333333328555,0.0,0.0,3.7253333333328555,0.0,1,equal
EDGE:AISLE:x=2.997200:y=16.027400<->AISLE:x=3.454400:y=16.027400,edge,8,4,3.0479999999988934,3.0479999999988934,0.0,0.0,3.0479999999988934,0.0,1,equal
EDGE:AISLE:x=2.997200:y=19.075400<->AISLE:x=3.454400:y=19.075400,edge,12,4,4.571999999993409,4.571999999993409,0.0,0.0,4.571999999993409,0.0,1,equal
EDGE:AISLE:x=2.997200:y=21.361400<->AISLE:x=3.454400:y=21.361400,edge,21,6,8.000999999994548,8.000999999994548,0.0,0.0,8.000999999994548,0.0,1,equal
EDGE:AISLE:x=2.997200:y=23.647400<->AISLE:x=3.454400:y=23.647400,edge,32,6,12.191999999990685,12.191999999990685,0.0,0.0,12.191999999990685,0.0,1,equal
EDGE:AISLE:x=2.997200:y=25.933400<->AISLE:x=3.454400:y=25.933400,edge,22,7,8.381999999994378,8.381999999994378,0.0,0.0,8.381999999994378,0.0,1,equal
EDGE:AISLE:x=2.997200:y=28.219400<->AISLE:x=3.454400:y=28.219400,edge,23,7,8.762999999995031,8.762999999995031,0.0,0.0,8.762999999995031,0.0,1,equal
EDGE:AISLE:x=2.997200:y=30.505400<->AISLE:x=3.454400:y=30.505400,edge,20,6,7.619999999996736,7.619999999996736,0.0,0.0,7.619999999996736,0.0,1,equal
EDGE:AISLE:x=2.997200:y=32.791400<->AISLE:x=3.454400:y=32.791400,edge,21,7,8.000999999996225,8.000999999996225,0.0,0.0,8.000999999996225,0.0,1,equal
EDGE:AISLE:x=2.997200:y=35.077400<->AISLE:x=3.454400:y=35.077400,edge,11,5,4.190999999998013,4.190999999998013,0.0,0.0,4.190999999998013,0.0,1,equal
EDGE:AISLE:x=3.454400:y=16.027400<->AISLE:x=3.860800:y=16.027400,edge,6,4,2.0319999999997123,2.0319999999997123,0.0,0.0,2.0319999999997123,0.0,1,equal
EDGE:AISLE:x=3.454400:y=19.075400<->AISLE:x=3.860800:y=19.075400,edge,12,4,4.0639999999986,4.0639999999986,0.0,0.0,4.0639999999986,0.0,1,equal
EDGE:AISLE:x=3.454400:y=21.361400<->AISLE:x=3.860800:y=21.361400,edge,23,7,7.78933333333228,7.78933333333228,0.0,0.0,7.78933333333228,0.0,1,equal
EDGE:AISLE:x=3.454400:y=23.647400<->AISLE:x=3.860800:y=23.647400,edge,28,5,9.48266666666467,9.48266666666467,0.0,0.0,9.48266666666467,0.0,1,equal
EDGE:AISLE:x=3.454400:y=25.933400<->AISLE:x=3.860800:y=25.933400,edge,20,7,6.773333333332175,6.773333333332175,0.0,0.0,6.773333333332175,0.0,1,equal
EDGE:AISLE:x=3.454400:y=28.219400<->AISLE:x=3.860800:y=28.219400,edge,23,7,7.7893333333323085,7.7893333333323085,0.0,0.0,7.7893333333323085,0.0,1,equal
EDGE:AISLE:x=3.454400:y=30.505400<->AISLE:x=3.860800:y=30.505400,edge,20,6,6.773333333332644,6.773333333332644,0.0,0.0,6.773333333332644,0.0,1,equal
EDGE:AISLE:x=3.454400:y=32.791400<->AISLE:x=3.860800:y=32.791400,edge,23,7,7.789333333332721,7.789333333332721,0.0,0.0,7.789333333332721,0.0,1,equal
EDGE:AISLE:x=3.454400:y=35.077400<->AISLE:x=3.860800:y=35.077400,edge,11,5,3.7253333333328555,3.7253333333328555,0.0,0.0,3.7253333333328555,0.0,1,equal
EDGE:AISLE:x=3.860800:y=16.027400<->AISLE:x=4.267200:y=16.027400,edge,14,7,4.741333333332719,4.741333333332719,0.0,0.0,4.741333333332719,0.0,1,equal
EDGE:AISLE:x=3.860800:y=19.075400<->AISLE:x=4.267200:y=19.075400,edge,12,4,4.0639999999986,4.0639999999986,0.0,0.0,4.0639999999986,0.0,1,equal
EDGE:AISLE:x=3.860800:y=21.361400<->AISLE:x=4.267200:y=21.361400,edge,21,7,7.111999999998972,7.111999999998972,0.0,0.0,7.111999999998972,0.0,1,equal
EDGE:AISLE:x=3.860800:y=23.647400<->AISLE:x=4.267200:y=23.647400,edge,24,5,8.127999999998508,8.127999999998508,0.0,0.0,8.127999999998508,0.0,1,equal
EDGE:AISLE:x=3.860800:y=25.933400<->AISLE:x=4.267200:y=25.933400,edge,24,7,8.12799999999902,8.12799999999902,0.0,0.0,8.12799999999902,0.0,1,equal
EDGE:AISLE:x=3.860800:y=28.219400<->AISLE:x=4.267200:y=28.219400,edge,21,7,7.111999999999,7.111999999999,0.0,0.0,7.111999999999,0.0,1,equal
EDGE:AISLE:x=3.860800:y=30.505400<->AISLE:x=4.267200:y=30.505400,edge,22,6,7.450666666665953,7.450666666665953,0.0,0.0,7.450666666665953,0.0,1,equal
EDGE:AISLE:x=3.860800:y=32.791400<->AISLE:x=4.267200:y=32.791400,edge,25,7,8.466666666666057,8.466666666666057,0.0,0.0,8.466666666666057,0.0,1,equal
EDGE:AISLE:x=3.860800:y=35.077400<->AISLE:x=4.267200:y=35.077400,edge,13,5,4.402666666665937,4.402666666665937,0.0,0.0,4.402666666665937,0.0,1,equal
EDGE:AISLE:x=4.267200:y=16.027400<->AISLE:x=4.724400:y=16.027400,edge,16,7,6.095999999997417,6.095999999997417,0.0,0.0,6.095999999997417,0.0,1,equal
EDGE:AISLE:x=4.267200:y=19.075400<->AISLE:x=4.724400:y=19.075400,edge,12,4,4.571999999993466,4.571999999993466,0.0,0.0,4.571999999993466,0.0,1,equal
EDGE:AISLE:x=4.267200:y=21.361400<->AISLE:x=4.724400:y=21.361400,edge,25,7,9.524999999994606,9.524999999994606,0.0,0.0,9.524999999994606,0.0,1,equal
EDGE:AISLE:x=4.267200:y=23.647400<->AISLE:x=4.724400:y=23.647400,edge,24,5,9.143999999993184,9.143999999993184,0.0,0.0,9.143999999993184,0.0,1,equal
EDGE:AISLE:x=4.267200:y=25.933400<->AISLE:x=4.724400:y=25.933400,edge,26,7,9.905999999993526,9.905999999993526,0.0,0.0,9.905999999993526,0.0,1,equal
EDGE:AISLE:x=4.267200:y=28.219400<->AISLE:x=4.724400:y=28.219400,edge,23,7,8.762999999993951,8.762999999993951,0.0,0.0,8.762999999993951,0.0,1,equal
EDGE:AISLE:x=4.267200:y=30.505400<->AISLE:x=4.724400:y=30.505400,edge,24,6,9.14399999999668,9.14399999999668,0.0,0.0,9.14399999999668,0.0,1,equal
EDGE:AISLE:x=4.267200:y=32.791400<->AISLE:x=4.724400:y=32.791400,edge,25,7,9.524999999996453,9.524999999996453,0.0,0.0,9.524999999996453,0.0,1,equal
EDGE:AISLE:x=4.267200:y=35.077400<->AISLE:x=4.724400:y=35.077400,edge,15,6,5.7149999999956265,5.7149999999956265,0.0,0.0,5.7149999999956265,0.0,1,equal
EDGE:AISLE:x=4.724400:y=16.027400<->AISLE:x=5.130800:y=16.027400,edge,20,8,6.773333333332701,6.773333333332701,0.0,0.0,6.773333333332701,0.0,1,equal
EDGE:AISLE:x=4.724400:y=19.075400<->AISLE:x=5.130800:y=19.075400,edge,14,4,4.741333333331681,4.741333333331681,0.0,0.0,4.741333333331681,0.0,1,equal
EDGE:AISLE:x=4.724400:y=21.361400<->AISLE:x=5.130800:y=21.361400,edge,27,7,9.143999999999139,9.143999999999139,0.0,0.0,9.143999999999139,0.0,1,equal
EDGE:AISLE:x=4.724400:y=23.647400<->AISLE:x=5.130800:y=23.647400,edge,28,6,9.48266666666487,9.48266666666487,0.0,0.0,9.48266666666487,0.0,1,equal
EDGE:AISLE:x=4.724400:y=25.933400<->AISLE:x=5.130800:y=25.933400,edge,24,7,8.127999999998565,8.127999999998565,0.0,0.0,8.127999999998565,0.0,1,equal
EDGE:AISLE:x=4.724400:y=28.219400<->AISLE:x=5.130800:y=28.219400,edge,27,7,9.143999999998499,9.143999999998499,0.0,0.0,9.143999999998499,0.0,1,equal
EDGE:AISLE:x=4.724400:y=30.505400<->AISLE:x=5.130800:y=30.505400,edge,20,6,6.773333333332644,6.773333333332644,0.0,0.0,6.773333333332644,0.0,1,equal
EDGE:AISLE:x=4.724400:y=32.791400<->AISLE:x=5.130800:y=32.791400,edge,23,7,7.789333333332749,7.789333333332749,0.0,0.0,7.789333333332749,0.0,1,equal
EDGE:AISLE:x=4.724400:y=35.077400<->AISLE:x=5.130800:y=35.077400,edge,17,7,5.757333333332099,5.757333333332099,0.0,0.0,5.757333333332099,0.0,1,equal
EDGE:AISLE:x=5.130800:y=16.027400<->AISLE:x=5.537200:y=16.027400,edge,20,8,6.773333333332701,6.773333333332701,0.0,0.0,6.773333333332701,0.0,1,equal
EDGE:AISLE:x=5.130800:y=19.075400<->AISLE:x=5.537200:y=19.075400,edge,14,5,4.741333333331909,4.741333333331909,0.0,0.0,4.741333333331909,0.0,1,equal
EDGE:AISLE:x=5.130800:y=21.361400<->AISLE:x=5.537200:y=21.361400,edge,29,7,9.821333333332447,9.821333333332447,0.0,0.0,9.821333333332447,0.0,1,equal
EDGE:AISLE:x=5.130800:y=23.647400<->AISLE:x=5.537200:y=23.647400,edge,34,7,11.514666666664112,11.514666666664112,0.0,0.0,11.514666666664112,0.0,1,equal
EDGE:AISLE:x=5.130800:y=25.933400<->AISLE:x=5.537200:y=25.933400,edge,24,7,8.127999999998565,8.127999999998565,0.0,0.0,8.127999999998565,0.0,1,equal
EDGE:AISLE:x=5.130800:y=28.219400<->AISLE:x=5.537200:y=28.219400,edge,31,7,10.498666666664661,10.498666666664661,0.0,0.0,10.498666666664661,0.0,1,equal
EDGE:AISLE:x=5.130800:y=30.505400<->AISLE:x=5.537200:y=30.505400,edge,20,6,6.773333333332644,6.773333333332644,0.0,0.0,6.773333333332644,0.0,1,equal
EDGE:AISLE:x=5.130800:y=32.791400<->AISLE:x=5.537200:y=32.791400,edge,25,7,8.466666666666057,8.466666666666057,0.0,0.0,8.466666666666057,0.0,1,equal
EDGE:AISLE:x=5.130800:y=35.077400<->AISLE:x=5.537200:y=35.077400,edge,17,7,5.757333333332326,5.757333333332326,0.0,0.0,5.757333333332326,0.0,1,equal
EDGE:AISLE:x=5.537200:y=16.027400<->AISLE:x=5.994400:y=16.027400,edge,20,8,7.619999999997361,7.619999999997361,0.0,0.0,7.619999999997361,0.0,1,equal
EDGE:AISLE:x=5.537200:y=19.075400<->AISLE:x=5.994400:y=19.075400,edge,18,5,6.85799999999216,6.85799999999216,0.0,0.0,6.85799999999216,0.0,1,equal
EDGE:AISLE:x=5.537200:y=21.361400<->AISLE:x=5.994400:y=21.361400,edge,29,7,11.04899999999546,11.04899999999546,0.0,0.0,11.04899999999546,0.0,1,equal
EDGE:AISLE:x=5.537200:y=23.647400<->AISLE:x=5.994400:y=23.647400,edge,38,7,14.477999999984831,14.477999999984831,0.0,0.0,14.477999999984831,0.0,1,equal
EDGE:AISLE:x=5.537200:y=25.933400<->AISLE:x=5.994400:y=25.933400,edge,32,7,12.191999999990799,12.191999999990799,0.0,0.0,12.191999999990799,0.0,1,equal
EDGE:AISLE:x=5.537200:y=28.219400<->AISLE:x=5.994400:y=28.219400,edge,29,7,11.048999999990315,11.048999999990315,0.0,0.0,11.048999999990315,0.0,1,equal
EDGE:AISLE:x=5.537200:y=30.505400<->AISLE:x=5.994400:y=30.505400,edge,18,6,6.857999999997929,6.857999999997929,0.0,0.0,6.857999999997929,0.0,1,equal
EDGE:AISLE:x=5.537200:y=32.791400<->AISLE:x=5.994400:y=32.791400,edge,25,7,9.524999999996396,9.524999999996396,0.0,0.0,9.524999999996396,0.0,1,equal
EDGE:AISLE:x=5.537200:y=35.077400<->AISLE:x=5.994400:y=35.077400,edge,17,7,6.476999999994661,6.476999999994661,0.0,0.0,6.476999999994661,0.0,1,equal
EDGE:AISLE:x=5.994400:y=16.027400<->AISLE:x=6.400800:y=16.027400,edge,20,8,6.773333333332701,6.773333333332701,0.0,0.0,6.773333333332701,0.0,1,equal
EDGE:AISLE:x=5.994400:y=19.075400<->AISLE:x=6.400800:y=19.075400,edge,18,5,6.095999999998298,6.095999999998298,0.0,0.0,6.095999999998298,0.0,1,equal
EDGE:AISLE:x=5.994400:y=21.361400<->AISLE:x=6.400800:y=21.361400,edge,31,7,10.498666666665528,10.498666666665528,0.0,0.0,10.498666666665528,0.0,1,equal
EDGE:AISLE:x=5.994400:y=23.647400<->AISLE:x=6.400800:y=23.647400,edge,48,7,16.255999999995908,16.255999999995908,0.0,0.0,16.255999999995908,0.0,1,equal
EDGE:AISLE:x=5.994400:y=25.933400<->AISLE:x=6.400800:y=25.933400,edge,34,7,11.514666666664425,11.514666666664425,0.0,0.0,11.514666666664425,0.0,1,equal
EDGE:AISLE:x=5.994400:y=28.219400<->AISLE:x=6.400800:y=28.219400,edge,31,8,10.498666666664178,10.498666666664178,0.0,0.0,10.498666666664178,0.0,1,equal
EDGE:AISLE:x=5.994400:y=30.505400<->AISLE:x=6.400800:y=30.505400,edge,18,6,6.095999999999563,6.095999999999563,0.0,0.0,6.095999999999563,0.0,1,equal
EDGE:AISLE:x=5.994400:y=32.791400<->AISLE:x=6.400800:y=32.791400,edge,27,7,9.143999999999366,9.143999999999366,0.0,0.0,9.143999999999366,0.0,1,equal
EDGE:AISLE:x=5.994400:y=35.077400<->AISLE:x=6.400800:y=35.077400,edge,21,7,7.111999999998716,7.111999999998716,0.0,0.0,7.111999999998716,0.0,1,equal
EDGE:AISLE:x=6.400800:y=16.027400<->AISLE:x=6.807200:y=16.027400,edge,22,8,7.450666666666038,7.450666666666038,0.0,0.0,7.450666666666038,0.0,1,equal
EDGE:AISLE:x=6.400800:y=19.075400<->AISLE:x=6.807200:y=19.075400,edge,18,5,6.095999999998298,6.095999999998298,0.0,0.0,6.095999999998298,0.0,1,equal
EDGE:AISLE:x=6.400800:y=21.361400<->AISLE:x=6.807200:y=21.361400,edge,31,7,10.498666666665528,10.498666666665528,0.0,0.0,10.498666666665528,0.0,1,equal
EDGE:AISLE:x=6.400800:y=23.647400<->AISLE:x=6.807200:y=23.647400,edge,52,7,17.610666666662524,17.610666666662524,0.0,0.0,17.610666666662524,0.0,1,equal
EDGE:AISLE:x=6.400800:y=25.933400<->AISLE:x=6.807200:y=25.933400,edge,44,7,14.901333333330285,14.901333333330285,0.0,0.0,14.901333333330285,0.0,1,equal
EDGE:AISLE:x=6.400800:y=28.219400<->AISLE:x=6.807200:y=28.219400,edge,29,8,9.821333333331097,9.821333333331097,0.0,0.0,9.821333333331097,0.0,1,equal
EDGE:AISLE:x=6.400800:y=30.505400<->AISLE:x=6.807200:y=30.505400,edge,22,6,7.450666666665953,7.450666666665953,0.0,0.0,7.450666666665953,0.0,1,equal
EDGE:AISLE:x=6.400800:y=32.791400<->AISLE:x=6.807200:y=32.791400,edge,29,7,9.821333333332674,9.821333333332674,0.0,0.0,9.821333333332674,0.0,1,equal
EDGE:AISLE:x=6.400800:y=35.077400<->AISLE:x=6.807200:y=35.077400,edge,21,7,7.111999999998716,7.111999999998716,0.0,0.0,7.111999999998716,0.0,1,equal
EDGE:AISLE:x=6.807200:y=16.027400<->AISLE:x=7.264400:y=16.027400,edge,22,8,8.381999999997362,8.381999999997362,0.0,0.0,8.381999999997362,0.0,1,equal
EDGE:AISLE:x=6.807200:y=19.075400<->AISLE:x=7.264400:y=19.075400,edge,22,5,8.381999999989773,8.381999999989773,0.0,0.0,8.381999999989773,0.0,1,equal
EDGE:AISLE:x=6.807200:y=21.361400<->AISLE:x=7.264400:y=21.361400,edge,37,8,14.096999999991823,14.096999999991823,0.0,0.0,14.096999999991823,0.0,1,equal
EDGE:AISLE:x=6.807200:y=23.647400<->AISLE:x=7.264400:y=23.647400,edge,50,7,19.04999999998114,19.04999999998114,0.0,0.0,19.04999999998114,0.0,1,equal
EDGE:AISLE:x=6.807200:y=25.933400<->AISLE:x=7.264400:y=25.933400,edge,48,8,18.28799999998398,18.28799999998398,0.0,0.0,18.28799999998398,0.0,1,equal
EDGE:AISLE:x=6.807200:y=28.219400<->AISLE:x=7.264400:y=28.219400,edge,35,8,13.334999999987986,13.334999999987986,0.0,0.0,13.334999999987986,0.0,1,equal
EDGE:AISLE:x=6.807200:y=30.505400<->AISLE:x=7.264400:y=30.505400,edge,24,6,9.14399999999668,9.14399999999668,0.0,0.0,9.14399999999668,0.0,1,equal
EDGE:AISLE:x=6.807200:y=32.791400<->AISLE:x=7.264400:y=32.791400,edge,29,7,11.048999999996283,11.048999999996283,0.0,0.0,11.048999999996283,0.0,1,equal
EDGE:AISLE:x=6.807200:y=35.077400<->AISLE:x=7.264400:y=35.077400,edge,21,7,8.000999999993468,8.000999999993468,0.0,0.0,8.000999999993468,0.0,1,equal
EDGE:AISLE:x=7.264400:y=16.027400<->AISLE:x=7.670800:y=16.027400,edge,26,8,8.805333333332655,8.805333333332655,0.0,0.0,8.805333333332655,0.0,1,equal
EDGE:AISLE:x=7.264400:y=19.075400<->AISLE:x=7.670800:y=19.075400,edge,20,5,6.773333333331379,6.773333333331379,0.0,0.0,6.773333333331379,0.0,1,equal
EDGE:AISLE:x=7.264400:y=21.361400<->AISLE:x=7.670800:y=21.361400,edge,39,8,13.207999999997853,13.207999999997853,0.0,0.0,13.207999999997853,0.0,1,equal
EDGE:AISLE:x=7.264400:y=23.647400<->AISLE:x=7.670800:y=23.647400,edge,50,7,16.933333333329216,16.933333333329216,0.0,0.0,16.933333333329216,0.0,1,equal
EDGE:AISLE:x=7.264400:y=25.933400<->AISLE:x=7.670800:y=25.933400,edge,58,8,19.642666666662535,19.642666666662535,0.0,0.0,19.642666666662535,0.0,1,equal
EDGE:AISLE:x=7.264400:y=28.219400<->AISLE:x=7.670800:y=28.219400,edge,37,8,12.530666666664132,12.530666666664132,0.0,0.0,12.530666666664132,0.0,1,equal
EDGE:AISLE:x=7.264400:y=30.505400<->AISLE:x=7.670800:y=30.505400,edge,30,6,10.15999999999876,10.15999999999876,0.0,0.0,10.15999999999876,0.0,1,equal
EDGE:AISLE:x=7.264400:y=32.791400<->AISLE:x=7.670800:y=32.791400,edge,39,8,13.207999999998307,13.207999999998307,0.0,0.0,13.207999999998307,0.0,1,equal
EDGE:AISLE:x=7.264400:y=35.077400<->AISLE:x=7.670800:y=35.077400,edge,25,7,8.466666666665333,8.466666666665333,0.0,0.0,8.466666666665333,0.0,1,equal
EDGE:AISLE:x=7.670800:y=16.027400<->AISLE:x=8.077200:y=16.027400,edge,26,8,8.805333333332648,8.805333333332648,0.0,0.0,8.805333333332648,0.0,1,equal
EDGE:AISLE:x=7.670800:y=19.075400<->AISLE:x=8.077200:y=19.075400,edge,20,5,6.773333333331379,6.773333333331379,0.0,0.0,6.773333333331379,0.0,1,equal
EDGE:AISLE:x=7.670800:y=21.361400<->AISLE:x=8.077200:y=21.361400,edge,57,8,19.303999999997544,19.303999999997544,0.0,0.0,19.303999999997544,0.0,1,equal
EDGE:AISLE:x=7.670800:y=23.647400<->AISLE:x=8.077200:y=23.647400,edge,58,8,19.642666666662222,19.642666666662222,0.0,0.0,19.642666666662222,0.0,1,equal
EDGE:AISLE:x=7.670800:y=25.933400<->AISLE:x=8.077200:y=25.933400,edge,66,8,22.351999999994632,22.351999999994632,0.0,0.0,22.351999999994632,0.0,1,equal
EDGE:AISLE:x=7.670800:y=28.219400<->AISLE:x=8.077200:y=28.219400,edge,39,8,13.207999999997213,13.207999999997213,0.0,0.0,13.207999999997213,0.0,1,equal
EDGE:AISLE:x=7.670800:y=30.505400<->AISLE:x=8.077200:y=30.505400,edge,36,6,12.191999999998572,12.191999999998572,0.0,0.0,12.191999999998572,0.0,1,equal
EDGE:AISLE:x=7.670800:y=32.791400<->AISLE:x=8.077200:y=32.791400,edge,45,8,15.23999999999755,15.23999999999755,0.0,0.0,15.23999999999755,0.0,1,equal
EDGE:AISLE:x=7.670800:y=35.077400<->AISLE:x=8.077200:y=35.077400,edge,33,7,11.17599999999834,11.17599999999834,0.0,0.0,11.17599999999834,0.0,1,equal
EDGE:AISLE:x=8.077200:y=16.027400<->AISLE:x=8.534400:y=16.027400,edge,26,8,9.905999999997249,9.905999999997249,0.0,0.0,9.905999999997249,0.0,1,equal
EDGE:AISLE:x=8.077200:y=19.075400<->AISLE:x=8.534400:y=19.075400,edge,22,5,8.38199999998983,8.38199999998983,0.0,0.0,8.38199999998983,0.0,1,equal
EDGE:AISLE:x=8.077200:y=21.361400<->AISLE:x=8.534400:y=21.361400,edge,65,8,24.76499999998714,24.76499999998714,0.0,0.0,24.76499999998714,0.0,1,equal
EDGE:AISLE:x=8.077200:y=23.647400<->AISLE:x=8.534400:y=23.647400,edge,64,8,24.383999999977902,24.383999999977902,0.0,0.0,24.383999999977902,0.0,1,equal
EDGE:AISLE:x=8.077200:y=25.933400<->AISLE:x=8.534400:y=25.933400,edge,68,8,25.907999999972247,25.907999999972247,0.0,0.0,25.907999999972247,0.0,1,equal
EDGE:AISLE:x=8.077200:y=28.219400<->AISLE:x=8.534400:y=28.219400,edge,39,8,14.858999999986906,14.858999999986906,0.0,0.0,14.858999999986906,0.0,1,equal
EDGE:AISLE:x=8.077200:y=30.505400<->AISLE:x=8.534400:y=30.505400,edge,42,6,16.00199999999319,16.00199999999319,0.0,0.0,16.00199999999319,0.0,1,equal
EDGE:AISLE:x=8.077200:y=32.791400<->AISLE:x=8.534400:y=32.791400,edge,47,8,17.906999999986795,17.906999999986795,0.0,0.0,17.906999999986795,0.0,1,equal
EDGE:AISLE:x=8.077200:y=35.077400<->AISLE:x=8.534400:y=35.077400,edge,33,7,12.57299999999222,12.57299999999222,0.0,0.0,12.57299999999222,0.0,1,equal
EDGE:AISLE:x=8.077200:y=37.363400<->AISLE:x=8.534400:y=37.363400,edge,2,1,0.7620000000000005,0.7620000000000005,0.0,0.0,0.7620000000000005,0.0,1,equal
EDGE:AISLE:x=8.534400:y=16.027400<->AISLE:x=8.940800:y=16.027400,edge,26,8,8.80533333333265,8.80533333333265,0.0,0.0,8.80533333333265,0.0,1,equal
EDGE:AISLE:x=8.534400:y=19.075400<->AISLE:x=8.940800:y=19.075400,edge,26,6,8.805333333330623,8.805333333330623,0.0,0.0,8.805333333330623,0.0,1,equal
EDGE:AISLE:x=8.534400:y=21.361400<->AISLE:x=8.940800:y=21.361400,edge,69,8,23.36799999999718,23.36799999999718,0.0,0.0,23.36799999999718,0.0,1,equal
EDGE:AISLE:x=8.534400:y=23.647400<->AISLE:x=8.940800:y=23.647400,edge,64,8,21.67466666666192,21.67466666666192,0.0,0.0,21.67466666666192,0.0,1,equal
EDGE:AISLE:x=8.534400:y=25.933400<->AISLE:x=8.940800:y=25.933400,edge,74,8,25.06133333332741,25.06133333332741,0.0,0.0,25.06133333332741,0.0,1,equal
EDGE:AISLE:x=8.534400:y=28.219400<->AISLE:x=8.940800:y=28.219400,edge,43,8,14.562666666664043,14.562666666664043,0.0,0.0,14.562666666664043,0.0,1,equal
EDGE:AISLE:x=8.534400:y=30.505400<->AISLE:x=8.940800:y=30.505400,edge,50,6,16.933333333331504,16.933333333331504,0.0,0.0,16.933333333331504,0.0,1,equal
EDGE:AISLE:x=8.534400:y=32.791400<->AISLE:x=8.940800:y=32.791400,edge,51,8,17.271999999997277,17.271999999997277,0.0,0.0,17.271999999997277,0.0,1,equal
EDGE:AISLE:x=8.534400:y=35.077400<->AISLE:x=8.940800:y=35.077400,edge,35,7,11.853333333331648,11.853333333331648,0.0,0.0,11.853333333331648,0.0,1,equal
EDGE:AISLE:x=8.534400:y=37.363400<->AISLE:x=8.940800:y=37.363400,edge,2,1,0.6773333333333085,0.6773333333333085,0.0,0.0,0.6773333333333085,0.0,1,equal
EDGE:AISLE:x=8.940800:y=16.027400<->AISLE:x=9.347200:y=16.027400,edge,30,8,10.159999999998815,10.159999999998815,0.0,0.0,10.159999999998815,0.0,1,equal
EDGE:AISLE:x=8.940800:y=19.075400<->AISLE:x=9.347200:y=19.075400,edge,26,6,8.805333333330623,8.805333333330623,0.0,0.0,8.805333333330623,0.0,1,equal
EDGE:AISLE:x=8.940800:y=21.361400<->AISLE:x=9.347200:y=21.361400,edge,71,8,24.045333333330262,24.045333333330262,0.0,0.0,24.045333333330262,0.0,1,equal
EDGE:AISLE:x=8.940800:y=23.647400<->AISLE:x=9.347200:y=23.647400,edge,66,8,22.35199999999523,22.35199999999523,0.0,0.0,22.35199999999523,0.0,1,equal
EDGE:AISLE:x=8.940800:y=25.933400<->AISLE:x=9.347200:y=25.933400,edge,74,8,25.06133333332764,25.06133333332764,0.0,0.0,25.06133333332764,0.0,1,equal
EDGE:AISLE:x=8.940800:y=28.219400<->AISLE:x=9.347200:y=28.219400,edge,49,8,16.594666666663514,16.594666666663514,0.0,0.0,16.594666666663514,0.0,1,equal
EDGE:AISLE:x=8.940800:y=30.505400<->AISLE:x=9.347200:y=30.505400,edge,62,7,20.997333333331127,20.997333333331127,0.0,0.0,20.997333333331127,0.0,1,equal
EDGE:AISLE:x=8.940800:y=32.791400<->AISLE:x=9.347200:y=32.791400,edge,55,8,18.626666666663894,18.626666666663894,0.0,0.0,18.626666666663894,0.0,1,equal
EDGE:AISLE:x=8.940800:y=35.077400<->AISLE:x=9.347200:y=35.077400,edge,47,8,15.917333333331555,15.917333333331555,0.0,0.0,15.917333333331555,0.0,1,equal
EDGE:AISLE:x=8.940800:y=37.363400<->AISLE:x=9.347200:y=37.363400,edge,2,1,0.6773333333333085,0.6773333333333085,0.0,0.0,0.6773333333333085,0.0,1,equal
EDGE:SUP:CC-08<->SUP:CC-09,edge,180,8,457.20000000007207,457.2000000000719,0.0,0.0,457.2000000000721,0.0,1,equal
EDGE:SUP:CC-09<->SUP:CC-10,edge,181,8,344.80500000005344,344.80500000005327,0.0,0.0,344.8050000000534,0.0,1,equal
EDGE:SUP:CC-10<->SUP:CC-11,edge,182,8,346.7100000000497,346.7100000000495,0.0,0.0,346.7100000000497,0.0,1,equal
EDGE:SUP:CC-11<->SUP:CC-12,edge,170,8,323.85000000004544,323.8500000000454,0.0,0.0,323.8500000000455,0.0,1,equal
EDGE:SUP:CC-12<->SUP:CC-13,edge,193,8,367.6650000000587,367.6650000000584,0.0,0.0,367.6650000000587,0.0,1,equal
EDGE:SUP:CC-13<->SUP:CC-14,edge,155,8,295.2750000000362,295.27500000003613,0.0,0.0,295.2750000000362,0.0,1,equal
EDGE:SUP:CC-14<->SUP:CC-15,edge,129,8,245.74500000002723,245.74500000002723,0.0,0.0,245.74500000002723,0.0,1,equal
EDGE:SUP:CC-15<->SUP:CC-16,edge,83,8,158.11500000001547,158.11500000001547,0.0,0.0,158.11500000001547,0.0,1,equal
EDGE:SUP:CC-16<->SUP:CC-17,edge,7,4,13.335000000001259,13.335000000001259,0.0,0.0,13.335000000001259,0.0,1,equal
EDGE:SUP:LC-08<->SUP:LC-09,edge,6,3,15.24000000000163,15.24000000000163,0.0,0.0,15.24000000000163,0.0,1,equal
EDGE:SUP:LC-09<->SUP:LC-10,edge,18,5,34.2900000000071,34.2900000000071,0.0,0.0,34.2900000000071,0.0,1,equal
EDGE:SUP:LC-10<->SUP:LC-11,edge,27,6,51.43500000000887,51.43500000000887,0.0,0.0,51.43500000000887,0.0,1,equal
EDGE:SUP:LC-11<->SUP:LC-12,edge,31,8,59.05500000000842,59.05500000000842,0.0,0.0,59.05500000000842,0.0,1,equal
EDGE:SUP:LC-12<->SUP:LC-13,edge,29,8,55.24500000000768,55.24500000000768,0.0,0.0,55.24500000000768,0.0,1,equal
EDGE:SUP:LC-13<->SUP:LC-14,edge,20,7,38.10000000000497,38.10000000000497,0.0,0.0,38.10000000000497,0.0,1,equal
EDGE:SUP:LC-14<->SUP:LC-15,edge,18,6,34.29000000000431,34.29000000000431,0.0,0.0,34.29000000000431,0.0,1,equal
EDGE:SUP:LC-15<->SUP:LC-16,edge,11,5,20.95500000000183,20.95500000000183,0.0,0.0,20.95500000000183,0.0,1,equal
EDGE:SUP:RC-09<->SUP:RC-10,edge,13,7,24.765000000004648,24.765000000004648,0.0,0.0,24.765000000004648,0.0,1,equal
EDGE:SUP:RC-10<->SUP:RC-11,edge,13,6,24.765000000004534,24.765000000004534,0.0,0.0,24.765000000004534,0.0,1,equal
EDGE:SUP:RC-11<->SUP:RC-12,edge,15,6,28.575000000005844,28.575000000005844,0.0,0.0,28.575000000005844,0.0,1,equal
EDGE:SUP:RC-12<->SUP:RC-13,edge,16,6,30.480000000005248,30.480000000005248,0.0,0.0,30.480000000005248,0.0,1,equal
EDGE:SUP:RC-13<->SUP:RC-14,edge,11,5,20.95500000000385,20.95500000000385,0.0,0.0,20.95500000000385,0.0,1,equal
EDGE:SUP:RC-14<->SUP:RC-15,edge,7,4,13.335000000001855,13.335000000001855,0.0,0.0,13.335000000001855,0.0,1,equal
EDGE:SUP:RC-15<->SUP:RC-16,edge,4,3,7.620000000001255,7.620000000001255,0.0,0.0,7.620000000001255,0.0,1,equal
EDGE:SUP:RC-16<->SUP:RC-17,edge,3,3,5.715000000001311,5.715000000001311,0.0,0.0,5.715000000001311,0.0,1,equal
NODE:AISLE:x=10.236200:y=25.933400,node,1,1,0.13116666667156096,0.0,0.0,0.13116666667156096,0.13116666667156096,0.0,1,equal
NODE:AISLE:x=10.236200:y=30.505400,node,1,1,0.5801666666668552,0.0,0.0,0.5801666666668552,0.5801666666668552,0.0,1,equal
NODE:AISLE:x=10.236200:y=32.791400,node,1,1,0.5416666666587844,0.0,0.0,0.5416666666587844,0.5416666666587844,0.0,1,equal
NODE:AISLE:x=10.236200:y=35.077400,node,1,1,0.13833333333309383,0.0,0.0,0.13833333333309383,0.13833333333309383,0.0,1,equal
NODE:AISLE:x=11.023600:y=19.075400,node,10,5,30.0,0.0,30.0,0.0,30.0,0.0,1,equal
NODE:AISLE:x=11.023600:y=21.361400,node,25,7,68.01500000000306,0.0,66.0,2.015000000003056,66.92000000000371,1.0949999999993452,2,equal
NODE:AISLE:x=11.023600:y=23.647400,node,17,6,50.94216666666705,0.0,48.0,2.942166666667049,48.0,2.942166666667049,2,equal
NODE:AISLE:x=11.023600:y=25.933400,node,1,1,3.0,0.0,3.0,0.0,3.0,0.0,1,equal
NODE:AISLE:x=11.023600:y=28.219400,node,42,6,118.39850000000672,0.0,84.0,34.39850000000672,84.57149999999831,33.82700000000841,2,equal
NODE:AISLE:x=11.023600:y=30.505400,node,17,6,51.0,0.0,51.0,0.0,51.0,0.0,1,equal
NODE:AISLE:x=11.023600:y=32.791400,node,12,6,36.0,0.0,36.0,0.0,36.0,0.0,1,equal
NODE:AISLE:x=11.023600:y=35.077400,node,12,5,36.0,0.0,36.0,0.0,36.0,0.0,1,equal
NODE:AISLE:x=11.023600:y=37.363400,node,1,1,3.0,0.0,3.0,0.0,3.0,0.0,1,equal
NODE:AISLE:x=11.430000:y=21.361400,node,10,3,30.0,0.0,30.0,0.0,30.0,0.0,1,equal
NODE:AISLE:x=11.430000:y=23.647400,node,14,4,41.466666666666924,0.0,36.0,5.466666666666924,36.0,5.466666666666924,2,equal
NODE:AISLE:x=11.430000:y=25.933400,node,3,2,9.0,0.0,9.0,0.0,9.0,0.0,1,equal
NODE:AISLE:x=11.430000:y=28.219400,node,28,4,84.0,0.0,84.0,0.0,84.0,0.0,1,equal
NODE:AISLE:x=11.430000:y=30.505400,node,8,2,24.0,0.0,24.0,0.0,24.0,0.0,1,equal
NODE:AISLE:x=11.430000:y=32.791400,node,5,1,15.0,0.0,15.0,0.0,15.0,0.0,1,equal
NODE:AISLE:x=11.430000:y=35.077400,node,3,2,9.0,0.0,9.0,0.0,9.0,0.0,1,equal
NODE:AISLE:x=11.836400:y=19.075400,node,6,4,18.0,0.0,18.0,0.0,18.0,0.0,1,equal
NODE:AISLE:x=11.836400:y=21.361400,node,5,4,12.076333333328876,0.0,12.0,0.0763333333288756,12.076333333328876,0.0,1,equal
NODE:AISLE:x=11.836400:y=25.933400,node,5,4,15.0,0.0,15.0,0.0,15.0,0.0,1,equal
NODE:AISLE:x=11.836400:y=28.219400,node,32,5,90.12433333335139,0.0,90.0,0.12433333335138741,90.12433333335139,0.0,1,equal
NODE:AISLE:x=11.836400:y=30.505400,node,33,4,96.84933333333277,0.0,78.0,18.849333333332766,78.0,18.849333333332766,2,equal
NODE:AISLE:x=11.836400:y=35.077400,node,7,4,21.0,0.0,21.0,0.0,21.0,0.0,1,equal
NODE:AISLE:x=12.293600:y=19.075400,node,8,3,24.0,0.0,24.0,0.0,24.0,0.0,1,equal
NODE:AISLE:x=12.293600:y=21.361400,node,9,5,27.0,0.0,27.0,0.0,27.0,0.0,1,equal
NODE:AISLE:x=12.293600:y=23.647400,node,1,1,3.0,0.0,3.0,0.0,3.0,0.0,1,equal
NODE:AISLE:x=12.293600:y=25.933400,node,1,1,3.0,0.0,3.0,0.0,3.0,0.0,1,equal
NODE:AISLE:x=12.293600:y=28.219400,node,21,4,63.0,0.0,63.0,0.0,63.0,0.0,1,equal
NODE:AISLE:x=12.293600:y=32.791400,node,4,3,12.0,0.0,12.0,0.0,12.0,0.0,1,equal
NODE:AISLE:x=12.293600:y=37.363400,node,1,1,3.0,0.0,3.0,0.0,3.0,0.0,1,equal
NODE:AISLE:x=12.700000:y=19.075400,node,10,4,30.0,0.0,30.0,0.0,30.0,0.0,1,equal
NODE:AISLE:x=12.700000:y=21.361400,node,15,6,45.0,0.0,45.0,0.0,45.0,0.0,1,equal
NODE:AISLE:x=12.700000:y=28.219400,node,4,2,12.0,0.0,12.0,0.0,12.0,0.0,1,equal
NODE:AISLE:x=12.700000:y=30.505400,node,2,2,6.0,0.0,6.0,0.0,6.0,0.0,1,equal
NODE:AISLE:x=12.700000:y=35.077400,node,3,3,9.0,0.0,9.0,0.0,9.0,0.0,1,equal
NODE:AISLE:x=13.106400:y=19.075400,node,9,5,27.0,0.0,27.0,0.0,27.0,0.0,1,equal
NODE:AISLE:x=13.106400:y=28.219400,node,14,4,39.19466666666631,0.0,39.0,0.19466666666630772,39.19466666666631,0.0,1,equal
NODE:AISLE:x=13.106400:y=30.505400,node,2,2,6.0,0.0,6.0,0.0,6.0,0.0,1,equal
NODE:AISLE:x=13.106400:y=35.077400,node,1,1,3.0,0.0,3.0,0.0,3.0,0.0,1,equal
NODE:AISLE:x=13.563600:y=16.027400,node,13,4,36.528,0.0,36.0,0.5279999999999987,36.0,0.5279999999999987,2,equal
NODE:AISLE:x=13.563600:y=19.075400,node,11,4,33.0,0.0,33.0,0.0,33.0,0.0,1,equal
NODE:AISLE:x=13.563600:y=21.361400,node,4,2,12.0,0.0,12.0,0.0,12.0,0.0,1,equal
NODE:AISLE:x=13.563600:y=23.647400,node,1,1,3.0,0.0,3.0,0.0,3.0,0.0,1,equal
NODE:AISLE:x=13.563600:y=25.933400,node,2,1,6.0,0.0,6.0,0.0,6.0,0.0,1,equal
NODE:AISLE:x=13.563600:y=28.219400,node,14,6,42.0,0.0,42.0,0.0,42.0,0.0,1,equal
NODE:AISLE:x=13.563600:y=32.791400,node,2,2,6.0,0.0,6.0,0.0,6.0,0.0,1,equal
NODE:AISLE:x=13.970000:y=16.027400,node,5,1,15.0,0.0,15.0,0.0,15.0,0.0,1,equal
NODE:AISLE:x=13.970000:y=23.647400,node,2,2,6.0,0.0,6.0,0.0,6.0,0.0,1,equal
NODE:AISLE:x=13.970000:y=28.219400,node,18,4,51.07899999999972,0.0,51.0,0.07899999999972351,51.07899999999972,0.0,1,equal
NODE:AISLE:x=13.970000:y=30.505400,node,3,2,9.0,0.0,9.0,0.0,9.0,0.0,1,equal
NODE:AISLE:x=13.970000:y=32.791400,node,4,2,12.0,0.0,12.0,0.0,12.0,0.0,1,equal
NODE:AISLE:x=14.376400:y=16.027400,node,5,1,15.0,0.0,15.0,0.0,15.0,0.0,1,equal
NODE:AISLE:x=14.376400:y=19.075400,node,10,3,30.0,0.0,30.0,0.0,30.0,0.0,1,equal
NODE:AISLE:x=14.376400:y=21.361400,node,3,3,9.0,0.0,9.0,0.0,9.0,0.0,1,equal
NODE:AISLE:x=14.376400:y=25.933400,node,4,2,12.0,0.0,12.0,0.0,12.0,0.0,1,equal
NODE:AISLE:x=14.376400:y=28.219400,node,13,5,39.0,0.0,39.0,0.0,39.0,0.0,1,equal
NODE:AISLE:x=14.376400:y=32.791400,node,5,2,15.0,0.0,15.0,0.0,15.0,0.0,1,equal
NODE:AISLE:x=14.376400:y=35.077400,node,3,2,9.0,0.0,9.0,0.0,9.0,0.0,1,equal
NODE:AISLE:x=14.833600:y=16.027400,node,7,3,21.0,0.0,21.0,0.0,21.0,0.0,1,equal
NODE:AISLE:x=14.833600:y=19.075400,node,1,1,0.07899999999062857,0.0,0.0,0.07899999999062857,0.07899999999062857,0.0,1,equal
NODE:AISLE:x=14.833600:y=21.361400,node,21,5,63.0,0.0,63.0,0.0,63.0,0.0,1,equal
NODE:AISLE:x=14.833600:y=25.933400,node,8,5,24.0,0.0,24.0,0.0,24.0,0.0,1,equal
NODE:AISLE:x=14.833600:y=28.219400,node,30,6,87.20600000000013,0.0,87.0,0.20600000000013097,87.0,0.20600000000013097,2,equal
NODE:AISLE:x=14.833600:y=32.791400,node,5,1,15.0,0.0,15.0,0.0,15.0,0.0,1,equal
NODE:AISLE:x=14.833600:y=35.077400,node,2,2,6.0,0.0,6.0,0.0,6.0,0.0,1,equal
NODE:AISLE:x=15.240000:y=16.027400,node,1,1,3.0,0.0,3.0,0.0,3.0,0.0,1,equal
NODE:AISLE:x=15.240000:y=19.075400,node,9,4,24.318999999984953,0.0,24.0,0.3189999999849533,24.318999999984953,0.0,1,equal
NODE:AISLE:x=15.240000:y=21.361400,node,16,6,48.0,0.0,48.0,0.0,48.0,0.0,1,equal
NODE:AISLE:x=15.240000:y=23.647400,node,1,1,3.0,0.0,3.0,0.0,3.0,0.0,1,equal
NODE:AISLE:x=15.240000:y=25.933400,node,1,1,3.0,0.0,3.0,0.0,3.0,0.0,1,equal
NODE:AISLE:x=15.240000:y=28.219400,node,36,7,102.23966666668733,0.0,102.00000000000003,0.23966666668729886,102.23966666668733,0.0,1,equal
NODE:AISLE:x=15.240000:y=32.791400,node,1,1,3.0,0.0,3.0,0.0,3.0,0.0,1,equal
NODE:AISLE:x=15.240000:y=35.077400,node,3,1,9.0,0.0,9.0,0.0,9.0,0.0,1,equal
NODE:AISLE:x=15.240000:y=37.363400,node,2,1,6.0,0.0,6.0,0.0,6.0,0.0,1,equal
NODE:AISLE:x=15.646400:y=19.075400,node,3,2,9.0,0.0,9.0,0.0,9.0,0.0,1,equal
NODE:AISLE:x=15.646400:y=21.361400,node,14,4,42.0,0.0,42.0,0.0,42.0,0.0,1,equal
NODE:AISLE:x=15.646400:y=23.647400,node,3,3,9.0,0.0,9.0,0.0,9.0,0.0,1,equal
NODE:AISLE:x=15.646400:y=25.933400,node,2,2,6.0,0.0,6.0,0.0,6.0,0.0,1,equal
NODE:AISLE:x=15.646400:y=28.219400,node,47,7,138.18066666666664,0.0,138.0,0.180666666666653,138.0,0.180666666666653,2,equal
NODE:AISLE:x=15.646400:y=30.505400,node,4,2,12.0,0.0,12.0,0.0,12.0,0.0,1,equal
NODE:AISLE:x=15.646400:y=32.791400,node,6,2,18.0,0.0,18.0,0.0,18.0,0.0,1,equal
NODE:AISLE:x=15.646400:y=35.077400,node,2,2,6.0,0.0,6.0,0.0,6.0,0.0,1,equal
NODE:AISLE:x=15.646400:y=37.363400,node,1,1,3.0,0.0,3.0,0.0,3.0,0.0,1,equal
NODE:AISLE:x=16.103600:y=16.027400,node,10,2,30.000000000000004,0.0,30.000000000000004,0.0,30.000000000000004,0.0,1,equal
NODE:AISLE:x=16.103600:y=19.075400,node,8,3,24.0,0.0,24.0,0.0,24.0,0.0,1,equal
NODE:AISLE:x=16.103600:y=21.361400,node,5,3,15.0,0.0,15.0,0.0,15.0,0.0,1,equal
NODE:AISLE:x=16.103600:y=23.647400,node,2,2,6.0,0.0,6.0,0.0,6.0,0.0,1,equal
NODE:AISLE:x=16.103600:y=25.933400,node,1,1,3.0,0.0,3.0,0.0,3.0,0.0,1,equal
NODE:AISLE:x=16.103600:y=28.219400,node,30,6,90.0,0.0,90.0,0.0,90.0,0.0,1,equal
NODE:AISLE:x=16.103600:y=30.505400,node,5,3,15.0,0.0,15.0,0.0,15.0,0.0,1,equal
NODE:AISLE:x=16.103600:y=32.791400,node,1,1,3.0,0.0,3.0,0.0,3.0,0.0,1,equal
NODE:AISLE:x=16.510000:y=16.027400,node,4,1,12.000000000000002,0.0,12.000000000000002,0.0,12.000000000000002,0.0,1,equal
NODE:AISLE:x=16.510000:y=19.075400,node,14,5,42.0,0.0,42.0,0.0,42.0,0.0,1,equal
NODE:AISLE:x=16.510000:y=21.361400,node,5,3,15.0,0.0,15.0,0.0,15.0,0.0,1,equal
NODE:AISLE:x=16.510000:y=25.933400,node,1,1,3.0,0.0,3.0,0.0,3.0,0.0,1,equal
NODE:AISLE:x=16.510000:y=28.219400,node,57,8,176.43266666667273,0.0,150.0,26.43266666667273,150.0,20.43266666667273,3,equal
NODE:AISLE:x=16.510000:y=30.505400,node,3,1,9.0,0.0,9.0,0.0,9.0,0.0,1,equal
NODE:AISLE:x=16.510000:y=35.077400,node,3,2,9.0,0.0,9.0,0.0,9.0,0.0,1,equal
NODE:AISLE:x=16.916400:y=16.027400,node,1,1,3.000000000000001,0.0,3.000000000000001,0.0,3.000000000000001,0.0,1,equal
NODE:AISLE:x=16.916400:y=19.075400,node,14,4,42.0,0.0,42.0,0.0,42.0,0.0,1,equal
NODE:AISLE:x=16.916400:y=21.361400,node,1,1,3.0,0.0,3.0,0.0,3.0,0.0,1,equal
NODE:AISLE:x=16.916400:y=23.647400,node,1,1,3.0,0.0,3.0,0.0,3.0,0.0,1,equal
NODE:AISLE:x=16.916400:y=25.933400,node,3,2,9.0,0.0,9.0,0.0,9.0,0.0,1,equal
NODE:AISLE:x=16.916400:y=28.219400,node,32,7,92.16733333332013,0.0,90.0,2.16733333332013,90.0,2.16733333332013,2,equal
NODE:AISLE:x=16.916400:y=30.505400,node,1,1,3.0,0.0,3.0,0.0,3.0,0.0,1,equal
NODE:AISLE:x=2.184400:y=16.027400,node,2,1,6.0,0.0,6.0,0.0,6.0,0.0,1,equal
NODE:AISLE:x=2.184400:y=19.075400,node,2,2,6.0,0.0,6.0,0.0,6.0,0.0,1,equal
NODE:AISLE:x=2.184400:y=21.361400,node,2,2,6.0,0.0,6.0,0.0,6.0,0.0,1,equal
NODE:AISLE:x=2.184400:y=23.647400,node,12,3,36.0,0.0,36.0,0.0,36.0,0.0,1,equal
NODE:AISLE:x=2.184400:y=25.933400,node,1,1,0.020000000000038654,0.0,0.0,0.020000000000038654,0.020000000000038654,0.0,1,equal
NODE:AISLE:x=2.184400:y=28.219400,node,6,2,18.0,0.0,18.0,0.0,18.0,0.0,1,equal
NODE:AISLE:x=2.184400:y=30.505400,node,4,4,12.0,0.0,12.0,0.0,12.0,0.0,1,equal
NODE:AISLE:x=2.184400:y=32.791400,node,2,1,6.0,0.0,6.0,0.0,6.0,0.0,1,equal
NODE:AISLE:x=2.590800:y=16.027400,node,1,1,3.0,0.0,3.0,0.0,3.0,0.0,1,equal
NODE:AISLE:x=2.590800:y=21.361400,node,3,1,9.0,0.0,9.0,0.0,9.0,0.0,1,equal
NODE:AISLE:x=2.590800:y=23.647400,node,18,4,54.0,0.0,54.0,0.0,54.0,0.0,1,equal
NODE:AISLE:x=2.590800:y=30.505400,node,9,3,27.0,0.0,27.0,0.0,27.0,0.0,1,equal
NODE:AISLE:x=2.590800:y=32.791400,node,7,4,21.0,0.0,21.0,0.0,21.0,0.0,1,equal
NODE:AISLE:x=2.590800:y=35.077400,node,7,2,21.0,0.0,21.0,0.0,21.0,0.0,1,equal
NODE:AISLE:x=2.997200:y=16.027400,node,2,1,6.0,0.0,6.0,0.0,6.0,0.0,1,equal
NODE:AISLE:x=2.997200:y=21.361400,node,4,3,12.0,0.0,12.0,0.0,12.0,0.0,1,equal
NODE:AISLE:x=2.997200:y=23.647400,node,5,3,15.0,0.0,15.0,0.0,15.0,0.0,1,equal
NODE:AISLE:x=2.997200:y=28.219400,node,2,2,3.2090000000000174,0.0,3.0,0.2090000000000174,3.2090000000000174,0.0,1,equal
NODE:AISLE:x=2.997200:y=32.791400,node,1,1,3.0,0.0,3.0,0.0,3.0,0.0,1,equal
NODE:AISLE:x=3.454400:y=16.027400,node,4,1,12.0,0.0,12.0,0.0,12.0,0.0,1,equal
NODE:AISLE:x=3.454400:y=19.075400,node,1,1,3.0,0.0,3.0,0.0,3.0,0.0,1,equal
NODE:AISLE:x=3.454400:y=21.361400,node,2,1,5.999999999999986,0.0,5.999999999999986,0.0,5.999999999999986,0.0,1,equal
NODE:AISLE:x=3.454400:y=23.647400,node,5,2,15.0,0.0,15.0,0.0,15.0,0.0,1,equal
NODE:AISLE:x=3.454400:y=25.933400,node,1,1,3.0,0.0,3.0,0.0,3.0,0.0,1,equal
NODE:AISLE:x=3.454400:y=28.219400,node,5,2,15.0,0.0,15.0,0.0,15.0,0.0,1,equal
NODE:AISLE:x=3.454400:y=30.505400,node,3,2,9.0,0.0,9.0,0.0,9.0,0.0,1,equal
NODE:AISLE:x=3.454400:y=32.791400,node,1,1,3.0,0.0,3.0,0.0,3.0,0.0,1,equal
NODE:AISLE:x=3.860800:y=16.027400,node,7,5,21.0,0.0,21.0,0.0,21.0,0.0,1,equal
NODE:AISLE:x=3.860800:y=19.075400,node,2,2,6.0,0.0,6.0,0.0,6.0,0.0,1,equal
NODE:AISLE:x=3.860800:y=21.361400,node,4,3,12.0,0.0,12.0,0.0,12.0,0.0,1,equal
NODE:AISLE:x=3.860800:y=23.647400,node,11,3,33.0,0.0,33.0,0.0,33.0,0.0,1,equal
NODE:AISLE:x=3.860800:y=25.933400,node,12,4,36.0,0.0,36.0,0.0,36.0,0.0,1,equal
NODE:AISLE:x=3.860800:y=28.219400,node,4,2,12.0,0.0,12.0,0.0,12.0,0.0,1,equal
NODE:AISLE:x=3.860800:y=30.505400,node,9,1,27.0,0.0,27.0,0.0,27.0,0.0,1,equal
NODE:AISLE:x=3.860800:y=32.791400,node,5,2,15.0,0.0,15.0,0.0,15.0,0.0,1,equal
NODE:AISLE:x=3.860800:y=35.077400,node,5,3,15.0,0.0,15.0,0.0,15.0,0.0,1,equal
NODE:AISLE:x=4.267200:y=16.027400,node,8,1,24.000000000000007,0.0,24.000000000000007,0.0,24.000000000000007,0.0,1,equal
NODE:AISLE:x=4.267200:y=21.361400,node,4,2,12.0,0.0,12.0,0.0,12.0,0.0,1,equal
NODE:AISLE:x=4.267200:y=23.647400,node,2,2,6.0,0.0,6.0,0.0,6.0,0.0,1,equal
NODE:AISLE:x=4.267200:y=25.933400,node,23,3,68.58233333333328,0.0,66.0,2.582333333333281,66.0,2.582333333333281,2,equal
NODE:AISLE:x=4.267200:y=28.219400,node,3,2,9.0,0.0,9.0,0.0,9.0,0.0,1,equal
NODE:AISLE:x=4.267200:y=30.505400,node,3,2,9.0,0.0,9.0,0.0,9.0,0.0,1,equal
NODE:AISLE:x=4.267200:y=35.077400,node,2,2,6.0,0.0,6.0,0.0,6.0,0.0,1,equal
NODE:AISLE:x=4.724400:y=16.027400,node,9,3,27.0,0.0,27.0,0.0,27.0,0.0,1,equal
NODE:AISLE:x=4.724400:y=19.075400,node,6,1,18.0,0.0,18.0,0.0,18.0,0.0,1,equal
NODE:AISLE:x=4.724400:y=21.361400,node,10,4,30.0,0.0,30.0,0.0,30.0,0.0,1,equal
NODE:AISLE:x=4.724400:y=23.647400,node,10,4,30.0,0.0,30.0,0.0,30.0,0.0,1,equal
NODE:AISLE:x=4.724400:y=25.933400,node,9,4,27.0,0.0,27.0,0.0,27.0,0.0,1,equal
NODE:AISLE:x=4.724400:y=28.219400,node,16,6,48.0,0.0,48.0,0.0,48.0,0.0,1,equal
NODE:AISLE:x=4.724400:y=30.505400,node,4,3,12.0,0.0,12.0,0.0,12.0,0.0,1,equal
NODE:AISLE:x=4.724400:y=32.791400,node,9,5,27.0,0.0,27.0,0.0,27.0,0.0,1,equal
NODE:AISLE:x=4.724400:y=35.077400,node,2,2,6.0,0.0,6.0,0.0,6.0,0.0,1,equal
NODE:AISLE:x=5.130800:y=16.027400,node,7,1,21.000000000000007,0.0,21.000000000000007,0.0,21.000000000000007,0.0,1,equal
NODE:AISLE:x=5.130800:y=19.075400,node,4,2,12.0,0.0,12.0,0.0,12.0,0.0,1,equal
NODE:AISLE:x=5.130800:y=21.361400,node,7,1,21.0,0.0,21.0,0.0,21.0,0.0,1,equal
NODE:AISLE:x=5.130800:y=23.647400,node,9,3,27.0,0.0,27.0,0.0,27.0,0.0,1,equal
NODE:AISLE:x=5.130800:y=25.933400,node,9,3,27.0,0.0,27.0,0.0,27.0,0.0,1,equal
NODE:AISLE:x=5.130800:y=28.219400,node,3,2,9.0,0.0,9.0,0.0,9.0,0.0,1,equal
NODE:AISLE:x=5.130800:y=30.505400,node,3,1,9.0,0.0,9.0,0.0,9.0,0.0,1,equal
NODE:AISLE:x=5.130800:y=32.791400,node,19,4,57.0,0.0,57.0,0.0,57.0,0.0,1,equal
NODE:AISLE:x=5.130800:y=35.077400,node,2,1,6.0,0.0,6.0,0.0,6.0,0.0,1,equal
NODE:AISLE:x=5.537200:y=19.075400,node,5,2,15.0,0.0,15.0,0.0,15.0,0.0,1,equal
NODE:AISLE:x=5.537200:y=21.361400,node,11,3,30.293666666666013,0.0,30.0,0.29366666666601304,30.293666666666013,0.0,1,equal
NODE:AISLE:x=5.537200:y=23.647400,node,11,4,33.0,0.0,33.0,0.0,33.0,0.0,1,equal
NODE:AISLE:x=5.537200:y=25.933400,node,8,3,24.0,0.0,24.0,0.0,24.0,0.0,1,equal
NODE:AISLE:x=5.537200:y=28.219400,node,16,6,48.0,0.0,48.0,0.0,48.0,0.0,1,equal
NODE:AISLE:x=5.537200:y=30.505400,node,4,2,12.0,0.0,12.0,0.0,12.0,0.0,1,equal
NODE:AISLE:x=5.537200:y=32.791400,node,1,1,3.0,0.0,3.0,0.0,3.0,0.0,1,equal
NODE:AISLE:x=5.537200:y=35.077400,node,1,1,0.028333333333193877,0.0,0.0,0.028333333333193877,0.028333333333193877,0.0,1,equal
NODE:AISLE:x=5.994400:y=19.075400,node,5,2,15.0,0.0,15.0,0.0,15.0,0.0,1,equal
NODE:AISLE:x=5.994400:y=21.361400,node,3,3,6.015499999998951,0.0,6.0,0.015499999998951353,6.015499999998951,0.0,1,equal
NODE:AISLE:x=5.994400:y=23.647400,node,15,5,44.724833333334004,0.0,42.0,2.7248333333340042,42.0,2.7248333333340042,2,equal
NODE:AISLE:x=5.994400:y=25.933400,node,4,3,12.0,0.0,12.0,0.0,12.0,0.0,1,equal
NODE:AISLE:x=5.994400:y=28.219400,node,12,5,36.0,0.0,36.0,0.0,36.0,0.0,1,equal
NODE:AISLE:x=5.994400:y=32.791400,node,3,3,9.0,0.0,9.0,0.0,9.0,0.0,1,equal
NODE:AISLE:x=5.994400:y=35.077400,node,3,2,9.0,0.0,9.0,0.0,9.0,0.0,1,equal
NODE:AISLE:x=6.400800:y=16.027400,node,4,1,12.0,0.0,12.0,0.0,12.0,0.0,1,equal
NODE:AISLE:x=6.400800:y=19.075400,node,6,3,18.0,0.0,18.0,0.0,18.0,0.0,1,equal
NODE:AISLE:x=6.400800:y=23.647400,node,9,4,27.0,0.0,27.0,0.0,27.0,0.0,1,equal
NODE:AISLE:x=6.400800:y=25.933400,node,20,5,60.0,0.0,60.0,0.0,60.0,0.0,1,equal
NODE:AISLE:x=6.400800:y=28.219400,node,13,5,39.0,0.0,39.0,0.0,39.0,0.0,1,equal
NODE:AISLE:x=6.400800:y=30.505400,node,2,2,6.0,0.0,6.0,0.0,6.0,0.0,1,equal
NODE:AISLE:x=6.400800:y=32.791400,node,6,4,18.0,0.0,18.0,0.0,18.0,0.0,1,equal
NODE:AISLE:x=6.807200:y=19.075400,node,7,2,21.0,0.0,21.0,0.0,21.0,0.0,1,equal
NODE:AISLE:x=6.807200:y=21.361400,node,8,4,24.0,0.0,24.0,0.0,24.0,0.0,1,equal
NODE:AISLE:x=6.807200:y=23.647400,node,14,4,42.0,0.0,42.0,0.0,42.0,0.0,1,equal
NODE:AISLE:x=6.807200:y=25.933400,node,37,4,111.0,0.0,105.0,6.0,105.0,6.0,2,equal
NODE:AISLE:x=6.807200:y=28.219400,node,4,2,12.0,0.0,12.0,0.0,12.0,0.0,1,equal
NODE:AISLE:x=6.807200:y=30.505400,node,1,1,3.0,0.0,3.0,0.0,3.0,0.0,1,equal
NODE:AISLE:x=6.807200:y=32.791400,node,1,1,3.0,0.0,3.0,0.0,3.0,0.0,1,equal
NODE:AISLE:x=6.807200:y=35.077400,node,2,1,6.0,0.0,6.0,0.0,6.0,0.0,1,equal
NODE:AISLE:x=7.264400:y=16.027400,node,14,2,42.0,0.0,42.0,0.0,42.0,0.0,1,equal
NODE:AISLE:x=7.264400:y=19.075400,node,4,2,9.253999999984444,0.0,9.0,0.253999999984444,9.253999999984444,0.0,1,equal
NODE:AISLE:x=7.264400:y=21.361400,node,18,3,54.0,0.0,54.0,0.0,54.0,0.0,1,equal
NODE:AISLE:x=7.264400:y=23.647400,node,9,3,27.0,0.0,27.0,0.0,27.0,0.0,1,equal
NODE:AISLE:x=7.264400:y=25.933400,node,32,4,96.0,0.0,96.0,0.0,96.0,0.0,1,equal
NODE:AISLE:x=7.264400:y=28.219400,node,2,2,6.0,0.0,6.0,0.0,6.0,0.0,1,equal
NODE:AISLE:x=7.264400:y=30.505400,node,3,3,9.0,0.0,9.0,0.0,9.0,0.0,1,equal
NODE:AISLE:x=7.264400:y=32.791400,node,7,4,21.0,0.0,21.0,0.0,21.0,0.0,1,equal
NODE:AISLE:x=7.264400:y=35.077400,node,6,3,15.084666666667545,0.0,15.0,0.08466666666754463,15.084666666667545,0.0,1,equal
NODE:AISLE:x=7.670800:y=19.075400,node,4,1,12.0,0.0,12.0,0.0,12.0,0.0,1,equal
NODE:AISLE:x=7.670800:y=21.361400,node,23,7,69.0,0.0,69.0,0.0,69.0,0.0,1,equal
NODE:AISLE:x=7.670800:y=23.647400,node,11,4,33.0,0.0,33.0,0.0,33.0,0.0,1,equal
NODE:AISLE:x=7.670800:y=25.933400,node,33,5,97.54933333332156,0.0,87.0,10.549333333321556,87.0,10.549333333321556,2,equal
NODE:AISLE:x=7.670800:y=28.219400,node,4,3,12.0,0.0,12.0,0.0,12.0,0.0,1,equal
NODE:AISLE:x=7.670800:y=30.505400,node,22,4,63.38666666666654,0.0,57.0,6.386666666666542,57.0,6.386666666666542,2,equal
NODE:AISLE:x=7.670800:y=32.791400,node,7,4,21.0,0.0,21.0,0.0,21.0,0.0,1,equal
NODE:AISLE:x=7.670800:y=35.077400,node,5,3,15.0,0.0,15.0,0.0,15.0,0.0,1,equal
NODE:AISLE:x=8.077200:y=19.075400,node,2,1,6.0,0.0,6.0,0.0,6.0,0.0,1,equal
NODE:AISLE:x=8.077200:y=21.361400,node,32,6,92.2070000000001,0.0,80.99999999999999,11.207000000000107,81.08466666666662,11.122333333333472,2,equal
NODE:AISLE:x=8.077200:y=23.647400,node,12,5,36.0,0.0,36.0,0.0,36.0,0.0,1,equal
NODE:AISLE:x=8.077200:y=25.933400,node,18,4,54.0,0.0,54.0,0.0,54.0,0.0,1,equal
NODE:AISLE:x=8.077200:y=28.219400,node,2,2,6.0,0.0,6.0,0.0,6.0,0.0,1,equal
NODE:AISLE:x=8.077200:y=30.505400,node,17,3,48.60933333333355,0.0,45.0,3.609333333333552,45.0,3.609333333333552,2,equal
NODE:AISLE:x=8.077200:y=32.791400,node,2,1,6.0,0.0,6.0,0.0,6.0,0.0,1,equal
NODE:AISLE:x=8.077200:y=37.363400,node,1,1,3.0,0.0,3.0,0.0,3.0,0.0,1,equal
NODE:AISLE:x=8.534400:y=19.075400,node,5,2,15.0,0.0,15.0,0.0,15.0,0.0,1,equal
NODE:AISLE:x=8.534400:y=21.361400,node,8,4,24.0,0.0,24.0,0.0,24.0,0.0,1,equal
NODE:AISLE:x=8.534400:y=23.647400,node,5,2,12.24266666666881,0.0,12.0,0.24266666666881065,12.24266666666881,0.0,1,equal
NODE:AISLE:x=8.534400:y=25.933400,node,14,4,42.0,0.0,42.0,0.0,42.0,0.0,1,equal
NODE:AISLE:x=8.534400:y=28.219400,node,9,2,27.0,0.0,27.0,0.0,27.0,0.0,1,equal
NODE:AISLE:x=8.534400:y=30.505400,node,13,4,39.0,0.0,39.0,0.0,39.0,0.0,1,equal
NODE:AISLE:x=8.534400:y=32.791400,node,9,2,27.0,0.0,27.0,0.0,27.0,0.0,1,equal
NODE:AISLE:x=8.534400:y=35.077400,node,1,1,3.0,0.0,3.0,0.0,3.0,0.0,1,equal
NODE:AISLE:x=8.940800:y=16.027400,node,4,3,12.0,0.0,12.0,0.0,12.0,0.0,1,equal
NODE:AISLE:x=8.940800:y=21.361400,node,1,1,3.0,0.0,3.0,0.0,3.0,0.0,1,equal
NODE:AISLE:x=8.940800:y=23.647400,node,4,4,6.1269999999985885,0.0,6.0,0.12699999999858846,6.1269999999985885,0.0,1,equal
NODE:AISLE:x=8.940800:y=25.933400,node,14,3,42.0,0.0,42.0,0.0,42.0,0.0,1,equal
NODE:AISLE:x=8.940800:y=28.219400,node,6,3,18.0,0.0,18.0,0.0,18.0,0.0,1,equal
NODE:AISLE:x=8.940800:y=30.505400,node,10,4,30.0,0.0,30.0,0.0,30.0,0.0,1,equal
NODE:AISLE:x=8.940800:y=32.791400,node,6,4,18.0,0.0,18.0,0.0,18.0,0.0,1,equal
NODE:AISLE:x=8.940800:y=35.077400,node,7,4,21.0,0.0,21.0,0.0,21.0,0.0,1,equal
NODE:AISLE:x=9.347200:y=16.027400,node,8,3,24.0,0.0,24.0,0.0,24.0,0.0,1,equal
NODE:AISLE:x=9.347200:y=19.075400,node,9,6,27.0,0.0,27.0,0.0,27.0,0.0,1,equal
NODE:AISLE:x=9.347200:y=21.361400,node,15,4,45.0,0.0,45.0,0.0,45.0,0.0,1,equal
NODE:AISLE:x=9.347200:y=23.647400,node,7,4,21.0,0.0,21.0,0.0,21.0,0.0,1,equal
NODE:AISLE:x=9.347200:y=25.933400,node,14,4,39.121333333336224,0.0,39.0,0.12133333333622431,39.121333333336224,0.0,1,equal
NODE:AISLE:x=9.347200:y=28.219400,node,18,5,50.3351666666662,0.0,48.0,2.335166666666197,48.362499999999415,1.9726666666667825,2,equal
NODE:AISLE:x=9.347200:y=30.505400,node,35,7,104.25916666666666,0.0,102.0,2.2591666666666583,102.0,2.2591666666666583,2,equal
NODE:AISLE:x=9.347200:y=32.791400,node,24,6,66.91849999999846,0.0,66.00000000000006,0.9184999999984029,66.91849999999846,0.0,1,equal
NODE:AISLE:x=9.347200:y=35.077400,node,1,1,3.0,0.0,3.0,0.0,3.0,0.0,1,equal
NODE:SUP:CC-08,node,20,7,116.14150000002812,0.0,0.0,116.14150000002813,45.593000000009795,22.860000000005236,7,equal
NODE:SUP:CC-09,node,30,8,41.603833333330925,0.0,0.0,41.603833333330925,39.947166666661445,1.65666666666948,2,equal
NODE:SUP:CC-10,node,23,8,20.256333333312767,0.0,0.0,20.256333333312767,20.256333333312767,0.0,1,equal
NODE:SUP:CC-11,node,12,7,14.309833333303601,0.0,0.0,14.309833333303601,13.948499999965776,0.361333333337825,2,equal
NODE:SUP:CC-12,node,19,7,18.260000000018692,0.0,0.0,18.260000000018692,18.260000000018692,0.0,1,equal
NODE:SUP:CC-13,node,25,8,20.93083333337834,0.0,0.0,20.93083333337834,20.93083333337834,0.0,1,equal
NODE:SUP:CC-14,node,12,5,9.58616666668712,0.0,0.0,9.58616666668712,9.58616666668712,0.0,1,equal
NODE:SUP:CC-15,node,8,5,4.232166666658799,0.0,0.0,4.232166666658799,4.232166666658799,0.0,1,equal
NODE:SUP:CC-16,node,2,2,2.404666666667481,0.0,0.0,2.404666666667481,2.404666666667481,0.0,1,equal
NODE:SUP:LC-10,node,1,1,0.7563333333333162,0.0,0.0,0.7563333333333162,0.7563333333333162,0.0,1,equal
NODE:SUP:LC-11,node,1,1,0.5378333333333245,0.0,0.0,0.5378333333333245,0.5378333333333245,0.0,1,equal
NODE:SUP:LC-12,node,1,1,1.5126666666666608,0.0,0.0,1.5126666666666608,1.5126666666666608,0.0,1,equal
NODE:SUP:RC-10,node,1,1,1.148666666696954,0.0,0.0,1.148666666696954,1.148666666696954,0.0,1,equal
EDGE:AISLE:x=10.236200:y=16.027400<->AISLE:x=9.347200:y=16.027400,edge,38,8,28.15166666666586,28.15166666666586,0.0,0.0,28.15166666666586,0.0,1,volume_proportional
EDGE:AISLE:x=10.236200:y=19.075400<->AISLE:x=9.347200:y=19.075400,edge,36,8,26.669999999998765,26.669999999998765,0.0,0.0,26.669999999998765,0.0,1,volume_proportional
EDGE:AISLE:x=10.236200:y=21.361400<->AISLE:x=9.347200:y=21.361400,edge,85,8,62.970833333330866,62.970833333330866,0.0,0.0,62.970833333330866,0.0,1,volume_proportional
EDGE:AISLE:x=10.236200:y=23.647400<->AISLE:x=9.347200:y=23.647400,edge,68,8,50.37666666666453,50.37666666666453,0.0,0.0,50.37666666666453,0.0,1,volume_proportional
EDGE:AISLE:x=10.236200:y=25.933400<->AISLE:x=9.347200:y=25.933400,edge,88,8,65.19333333333012,65.19333333333012,0.0,0.0,65.19333333333012,0.0,1,volume_proportional
EDGE:AISLE:x=10.236200:y=28.219400<->AISLE:x=9.347200:y=28.219400,edge,57,8,42.227499999998315,42.227499999998315,0.0,0.0,42.227499999998315,0.0,1,volume_proportional
EDGE:AISLE:x=10.236200:y=30.505400<->AISLE:x=9.347200:y=30.505400,edge,80,8,59.26666666666435,59.26666666666435,0.0,0.0,59.26666666666435,0.0,1,volume_proportional
EDGE:AISLE:x=10.236200:y=32.791400<->AISLE:x=9.347200:y=32.791400,edge,73,8,54.08083333333091,54.08083333333091,0.0,0.0,54.08083333333091,0.0,1,volume_proportional
EDGE:AISLE:x=10.236200:y=32.791400<->SUP:CC-15,edge,1,1,7.105427357601002e-15,7.105427357601002e-15,0.0,0.0,7.105427357601002e-15,0.0,1,volume_proportional
EDGE:AISLE:x=10.236200:y=35.077400<->AISLE:x=9.347200:y=35.077400,edge,49,8,36.30083333333181,36.30083333333181,0.0,0.0,36.30083333333181,0.0,1,volume_proportional
EDGE:AISLE:x=10.236200:y=37.363400<->AISLE:x=9.347200:y=37.363400,edge,2,1,1.4816666666665697,1.4816666666665697,0.0,0.0,1.4816666666665697,0.0,1,volume_proportional
EDGE:AISLE:x=11.023600:y=16.027400<->AISLE:x=11.430000:y=16.027400,edge,14,5,4.741333333333026,4.741333333333026,0.0,0.0,4.741333333333026,0.0,1,volume_proportional
EDGE:AISLE:x=11.023600:y=16.027400<->SUP:CC-08,edge,14,5,9.186333333335106,9.186333333335106,0.0,0.0,9.186333333335106,0.0,1,volume_proportional
EDGE:AISLE:x=11.023600:y=19.075400<->AISLE:x=11.430000:y=19.075400,edge,53,8,17.949333333328468,17.949333333328468,0.0,0.0,17.949333333328468,0.0,1,volume_proportional
EDGE:AISLE:x=11.023600:y=19.075400<->SUP:CC-09,edge,63,8,41.33850000003997,41.33850000003997,0.0,0.0,41.33850000003997,0.0,1,volume_proportional
EDGE:AISLE:x=11.023600:y=21.361400<->AISLE:x=11.430000:y=21.361400,edge,66,8,22.3519999999951,22.3519999999951,0.0,0.0,22.3519999999951,0.0,1,volume_proportional
EDGE:AISLE:x=11.023600:y=21.361400<->SUP:CC-10,edge,90,8,59.055000000038646,59.055000000038646,0.0,0.0,59.055000000038646,0.0,1,volume_proportional
EDGE:AISLE:x=11.023600:y=23.647400<->AISLE:x=11.430000:y=23.647400,edge,20,8,6.773333333331948,6.773333333331948,0.0,0.0,6.773333333331948,0.0,1,volume_proportional
EDGE:AISLE:x=11.023600:y=23.647400<->SUP:CC-11,edge,32,8,20.997333333341913,20.997333333341913,0.0,0.0,20.997333333341913,0.0,1,volume_proportional
EDGE:AISLE:x=11.023600:y=25.933400<->AISLE:x=11.430000:y=25.933400,edge,23,8,7.789333333331797,7.789333333331797,0.0,0.0,7.789333333331797,0.0,1,volume_proportional
EDGE:AISLE:x=11.023600:y=25.933400<->SUP:CC-12,edge,23,8,15.091833333343004,15.091833333343004,0.0,0.0,15.091833333343004,0.0,1,volume_proportional
EDGE:AISLE:x=11.023600:y=28.219400<->AISLE:x=11.430000:y=28.219400,edge,111,8,37.59199999999262,37.59199999999262,0.0,0.0,37.59199999999262,0.0,1,volume_proportional
EDGE:AISLE:x=11.023600:y=28.219400<->SUP:CC-13,edge,113,8,74.14683333338624,74.14683333338624,0.0,0.0,74.14683333338624,0.0,1,volume_proportional
EDGE:AISLE:x=11.023600:y=30.505400<->AISLE:x=11.430000:y=30.505400,edge,36,7,12.19199999999838,12.19199999999838,0.0,0.0,12.19199999999838,0.0,1,volume_proportional
EDGE:AISLE:x=11.023600:y=30.505400<->SUP:CC-14,edge,52,8,34.12066666668702,34.12066666668702,0.0,0.0,34.12066666668702,0.0,1,volume_proportional
EDGE:AISLE:x=11.023600:y=32.791400<->AISLE:x=11.430000:y=32.791400,edge,33,8,11.175999999998837,11.175999999998837,0.0,0.0,11.175999999998837,0.0,1,volume_proportional
EDGE:AISLE:x=11.023600:y=32.791400<->SUP:CC-15,edge,47,8,30.83983333334453,30.83983333334453,0.0,0.0,30.83983333334453,0.0,1,volume_proportional
EDGE:AISLE:x=11.023600:y=35.077400<->AISLE:x=11.430000:y=35.077400,edge,29,8,9.821333333331864,9.821333333331864,0.0,0.0,9.821333333331864,0.0,1,volume_proportional
EDGE:AISLE:x=11.023600:y=35.077400<->SUP:CC-16,edge,45,8,29.52750000000851,29.52750000000851,0.0,0.0,29.52750000000851,0.0,1,volume_proportional
EDGE:AISLE:x=11.023600:y=37.363400<->AISLE:x=11.430000:y=37.363400,edge,3,3,1.0159999999997353,1.0159999999997353,0.0,0.0,1.0159999999997353,0.0,1,volume_proportional
EDGE:AISLE:x=11.023600:y=37.363400<->SUP:CC-17,edge,5,4,3.280833333335096,3.280833333335096,0.0,0.0,3.280833333335096,0.0,1,volume_proportional
EDGE:AISLE:x=11.430000:y=16.027400<->AISLE:x=11.836400:y=16.027400,edge,14,5,4.741333333333026,4.741333333333026,0.0,0.0,4.741333333333026,0.0,1,volume_proportional
EDGE:AISLE:x=11.430000:y=19.075400<->AISLE:x=11.836400:y=19.075400,edge,53,8,17.949333333328468,17.949333333328468,0.0,0.0,17.949333333328468,0.0,1,volume_proportional
EDGE:AISLE:x=11.430000:y=21.361400<->AISLE:x=11.836400:y=21.361400,edge,60,8,20.319999999995176,20.319999999995176,0.0,0.0,20.319999999995176,0.0,1,volume_proportional
EDGE:AISLE:x=11.430000:y=23.647400<->AISLE:x=11.836400:y=23.647400,edge,14,5,4.7413333333320224,4.7413333333320224,0.0,0.0,4.7413333333320224,0.0,1,volume_proportional
EDGE:AISLE:x=11.430000:y=25.933400<->AISLE:x=11.836400:y=25.933400,edge,21,8,7.111999999998716,7.111999999998716,0.0,0.0,7.111999999998716,0.0,1,volume_proportional
EDGE:AISLE:x=11.430000:y=28.219400<->AISLE:x=11.836400:y=28.219400,edge,107,8,36.23733333332595,36.23733333332595,0.0,0.0,36.23733333332595,0.0,1,volume_proportional
EDGE:AISLE:x=11.430000:y=30.505400<->AISLE:x=11.836400:y=30.505400,edge,36,7,12.19199999999838,12.19199999999838,0.0,0.0,12.19199999999838,0.0,1,volume_proportional
EDGE:AISLE:x=11.430000:y=32.791400<->AISLE:x=11.836400:y=32.791400,edge,29,8,9.82133333333222,9.82133333333222,0.0,0.0,9.82133333333222,0.0,1,volume_proportional
EDGE:AISLE:x=11.430000:y=35.077400<->AISLE:x=11.836400:y=35.077400,edge,29,8,9.821333333332092,9.821333333332092,0.0,0.0,9.821333333332092,0.0,1,volume_proportional
EDGE:AISLE:x=11.430000:y=37.363400<->AISLE:x=11.836400:y=37.363400,edge,3,3,1.0159999999997353,1.0159999999997353,0.0,0.0,1.0159999999997353,0.0,1,volume_proportional
EDGE:AISLE:x=11.836400:y=16.027400<->AISLE:x=12.293600:y=16.027400,edge,14,5,5.333999999998753,5.333999999998753,0.0,0.0,5.333999999998753,0.0,1,volume_proportional
EDGE:AISLE:x=11.836400:y=19.075400<->AISLE:x=12.293600:y=19.075400,edge,51,8,19.43099999997878,19.43099999997878,0.0,0.0,19.43099999997878,0.0,1,volume_proportional
EDGE:AISLE:x=11.836400:y=21.361400<->AISLE:x=12.293600:y=21.361400,edge,54,8,20.57399999997935,20.57399999997935,0.0,0.0,20.57399999997935,0.0,1,volume_proportional
EDGE:AISLE:x=11.836400:y=23.647400<->AISLE:x=12.293600:y=23.647400,edge,14,5,5.333999999993978,5.333999999993978,0.0,0.0,5.333999999993978,0.0,1,volume_proportional
EDGE:AISLE:x=11.836400:y=25.933400<->AISLE:x=12.293600:y=25.933400,edge,15,8,5.714999999995598,5.714999999995598,0.0,0.0,5.714999999995598,0.0,1,volume_proportional
EDGE:AISLE:x=11.836400:y=28.219400<->AISLE:x=12.293600:y=28.219400,edge,103,8,39.24299999996805,39.24299999996805,0.0,0.0,39.24299999996805,0.0,1,volume_proportional
EDGE:AISLE:x=11.836400:y=30.505400<->AISLE:x=12.293600:y=30.505400,edge,18,6,6.857999999996821,6.857999999996821,0.0,0.0,6.857999999996821,0.0,1,volume_proportional
EDGE:AISLE:x=11.836400:y=32.791400<->AISLE:x=12.293600:y=32.791400,edge,29,8,11.048999999994521,11.048999999994521,0.0,0.0,11.048999999994521,0.0,1,volume_proportional
EDGE:AISLE:x=11.836400:y=35.077400<->AISLE:x=12.293600:y=35.077400,edge,19,8,7.238999999997304,7.238999999997304,0.0,0.0,7.238999999997304,0.0,1,volume_proportional
EDGE:AISLE:x=11.836400:y=37.363400<->AISLE:x=12.293600:y=37.363400,edge,3,3,1.142999999998807,1.142999999998807,0.0,0.0,1.142999999998807,0.0,1,volume_proportional
EDGE:AISLE:x=12.293600:y=16.027400<->AISLE:x=12.700000:y=16.027400,edge,14,5,4.741333333333025,4.741333333333025,0.0,0.0,4.741333333333025,0.0,1,volume_proportional
EDGE:AISLE:x=12.293600:y=19.075400<->AISLE:x=12.700000:y=19.075400,edge,51,8,17.271999999995387,17.271999999995387,0.0,0.0,17.271999999995387,0.0,1,volume_proportional
EDGE:AISLE:x=12.293600:y=21.361400<->AISLE:x=12.700000:y=21.361400,edge,52,8,17.610666666662397,17.610666666662397,0.0,0.0,17.610666666662397,0.0,1,volume_proportional
EDGE:AISLE:x=12.293600:y=23.647400<->AISLE:x=12.700000:y=23.647400,edge,12,5,4.063999999998714,4.063999999998714,0.0,0.0,4.063999999998714,0.0,1,volume_proportional
EDGE:AISLE:x=12.293600:y=25.933400<->AISLE:x=12.700000:y=25.933400,edge,15,8,5.079999999999018,5.079999999999018,0.0,0.0,5.079999999999018,0.0,1,volume_proportional
EDGE:AISLE:x=12.293600:y=28.219400<->AISLE:x=12.700000:y=28.219400,edge,101,8,34.205333333326706,34.205333333326706,0.0,0.0,34.205333333326706,0.0,1,volume_proportional
EDGE:AISLE:x=12.293600:y=30.505400<->AISLE:x=12.700000:y=30.505400,edge,18,6,6.095999999999236,6.095999999999236,0.0,0.0,6.095999999999236,0.0,1,volume_proportional
EDGE:AISLE:x=12.293600:y=32.791400<->AISLE:x=12.700000:y=32.791400,edge,21,7,7.111999999999199,7.111999999999199,0.0,0.0,7.111999999999199,0.0,1,volume_proportional
EDGE:AISLE:x=12.293600:y=35.077400<->AISLE:x=12.700000:y=35.077400,edge,19,8,6.434666666665976,6.434666666665976,0.0,0.0,6.434666666665976,0.0,1,volume_proportional
EDGE:AISLE:x=12.293600:y=37.363400<->AISLE:x=12.700000:y=37.363400,edge,3,3,1.0159999999997353,1.0159999999997353,0.0,0.0,1.0159999999997353,0.0,1,volume_proportional
EDGE:AISLE:x=12.700000:y=16.027400<->AISLE:x=13.106400:y=16.027400,edge,14,5,4.741333333333025,4.741333333333025,0.0,0.0,4.741333333333025,0.0,1,volume_proportional
EDGE:AISLE:x=12.700000:y=19.075400<->AISLE:x=13.106400:y=19.075400,edge,47,8,15.917333333329225,15.917333333329225,0.0,0.0,15.917333333329225,0.0,1,volume_proportional
EDGE:AISLE:x=12.700000:y=21.361400<->AISLE:x=13.106400:y=21.361400,edge,40,8,13.546666666663455,13.546666666663455,0.0,0.0,13.546666666663455,0.0,1,volume_proportional
EDGE:AISLE:x=12.700000:y=23.647400<->AISLE:x=13.106400:y=23.647400,edge,12,5,4.063999999998714,4.063999999998714,0.0,0.0,4.063999999998714,0.0,1,volume_proportional
EDGE:AISLE:x=12.700000:y=25.933400<->AISLE:x=13.106400:y=25.933400,edge,15,8,5.079999999999018,5.079999999999018,0.0,0.0,5.079999999999018,0.0,1,volume_proportional
EDGE:AISLE:x=12.700000:y=28.219400<->AISLE:x=13.106400:y=28.219400,edge,99,8,33.527999999993625,33.527999999993625,0.0,0.0,33.527999999993625,0.0,1,volume_proportional
EDGE:AISLE:x=12.700000:y=30.505400<->AISLE:x=13.106400:y=30.505400,edge,16,6,5.418666666665928,5.418666666665928,0.0,0.0,5.418666666665928,0.0,1,volume_proportional
EDGE:AISLE:x=12.700000:y=32.791400<->AISLE:x=13.106400:y=32.791400,edge,21,7,7.111999999999199,7.111999999999199,0.0,0.0,7.111999999999199,0.0,1,volume_proportional
EDGE:AISLE:x=12.700000:y=35.077400<->AISLE:x=13.106400:y=35.077400,edge,15,7,5.079999999999359,5.079999999999359,0.0,0.0,5.079999999999359,0.0,1,volume_proportional
EDGE:AISLE:x=12.700000:y=37.363400<->AISLE:x=13.106400:y=37.363400,edge,3,3,1.0159999999997353,1.0159999999997353,0.0,0.0,1.0159999999997353,0.0,1,volume_proportional
EDGE:AISLE:x=13.106400:y=16.027400<->AISLE:x=13.563600:y=16.027400,edge,14,5,5.333999999998753,5.333999999998753,0.0,0.0,5.333999999998753,0.0,1,volume_proportional
EDGE:AISLE:x=13.106400:y=19.075400<->AISLE:x=13.563600:y=19.075400,edge,43,8,16.382999999982417,16.382999999982417,0.0,0.0,16.382999999982417,0.0,1,volume_proportional
EDGE:AISLE:x=13.106400:y=21.361400<->AISLE:x=13.563600:y=21.361400,edge,40,8,15.239999999985372,15.239999999985372,0.0,0.0,15.239999999985372,0.0,1,volume_proportional
EDGE:AISLE:x=13.106400:y=23.647400<->AISLE:x=13.563600:y=23.647400,edge,12,5,4.571999999993977,4.571999999993977,0.0,0.0,4.571999999993977,0.0,1,volume_proportional
EDGE:AISLE:x=13.106400:y=25.933400<->AISLE:x=13.563600:y=25.933400,edge,15,8,5.714999999995598,5.714999999995598,0.0,0.0,5.714999999995598,0.0,1,volume_proportional
EDGE:AISLE:x=13.106400:y=28.219400<->AISLE:x=13.563600:y=28.219400,edge,97,8,36.956999999970265,36.956999999970265,0.0,0.0,36.956999999970265,0.0,1,volume_proportional
EDGE:AISLE:x=13.106400:y=30.505400<->AISLE:x=13.563600:y=30.505400,edge,14,5,5.333999999998014,5.333999999998014,0.0,0.0,5.333999999998014,0.0,1,volume_proportional
EDGE:AISLE:x=13.106400:y=32.791400<->AISLE:x=13.563600:y=32.791400,edge,21,7,8.00099999999577,8.00099999999577,0.0,0.0,8.00099999999577,0.0,1,volume_proportional
EDGE:AISLE:x=13.106400:y=35.077400<->AISLE:x=13.563600:y=35.077400,edge,15,7,5.71499999999736,5.71499999999736,0.0,0.0,5.71499999999736,0.0,1,volume_proportional
EDGE:AISLE:x=13.106400:y=37.363400<->AISLE:x=13.563600:y=37.363400,edge,3,3,1.142999999998807,1.142999999998807,0.0,0.0,1.142999999998807,0.0,1,volume_proportional
EDGE:AISLE:x=13.563600:y=16.027400<->AISLE:x=13.970000:y=16.027400,edge,10,3,3.386666666666607,3.386666666666607,0.0,0.0,3.386666666666607,0.0,1,volume_proportional
EDGE:AISLE:x=13.563600:y=19.075400<->AISLE:x=13.970000:y=19.075400,edge,41,8,13.885333333329527,13.885333333329527,0.0,0.0,13.885333333329527,0.0,1,volume_proportional
EDGE:AISLE:x=13.563600:y=21.361400<->AISLE:x=13.970000:y=21.361400,edge,38,8,12.869333333330147,12.869333333330147,0.0,0.0,12.869333333330147,0.0,1,volume_proportional
EDGE:AISLE:x=13.563600:y=23.647400<->AISLE:x=13.970000:y=23.647400,edge,10,4,3.386666666665633,3.386666666665633,0.0,0.0,3.386666666665633,0.0,1,volume_proportional
EDGE:AISLE:x=13.563600:y=25.933400<->AISLE:x=13.970000:y=25.933400,edge,13,8,4.402666666665709,4.402666666665709,0.0,0.0,4.402666666665709,0.0,1,volume_proportional
EDGE:AISLE:x=13.563600:y=28.219400<->AISLE:x=13.970000:y=28.219400,edge,95,8,32.17333333332678,32.17333333332678,0.0,0.0,32.17333333332678,0.0,1,volume_proportional
EDGE:AISLE:x=13.563600:y=30.505400<->AISLE:x=13.970000:y=30.505400,edge,14,5,4.741333333332847,4.741333333332847,0.0,0.0,4.741333333332847,0.0,1,volume_proportional
EDGE:AISLE:x=13.563600:y=32.791400<->AISLE:x=13.970000:y=32.791400,edge,19,7,6.4346666666658905,6.4346666666658905,0.0,0.0,6.4346666666658905,0.0,1,volume_proportional
EDGE:AISLE:x=13.563600:y=35.077400<->AISLE:x=13.970000:y=35.077400,edge,15,7,5.079999999999359,5.079999999999359,0.0,0.0,5.079999999999359,0.0,1,volume_proportional
EDGE:AISLE:x=13.563600:y=37.363400<->AISLE:x=13.970000:y=37.363400,edge,3,3,1.0159999999997353,1.0159999999997353,0.0,0.0,1.0159999999997353,0.0,1,volume_proportional
EDGE:AISLE:x=13.970000:y=16.027400<->AISLE:x=14.376400:y=16.027400,edge,10,3,3.386666666666598,3.386666666666598,0.0,0.0,3.386666666666598,0.0,1,volume_proportional
EDGE:AISLE:x=13.970000:y=19.075400<->AISLE:x=14.376400:y=19.075400,edge,41,8,13.885333333329527,13.885333333329527,0.0,0.0,13.885333333329527,0.0,1,volume_proportional
EDGE:AISLE:x=13.970000:y=21.361400<->AISLE:x=14.376400:y=21.361400,edge,38,8,12.869333333330147,12.869333333330147,0.0,0.0,12.869333333330147,0.0,1,volume_proportional
EDGE:AISLE:x=13.970000:y=23.647400<->AISLE:x=14.376400:y=23.647400,edge,6,4,2.0319999999994707,2.0319999999994707,0.0,0.0,2.0319999999994707,0.0,1,volume_proportional
EDGE:AISLE:x=13.970000:y=25.933400<->AISLE:x=14.376400:y=25.933400,edge,13,8,4.402666666665709,4.402666666665709,0.0,0.0,4.402666666665709,0.0,1,volume_proportional
EDGE:AISLE:x=13.970000:y=28.219400<->AISLE:x=14.376400:y=28.219400,edge,87,8,29.46399999999379,29.46399999999379,0.0,0.0,29.46399999999379,0.0,1,volume_proportional
EDGE:AISLE:x=13.970000:y=30.505400<->AISLE:x=14.376400:y=30.505400,edge,12,4,4.063999999999538,4.063999999999538,0.0,0.0,4.063999999999538,0.0,1,volume_proportional
EDGE:AISLE:x=13.970000:y=32.791400<->AISLE:x=14.376400:y=32.791400,edge,15,7,5.0799999999992735,5.0799999999992735,0.0,0.0,5.0799999999992735,0.0,1,volume_proportional
EDGE:AISLE:x=13.970000:y=35.077400<->AISLE:x=14.376400:y=35.077400,edge,15,7,5.079999999999359,5.079999999999359,0.0,0.0,5.079999999999359,0.0,1,volume_proportional
EDGE:AISLE:x=13.970000:y=37.363400<->AISLE:x=14.376400:y=37.363400,edge,3,3,1.0159999999997353,1.0159999999997353,0.0,0.0,1.0159999999997353,0.0,1,volume_proportional
EDGE:AISLE:x=14.376400:y=16.027400<->AISLE:x=14.833600:y=16.027400,edge,10,3,3.8099999999999405,3.8099999999999405,0.0,0.0,3.8099999999999405,0.0,1,volume_proportional
EDGE:AISLE:x=14.376400:y=19.075400<->AISLE:x=14.833600:y=19.075400,edge,39,8,14.858999999983666,14.858999999983666,0.0,0.0,14.858999999983666,0.0,1,volume_proportional
EDGE:AISLE:x=14.376400:y=21.361400<->AISLE:x=14.833600:y=21.361400,edge,36,8,13.715999999986622,13.715999999986622,0.0,0.0,13.715999999986622,0.0,1,volume_proportional
EDGE:AISLE:x=14.376400:y=23.647400<->AISLE:x=14.833600:y=23.647400,edge,6,4,2.285999999997557,2.285999999997557,0.0,0.0,2.285999999997557,0.0,1,volume_proportional
EDGE:AISLE:x=14.376400:y=25.933400<->AISLE:x=14.833600:y=25.933400,edge,13,8,4.952999999995654,4.952999999995654,0.0,0.0,4.952999999995654,0.0,1,volume_proportional
EDGE:AISLE:x=14.376400:y=28.219400<->AISLE:x=14.833600:y=28.219400,edge,81,8,30.860999999973046,30.860999999973046,0.0,0.0,30.860999999973046,0.0,1,volume_proportional
EDGE:AISLE:x=14.376400:y=30.505400<->AISLE:x=14.833600:y=30.505400,edge,12,4,4.57199999999807,4.57199999999807,0.0,0.0,4.57199999999807,0.0,1,volume_proportional
EDGE:AISLE:x=14.376400:y=32.791400<->AISLE:x=14.833600:y=32.791400,edge,13,6,4.952999999995711,4.952999999995711,0.0,0.0,4.952999999995711,0.0,1,volume_proportional
EDGE:AISLE:x=14.376400:y=35.077400<->AISLE:x=14.833600:y=35.077400,edge,13,7,4.952999999997417,4.952999999997417,0.0,0.0,4.952999999997417,0.0,1,volume_proportional
EDGE:AISLE:x=14.376400:y=37.363400<->AISLE:x=14.833600:y=37.363400,edge,3,3,1.142999999998807,1.142999999998807,0.0,0.0,1.142999999998807,0.0,1,volume_proportional
EDGE:AISLE:x=14.833600:y=16.027400<->AISLE:x=15.240000:y=16.027400,edge,8,3,2.709333333333289,2.709333333333289,0.0,0.0,2.709333333333289,0.0,1,volume_proportional
EDGE:AISLE:x=14.833600:y=19.075400<->AISLE:x=15.240000:y=19.075400,edge,39,8,13.207999999996446,13.207999999996446,0.0,0.0,13.207999999996446,0.0,1,volume_proportional
EDGE:AISLE:x=14.833600:y=21.361400<->AISLE:x=15.240000:y=21.361400,edge,32,8,10.837333333330704,10.837333333330704,0.0,0.0,10.837333333330704,0.0,1,volume_proportional
EDGE:AISLE:x=14.833600:y=23.647400<->AISLE:x=15.240000:y=23.647400,edge,6,4,2.0319999999994707,2.0319999999994707,0.0,0.0,2.0319999999994707,0.0,1,volume_proportional
EDGE:AISLE:x=14.833600:y=25.933400<->AISLE:x=15.240000:y=25.933400,edge,11,8,3.725333333332401,3.725333333332401,0.0,0.0,3.725333333332401,0.0,1,volume_proportional
EDGE:AISLE:x=14.833600:y=28.219400<->AISLE:x=15.240000:y=28.219400,edge,85,8,28.786666666660054,28.786666666660054,0.0,0.0,28.786666666660054,0.0,1,volume_proportional
EDGE:AISLE:x=14.833600:y=30.505400<->AISLE:x=15.240000:y=30.505400,edge,12,4,4.063999999999538,4.063999999999538,0.0,0.0,4.063999999999538,0.0,1,volume_proportional
EDGE:AISLE:x=14.833600:y=32.791400<->AISLE:x=15.240000:y=32.791400,edge,11,6,3.7253333333326566,3.7253333333326566,0.0,0.0,3.7253333333326566,0.0,1,volume_proportional
EDGE:AISLE:x=14.833600:y=35.077400<->AISLE:x=15.240000:y=35.077400,edge,11,7,3.7253333333329692,3.7253333333329692,0.0,0.0,3.7253333333329692,0.0,1,volume_proportional
EDGE:AISLE:x=14.833600:y=37.363400<->AISLE:x=15.240000:y=37.363400,edge,3,3,1.0159999999997353,1.0159999999997353,0.0,0.0,1.0159999999997353,0.0,1,volume_proportional
EDGE:AISLE:x=15.240000:y=16.027400<->AISLE:x=15.646400:y=16.027400,edge,6,3,2.031999999999977,2.031999999999977,0.0,0.0,2.031999999999977,0.0,1,volume_proportional
EDGE:AISLE:x=15.240000:y=19.075400<->AISLE:x=15.646400:y=19.075400,edge,33,8,11.175999999997202,11.175999999997202,0.0,0.0,11.175999999997202,0.0,1,volume_proportional
EDGE:AISLE:x=15.240000:y=21.361400<->AISLE:x=15.646400:y=21.361400,edge,28,8,9.482666666664286,9.482666666664286,0.0,0.0,9.482666666664286,0.0,1,volume_proportional
EDGE:AISLE:x=15.240000:y=23.647400<->AISLE:x=15.646400:y=23.647400,edge,6,4,2.0319999999994707,2.0319999999994707,0.0,0.0,2.0319999999994707,0.0,1,volume_proportional
EDGE:AISLE:x=15.240000:y=25.933400<->AISLE:x=15.646400:y=25.933400,edge,11,8,3.725333333332401,3.725333333332401,0.0,0.0,3.725333333332401,0.0,1,volume_proportional
EDGE:AISLE:x=15.240000:y=28.219400<->AISLE:x=15.646400:y=28.219400,edge,87,8,29.463999999993824,29.463999999993828,0.0,0.0,29.463999999993824,0.0,1,volume_proportional
EDGE:AISLE:x=15.240000:y=30.505400<->AISLE:x=15.646400:y=30.505400,edge,12,4,4.063999999999538,4.063999999999538,0.0,0.0,4.063999999999538,0.0,1,volume_proportional
EDGE:AISLE:x=15.240000:y=32.791400<->AISLE:x=15.646400:y=32.791400,edge,9,5,3.047999999999348,3.047999999999348,0.0,0.0,3.047999999999348,0.0,1,volume_proportional
EDGE:AISLE:x=15.240000:y=35.077400<->AISLE:x=15.646400:y=35.077400,edge,9,7,3.0479999999996608,3.0479999999996608,0.0,0.0,3.0479999999996608,0.0,1,volume_proportional
EDGE:AISLE:x=15.240000:y=37.363400<->AISLE:x=15.646400:y=37.363400,edge,3,3,1.0159999999997353,1.0159999999997353,0.0,0.0,1.0159999999997353,0.0,1,volume_proportional
EDGE:AISLE:x=15.646400:y=16.027400<->AISLE:x=16.103600:y=16.027400,edge,6,3,2.2860000000000014,2.2860000000000014,0.0,0.0,2.2860000000000014,0.0,1,volume_proportional
EDGE:AISLE:x=15.646400:y=19.075400<->AISLE:x=16.103600:y=19.075400,edge,31,8,11.810999999988667,11.810999999988667,0.0,0.0,11.810999999988667,0.0,1,volume_proportional
EDGE:AISLE:x=15.646400:y=21.361400<->AISLE:x=16.103600:y=21.361400,edge,22,7,8.381999999991507,8.381999999991507,0.0,0.0,8.381999999991507,0.0,1,volume_proportional
EDGE:AISLE:x=15.646400:y=23.647400<->AISLE:x=16.103600:y=23.647400,edge,6,4,2.285999999997557,2.285999999997557,0.0,0.0,2.285999999997557,0.0,1,volume_proportional
EDGE:AISLE:x=15.646400:y=25.933400<->AISLE:x=16.103600:y=25.933400,edge,15,8,5.7149999999946886,5.7149999999946886,0.0,0.0,5.7149999999946886,0.0,1,volume_proportional
EDGE:AISLE:x=15.646400:y=28.219400<->AISLE:x=16.103600:y=28.219400,edge,73,8,27.812999999975517,27.812999999975517,0.0,0.0,27.812999999975517,0.0,1,volume_proportional
EDGE:AISLE:x=15.646400:y=30.505400<->AISLE:x=16.103600:y=30.505400,edge,8,4,3.047999999998183,3.047999999998183,0.0,0.0,3.047999999998183,0.0,1,volume_proportional
EDGE:AISLE:x=15.646400:y=32.791400<->AISLE:x=16.103600:y=32.791400,edge,5,3,1.9049999999993474,1.9049999999993474,0.0,0.0,1.9049999999993474,0.0,1,volume_proportional
EDGE:AISLE:x=15.646400:y=35.077400<->AISLE:x=16.103600:y=35.077400,edge,9,7,3.428999999998723,3.428999999998723,0.0,0.0,3.428999999998723,0.0,1,volume_proportional
EDGE:AISLE:x=15.646400:y=37.363400<->AISLE:x=16.103600:y=37.363400,edge,3,3,1.142999999998807,1.142999999998807,0.0,0.0,1.142999999998807,0.0,1,volume_proportional
EDGE:AISLE:x=16.103600:y=16.027400<->AISLE:x=16.510000:y=16.027400,edge,4,2,1.3546666666666596,1.3546666666666596,0.0,0.0,1.3546666666666596,0.0,1,volume_proportional
EDGE:AISLE:x=16.103600:y=19.075400<->AISLE:x=16.510000:y=19.075400,edge,31,8,10.498666666664349,10.498666666664349,0.0,0.0,10.498666666664349,0.0,1,volume_proportional
EDGE:AISLE:x=16.103600:y=21.361400<->AISLE:x=16.510000:y=21.361400,edge,22,7,7.450666666664816,7.450666666664816,0.0,0.0,7.450666666664816,0.0,1,volume_proportional
EDGE:AISLE:x=16.103600:y=23.647400<->AISLE:x=16.510000:y=23.647400,edge,8,5,2.709333333332779,2.709333333332779,0.0,0.0,2.709333333332779,0.0,1,volume_proportional
EDGE:AISLE:x=16.103600:y=25.933400<->AISLE:x=16.510000:y=25.933400,edge,15,8,5.07999999999879,5.07999999999879,0.0,0.0,5.07999999999879,0.0,1,volume_proportional
EDGE:AISLE:x=16.103600:y=28.219400<->AISLE:x=16.510000:y=28.219400,edge,61,8,20.65866666666162,20.65866666666162,0.0,0.0,20.65866666666162,0.0,1,volume_proportional
EDGE:AISLE:x=16.103600:y=30.505400<->AISLE:x=16.510000:y=30.505400,edge,4,2,1.3546666666662759,1.3546666666662759,0.0,0.0,1.3546666666662759,0.0,1,volume_proportional
EDGE:AISLE:x=16.103600:y=32.791400<->AISLE:x=16.510000:y=32.791400,edge,3,3,1.015999999999849,1.015999999999849,0.0,0.0,1.015999999999849,0.0,1,volume_proportional
EDGE:AISLE:x=16.103600:y=35.077400<->AISLE:x=16.510000:y=35.077400,edge,9,7,3.0479999999996608,3.0479999999996608,0.0,0.0,3.0479999999996608,0.0,1,volume_proportional
EDGE:AISLE:x=16.103600:y=37.363400<->AISLE:x=16.510000:y=37.363400,edge,3,3,1.0159999999997353,1.0159999999997353,0.0,0.0,1.0159999999997353,0.0,1,volume_proportional
EDGE:AISLE:x=16.510000:y=16.027400<->AISLE:x=16.916400:y=16.027400,edge,2,1,0.677333333333336,0.677333333333336,0.0,0.0,0.677333333333336,0.0,1,volume_proportional
EDGE:AISLE:x=16.510000:y=19.075400<->AISLE:x=16.916400:y=19.075400,edge,23,7,7.7893333333315695,7.7893333333315695,0.0,0.0,7.7893333333315695,0.0,1,volume_proportional
EDGE:AISLE:x=16.510000:y=21.361400<->AISLE:x=16.916400:y=21.361400,edge,22,7,7.450666666664816,7.450666666664816,0.0,0.0,7.450666666664816,0.0,1,volume_proportional
EDGE:AISLE:x=16.510000:y=23.647400<->AISLE:x=16.916400:y=23.647400,edge,8,5,2.709333333332779,2.709333333332779,0.0,0.0,2.709333333332779,0.0,1,volume_proportional
EDGE:AISLE:x=16.510000:y=25.933400<->AISLE:x=16.916400:y=25.933400,edge,15,8,5.07999999999879,5.07999999999879,0.0,0.0,5.07999999999879,0.0,1,volume_proportional
EDGE:AISLE:x=16.510000:y=28.219400<->AISLE:x=16.916400:y=28.219400,edge,45,8,15.239999999996044,15.239999999996044,0.0,0.0,15.239999999996044,0.0,1,volume_proportional
EDGE:AISLE:x=16.510000:y=30.505400<->AISLE:x=16.916400:y=30.505400,edge,6,2,2.0319999999995844,2.0319999999995844,0.0,0.0,2.0319999999995844,0.0,1,volume_proportional
EDGE:AISLE:x=16.510000:y=32.791400<->AISLE:x=16.916400:y=32.791400,edge,3,3,1.015999999999849,1.015999999999849,0.0,0.0,1.015999999999849,0.0,1,volume_proportional
EDGE:AISLE:x=16.510000:y=35.077400<->AISLE:x=16.916400:y=35.077400,edge,5,5,1.6933333333330438,1.6933333333330438,0.0,0.0,1.6933333333330438,0.0,1,volume_proportional
EDGE:AISLE:x=16.510000:y=37.363400<->AISLE:x=16.916400:y=37.363400,edge,3,3,1.0159999999997353,1.0159999999997353,0.0,0.0,1.0159999999997353,0.0,1,volume_proportional
EDGE:AISLE:x=16.916400:y=19.075400<->SUP:RC-09,edge,13,7,5.503333333338617,5.503333333338617,0.0,0.0,5.503333333338617,0.0,1,volume_proportional
EDGE:AISLE:x=16.916400:y=21.361400<->SUP:RC-10,edge,22,7,9.313333333343891,9.313333333343891,0.0,0.0,9.313333333343891,0.0,1,volume_proportional
EDGE:AISLE:x=16.916400:y=23.647400<->SUP:RC-11,edge,8,5,3.3866666666696688,3.3866666666696688,0.0,0.0,3.3866666666696688,0.0,1,volume_proportional
EDGE:AISLE:x=16.916400:y=25.933400<->SUP:RC-12,edge,13,8,5.503333333338617,5.503333333338617,0.0,0.0,5.503333333338617,0.0,1,volume_proportional
EDGE:AISLE:x=16.916400:y=28.219400<->SUP:RC-13,edge,25,6,10.58333333334376,10.58333333334376,0.0,0.0,10.58333333334376,0.0,1,volume_proportional
EDGE:AISLE:x=16.916400:y=30.505400<->SUP:RC-14,edge,6,2,2.540000000002294,2.540000000002294,0.0,0.0,2.540000000002294,0.0,1,volume_proportional
EDGE:AISLE:x=16.916400:y=32.791400<->SUP:RC-15,edge,3,3,1.2700000000007776,1.2700000000007776,0.0,0.0,1.2700000000007776,0.0,1,volume_proportional
EDGE:AISLE:x=16.916400:y=35.077400<->SUP:RC-16,edge,5,5,2.116666666668209,2.116666666668209,0.0,0.0,2.116666666668209,0.0,1,volume_proportional
EDGE:AISLE:x=16.916400:y=37.363400<->SUP:RC-17,edge,3,3,1.2700000000015166,1.2700000000015166,0.0,0.0,1.2700000000015166,0.0,1,volume_proportional
EDGE:AISLE:x=2.184400:y=16.027400<->AISLE:x=2.590800:y=16.027400,edge,8,4,2.709333333333248,2.709333333333248,0.0,0.0,2.709333333333248,0.0,1,volume_proportional
EDGE:AISLE:x=2.184400:y=16.027400<->SUP:LC-08,edge,6,3,2.540000000001598,2.540000000001598,0.0,0.0,2.540000000001598,0.0,1,volume_proportional
EDGE:AISLE:x=2.184400:y=19.075400<->AISLE:x=2.590800:y=19.075400,edge,12,5,4.0639999999986,4.0639999999986,0.0,0.0,4.0639999999986,0.0,1,volume_proportional
EDGE:AISLE:x=2.184400:y=19.075400<->SUP:LC-09,edge,14,5,5.926666666674862,5.926666666674862,0.0,0.0,5.926666666674862,0.0,1,volume_proportional
EDGE:AISLE:x=2.184400:y=21.361400<->AISLE:x=2.590800:y=21.361400,edge,19,6,6.434666666665876,6.434666666665876,0.0,0.0,6.434666666665876,0.0,1,volume_proportional
EDGE:AISLE:x=2.184400:y=21.361400<->SUP:LC-10,edge,21,6,8.890000000005259,8.890000000005259,0.0,0.0,8.890000000005259,0.0,1,volume_proportional
EDGE:AISLE:x=2.184400:y=23.647400<->AISLE:x=2.590800:y=23.647400,edge,36,8,12.191999999997478,12.191999999997478,0.0,0.0,12.191999999997478,0.0,1,volume_proportional
EDGE:AISLE:x=2.184400:y=23.647400<->SUP:LC-11,edge,38,8,16.086666666682362,16.086666666682362,0.0,0.0,16.086666666682362,0.0,1,volume_proportional
EDGE:AISLE:x=2.184400:y=25.933400<->AISLE:x=2.590800:y=25.933400,edge,22,7,7.45066666666537,7.45066666666537,0.0,0.0,7.45066666666537,0.0,1,volume_proportional
EDGE:AISLE:x=2.184400:y=25.933400<->SUP:LC-12,edge,22,7,9.313333333339926,9.313333333339926,0.0,0.0,9.313333333339926,0.0,1,volume_proportional
EDGE:AISLE:x=2.184400:y=28.219400<->AISLE:x=2.590800:y=28.219400,edge,23,7,7.789333333332195,7.789333333332195,0.0,0.0,7.789333333332195,0.0,1,volume_proportional
EDGE:AISLE:x=2.184400:y=28.219400<->SUP:LC-13,edge,25,7,10.583333333340647,10.583333333340647,0.0,0.0,10.583333333340647,0.0,1,volume_proportional
EDGE:AISLE:x=2.184400:y=30.505400<->AISLE:x=2.590800:y=30.505400,edge,24,6,8.127999999999034,8.127999999999034,0.0,0.0,8.127999999999034,0.0,1,volume_proportional
EDGE:AISLE:x=2.184400:y=30.505400<->SUP:LC-14,edge,20,6,8.466666666670264,8.466666666670264,0.0,0.0,8.466666666670264,0.0,1,volume_proportional
EDGE:AISLE:x=2.184400:y=32.791400<->AISLE:x=2.590800:y=32.791400,edge,21,8,7.111999999999199,7.111999999999199,0.0,0.0,7.111999999999199,0.0,1,volume_proportional
EDGE:AISLE:x=2.184400:y=32.791400<->SUP:LC-15,edge,21,8,8.890000000004335,8.890000000004335,0.0,0.0,8.890000000004335,0.0,1,volume_proportional
EDGE:AISLE:x=2.184400:y=35.077400<->AISLE:x=2.590800:y=35.077400,edge,11,5,3.7253333333328698,3.7253333333328698,0.0,0.0,3.7253333333328698,0.0,1,volume_proportional
EDGE:AISLE:x=2.184400:y=35.077400<->SUP:LC-16,edge,11,5,4.656666666668784,4.656666666668784,0.0,0.0,4.656666666668784,0.0,1,volume_proportional
EDGE:AISLE:x=2.590800:y=16.027400<->AISLE:x=2.997200:y=16.027400,edge,8,4,2.709333333333248,2.709333333333248,0.0,0.0,2.709333333333248,0.0,1,volume_proportional
EDGE:AISLE:x=2.590800:y=19.075400<->AISLE:x=2.997200:y=19.075400,edge,12,5,4.0639999999986,4.0639999999986,0.0,0.0,4.0639999999986,0.0,1,volume_proportional
EDGE:AISLE:x=2.590800:y=21.361400<->AISLE:x=2.997200:y=21.361400,edge,19,6,6.434666666665876,6.434666666665876,0.0,0.0,6.434666666665876,0.0,1,volume_proportional
EDGE:AISLE:x=2.590800:y=23.647400<->AISLE:x=2.997200:y=23.647400,edge,36,7,12.19199999999745,12.19199999999745,0.0,0.0,12.19199999999745,0.0,1,volume_proportional
EDGE:AISLE:x=2.590800:y=25.933400<->AISLE:x=2.997200:y=25.933400,edge,22,7,7.45066666666537,7.45066666666537,0.0,0.0,7.45066666666537,0.0,1,volume_proportional
EDGE:AISLE:x=2.590800:y=28.219400<->AISLE:x=2.997200:y=28.219400,edge,23,7,7.789333333332195,7.789333333332195,0.0,0.0,7.789333333332195,0.0,1,volume_proportional
EDGE:AISLE:x=2.590800:y=30.505400<->AISLE:x=2.997200:y=30.505400,edge,20,6,6.773333333332644,6.773333333332644,0.0,0.0,6.773333333332644,0.0,1,volume_proportional
EDGE:AISLE:x=2.590800:y=32.791400<->AISLE:x=2.997200:y=32.791400,edge,19,8,6.4346666666658905,6.4346666666658905,0.0,0.0,6.4346666666658905,0.0,1,volume_proportional
EDGE:AISLE:x=2.590800:y=35.077400<->AISLE:x=2.997200:y=35.077400,edge,11,5,3.7253333333328698,3.7253333333328698,0.0,0.0,3.7253333333328698,0.0,1,volume_proportional
EDGE:AISLE:x=2.997200:y=16.027400<->AISLE:x=3.454400:y=16.027400,edge,8,4,3.0479999999988934,3.0479999999988934,0.0,0.0,3.0479999999988934,0.0,1,volume_proportional
EDGE:AISLE:x=2.997200:y=19.075400<->AISLE:x=3.454400:y=19.075400,edge,12,5,4.571999999993409,4.571999999993409,0.0,0.0,4.571999999993409,0.0,1,volume_proportional
EDGE:AISLE:x=2.997200:y=21.361400<->AISLE:x=3.454400:y=21.361400,edge,21,7,8.000999999994548,8.000999999994548,0.0,0.0,8.000999999994548,0.0,1,volume_proportional
EDGE:AISLE:x=2.997200:y=23.647400<->AISLE:x=3.454400:y=23.647400,edge,32,7,12.191999999990685,12.191999999990685,0.0,0.0,12.191999999990685,0.0,1,volume_proportional
EDGE:AISLE:x=2.997200:y=25.933400<->AISLE:x=3.454400:y=25.933400,edge,22,7,8.381999999994264,8.381999999994264,0.0,0.0,8.381999999994264,0.0,1,volume_proportional
EDGE:AISLE:x=2.997200:y=28.219400<->AISLE:x=3.454400:y=28.219400,edge,23,7,8.762999999994918,8.762999999994918,0.0,0.0,8.762999999994918,0.0,1,volume_proportional
EDGE:AISLE:x=2.997200:y=30.505400<->AISLE:x=3.454400:y=30.505400,edge,20,6,7.619999999996736,7.619999999996736,0.0,0.0,7.619999999996736,0.0,1,volume_proportional
EDGE:AISLE:x=2.997200:y=32.791400<->AISLE:x=3.454400:y=32.791400,edge,21,8,8.000999999996225,8.000999999996225,0.0,0.0,8.000999999996225,0.0,1,volume_proportional
EDGE:AISLE:x=2.997200:y=35.077400<->AISLE:x=3.454400:y=35.077400,edge,11,5,4.190999999998013,4.190999999998013,0.0,0.0,4.190999999998013,0.0,1,volume_proportional
EDGE:AISLE:x=3.454400:y=16.027400<->AISLE:x=3.860800:y=16.027400,edge,6,4,2.0319999999997123,2.0319999999997123,0.0,0.0,2.0319999999997123,0.0,1,volume_proportional
EDGE:AISLE:x=3.454400:y=19.075400<->AISLE:x=3.860800:y=19.075400,edge,12,5,4.0639999999986,4.0639999999986,0.0,0.0,4.0639999999986,0.0,1,volume_proportional
EDGE:AISLE:x=3.454400:y=21.361400<->AISLE:x=3.860800:y=21.361400,edge,23,8,7.789333333332266,7.789333333332266,0.0,0.0,7.789333333332266,0.0,1,volume_proportional
EDGE:AISLE:x=3.454400:y=23.647400<->AISLE:x=3.860800:y=23.647400,edge,28,6,9.48266666666467,9.48266666666467,0.0,0.0,9.48266666666467,0.0,1,volume_proportional
EDGE:AISLE:x=3.454400:y=25.933400<->AISLE:x=3.860800:y=25.933400,edge,20,7,6.773333333332062,6.773333333332062,0.0,0.0,6.773333333332062,0.0,1,volume_proportional
EDGE:AISLE:x=3.454400:y=28.219400<->AISLE:x=3.860800:y=28.219400,edge,23,7,7.789333333332195,7.789333333332195,0.0,0.0,7.789333333332195,0.0,1,volume_proportional
EDGE:AISLE:x=3.454400:y=30.505400<->AISLE:x=3.860800:y=30.505400,edge,20,6,6.773333333332644,6.773333333332644,0.0,0.0,6.773333333332644,0.0,1,volume_proportional
EDGE:AISLE:x=3.454400:y=32.791400<->AISLE:x=3.860800:y=32.791400,edge,23,8,7.789333333332507,7.789333333332507,0.0,0.0,7.789333333332507,0.0,1,volume_proportional
EDGE:AISLE:x=3.454400:y=35.077400<->AISLE:x=3.860800:y=35.077400,edge,11,5,3.7253333333328698,3.7253333333328698,0.0,0.0,3.7253333333328698,0.0,1,volume_proportional
EDGE:AISLE:x=3.860800:y=16.027400<->AISLE:x=4.267200:y=16.027400,edge,14,7,4.741333333332719,4.741333333332719,0.0,0.0,4.741333333332719,0.0,1,volume_proportional
EDGE:AISLE:x=3.860800:y=19.075400<->AISLE:x=4.267200:y=19.075400,edge,12,5,4.0639999999986,4.0639999999986,0.0,0.0,4.0639999999986,0.0,1,volume_proportional
EDGE:AISLE:x=3.860800:y=21.361400<->AISLE:x=4.267200:y=21.361400,edge,21,7,7.111999999998957,7.111999999998957,0.0,0.0,7.111999999998957,0.0,1,volume_proportional
EDGE:AISLE:x=3.860800:y=23.647400<->AISLE:x=4.267200:y=23.647400,edge,24,6,8.127999999998508,8.127999999998508,0.0,0.0,8.127999999998508,0.0,1,volume_proportional
EDGE:AISLE:x=3.860800:y=25.933400<->AISLE:x=4.267200:y=25.933400,edge,24,7,8.127999999998679,8.127999999998679,0.0,0.0,8.127999999998679,0.0,1,volume_proportional
EDGE:AISLE:x=3.860800:y=28.219400<->AISLE:x=4.267200:y=28.219400,edge,21,7,7.111999999998886,7.111999999998886,0.0,0.0,7.111999999998886,0.0,1,volume_proportional
EDGE:AISLE:x=3.860800:y=30.505400<->AISLE:x=4.267200:y=30.505400,edge,22,6,7.450666666665953,7.450666666665953,0.0,0.0,7.450666666665953,0.0,1,volume_proportional
EDGE:AISLE:x=3.860800:y=32.791400<->AISLE:x=4.267200:y=32.791400,edge,25,8,8.466666666665844,8.466666666665844,0.0,0.0,8.466666666665844,0.0,1,volume_proportional
EDGE:AISLE:x=3.860800:y=35.077400<->AISLE:x=4.267200:y=35.077400,edge,13,5,4.402666666665951,4.402666666665951,0.0,0.0,4.402666666665951,0.0,1,volume_proportional
EDGE:AISLE:x=4.267200:y=16.027400<->AISLE:x=4.724400:y=16.027400,edge,16,7,6.095999999997417,6.095999999997417,0.0,0.0,6.095999999997417,0.0,1,volume_proportional
EDGE:AISLE:x=4.267200:y=19.075400<->AISLE:x=4.724400:y=19.075400,edge,12,5,4.571999999993466,4.571999999993466,0.0,0.0,4.571999999993466,0.0,1,volume_proportional
EDGE:AISLE:x=4.267200:y=21.361400<->AISLE:x=4.724400:y=21.361400,edge,25,8,9.524999999994606,9.524999999994606,0.0,0.0,9.524999999994606,0.0,1,volume_proportional
EDGE:AISLE:x=4.267200:y=23.647400<->AISLE:x=4.724400:y=23.647400,edge,24,6,9.143999999993184,9.143999999993184,0.0,0.0,9.143999999993184,0.0,1,volume_proportional
EDGE:AISLE:x=4.267200:y=25.933400<->AISLE:x=4.724400:y=25.933400,edge,26,7,9.905999999993185,9.905999999993185,0.0,0.0,9.905999999993185,0.0,1,volume_proportional
EDGE:AISLE:x=4.267200:y=28.219400<->AISLE:x=4.724400:y=28.219400,edge,23,7,8.76299999999378,8.76299999999378,0.0,0.0,8.76299999999378,0.0,1,volume_proportional
EDGE:AISLE:x=4.267200:y=30.505400<->AISLE:x=4.724400:y=30.505400,edge,24,6,9.143999999996737,9.143999999996737,0.0,0.0,9.143999999996737,0.0,1,volume_proportional
EDGE:AISLE:x=4.267200:y=32.791400<->AISLE:x=4.724400:y=32.791400,edge,25,8,9.524999999996226,9.524999999996226,0.0,0.0,9.524999999996226,0.0,1,volume_proportional
EDGE:AISLE:x=4.267200:y=35.077400<->AISLE:x=4.724400:y=35.077400,edge,15,6,5.714999999995683,5.714999999995683,0.0,0.0,5.714999999995683,0.0,1,volume_proportional
EDGE:AISLE:x=4.724400:y=16.027400<->AISLE:x=5.130800:y=16.027400,edge,20,7,6.773333333332673,6.773333333332673,0.0,0.0,6.773333333332673,0.0,1,volume_proportional
EDGE:AISLE:x=4.724400:y=19.075400<->AISLE:x=5.130800:y=19.075400,edge,14,5,4.741333333331681,4.741333333331681,0.0,0.0,4.741333333331681,0.0,1,volume_proportional
EDGE:AISLE:x=4.724400:y=21.361400<->AISLE:x=5.130800:y=21.361400,edge,27,8,9.143999999999139,9.143999999999139,0.0,0.0,9.143999999999139,0.0,1,volume_proportional
EDGE:AISLE:x=4.724400:y=23.647400<->AISLE:x=5.130800:y=23.647400,edge,28,6,9.48266666666487,9.48266666666487,0.0,0.0,9.48266666666487,0.0,1,volume_proportional
EDGE:AISLE:x=4.724400:y=25.933400<->AISLE:x=5.130800:y=25.933400,edge,24,7,8.127999999998451,8.127999999998451,0.0,0.0,8.127999999998451,0.0,1,volume_proportional
EDGE:AISLE:x=4.724400:y=28.219400<->AISLE:x=5.130800:y=28.219400,edge,27,7,9.143999999998385,9.143999999998385,0.0,0.0,9.143999999998385,0.0,1,volume_proportional
EDGE:AISLE:x=4.724400:y=30.505400<->AISLE:x=5.130800:y=30.505400,edge,20,5,6.773333333332644,6.773333333332644,0.0,0.0,6.773333333332644,0.0,1,volume_proportional
EDGE:AISLE:x=4.724400:y=32.791400<->AISLE:x=5.130800:y=32.791400,edge,23,8,7.789333333332536,7.789333333332536,0.0,0.0,7.789333333332536,0.0,1,volume_proportional
EDGE:AISLE:x=4.724400:y=35.077400<->AISLE:x=5.130800:y=35.077400,edge,17,6,5.757333333332113,5.757333333332113,0.0,0.0,5.757333333332113,0.0,1,volume_proportional
EDGE:AISLE:x=5.130800:y=16.027400<->AISLE:x=5.537200:y=16.027400,edge,20,7,6.773333333332673,6.773333333332673,0.0,0.0,6.773333333332673,0.0,1,volume_proportional
EDGE:AISLE:x=5.130800:y=19.075400<->AISLE:x=5.537200:y=19.075400,edge,14,6,4.741333333331909,4.741333333331909,0.0,0.0,4.741333333331909,0.0,1,volume_proportional
EDGE:AISLE:x=5.130800:y=21.361400<->AISLE:x=5.537200:y=21.361400,edge,29,8,9.821333333332447,9.821333333332447,0.0,0.0,9.821333333332447,0.0,1,volume_proportional
EDGE:AISLE:x=5.130800:y=23.647400<->AISLE:x=5.537200:y=23.647400,edge,34,7,11.514666666664112,11.514666666664112,0.0,0.0,11.514666666664112,0.0,1,volume_proportional
EDGE:AISLE:x=5.130800:y=25.933400<->AISLE:x=5.537200:y=25.933400,edge,24,7,8.127999999998451,8.127999999998451,0.0,0.0,8.127999999998451,0.0,1,volume_proportional
EDGE:AISLE:x=5.130800:y=28.219400<->AISLE:x=5.537200:y=28.219400,edge,31,7,10.498666666664548,10.498666666664548,0.0,0.0,10.498666666664548,0.0,1,volume_proportional
EDGE:AISLE:x=5.130800:y=30.505400<->AISLE:x=5.537200:y=30.505400,edge,20,5,6.773333333332644,6.773333333332644,0.0,0.0,6.773333333332644,0.0,1,volume_proportional
EDGE:AISLE:x=5.130800:y=32.791400<->AISLE:x=5.537200:y=32.791400,edge,25,8,8.466666666665844,8.466666666665844,0.0,0.0,8.466666666665844,0.0,1,volume_proportional
EDGE:AISLE:x=5.130800:y=35.077400<->AISLE:x=5.537200:y=35.077400,edge,17,6,5.757333333332113,5.757333333332113,0.0,0.0,5.757333333332113,0.0,1,volume_proportional
EDGE:AISLE:x=5.537200:y=16.027400<->AISLE:x=5.994400:y=16.027400,edge,20,7,7.619999999997361,7.619999999997361,0.0,0.0,7.619999999997361,0.0,1,volume_proportional
EDGE:AISLE:x=5.537200:y=19.075400<->AISLE:x=5.994400:y=19.075400,edge,18,6,6.85799999999216,6.85799999999216,0.0,0.0,6.85799999999216,0.0,1,volume_proportional
EDGE:AISLE:x=5.537200:y=21.361400<->AISLE:x=5.994400:y=21.361400,edge,29,8,11.04899999999553,11.04899999999553,0.0,0.0,11.04899999999553,0.0,1,volume_proportional
EDGE:AISLE:x=5.537200:y=23.647400<->AISLE:x=5.994400:y=23.647400,edge,38,7,14.477999999984775,14.477999999984775,0.0,0.0,14.477999999984775,0.0,1,volume_proportional
EDGE:AISLE:x=5.537200:y=25.933400<->AISLE:x=5.994400:y=25.933400,edge,32,7,12.191999999990685,12.191999999990685,0.0,0.0,12.191999999990685,0.0,1,volume_proportional
EDGE:AISLE:x=5.537200:y=28.219400<->AISLE:x=5.994400:y=28.219400,edge,29,7,11.048999999990201,11.048999999990201,0.0,0.0,11.048999999990201,0.0,1,volume_proportional
EDGE:AISLE:x=5.537200:y=30.505400<->AISLE:x=5.994400:y=30.505400,edge,18,5,6.857999999997929,6.857999999997929,0.0,0.0,6.857999999997929,0.0,1,volume_proportional
EDGE:AISLE:x=5.537200:y=32.791400<->AISLE:x=5.994400:y=32.791400,edge,25,8,9.524999999996169,9.524999999996169,0.0,0.0,9.524999999996169,0.0,1,volume_proportional
EDGE:AISLE:x=5.537200:y=35.077400<->AISLE:x=5.994400:y=35.077400,edge,17,6,6.476999999994433,6.476999999994433,0.0,0.0,6.476999999994433,0.0,1,volume_proportional
EDGE:AISLE:x=5.994400:y=16.027400<->AISLE:x=6.400800:y=16.027400,edge,20,7,6.773333333332673,6.773333333332673,0.0,0.0,6.773333333332673,0.0,1,volume_proportional
EDGE:AISLE:x=5.994400:y=19.075400<->AISLE:x=6.400800:y=19.075400,edge,18,6,6.095999999998298,6.095999999998298,0.0,0.0,6.095999999998298,0.0,1,volume_proportional
EDGE:AISLE:x=5.994400:y=21.361400<->AISLE:x=6.400800:y=21.361400,edge,31,8,10.498666666665514,10.498666666665514,0.0,0.0,10.498666666665514,0.0,1,volume_proportional
EDGE:AISLE:x=5.994400:y=23.647400<->AISLE:x=6.400800:y=23.647400,edge,48,7,16.255999999995908,16.255999999995908,0.0,0.0,16.255999999995908,0.0,1,volume_proportional
EDGE:AISLE:x=5.994400:y=25.933400<->AISLE:x=6.400800:y=25.933400,edge,34,7,11.514666666664311,11.514666666664311,0.0,0.0,11.514666666664311,0.0,1,volume_proportional
EDGE:AISLE:x=5.994400:y=28.219400<->AISLE:x=6.400800:y=28.219400,edge,31,8,10.498666666664064,10.498666666664064,0.0,0.0,10.498666666664064,0.0,1,volume_proportional
EDGE:AISLE:x=5.994400:y=30.505400<->AISLE:x=6.400800:y=30.505400,edge,18,5,6.095999999999563,6.095999999999563,0.0,0.0,6.095999999999563,0.0,1,volume_proportional
EDGE:AISLE:x=5.994400:y=32.791400<->AISLE:x=6.400800:y=32.791400,edge,27,8,9.143999999999153,9.143999999999153,0.0,0.0,9.143999999999153,0.0,1,volume_proportional
EDGE:AISLE:x=5.994400:y=35.077400<->AISLE:x=6.400800:y=35.077400,edge,21,6,7.111999999998503,7.111999999998503,0.0,0.0,7.111999999998503,0.0,1,volume_proportional
EDGE:AISLE:x=6.400800:y=16.027400<->AISLE:x=6.807200:y=16.027400,edge,22,8,7.4506666666660095,7.4506666666660095,0.0,0.0,7.4506666666660095,0.0,1,volume_proportional
EDGE:AISLE:x=6.400800:y=19.075400<->AISLE:x=6.807200:y=19.075400,edge,18,6,6.095999999998298,6.095999999998298,0.0,0.0,6.095999999998298,0.0,1,volume_proportional
EDGE:AISLE:x=6.400800:y=21.361400<->AISLE:x=6.807200:y=21.361400,edge,31,8,10.498666666665514,10.498666666665514,0.0,0.0,10.498666666665514,0.0,1,volume_proportional
EDGE:AISLE:x=6.400800:y=23.647400<->AISLE:x=6.807200:y=23.647400,edge,52,7,17.610666666662524,17.610666666662524,0.0,0.0,17.610666666662524,0.0,1,volume_proportional
EDGE:AISLE:x=6.400800:y=25.933400<->AISLE:x=6.807200:y=25.933400,edge,44,7,14.901333333329944,14.901333333329944,0.0,0.0,14.901333333329944,0.0,1,volume_proportional
EDGE:AISLE:x=6.400800:y=28.219400<->AISLE:x=6.807200:y=28.219400,edge,29,8,9.821333333330983,9.821333333330983,0.0,0.0,9.821333333330983,0.0,1,volume_proportional
EDGE:AISLE:x=6.400800:y=30.505400<->AISLE:x=6.807200:y=30.505400,edge,22,6,7.450666666665953,7.450666666665953,0.0,0.0,7.450666666665953,0.0,1,volume_proportional
EDGE:AISLE:x=6.400800:y=32.791400<->AISLE:x=6.807200:y=32.791400,edge,29,8,9.821333333332461,9.821333333332461,0.0,0.0,9.821333333332461,0.0,1,volume_proportional
EDGE:AISLE:x=6.400800:y=35.077400<->AISLE:x=6.807200:y=35.077400,edge,21,6,7.111999999998503,7.111999999998503,0.0,0.0,7.111999999998503,0.0,1,volume_proportional
EDGE:AISLE:x=6.807200:y=16.027400<->AISLE:x=7.264400:y=16.027400,edge,22,8,8.381999999997362,8.381999999997362,0.0,0.0,8.381999999997362,0.0,1,volume_proportional
EDGE:AISLE:x=6.807200:y=19.075400<->AISLE:x=7.264400:y=19.075400,edge,22,6,8.381999999989773,8.381999999989773,0.0,0.0,8.381999999989773,0.0,1,volume_proportional
EDGE:AISLE:x=6.807200:y=21.361400<->AISLE:x=7.264400:y=21.361400,edge,37,8,14.09699999999188,14.09699999999188,0.0,0.0,14.09699999999188,0.0,1,volume_proportional
EDGE:AISLE:x=6.807200:y=23.647400<->AISLE:x=7.264400:y=23.647400,edge,50,7,19.049999999981083,19.049999999981083,0.0,0.0,19.049999999981083,0.0,1,volume_proportional
EDGE:AISLE:x=6.807200:y=25.933400<->AISLE:x=7.264400:y=25.933400,edge,48,8,18.287999999983413,18.287999999983413,0.0,0.0,18.287999999983413,0.0,1,volume_proportional
EDGE:AISLE:x=6.807200:y=28.219400<->AISLE:x=7.264400:y=28.219400,edge,35,8,13.334999999987872,13.334999999987872,0.0,0.0,13.334999999987872,0.0,1,volume_proportional
EDGE:AISLE:x=6.807200:y=30.505400<->AISLE:x=7.264400:y=30.505400,edge,24,6,9.14399999999668,9.14399999999668,0.0,0.0,9.14399999999668,0.0,1,volume_proportional
EDGE:AISLE:x=6.807200:y=32.791400<->AISLE:x=7.264400:y=32.791400,edge,29,8,11.048999999996056,11.048999999996056,0.0,0.0,11.048999999996056,0.0,1,volume_proportional
EDGE:AISLE:x=6.807200:y=35.077400<->AISLE:x=7.264400:y=35.077400,edge,21,6,8.000999999993184,8.000999999993184,0.0,0.0,8.000999999993184,0.0,1,volume_proportional
EDGE:AISLE:x=7.264400:y=16.027400<->AISLE:x=7.670800:y=16.027400,edge,26,8,8.805333333332626,8.805333333332626,0.0,0.0,8.805333333332626,0.0,1,volume_proportional
EDGE:AISLE:x=7.264400:y=19.075400<->AISLE:x=7.670800:y=19.075400,edge,20,6,6.773333333331379,6.773333333331379,0.0,0.0,6.773333333331379,0.0,1,volume_proportional
EDGE:AISLE:x=7.264400:y=21.361400<->AISLE:x=7.670800:y=21.361400,edge,39,8,13.207999999997838,13.207999999997838,0.0,0.0,13.207999999997838,0.0,1,volume_proportional
EDGE:AISLE:x=7.264400:y=23.647400<->AISLE:x=7.670800:y=23.647400,edge,50,7,16.933333333329216,16.933333333329216,0.0,0.0,16.933333333329216,0.0,1,volume_proportional
EDGE:AISLE:x=7.264400:y=25.933400<->AISLE:x=7.670800:y=25.933400,edge,58,8,19.642666666661967,19.642666666661967,0.0,0.0,19.642666666661967,0.0,1,volume_proportional
EDGE:AISLE:x=7.264400:y=28.219400<->AISLE:x=7.670800:y=28.219400,edge,37,8,12.530666666664004,12.530666666664004,0.0,0.0,12.530666666664004,0.0,1,volume_proportional
EDGE:AISLE:x=7.264400:y=30.505400<->AISLE:x=7.670800:y=30.505400,edge,30,7,10.15999999999876,10.15999999999876,0.0,0.0,10.15999999999876,0.0,1,volume_proportional
EDGE:AISLE:x=7.264400:y=32.791400<->AISLE:x=7.670800:y=32.791400,edge,39,8,13.207999999998094,13.207999999998094,0.0,0.0,13.207999999998094,0.0,1,volume_proportional
EDGE:AISLE:x=7.264400:y=35.077400<->AISLE:x=7.670800:y=35.077400,edge,25,6,8.46666666666512,8.46666666666512,0.0,0.0,8.46666666666512,0.0,1,volume_proportional
EDGE:AISLE:x=7.670800:y=16.027400<->AISLE:x=8.077200:y=16.027400,edge,26,8,8.80533333333262,8.80533333333262,0.0,0.0,8.80533333333262,0.0,1,volume_proportional
EDGE:AISLE:x=7.670800:y=19.075400<->AISLE:x=8.077200:y=19.075400,edge,20,6,6.773333333331379,6.773333333331379,0.0,0.0,6.773333333331379,0.0,1,volume_proportional
EDGE:AISLE:x=7.670800:y=21.361400<->AISLE:x=8.077200:y=21.361400,edge,57,8,19.303999999997416,19.303999999997416,0.0,0.0,19.303999999997416,0.0,1,volume_proportional
EDGE:AISLE:x=7.670800:y=23.647400<->AISLE:x=8.077200:y=23.647400,edge,58,8,19.642666666662222,19.642666666662222,0.0,0.0,19.642666666662222,0.0,1,volume_proportional
EDGE:AISLE:x=7.670800:y=25.933400<->AISLE:x=8.077200:y=25.933400,edge,66,8,22.351999999994064,22.351999999994064,0.0,0.0,22.351999999994064,0.0,1,volume_proportional
EDGE:AISLE:x=7.670800:y=28.219400<->AISLE:x=8.077200:y=28.219400,edge,39,8,13.207999999997085,13.207999999997085,0.0,0.0,13.207999999997085,0.0,1,volume_proportional
EDGE:AISLE:x=7.670800:y=30.505400<->AISLE:x=8.077200:y=30.505400,edge,36,7,12.191999999998458,12.191999999998458,0.0,0.0,12.191999999998458,0.0,1,volume_proportional
EDGE:AISLE:x=7.670800:y=32.791400<->AISLE:x=8.077200:y=32.791400,edge,45,8,15.239999999997337,15.239999999997337,0.0,0.0,15.239999999997337,0.0,1,volume_proportional
EDGE:AISLE:x=7.670800:y=35.077400<->AISLE:x=8.077200:y=35.077400,edge,33,6,11.175999999998126,11.175999999998126,0.0,0.0,11.175999999998126,0.0,1,volume_proportional
EDGE:AISLE:x=8.077200:y=16.027400<->AISLE:x=8.534400:y=16.027400,edge,26,8,9.905999999997363,9.905999999997363,0.0,0.0,9.905999999997363,0.0,1,volume_proportional
EDGE:AISLE:x=8.077200:y=19.075400<->AISLE:x=8.534400:y=19.075400,edge,22,6,8.38199999998983,8.38199999998983,0.0,0.0,8.38199999998983,0.0,1,volume_proportional
EDGE:AISLE:x=8.077200:y=21.361400<->AISLE:x=8.534400:y=21.361400,edge,65,8,24.764999999986912,24.764999999986912,0.0,0.0,24.764999999986912,0.0,1,volume_proportional
EDGE:AISLE:x=8.077200:y=23.647400<->AISLE:x=8.534400:y=23.647400,edge,64,8,24.383999999977902,24.383999999977902,0.0,0.0,24.383999999977902,0.0,1,volume_proportional
EDGE:AISLE:x=8.077200:y=25.933400<->AISLE:x=8.534400:y=25.933400,edge,68,8,25.907999999971707,25.907999999971707,0.0,0.0,25.907999999971707,0.0,1,volume_proportional
EDGE:AISLE:x=8.077200:y=28.219400<->AISLE:x=8.534400:y=28.219400,edge,39,8,14.858999999986793,14.858999999986793,0.0,0.0,14.858999999986793,0.0,1,volume_proportional
EDGE:AISLE:x=8.077200:y=30.505400<->AISLE:x=8.534400:y=30.505400,edge,42,7,16.001999999993245,16.001999999993245,0.0,0.0,16.001999999993245,0.0,1,volume_proportional
EDGE:AISLE:x=8.077200:y=32.791400<->AISLE:x=8.534400:y=32.791400,edge,47,8,17.906999999986567,17.906999999986567,0.0,0.0,17.906999999986567,0.0,1,volume_proportional
EDGE:AISLE:x=8.077200:y=35.077400<->AISLE:x=8.534400:y=35.077400,edge,33,6,12.572999999991993,12.572999999991993,0.0,0.0,12.572999999991993,0.0,1,volume_proportional
EDGE:AISLE:x=8.077200:y=37.363400<->AISLE:x=8.534400:y=37.363400,edge,2,1,0.7619999999999436,0.7619999999999436,0.0,0.0,0.7619999999999436,0.0,1,volume_proportional
EDGE:AISLE:x=8.534400:y=16.027400<->AISLE:x=8.940800:y=16.027400,edge,26,8,8.805333333332621,8.805333333332621,0.0,0.0,8.805333333332621,0.0,1,volume_proportional
EDGE:AISLE:x=8.534400:y=19.075400<->AISLE:x=8.940800:y=19.075400,edge,26,7,8.805333333330623,8.805333333330623,0.0,0.0,8.805333333330623,0.0,1,volume_proportional
EDGE:AISLE:x=8.534400:y=21.361400<->AISLE:x=8.940800:y=21.361400,edge,69,8,23.367999999996826,23.367999999996826,0.0,0.0,23.367999999996826,0.0,1,volume_proportional
EDGE:AISLE:x=8.534400:y=23.647400<->AISLE:x=8.940800:y=23.647400,edge,64,8,21.67466666666192,21.67466666666192,0.0,0.0,21.67466666666192,0.0,1,volume_proportional
EDGE:AISLE:x=8.534400:y=25.933400<->AISLE:x=8.940800:y=25.933400,edge,74,8,25.061333333326843,25.061333333326843,0.0,0.0,25.061333333326843,0.0,1,volume_proportional
EDGE:AISLE:x=8.534400:y=28.219400<->AISLE:x=8.940800:y=28.219400,edge,43,8,14.56266666666393,14.56266666666393,0.0,0.0,14.56266666666393,0.0,1,volume_proportional
EDGE:AISLE:x=8.534400:y=30.505400<->AISLE:x=8.940800:y=30.505400,edge,50,7,16.93333333333142,16.93333333333142,0.0,0.0,16.93333333333142,0.0,1,volume_proportional
EDGE:AISLE:x=8.534400:y=32.791400<->AISLE:x=8.940800:y=32.791400,edge,51,8,17.271999999997064,17.271999999997064,0.0,0.0,17.271999999997064,0.0,1,volume_proportional
EDGE:AISLE:x=8.534400:y=35.077400<->AISLE:x=8.940800:y=35.077400,edge,35,7,11.853333333331435,11.853333333331435,0.0,0.0,11.853333333331435,0.0,1,volume_proportional
EDGE:AISLE:x=8.534400:y=37.363400<->AISLE:x=8.940800:y=37.363400,edge,2,1,0.6773333333333085,0.6773333333333085,0.0,0.0,0.6773333333333085,0.0,1,volume_proportional
EDGE:AISLE:x=8.940800:y=16.027400<->AISLE:x=9.347200:y=16.027400,edge,30,8,10.159999999998787,10.159999999998787,0.0,0.0,10.159999999998787,0.0,1,volume_proportional
EDGE:AISLE:x=8.940800:y=19.075400<->AISLE:x=9.347200:y=19.075400,edge,26,7,8.805333333330623,8.805333333330623,0.0,0.0,8.805333333330623,0.0,1,volume_proportional
EDGE:AISLE:x=8.940800:y=21.361400<->AISLE:x=9.347200:y=21.361400,edge,71,8,24.045333333329907,24.045333333329907,0.0,0.0,24.045333333329907,0.0,1,volume_proportional
EDGE:AISLE:x=8.940800:y=23.647400<->AISLE:x=9.347200:y=23.647400,edge,66,8,22.35199999999523,22.35199999999523,0.0,0.0,22.35199999999523,0.0,1,volume_proportional
EDGE:AISLE:x=8.940800:y=25.933400<->AISLE:x=9.347200:y=25.933400,edge,74,8,25.06133333332707,25.06133333332707,0.0,0.0,25.06133333332707,0.0,1,volume_proportional
EDGE:AISLE:x=8.940800:y=28.219400<->AISLE:x=9.347200:y=28.219400,edge,49,8,16.5946666666634,16.5946666666634,0.0,0.0,16.5946666666634,0.0,1,volume_proportional
EDGE:AISLE:x=8.940800:y=30.505400<->AISLE:x=9.347200:y=30.505400,edge,62,8,20.997333333331156,20.997333333331156,0.0,0.0,20.997333333331156,0.0,1,volume_proportional
EDGE:AISLE:x=8.940800:y=32.791400<->AISLE:x=9.347200:y=32.791400,edge,55,8,18.62666666666368,18.62666666666368,0.0,0.0,18.62666666666368,0.0,1,volume_proportional
EDGE:AISLE:x=8.940800:y=35.077400<->AISLE:x=9.347200:y=35.077400,edge,47,8,15.917333333331115,15.917333333331115,0.0,0.0,15.917333333331115,0.0,1,volume_proportional
EDGE:AISLE:x=8.940800:y=37.363400<->AISLE:x=9.347200:y=37.363400,edge,2,1,0.6773333333333085,0.6773333333333085,0.0,0.0,0.6773333333333085,0.0,1,volume_proportional
EDGE:SUP:CC-08<->SUP:CC-09,edge,180,8,457.200000000072,457.2000000000719,0.0,0.0,457.200000000072,0.0,1,volume_proportional
EDGE:SUP:CC-09<->SUP:CC-10,edge,181,8,344.8050000000533,344.80500000005316,0.0,0.0,344.8050000000534,0.0,1,volume_proportional
EDGE:SUP:CC-10<->SUP:CC-11,edge,182,8,346.71000000004983,346.7100000000496,0.0,0.0,346.71000000004983,0.0,1,volume_proportional
EDGE:SUP:CC-11<->SUP:CC-12,edge,170,8,323.85000000004555,323.8500000000455,0.0,0.0,323.85000000004555,0.0,1,volume_proportional
EDGE:SUP:CC-12<->SUP:CC-13,edge,193,8,367.66500000005857,367.66500000005834,0.0,0.0,367.66500000005857,0.0,1,volume_proportional
EDGE:SUP:CC-13<->SUP:CC-14,edge,155,8,295.27500000003624,295.27500000003613,0.0,0.0,295.27500000003624,0.0,1,volume_proportional
EDGE:SUP:CC-14<->SUP:CC-15,edge,129,8,245.7450000000273,245.7450000000273,0.0,0.0,245.7450000000273,0.0,1,volume_proportional
EDGE:SUP:CC-15<->SUP:CC-16,edge,83,8,158.1150000000154,158.1150000000154,0.0,0.0,158.1150000000154,0.0,1,volume_proportional
EDGE:SUP:CC-16<->SUP:CC-17,edge,7,5,13.335000000001202,13.335000000001202,0.0,0.0,13.335000000001202,0.0,1,volume_proportional
EDGE:SUP:LC-08<->SUP:LC-09,edge,6,3,15.24000000000163,15.24000000000163,0.0,0.0,15.24000000000163,0.0,1,volume_proportional
EDGE:SUP:LC-09<->SUP:LC-10,edge,18,6,34.2900000000071,34.2900000000071,0.0,0.0,34.2900000000071,0.0,1,volume_proportional
EDGE:SUP:LC-10<->SUP:LC-11,edge,27,7,51.43500000000887,51.43500000000887,0.0,0.0,51.43500000000887,0.0,1,volume_proportional
EDGE:SUP:LC-11<->SUP:LC-12,edge,31,8,59.055000000008306,59.055000000008306,0.0,0.0,59.055000000008306,0.0,1,volume_proportional
EDGE:SUP:LC-12<->SUP:LC-13,edge,29,8,55.24500000000779,55.24500000000779,0.0,0.0,55.24500000000779,0.0,1,volume_proportional
EDGE:SUP:LC-13<->SUP:LC-14,edge,20,8,38.10000000000497,38.10000000000497,0.0,0.0,38.10000000000497,0.0,1,volume_proportional
EDGE:SUP:LC-14<->SUP:LC-15,edge,18,7,34.29000000000431,34.29000000000431,0.0,0.0,34.29000000000431,0.0,1,volume_proportional
EDGE:SUP:LC-15<->SUP:LC-16,edge,11,5,20.95500000000189,20.95500000000189,0.0,0.0,20.95500000000189,0.0,1,volume_proportional
EDGE:SUP:RC-09<->SUP:RC-10,edge,13,7,24.765000000004704,24.765000000004704,0.0,0.0,24.765000000004704,0.0,1,volume_proportional
EDGE:SUP:RC-10<->SUP:RC-11,edge,13,5,24.76500000000445,24.76500000000445,0.0,0.0,24.76500000000445,0.0,1,volume_proportional
EDGE:SUP:RC-11<->SUP:RC-12,edge,15,5,28.575000000005815,28.575000000005815,0.0,0.0,28.575000000005815,0.0,1,volume_proportional
EDGE:SUP:RC-12<->SUP:RC-13,edge,16,7,30.48000000000522,30.48000000000522,0.0,0.0,30.48000000000522,0.0,1,volume_proportional
EDGE:SUP:RC-13<->SUP:RC-14,edge,11,6,20.955000000003793,20.955000000003793,0.0,0.0,20.955000000003793,0.0,1,volume_proportional
EDGE:SUP:RC-14<->SUP:RC-15,edge,7,5,13.335000000001855,13.335000000001855,0.0,0.0,13.335000000001855,0.0,1,volume_proportional
EDGE:SUP:RC-15<->SUP:RC-16,edge,4,3,7.620000000001369,7.620000000001369,0.0,0.0,7.620000000001369,0.0,1,volume_proportional
EDGE:SUP:RC-16<->SUP:RC-17,edge,3,3,5.715000000001339,5.715000000001339,0.0,0.0,5.715000000001339,0.0,1,volume_proportional
NODE:AISLE:x=10.236200:y=25.933400,node,2,2,0.6901666666381061,0.0,0.0,0.6901666666381061,0.6901666666381061,0.0,1,volume_proportional
NODE:AISLE:x=10.236200:y=28.219400,node,1,1,0.5249999999999204,0.0,0.0,0.5249999999999204,0.5249999999999204,0.0,1,volume_proportional
NODE:AISLE:x=10.236200:y=30.505400,node,2,2,1.1051666666668325,0.0,0.0,1.1051666666668325,1.1051666666668325,0.0,1,volume_proportional
NODE:AISLE:x=10.236200:y=32.791400,node,2,2,0.41766666665444063,0.0,0.0,0.41766666665444063,0.41766666665444063,0.0,1,volume_proportional
NODE:AISLE:x=11.023600:y=19.075400,node,11,7,30.31750000000102,0.0,30.0,0.31750000000101863,30.31750000000102,0.0,1,volume_proportional
NODE:AISLE:x=11.023600:y=21.361400,node,25,8,67.92466666666587,0.0,66.0,1.9246666666658712,66.82966666666653,1.0949999999993452,2,volume_proportional
NODE:AISLE:x=11.023600:y=23.647400,node,18,6,53.00100000000009,0.0,48.0,5.00100000000009,48.0,5.00100000000009,2,volume_proportional
NODE:AISLE:x=11.023600:y=25.933400,node,1,1,3.0,0.0,3.0,0.0,3.0,0.0,1,volume_proportional
NODE:AISLE:x=11.023600:y=28.219400,node,43,6,119.24066666665385,0.0,84.0,35.24066666665385,84.79299999999057,34.44766666666328,2,volume_proportional
NODE:AISLE:x=11.023600:y=30.505400,node,18,7,51.096000000023196,0.0,51.0,0.09600000002319575,51.096000000023196,0.0,1,volume_proportional
NODE:AISLE:x=11.023600:y=32.791400,node,12,6,36.0,0.0,36.0,0.0,36.0,0.0,1,volume_proportional
NODE:AISLE:x=11.023600:y=35.077400,node,12,6,36.0,0.0,36.0,0.0,36.0,0.0,1,volume_proportional
NODE:AISLE:x=11.023600:y=37.363400,node,1,1,3.0,0.0,3.0,0.0,3.0,0.0,1,volume_proportional
NODE:AISLE:x=11.430000:y=21.361400,node,10,4,30.0,0.0,30.0,0.0,30.0,0.0,1,volume_proportional
NODE:AISLE:x=11.430000:y=23.647400,node,12,4,36.0,0.0,36.0,0.0,36.0,0.0,1,volume_proportional
NODE:AISLE:x=11.430000:y=25.933400,node,3,2,9.0,0.0,9.0,0.0,9.0,0.0,1,volume_proportional
NODE:AISLE:x=11.430000:y=28.219400,node,35,4,101.34533333330728,0.0,84.0,17.34533333330728,84.07333333332099,17.271999999986292,2,volume_proportional
NODE:AISLE:x=11.430000:y=30.505400,node,8,2,24.0,0.0,24.0,0.0,24.0,0.0,1,volume_proportional
NODE:AISLE:x=11.430000:y=32.791400,node,5,1,15.0,0.0,15.0,0.0,15.0,0.0,1,volume_proportional
NODE:AISLE:x=11.430000:y=35.077400,node,3,2,9.0,0.0,9.0,0.0,9.0,0.0,1,volume_proportional
NODE:AISLE:x=11.836400:y=19.075400,node,8,5,18.268333333332635,0.0,18.0,0.26833333333263454,18.268333333332635,0.0,1,volume_proportional
NODE:AISLE:x=11.836400:y=21.361400,node,4,4,12.0,0.0,12.0,0.0,12.0,0.0,1,volume_proportional
NODE:AISLE:x=11.836400:y=25.933400,node,5,4,15.0,0.0,15.0,0.0,15.0,0.0,1,volume_proportional
NODE:AISLE:x=11.836400:y=28.219400,node,33,4,92.33099999998205,0.0,90.0,2.3309999999820548,90.61199999999565,1.7189999999864085,2,volume_proportional
NODE:AISLE:x=11.836400:y=30.505400,node,33,5,94.97566666666683,0.0,78.00000000000003,16.975666666666797,78.17800000000003,16.7976666666668,2,volume_proportional
NODE:AISLE:x=11.836400:y=35.077400,node,7,4,21.0,0.0,21.0,0.0,21.0,0.0,1,volume_proportional
NODE:AISLE:x=12.293600:y=19.075400,node,9,4,24.06766666666954,0.0,24.0,0.06766666666953824,24.06766666666954,0.0,1,volume_proportional
NODE:AISLE:x=12.293600:y=21.361400,node,9,4,27.0,0.0,27.0,0.0,27.0,0.0,1,volume_proportional
NODE:AISLE:x=12.293600:y=23.647400,node,1,1,3.0,0.0,3.0,0.0,3.0,0.0,1,volume_proportional
NODE:AISLE:x=12.293600:y=25.933400,node,1,1,3.0,0.0,3.0,0.0,3.0,0.0,1,volume_proportional
NODE:AISLE:x=12.293600:y=28.219400,node,21,4,63.0,0.0,63.0,0.0,63.0,0.0,1,volume_proportional
NODE:AISLE:x=12.293600:y=32.791400,node,4,4,12.000000000000014,0.0,12.000000000000014,0.0,12.000000000000014,0.0,1,volume_proportional
NODE:AISLE:x=12.293600:y=37.363400,node,1,1,3.0,0.0,3.0,0.0,3.0,0.0,1,volume_proportional
NODE:AISLE:x=12.700000:y=19.075400,node,11,5,30.23433333333378,0.0,30.0,0.2343333333337796,30.23433333333378,0.0,1,volume_proportional
NODE:AISLE:x=12.700000:y=21.361400,node,15,5,45.0,0.0,45.0,0.0,45.0,0.0,1,volume_proportional
NODE:AISLE:x=12.700000:y=28.219400,node,4,2,12.0,0.0,12.0,0.0,12.0,0.0,1,volume_proportional
NODE:AISLE:x=12.700000:y=30.505400,node,2,2,6.0,0.0,6.0,0.0,6.0,0.0,1,volume_proportional
NODE:AISLE:x=12.700000:y=35.077400,node,3,3,9.0,0.0,9.0,0.0,9.0,0.0,1,volume_proportional
NODE:AISLE:x=13.106400:y=19.075400,node,9,4,27.0,0.0,27.0,0.0,27.0,0.0,1,volume_proportional
NODE:AISLE:x=13.106400:y=25.933400,node,1,1,0.24000000000012278,0.0,0.0,0.24000000000012278,0.24000000000012278,0.0,1,volume_proportional
NODE:AISLE:x=13.106400:y=28.219400,node,15,5,39.502333333320166,0.0,39.0,0.5023333333201663,39.502333333320166,0.0,1,volume_proportional
NODE:AISLE:x=13.106400:y=30.505400,node,2,2,6.0,0.0,6.0,0.0,6.0,0.0,1,volume_proportional
NODE:AISLE:x=13.106400:y=35.077400,node,1,1,3.0,0.0,3.0,0.0,3.0,0.0,1,volume_proportional
NODE:AISLE:x=13.563600:y=16.027400,node,12,4,36.0,0.0,36.0,0.0,36.0,0.0,1,volume_proportional
NODE:AISLE:x=13.563600:y=19.075400,node,12,3,34.0299999999952,0.0,33.0,1.0299999999951979,33.0,1.0299999999951979,2,volume_proportional
NODE:AISLE:x=13.563600:y=21.361400,node,4,2,12.0,0.0,12.0,0.0,12.0,0.0,1,volume_proportional
NODE:AISLE:x=13.563600:y=23.647400,node,1,1,3.0,0.0,3.0,0.0,3.0,0.0,1,volume_proportional
NODE:AISLE:x=13.563600:y=25.933400,node,2,1,6.0,0.0,6.0,0.0,6.0,0.0,1,volume_proportional
NODE:AISLE:x=13.563600:y=28.219400,node,14,7,42.0,0.0,42.0,0.0,42.0,0.0,1,volume_proportional
NODE:AISLE:x=13.563600:y=32.791400,node,2,2,6.0,0.0,6.0,0.0,6.0,0.0,1,volume_proportional
NODE:AISLE:x=13.970000:y=16.027400,node,5,1,15.0,0.0,15.0,0.0,15.0,0.0,1,volume_proportional
NODE:AISLE:x=13.970000:y=21.361400,node,1,1,0.005666666666002129,0.0,0.0,0.005666666666002129,0.005666666666002129,0.0,1,volume_proportional
NODE:AISLE:x=13.970000:y=23.647400,node,2,2,6.0,0.0,6.0,0.0,6.0,0.0,1,volume_proportional
NODE:AISLE:x=13.970000:y=28.219400,node,17,4,51.0,0.0,51.0,0.0,51.0,0.0,1,volume_proportional
NODE:AISLE:x=13.970000:y=30.505400,node,3,2,9.0,0.0,9.0,0.0,9.0,0.0,1,volume_proportional
NODE:AISLE:x=13.970000:y=32.791400,node,4,2,12.0,0.0,12.0,0.0,12.0,0.0,1,volume_proportional
NODE:AISLE:x=14.376400:y=16.027400,node,5,1,15.0,0.0,15.0,0.0,15.0,0.0,1,volume_proportional
NODE:AISLE:x=14.376400:y=19.075400,node,10,3,30.0,0.0,30.0,0.0,30.0,0.0,1,volume_proportional
NODE:AISLE:x=14.376400:y=21.361400,node,3,3,9.0,0.0,9.0,0.0,9.0,0.0,1,volume_proportional
NODE:AISLE:x=14.376400:y=25.933400,node,4,2,12.0,0.0,12.0,0.0,12.0,0.0,1,volume_proportional
NODE:AISLE:x=14.376400:y=28.219400,node,13,5,39.0,0.0,39.0,0.0,39.0,0.0,1,volume_proportional
NODE:AISLE:x=14.376400:y=32.791400,node,5,3,15.0,0.0,15.0,0.0,15.0,0.0,1,volume_proportional
NODE:AISLE:x=14.376400:y=35.077400,node,3,2,9.0,0.0,9.0,0.0,9.0,0.0,1,volume_proportional
NODE:AISLE:x=14.833600:y=16.027400,node,7,2,21.0,0.0,21.0,0.0,21.0,0.0,1,volume_proportional
NODE:AISLE:x=14.833600:y=21.361400,node,21,4,63.0,0.0,63.0,0.0,63.0,0.0,1,volume_proportional
NODE:AISLE:x=14.833600:y=25.933400,node,8,5,24.0,0.0,24.0,0.0,24.0,0.0,1,volume_proportional
NODE:AISLE:x=14.833600:y=28.219400,node,30,7,87.24416666668367,0.0,87.0,0.24416666668366815,87.24416666668367,0.0,1,volume_proportional
NODE:AISLE:x=14.833600:y=32.791400,node,5,1,15.0,0.0,15.0,0.0,15.0,0.0,1,volume_proportional
NODE:AISLE:x=14.833600:y=35.077400,node,2,2,6.0,0.0,6.0,0.0,6.0,0.0,1,volume_proportional
NODE:AISLE:x=15.240000:y=16.027400,node,1,1,3.0,0.0,3.0,0.0,3.0,0.0,1,volume_proportional
NODE:AISLE:x=15.240000:y=19.075400,node,8,4,24.0,0.0,24.0,0.0,24.0,0.0,1,volume_proportional
NODE:AISLE:x=15.240000:y=21.361400,node,16,5,48.0,0.0,48.0,0.0,48.0,0.0,1,volume_proportional
NODE:AISLE:x=15.240000:y=23.647400,node,1,1,3.0,0.0,3.0,0.0,3.0,0.0,1,volume_proportional
NODE:AISLE:x=15.240000:y=25.933400,node,1,1,3.0,0.0,3.0,0.0,3.0,0.0,1,volume_proportional
NODE:AISLE:x=15.240000:y=28.219400,node,37,7,104.10533333331693,0.0,102.0,2.105333333316935,102.37266666666835,1.7326666666485835,2,volume_proportional
NODE:AISLE:x=15.240000:y=32.791400,node,1,1,3.0,0.0,3.0,0.0,3.0,0.0,1,volume_proportional
NODE:AISLE:x=15.240000:y=35.077400,node,3,1,9.0,0.0,9.0,0.0,9.0,0.0,1,volume_proportional
NODE:AISLE:x=15.240000:y=37.363400,node,2,1,6.0,0.0,6.0,0.0,6.0,0.0,1,volume_proportional
NODE:AISLE:x=15.646400:y=19.075400,node,4,3,9.053666666664867,0.0,9.0,0.05366666666486708,9.053666666664867,0.0,1,volume_proportional
NODE:AISLE:x=15.646400:y=21.361400,node,14,4,42.0,0.0,42.0,0.0,42.0,0.0,1,volume_proportional
NODE:AISLE:x=15.646400:y=23.647400,node,3,3,9.0,0.0,9.0,0.0,9.0,0.0,1,volume_proportional
NODE:AISLE:x=15.646400:y=25.933400,node,2,2,6.0,0.0,6.0,0.0,6.0,0.0,1,volume_proportional
NODE:AISLE:x=15.646400:y=28.219400,node,47,8,138.1806666666667,0.0,138.00000000000003,0.180666666666653,138.00000000000003,0.180666666666653,2,volume_proportional
NODE:AISLE:x=15.646400:y=30.505400,node,4,2,12.0,0.0,12.0,0.0,12.0,0.0,1,volume_proportional
NODE:AISLE:x=15.646400:y=32.791400,node,6,2,18.0,0.0,18.0,0.0,18.0,0.0,1,volume_proportional
NODE:AISLE:x=15.646400:y=35.077400,node,2,2,6.0,0.0,6.0,0.0,6.0,0.0,1,volume_proportional
NODE:AISLE:x=15.646400:y=37.363400,node,1,1,3.0,0.0,3.0,0.0,3.0,0.0,1,volume_proportional
NODE:AISLE:x=16.103600:y=16.027400,node,10,2,30.000000000000004,0.0,30.000000000000004,0.0,30.000000000000004,0.0,1,volume_proportional
NODE:AISLE:x=16.103600:y=19.075400,node,8,2,24.0,0.0,24.0,0.0,24.0,0.0,1,volume_proportional
NODE:AISLE:x=16.103600:y=21.361400,node,5,3,15.0,0.0,15.0,0.0,15.0,0.0,1,volume_proportional
NODE:AISLE:x=16.103600:y=23.647400,node,2,2,6.0,0.0,6.0,0.0,6.0,0.0,1,volume_proportional
NODE:AISLE:x=16.103600:y=25.933400,node,1,1,3.0,0.0,3.0,0.0,3.0,0.0,1,volume_proportional
NODE:AISLE:x=16.103600:y=28.219400,node,31,7,90.04233333333286,0.0,90.0,0.04233333333286282,90.04233333333286,0.0,1,volume_proportional
NODE:AISLE:x=16.103600:y=30.505400,node,5,3,15.0,0.0,15.0,0.0,15.0,0.0,1,volume_proportional
NODE:AISLE:x=16.103600:y=32.791400,node,1,1,3.0,0.0,3.0,0.0,3.0,0.0,1,volume_proportional
NODE:AISLE:x=16.510000:y=16.027400,node,4,1,12.000000000000002,0.0,12.000000000000002,0.0,12.000000000000002,0.0,1,volume_proportional
NODE:AISLE:x=16.510000:y=19.075400,node,14,6,42.0,0.0,42.0,0.0,42.0,0.0,1,volume_proportional
NODE:AISLE:x=16.510000:y=21.361400,node,5,3,15.0,0.0,15.0,0.0,15.0,0.0,1,volume_proportional
NODE:AISLE:x=16.510000:y=25.933400,node,1,1,3.0,0.0,3.0,0.0,3.0,0.0,1,volume_proportional
NODE:AISLE:x=16.510000:y=28.219400,node,64,8,191.5596666666653,0.0,150.0,41.559666666665294,150.33866666666654,34.52399999999864,3,volume_proportional
NODE:AISLE:x=16.510000:y=30.505400,node,3,1,9.0,0.0,9.0,0.0,9.0,0.0,1,volume_proportional
NODE:AISLE:x=16.510000:y=35.077400,node,3,2,9.0,0.0,9.0,0.0,9.0,0.0,1,volume_proportional
NODE:AISLE:x=16.916400:y=16.027400,node,1,1,3.000000000000001,0.0,3.000000000000001,0.0,3.000000000000001,0.0,1,volume_proportional
NODE:AISLE:x=16.916400:y=19.075400,node,14,3,42.0,0.0,42.0,0.0,42.0,0.0,1,volume_proportional
NODE:AISLE:x=16.916400:y=21.361400,node,1,1,3.0,0.0,3.0,0.0,3.0,0.0,1,volume_proportional
NODE:AISLE:x=16.916400:y=23.647400,node,1,1,3.0,0.0,3.0,0.0,3.0,0.0,1,volume_proportional
NODE:AISLE:x=16.916400:y=25.933400,node,3,3,9.0,0.0,9.0,0.0,9.0,0.0,1,volume_proportional
NODE:AISLE:x=16.916400:y=28.219400,node,32,8,92.75999999999112,0.0,90.0,2.7599999999911233,90.0,2.7599999999911233,2,volume_proportional
NODE:AISLE:x=16.916400:y=30.505400,node,1,1,3.0,0.0,3.0,0.0,3.0,0.0,1,volume_proportional
NODE:AISLE:x=2.184400:y=16.027400,node,2,1,6.0,0.0,6.0,0.0,6.0,0.0,1,volume_proportional
NODE:AISLE:x=2.184400:y=19.075400,node,2,2,6.0,0.0,6.0,0.0,6.0,0.0,1,volume_proportional
NODE:AISLE:x=2.184400:y=21.361400,node,2,2,6.0,0.0,6.0,0.0,6.0,0.0,1,volume_proportional
NODE:AISLE:x=2.184400:y=23.647400,node,12,4,36.0,0.0,36.0,0.0,36.0,0.0,1,volume_proportional
NODE:AISLE:x=2.184400:y=28.219400,node,7,3,18.192000000000007,0.0,18.0,0.19200000000000728,18.192000000000007,0.0,1,volume_proportional
NODE:AISLE:x=2.184400:y=30.505400,node,4,4,12.0,0.0,12.0,0.0,12.0,0.0,1,volume_proportional
NODE:AISLE:x=2.184400:y=32.791400,node,2,1,6.0,0.0,6.0,0.0,6.0,0.0,1,volume_proportional
NODE:AISLE:x=2.590800:y=16.027400,node,1,1,3.0,0.0,3.0,0.0,3.0,0.0,1,volume_proportional
NODE:AISLE:x=2.590800:y=21.361400,node,4,2,9.24266666666665,0.0,9.0,0.2426666666666506,9.24266666666665,0.0,1,volume_proportional
NODE:AISLE:x=2.590800:y=23.647400,node,21,4,61.102166666663834,0.0,54.0,7.102166666663834,54.0,7.102166666663834,2,volume_proportional
NODE:AISLE:x=2.590800:y=30.505400,node,9,3,27.0,0.0,27.0,0.0,27.0,0.0,1,volume_proportional
NODE:AISLE:x=2.590800:y=32.791400,node,7,5,21.0,0.0,21.0,0.0,21.0,0.0,1,volume_proportional
NODE:AISLE:x=2.590800:y=35.077400,node,7,2,21.0,0.0,21.0,0.0,21.0,0.0,1,volume_proportional
NODE:AISLE:x=2.997200:y=16.027400,node,2,1,6.0,0.0,6.0,0.0,6.0,0.0,1,volume_proportional
NODE:AISLE:x=2.997200:y=21.361400,node,4,3,12.0,0.0,12.0,0.0,12.0,0.0,1,volume_proportional
NODE:AISLE:x=2.997200:y=23.647400,node,5,3,15.0,0.0,15.0,0.0,15.0,0.0,1,volume_proportional
NODE:AISLE:x=2.997200:y=28.219400,node,1,1,3.0,0.0,3.0,0.0,3.0,0.0,1,volume_proportional
NODE:AISLE:x=2.997200:y=32.791400,node,1,1,3.0,0.0,3.0,0.0,3.0,0.0,1,volume_proportional
NODE:AISLE:x=2.997200:y=35.077400,node,1,1,0.2793333333335113,0.0,0.0,0.2793333333335113,0.2793333333335113,0.0,1,volume_proportional
NODE:AISLE:x=3.454400:y=16.027400,node,4,1,12.0,0.0,12.0,0.0,12.0,0.0,1,volume_proportional
NODE:AISLE:x=3.454400:y=19.075400,node,1,1,3.0,0.0,3.0,0.0,3.0,0.0,1,volume_proportional
NODE:AISLE:x=3.454400:y=21.361400,node,2,1,6.0,0.0,6.0,0.0,6.0,0.0,1,volume_proportional
NODE:AISLE:x=3.454400:y=23.647400,node,5,3,15.0,0.0,15.0,0.0,15.0,0.0,1,volume_proportional
NODE:AISLE:x=3.454400:y=25.933400,node,1,1,3.0,0.0,3.0,0.0,3.0,0.0,1,volume_proportional
NODE:AISLE:x=3.454400:y=28.219400,node,5,2,15.0,0.0,15.0,0.0,15.0,0.0,1,volume_proportional
NODE:AISLE:x=3.454400:y=30.505400,node,3,2,9.0,0.0,9.0,0.0,9.0,0.0,1,volume_proportional
NODE:AISLE:x=3.454400:y=32.791400,node,1,1,3.0,0.0,3.0,0.0,3.0,0.0,1,volume_proportional
NODE:AISLE:x=3.860800:y=16.027400,node,7,5,21.0,0.0,21.0,0.0,21.0,0.0,1,volume_proportional
NODE:AISLE:x=3.860800:y=19.075400,node,2,2,6.0,0.0,6.0,0.0,6.0,0.0,1,volume_proportional
NODE:AISLE:x=3.860800:y=21.361400,node,4,3,12.0,0.0,12.0,0.0,12.0,0.0,1,volume_proportional
NODE:AISLE:x=3.860800:y=23.647400,node,11,4,33.0,0.0,33.0,0.0,33.0,0.0,1,volume_proportional
NODE:AISLE:x=3.860800:y=25.933400,node,12,4,36.0,0.0,36.0,0.0,36.0,0.0,1,volume_proportional
NODE:AISLE:x=3.860800:y=28.219400,node,4,2,12.0,0.0,12.0,0.0,12.0,0.0,1,volume_proportional
NODE:AISLE:x=3.860800:y=30.505400,node,9,1,27.0,0.0,27.0,0.0,27.0,0.0,1,volume_proportional
NODE:AISLE:x=3.860800:y=32.791400,node,5,2,15.0,0.0,15.0,0.0,15.0,0.0,1,volume_proportional
NODE:AISLE:x=3.860800:y=35.077400,node,5,3,15.0,0.0,15.0,0.0,15.0,0.0,1,volume_proportional
NODE:AISLE:x=4.267200:y=16.027400,node,8,1,24.000000000000007,0.0,24.000000000000007,0.0,24.000000000000007,0.0,1,volume_proportional
NODE:AISLE:x=4.267200:y=21.361400,node,4,2,12.0,0.0,12.0,0.0,12.0,0.0,1,volume_proportional
NODE:AISLE:x=4.267200:y=23.647400,node,2,2,6.0,0.0,6.0,0.0,6.0,0.0,1,volume_proportional
NODE:AISLE:x=4.267200:y=25.933400,node,22,4,66.0,0.0,66.0,0.0,66.0,0.0,1,volume_proportional
NODE:AISLE:x=4.267200:y=28.219400,node,3,2,9.0,0.0,9.0,0.0,9.0,0.0,1,volume_proportional
NODE:AISLE:x=4.267200:y=30.505400,node,3,2,9.0,0.0,9.0,0.0,9.0,0.0,1,volume_proportional
NODE:AISLE:x=4.267200:y=35.077400,node,2,2,6.0,0.0,6.0,0.0,6.0,0.0,1,volume_proportional
NODE:AISLE:x=4.724400:y=16.027400,node,9,3,27.0,0.0,27.0,0.0,27.0,0.0,1,volume_proportional
NODE:AISLE:x=4.724400:y=19.075400,node,6,2,18.0,0.0,18.0,0.0,18.0,0.0,1,volume_proportional
NODE:AISLE:x=4.724400:y=21.361400,node,10,4,30.0,0.0,30.0,0.0,30.0,0.0,1,volume_proportional
NODE:AISLE:x=4.724400:y=23.647400,node,11,5,30.13833333333389,0.0,30.0,0.13833333333388964,30.13833333333389,0.0,1,volume_proportional
NODE:AISLE:x=4.724400:y=25.933400,node,9,5,27.0,0.0,27.0,0.0,27.0,0.0,1,volume_proportional
NODE:AISLE:x=4.724400:y=28.219400,node,16,7,48.0,0.0,48.0,0.0,48.0,0.0,1,volume_proportional
NODE:AISLE:x=4.724400:y=30.505400,node,4,3,12.0,0.0,12.0,0.0,12.0,0.0,1,volume_proportional
NODE:AISLE:x=4.724400:y=32.791400,node,9,5,27.0,0.0,27.0,0.0,27.0,0.0,1,volume_proportional
NODE:AISLE:x=4.724400:y=35.077400,node,2,2,6.0,0.0,6.0,0.0,6.0,0.0,1,volume_proportional
NODE:AISLE:x=5.130800:y=16.027400,node,7,1,21.000000000000007,0.0,21.000000000000007,0.0,21.000000000000007,0.0,1,volume_proportional
NODE:AISLE:x=5.130800:y=19.075400,node,5,2,12.132666666668229,0.0,12.0,0.13266666666822857,12.132666666668229,0.0,1,volume_proportional
NODE:AISLE:x=5.130800:y=21.361400,node,7,2,21.0,0.0,21.0,0.0,21.0,0.0,1,volume_proportional
NODE:AISLE:x=5.130800:y=23.647400,node,9,4,27.0,0.0,27.0,0.0,27.0,0.0,1,volume_proportional
NODE:AISLE:x=5.130800:y=25.933400,node,9,4,27.0,0.0,27.0,0.0,27.0,0.0,1,volume_proportional
NODE:AISLE:x=5.130800:y=28.219400,node,3,2,9.0,0.0,9.0,0.0,9.0,0.0,1,volume_proportional
NODE:AISLE:x=5.130800:y=30.505400,node,3,1,9.0,0.0,9.0,0.0,9.0,0.0,1,volume_proportional
NODE:AISLE:x=5.130800:y=32.791400,node,19,4,57.0,0.0,57.0,0.0,57.0,0.0,1,volume_proportional
NODE:AISLE:x=5.130800:y=35.077400,node,2,1,6.0,0.0,6.0,0.0,6.0,0.0,1,volume_proportional
NODE:AISLE:x=5.537200:y=19.075400,node,5,3,15.0,0.0,15.0,0.0,15.0,0.0,1,volume_proportional
NODE:AISLE:x=5.537200:y=21.361400,node,10,3,30.0,0.0,30.0,0.0,30.0,0.0,1,volume_proportional
NODE:AISLE:x=5.537200:y=23.647400,node,11,5,33.0,0.0,33.0,0.0,33.0,0.0,1,volume_proportional
NODE:AISLE:x=5.537200:y=25.933400,node,8,3,24.0,0.0,24.0,0.0,24.0,0.0,1,volume_proportional
NODE:AISLE:x=5.537200:y=28.219400,node,16,6,48.0,0.0,48.0,0.0,48.0,0.0,1,volume_proportional
NODE:AISLE:x=5.537200:y=30.505400,node,4,2,12.0,0.0,12.0,0.0,12.0,0.0,1,volume_proportional
NODE:AISLE:x=5.537200:y=32.791400,node,1,1,3.0,0.0,3.0,0.0,3.0,0.0,1,volume_proportional
NODE:AISLE:x=5.994400:y=19.075400,node,5,2,15.0,0.0,15.0,0.0,15.0,0.0,1,volume_proportional
NODE:AISLE:x=5.994400:y=21.361400,node,2,2,6.0,0.0,6.0,0.0,6.0,0.0,1,volume_proportional
NODE:AISLE:x=5.994400:y=23.647400,node,16,6,46.478999999999814,0.0,42.0,4.4789999999998145,42.0,4.4789999999998145,2,volume_proportional
NODE:AISLE:x=5.994400:y=25.933400,node,4,3,12.0,0.0,12.0,0.0,12.0,0.0,1,volume_proportional
NODE:AISLE:x=5.994400:y=28.219400,node,12,4,36.0,0.0,36.0,0.0,36.0,0.0,1,volume_proportional
NODE:AISLE:x=5.994400:y=32.791400,node,3,3,9.0,0.0,9.0,0.0,9.0,0.0,1,volume_proportional
NODE:AISLE:x=5.994400:y=35.077400,node,3,2,9.0,0.0,9.0,0.0,9.0,0.0,1,volume_proportional
NODE:AISLE:x=6.400800:y=16.027400,node,4,1,12.0,0.0,12.0,0.0,12.0,0.0,1,volume_proportional
NODE:AISLE:x=6.400800:y=19.075400,node,6,3,18.0,0.0,18.0,0.0,18.0,0.0,1,volume_proportional
NODE:AISLE:x=6.400800:y=23.647400,node,10,5,27.07899999999995,0.0,27.0,0.07899999999995089,27.07899999999995,0.0,1,volume_proportional
NODE:AISLE:x=6.400800:y=25.933400,node,20,6,60.0,0.0,60.0,0.0,60.0,0.0,1,volume_proportional
NODE:AISLE:x=6.400800:y=28.219400,node,13,5,39.0,0.0,39.0,0.0,39.0,0.0,1,volume_proportional
NODE:AISLE:x=6.400800:y=30.505400,node,2,1,6.0,0.0,6.0,0.0,6.0,0.0,1,volume_proportional
NODE:AISLE:x=6.400800:y=32.791400,node,6,4,18.0,0.0,18.0,0.0,18.0,0.0,1,volume_proportional
NODE:AISLE:x=6.807200:y=19.075400,node,7,2,21.0,0.0,21.0,0.0,21.0,0.0,1,volume_proportional
NODE:AISLE:x=6.807200:y=21.361400,node,8,4,24.0,0.0,24.0,0.0,24.0,0.0,1,volume_proportional
NODE:AISLE:x=6.807200:y=23.647400,node,14,5,42.0,0.0,42.0,0.0,42.0,0.0,1,volume_proportional
NODE:AISLE:x=6.807200:y=25.933400,node,35,5,105.0,0.0,105.0,0.0,105.0,0.0,1,volume_proportional
NODE:AISLE:x=6.807200:y=28.219400,node,4,2,12.0,0.0,12.0,0.0,12.0,0.0,1,volume_proportional
NODE:AISLE:x=6.807200:y=30.505400,node,1,1,3.0,0.0,3.0,0.0,3.0,0.0,1,volume_proportional
NODE:AISLE:x=6.807200:y=32.791400,node,1,1,3.0,0.0,3.0,0.0,3.0,0.0,1,volume_proportional
NODE:AISLE:x=6.807200:y=35.077400,node,2,1,6.0,0.0,6.0,0.0,6.0,0.0,1,volume_proportional
NODE:AISLE:x=7.264400:y=16.027400,node,14,2,42.0,0.0,42.0,0.0,42.0,0.0,1,volume_proportional
NODE:AISLE:x=7.264400:y=19.075400,node,3,1,9.0,0.0,9.0,0.0,9.0,0.0,1,volume_proportional
NODE:AISLE:x=7.264400:y=21.361400,node,21,6,54.35333333333244,0.0,54.0,0.35333333333244354,54.35333333333244,0.0,1,volume_proportional
NODE:AISLE:x=7.264400:y=23.647400,node,9,4,27.0,0.0,27.0,0.0,27.0,0.0,1,volume_proportional
NODE:AISLE:x=7.264400:y=25.933400,node,42,5,121.00616666665519,0.0,96.0,25.00616666665519,96.0,25.00616666665519,2,volume_proportional
NODE:AISLE:x=7.264400:y=28.219400,node,2,2,6.000000000000014,0.0,6.000000000000014,0.0,6.000000000000014,0.0,1,volume_proportional
NODE:AISLE:x=7.264400:y=30.505400,node,3,3,9.0,0.0,9.0,0.0,9.0,0.0,1,volume_proportional
NODE:AISLE:x=7.264400:y=32.791400,node,7,5,21.0,0.0,21.0,0.0,21.0,0.0,1,volume_proportional
NODE:AISLE:x=7.264400:y=35.077400,node,5,2,15.0,0.0,15.0,0.0,15.0,0.0,1,volume_proportional
NODE:AISLE:x=7.670800:y=19.075400,node,4,1,12.0,0.0,12.0,0.0,12.0,0.0,1,volume_proportional
NODE:AISLE:x=7.670800:y=21.361400,node,26,7,73.43366666665565,0.0,69.0,4.433666666655654,69.33866666665563,4.095000000000027,2,volume_proportional
NODE:AISLE:x=7.670800:y=23.647400,node,12,4,33.00566666666646,0.0,33.0,0.0056666666664568766,33.00566666666646,0.0,1,volume_proportional
NODE:AISLE:x=7.670800:y=25.933400,node,33,6,97.41966666667031,0.0,87.0,10.41966666667031,87.0,10.41966666667031,2,volume_proportional
NODE:AISLE:x=7.670800:y=28.219400,node,4,3,12.0,0.0,12.0,0.0,12.0,0.0,1,volume_proportional
NODE:AISLE:x=7.670800:y=30.505400,node,19,4,57.0,0.0,57.0,0.0,57.0,0.0,1,volume_proportional
NODE:AISLE:x=7.670800:y=32.791400,node,7,4,21.0,0.0,21.0,0.0,21.0,0.0,1,volume_proportional
NODE:AISLE:x=7.670800:y=35.077400,node,7,3,18.0113333333328,0.0,15.0,3.0113333333328,15.0,3.0113333333328,2,volume_proportional
NODE:AISLE:x=8.077200:y=16.027400,node,1,1,0.30200000000004934,0.0,0.0,0.30200000000004934,0.30200000000004934,0.0,1,volume_proportional
NODE:AISLE:x=8.077200:y=19.075400,node,2,1,6.0,0.0,6.0,0.0,6.0,0.0,1,volume_proportional
NODE:AISLE:x=8.077200:y=21.361400,node,29,7,82.8089999999995,0.0,80.99999999999999,1.8089999999995143,81.04233333333285,1.7666666666666515,2,volume_proportional
NODE:AISLE:x=8.077200:y=23.647400,node,12,5,36.0,0.0,36.0,0.0,36.0,0.0,1,volume_proportional
NODE:AISLE:x=8.077200:y=25.933400,node,19,6,54.276666666661185,0.0,54.0,0.27666666666118545,54.276666666661185,0.0,1,volume_proportional
NODE:AISLE:x=8.077200:y=28.219400,node,2,2,6.0,0.0,6.0,0.0,6.0,0.0,1,volume_proportional
NODE:AISLE:x=8.077200:y=30.505400,node,15,3,45.0,0.0,45.0,0.0,45.0,0.0,1,volume_proportional
NODE:AISLE:x=8.077200:y=32.791400,node,2,1,6.0,0.0,6.0,0.0,6.0,0.0,1,volume_proportional
NODE:AISLE:x=8.077200:y=37.363400,node,1,1,3.0,0.0,3.0,0.0,3.0,0.0,1,volume_proportional
NODE:AISLE:x=8.534400:y=19.075400,node,5,3,15.0,0.0,15.0,0.0,15.0,0.0,1,volume_proportional
NODE:AISLE:x=8.534400:y=21.361400,node,12,7,24.722666666724336,0.0,24.0,0.7226666667243364,24.488333333361453,0.23433333336288342,2,volume_proportional
NODE:AISLE:x=8.534400:y=23.647400,node,4,1,12.0,0.0,12.0,0.0,12.0,0.0,1,volume_proportional
NODE:AISLE:x=8.534400:y=25.933400,node,14,5,42.0,0.0,42.0,0.0,42.0,0.0,1,volume_proportional
NODE:AISLE:x=8.534400:y=28.219400,node,9,2,27.0,0.0,27.0,0.0,27.0,0.0,1,volume_proportional
NODE:AISLE:x=8.534400:y=30.505400,node,15,4,44.683666666666454,0.0,39.0,5.683666666666454,39.0,5.683666666666454,2,volume_proportional
NODE:AISLE:x=8.534400:y=32.791400,node,9,2,27.0,0.0,27.0,0.0,27.0,0.0,1,volume_proportional
NODE:AISLE:x=8.534400:y=35.077400,node,1,1,3.0,0.0,3.0,0.0,3.0,0.0,1,volume_proportional
NODE:AISLE:x=8.940800:y=16.027400,node,4,3,12.0,0.0,12.0,0.0,12.0,0.0,1,volume_proportional
NODE:AISLE:x=8.940800:y=21.361400,node,1,1,3.0,0.0,3.0,0.0,3.0,0.0,1,volume_proportional
NODE:AISLE:x=8.940800:y=23.647400,node,3,3,6.144000000000233,0.0,6.0,0.14400000000023283,6.144000000000233,0.0,1,volume_proportional
NODE:AISLE:x=8.940800:y=25.933400,node,15,5,42.05066666668063,0.0,42.0,0.050666666680626804,42.05066666668063,0.0,1,volume_proportional
NODE:AISLE:x=8.940800:y=28.219400,node,6,3,18.0,0.0,18.0,0.0,18.0,0.0,1,volume_proportional
NODE:AISLE:x=8.940800:y=30.505400,node,10,4,30.0,0.0,30.0,0.0,30.0,0.0,1,volume_proportional
NODE:AISLE:x=8.940800:y=32.791400,node,6,5,18.0,0.0,18.0,0.0,18.0,0.0,1,volume_proportional
NODE:AISLE:x=8.940800:y=35.077400,node,7,5,21.0,0.0,21.0,0.0,21.0,0.0,1,volume_proportional
NODE:AISLE:x=9.347200:y=16.027400,node,8,4,24.0,0.0,24.0,0.0,24.0,0.0,1,volume_proportional
NODE:AISLE:x=9.347200:y=19.075400,node,9,6,27.0,0.0,27.0,0.0,27.0,0.0,1,volume_proportional
NODE:AISLE:x=9.347200:y=21.361400,node,18,6,46.92200000002117,0.0,45.0,1.9220000000211712,45.827000000021144,1.0950000000000273,2,volume_proportional
NODE:AISLE:x=9.347200:y=23.647400,node,7,5,21.0,0.0,21.0,0.0,21.0,0.0,1,volume_proportional
NODE:AISLE:x=9.347200:y=25.933400,node,15,5,39.266500000016094,0.0,39.0,0.2665000000160944,39.266500000016094,0.0,1,volume_proportional
NODE:AISLE:x=9.347200:y=28.219400,node,17,5,48.296333333339135,0.0,48.0,0.2963333333391347,48.296333333339135,0.0,1,volume_proportional
NODE:AISLE:x=9.347200:y=30.505400,node,37,8,107.47916666668965,0.0,102.0,5.47916666668965,102.22000000002299,5.259166666666658,2,volume_proportional
NODE:AISLE:x=9.347200:y=32.791400,node,22,6,66.0,0.0,66.0,0.0,66.0,0.0,1,volume_proportional
NODE:AISLE:x=9.347200:y=35.077400,node,1,1,3.0,0.0,3.0,0.0,3.0,0.0,1,volume_proportional
NODE:SUP:CC-08,node,30,8,147.2875000000516,0.0,0.0,147.28750000005158,72.97133333336487,27.940000000006982,7,volume_proportional
NODE:SUP:CC-09,node,31,8,44.50633333339783,0.0,0.0,44.50633333339783,43.092333333397164,1.4140000000006694,2,volume_proportional
NODE:SUP:CC-10,node,30,8,30.9694999999941,0.0,0.0,30.9694999999941,30.9694999999941,0.0,1,volume_proportional
NODE:SUP:CC-11,node,26,8,23.419000000056513,0.0,0.0,23.419000000056513,23.419000000056513,0.0,1,volume_proportional
NODE:SUP:CC-12,node,20,7,24.18250000000225,0.0,0.0,24.18250000000225,23.59250000000256,0.5899999999996908,2,volume_proportional
NODE:SUP:CC-13,node,23,8,20.797666666685156,0.0,0.0,20.797666666685156,20.797666666685156,0.0,1,volume_proportional
NODE:SUP:CC-14,node,7,4,4.306666666681025,0.0,0.0,4.306666666681025,4.306666666681025,0.0,1,volume_proportional
NODE:SUP:CC-15,node,6,4,5.6073333333335,0.0,0.0,5.6073333333335,5.6073333333335,0.0,1,volume_proportional
NODE:SUP:CC-16,node,2,2,2.568333333333328,0.0,0.0,2.568333333333328,2.568333333333328,0.0,1,volume_proportional
NODE:SUP:LC-09,node,1,1,0.931333333337534,0.0,0.0,0.931333333337534,0.931333333337534,0.0,1,volume_proportional
NODE:SUP:LC-11,node,3,3,3.0098333333327503,0.0,0.0,3.0098333333327503,3.0098333333327503,0.0,1,volume_proportional
NODE:SUP:LC-12,node,1,1,1.0723333333444316,0.0,0.0,1.0723333333444316,1.0723333333444316,0.0,1,volume_proportional
